solid Created by Gmsh
facet normal 0.9788 0.194695 0.0635941
  outer loop
    vertex 0.00825 -2.020600483806922e-18 0.012
    vertex 0.007953068614652895 0.002193444690577603 0.009854876578575828
    vertex 0.007622006143218119 0.003157138317011986 0.012
  endloop
endfacet
facet normal 0.9788 -0.194695 0.0635941
  outer loop
    vertex 0.007622006143218114 -0.003157138317011996 0.012
    vertex 0.007953068614652307 -0.002193444690579738 0.009854876578577115
    vertex 0.00825 -2.020600483806922e-18 0.012
  endloop
endfacet
facet normal 0.990961 -0.134149 0
  outer loop
    vertex 0.00825 -2.020600483806922e-18 0.012
    vertex 0.007953068614652307 -0.002193444690579738 0.009854876578577115
    vertex 0.00825 -2.020600483806922e-18 0.008999999999999991
  endloop
endfacet
facet normal 0.990961 0.134149 -0
  outer loop
    vertex 0.00825 -2.020600483806922e-18 0.008999999999999991
    vertex 0.007953068614652895 0.002193444690577603 0.009854876578575828
    vertex 0.00825 -2.020600483806922e-18 0.012
  endloop
endfacet
facet normal 0.990889 -0.134682 0
  outer loop
    vertex 0.00825 -2.020600483806922e-18 -0.009000000000000005
    vertex 0.007950702686499471 -0.002202005175037086 -0.009844723840709359
    vertex 0.00825 -2.020600483806922e-18 -0.012
  endloop
endfacet
facet normal 0.990519 0.137375 -0
  outer loop
    vertex 0.00825 -2.020600483806922e-18 -0.012
    vertex 0.007938613452268633 0.002245198533640068 -0.009673420305297756
    vertex 0.00825 -2.020600483806922e-18 -0.009000000000000005
  endloop
endfacet
facet normal 0.979196 0.194774 -0.0569068
  outer loop
    vertex 0.007622006143218119 0.003157138317011986 -0.012
    vertex 0.007938613452268633 0.002245198533640068 -0.009673420305297756
    vertex 0.00825 -2.020600483806922e-18 -0.012
  endloop
endfacet
facet normal 0.978837 -0.194703 -0.0629958
  outer loop
    vertex 0.00825 -2.020600483806922e-18 -0.012
    vertex 0.007950702686499471 -0.002202005175037086 -0.009844723840709359
    vertex 0.007622006143218114 -0.003157138317011996 -0.012
  endloop
endfacet
facet normal 0.830365 0.554832 0.0515388
  outer loop
    vertex 0.007622006143218119 0.003157138317011986 0.012
    vertex 0.006821861171586101 0.004639473047190373 0.008933681431551248
    vertex 0.005833630944789027 0.005833630944789008 0.012
  endloop
endfacet
facet normal 0.912741 0.406404 -0.0417107
  outer loop
    vertex 0.007622006143218119 0.003157138317011986 0.012
    vertex 0.007953068614652895 0.002193444690577603 0.009854876578575828
    vertex 0.006821861171586101 0.004639473047190373 0.008933681431551248
  endloop
endfacet
facet normal 0.554668 0.830119 0.0569808
  outer loop
    vertex 0.005833630944789027 0.005833630944789008 0.012
    vertex 0.004574721067578692 0.0068654517079251 0.009222622607244168
    vertex 0.00315713831701201 0.007622006143218109 0.012
  endloop
endfacet
facet normal 0.699399 0.712823 -0.0521982
  outer loop
    vertex 0.006821861171586101 0.004639473047190373 0.008933681431551248
    vertex 0.004574721067578692 0.0068654517079251 0.009222622607244168
    vertex 0.005833630944789027 0.005833630944789008 0.012
  endloop
endfacet
facet normal 0.194775 0.979198 0.056864
  outer loop
    vertex 0.00315713831701201 0.007622006143218109 0.012
    vertex 0.001609495156633082 0.008091478563326647 0.009216783348032206
    vertex 2.798316998042436e-17 0.00825 0.012
  endloop
endfacet
facet normal 0.381579 0.922604 -0.0565572
  outer loop
    vertex 0.00315713831701201 0.007622006143218109 0.012
    vertex 0.004574721067578692 0.0068654517079251 0.009222622607244168
    vertex 0.001609495156633082 0.008091478563326647 0.009216783348032206
  endloop
endfacet
facet normal -0.194738 0.979014 0.0600723
  outer loop
    vertex 2.798316998042436e-17 0.00825 0.012
    vertex -0.001687381569144638 0.008075595547085737 0.009372285965389041
    vertex -0.003157138317011965 0.007622006143218127 0.012
  endloop
endfacet
facet normal -0.00769971 0.99809 -0.0613
  outer loop
    vertex 0.001609495156633082 0.008091478563326647 0.009216783348032206
    vertex -0.001687381569144638 0.008075595547085737 0.009372285965389041
    vertex 2.798316998042436e-17 0.00825 0.012
  endloop
endfacet
facet normal -0.554556 0.829952 0.060394
  outer loop
    vertex -0.003157138317011965 0.007622006143218127 0.012
    vertex -0.004514177068062489 0.00690541131274443 0.00938691125324663
    vertex -0.005833630944788991 0.005833630944789043 0.012
  endloop
endfacet
facet normal -0.382157 0.922488 -0.0545137
  outer loop
    vertex -0.001687381569144638 0.008075595547085737 0.009372285965389041
    vertex -0.004514177068062489 0.00690541131274443 0.00938691125324663
    vertex -0.003157138317011965 0.007622006143218127 0.012
  endloop
endfacet
facet normal -0.830124 0.554671 0.056864
  outer loop
    vertex -0.005833630944788991 0.005833630944789043 0.012
    vertex -0.006859624301495977 0.004583454422411751 0.00921678334803221
    vertex -0.0076220061432181 0.003157138317012029 0.012
  endloop
endfacet
facet normal -0.699944 0.711537 -0.0615869
  outer loop
    vertex -0.005833630944788991 0.005833630944789043 0.012
    vertex -0.004514177068062489 0.00690541131274443 0.00938691125324663
    vertex -0.006859624301495977 0.004583454422411751 0.00921678334803221
  endloop
endfacet
facet normal -0.979374 0.19481 0.0536327
  outer loop
    vertex -0.0076220061432181 0.003157138317012029 0.012
    vertex -0.008063201698524326 0.00174564554503898 0.009070387913208584
    vertex -0.00825 5.23026039795857e-17 0.012
  endloop
endfacet
facet normal -0.9185 0.392168 -0.0506223
  outer loop
    vertex -0.006859624301495977 0.004583454422411751 0.00921678334803221
    vertex -0.008063201698524326 0.00174564554503898 0.009070387913208584
    vertex -0.0076220061432181 0.003157138317012029 0.012
  endloop
endfacet
facet normal -0.979868 -0.194908 0.04324
  outer loop
    vertex -0.00825 5.23026039795857e-17 0.012
    vertex -0.00810539811850188 -0.001537862588330374 0.008344802267433591
    vertex -0.007622006143218135 -0.003157138317011946 0.012
  endloop
endfacet
facet normal -0.998491 0.0237705 -0.049502
  outer loop
    vertex -0.00825 5.23026039795857e-17 0.012
    vertex -0.008063201698524326 0.00174564554503898 0.009070387913208584
    vertex -0.00810539811850188 -0.001537862588330374 0.008344802267433591
  endloop
endfacet
facet normal -0.829982 -0.554576 0.0597942
  outer loop
    vertex -0.007622006143218135 -0.003157138317011946 0.012
    vertex -0.006812852271753775 -0.004652692115674476 0.009360691547103402
    vertex -0.005833630944789047 -0.005833630944788988 0.012
  endloop
endfacet
facet normal -0.915722 -0.398001 -0.0552146
  outer loop
    vertex -0.007622006143218135 -0.003157138317011946 0.012
    vertex -0.00810539811850188 -0.001537862588330374 0.008344802267433591
    vertex -0.006812852271753775 -0.004652692115674476 0.009360691547103402
  endloop
endfacet
facet normal -0.554644 -0.830083 0.0577211
  outer loop
    vertex -0.005833630944789047 -0.005833630944788988 0.012
    vertex -0.00494740742063564 -0.006601943639129268 0.009466695503523557
    vertex -0.003157138317012022 -0.007622006143218103 0.012
  endloop
endfacet
facet normal -0.720674 -0.691986 -0.0422437
  outer loop
    vertex -0.006812852271753775 -0.004652692115674476 0.009360691547103402
    vertex -0.00494740742063564 -0.006601943639129268 0.009466695503523557
    vertex -0.005833630944789047 -0.005833630944788988 0.012
  endloop
endfacet
facet normal -0.194779 -0.97922 0.0564804
  outer loop
    vertex -0.003157138317012022 -0.007622006143218103 0.012
    vertex -0.001060939461944147 -0.008181497873744737 0.009528878255453573
    vertex -3.082533821295932e-17 -0.00825 0.012
  endloop
endfacet
facet normal -0.491762 -0.870724 -0.00308201
  outer loop
    vertex -0.003157138317012022 -0.007622006143218103 0.012
    vertex -0.00494740742063564 -0.006601943639129268 0.009466695503523557
    vertex -0.003047821417037244 -0.007666373628375354 0.007092168318813558
  endloop
endfacet
facet normal -0.254495 -0.967069 0.00307383
  outer loop
    vertex -0.003047821417037244 -0.007666373628375354 0.007092168318813558
    vertex -0.001060939461944147 -0.008181497873744737 0.009528878255453573
    vertex -0.003157138317012022 -0.007622006143218103 0.012
  endloop
endfacet
facet normal 0.194764 -0.979145 0.05781
  outer loop
    vertex -3.082533821295932e-17 -0.00825 0.012
    vertex 0.0015819408939282 -0.008096910707678432 0.009263301154700514
    vertex 0.003157138317011966 -0.007622006143218127 0.012
  endloop
endfacet
facet normal 0.0279785 -0.99882 -0.0397005
  outer loop
    vertex -3.082533821295932e-17 -0.00825 0.012
    vertex -0.001060939461944147 -0.008181497873744737 0.009528878255453573
    vertex 0.0015819408939282 -0.008096910707678432 0.009263301154700514
  endloop
endfacet
facet normal 0.555035 -0.830668 0.0438944
  outer loop
    vertex 0.003157138317011966 -0.007622006143218127 0.012
    vertex 0.004661840898904776 -0.006806595289371825 0.00840440439098443
    vertex 0.005833630944789006 -0.005833630944789029 0.012
  endloop
endfacet
facet normal 0.373006 -0.926259 -0.0539602
  outer loop
    vertex 0.0015819408939282 -0.008096910707678432 0.009263301154700514
    vertex 0.004661840898904776 -0.006806595289371825 0.00840440439098443
    vertex 0.003157138317011966 -0.007622006143218127 0.012
  endloop
endfacet
facet normal 0.830124 -0.554671 0.056864
  outer loop
    vertex 0.005833630944789006 -0.005833630944789029 0.012
    vertex 0.006859624301495995 -0.004583454422411724 0.009216783348014977
    vertex 0.007622006143218114 -0.003157138317011996 0.012
  endloop
endfacet
facet normal 0.718836 -0.693618 -0.0465734
  outer loop
    vertex 0.005833630944789006 -0.005833630944789029 0.012
    vertex 0.004661840898904776 -0.006806595289371825 0.00840440439098443
    vertex 0.006859624301495995 -0.004583454422411724 0.009216783348014977
  endloop
endfacet
facet normal 0.912725 -0.406437 -0.0417279
  outer loop
    vertex 0.006859624301495995 -0.004583454422411724 0.009216783348014977
    vertex 0.007953068614652307 -0.002193444690579738 0.009854876578577115
    vertex 0.007622006143218114 -0.003157138317011996 0.012
  endloop
endfacet
facet normal 0.987525 0.157459 -0
  outer loop
    vertex 0.00825 -2.020600483806922e-18 -0.009000000000000005
    vertex 0.007840909090908791 0.002565666507577295 -0.007500000000000008
    vertex 0.00825 -2.020600483806922e-18 -0.006000000000000013
  endloop
endfacet
facet normal 0.987539 -0.157377 0
  outer loop
    vertex 0.00825 -2.020600483806922e-18 -0.006000000000000013
    vertex 0.007841333936020121 -0.002564367778579973 -0.007497662729492554
    vertex 0.00825 -2.020600483806922e-18 -0.009000000000000005
  endloop
endfacet
facet normal 0.989281 0.144166 0.0232152
  outer loop
    vertex 0.00825 -2.020600483806922e-18 -0.009000000000000005
    vertex 0.007938613452268633 0.002245198533640068 -0.009673420305297756
    vertex 0.007840909090908791 0.002565666507577295 -0.007500000000000008
  endloop
endfacet
facet normal 0.98934 -0.143649 0.0239235
  outer loop
    vertex 0.007841333936020121 -0.002564367778579973 -0.007497662729492554
    vertex 0.007950702686499471 -0.002202005175037086 -0.009844723840709359
    vertex 0.00825 -2.020600483806922e-18 -0.009000000000000005
  endloop
endfacet
facet normal 0.987525 0.157459 -0
  outer loop
    vertex 0.00825 -2.020600483806922e-18 -0.006000000000000013
    vertex 0.007840909090909079 0.002565666507576417 -0.004500000000000018
    vertex 0.00825 -2.020600483806922e-18 -0.003000000000000023
  endloop
endfacet
facet normal 0.987525 -0.157459 0
  outer loop
    vertex 0.00825 -2.020600483806922e-18 -0.003000000000000023
    vertex 0.007840909090905183 -0.002565666507588323 -0.004500000000000018
    vertex 0.00825 -2.020600483806922e-18 -0.006000000000000013
  endloop
endfacet
facet normal 0.987525 0.157459 -4.87133e-14
  outer loop
    vertex 0.00825 -2.020600483806922e-18 -0.006000000000000013
    vertex 0.007840909090908791 0.002565666507577295 -0.007500000000000008
    vertex 0.007840909090909079 0.002565666507576417 -0.004500000000000018
  endloop
endfacet
facet normal 0.987532 -0.157418 7.17574e-05
  outer loop
    vertex 0.007840909090905183 -0.002565666507588323 -0.004500000000000018
    vertex 0.007841333936020121 -0.002564367778579973 -0.007497662729492554
    vertex 0.00825 -2.020600483806922e-18 -0.006000000000000013
  endloop
endfacet
facet normal 0.987539 0.157377 -0
  outer loop
    vertex 0.00825 -2.020600483806922e-18 -0.003000000000000023
    vertex 0.007841333936020121 0.002564367778579974 -0.00150233727050747
    vertex 0.00825 -2.020600483806922e-18 -3.469446951953614e-17
  endloop
endfacet
facet normal 0.989342 -0.145609 0
  outer loop
    vertex 0.00825 -2.020600483806922e-18 -3.469446951953614e-17
    vertex 0.007900167315355684 -0.002376942655889235 -0.00131701052355891
    vertex 0.00825 -2.020600483806922e-18 -0.003000000000000023
  endloop
endfacet
facet normal 0.987532 0.157418 -7.17574e-05
  outer loop
    vertex 0.007840909090909079 0.002565666507576417 -0.004500000000000018
    vertex 0.007841333936020121 0.002564367778579974 -0.00150233727050747
    vertex 0.00825 -2.020600483806922e-18 -0.003000000000000023
  endloop
endfacet
facet normal 0.98832 -0.152101 -0.00938143
  outer loop
    vertex 0.00825 -2.020600483806922e-18 -0.003000000000000023
    vertex 0.007900167315355684 -0.002376942655889235 -0.00131701052355891
    vertex 0.007840909090905183 -0.002565666507588323 -0.004500000000000018
  endloop
endfacet
facet normal 0.987525 0.157459 -0
  outer loop
    vertex 0.00825 -2.020600483806922e-18 -3.469446951953614e-17
    vertex 0.00784090909090839 0.002565666507578518 0.001499999999999965
    vertex 0.00825 -2.020600483806922e-18 0.002999999999999965
  endloop
endfacet
facet normal 0.988489 -0.151296 0
  outer loop
    vertex 0.00825 -2.020600483806922e-18 0.002999999999999965
    vertex 0.00787230854037152 -0.00246764224416621 0.00147049673773589
    vertex 0.00825 -2.020600483806922e-18 -3.469446951953614e-17
  endloop
endfacet
facet normal 0.987532 0.157418 7.16457e-05
  outer loop
    vertex 0.00825 -2.020600483806922e-18 -3.469446951953614e-17
    vertex 0.007841333936020121 0.002564367778579974 -0.00150233727050747
    vertex 0.00784090909090839 0.002565666507578518 0.001499999999999965
  endloop
endfacet
facet normal 0.988922 -0.148349 0.00505648
  outer loop
    vertex 0.00787230854037152 -0.00246764224416621 0.00147049673773589
    vertex 0.007900167315355684 -0.002376942655889235 -0.00131701052355891
    vertex 0.00825 -2.020600483806922e-18 -3.469446951953614e-17
  endloop
endfacet
facet normal 0.987539 0.157377 -0
  outer loop
    vertex 0.00825 -2.020600483806922e-18 0.002999999999999965
    vertex 0.007841333936020118 0.002564367778579989 0.004497662729492535
    vertex 0.00825 -2.020600483806922e-18 0.005999999999999974
  endloop
endfacet
facet normal 0.989762 -0.142728 0
  outer loop
    vertex 0.00825 -2.020600483806922e-18 0.005999999999999974
    vertex 0.007913872543314979 -0.002330905696969593 0.004502572469854239
    vertex 0.00825 -2.020600483806922e-18 0.002999999999999965
  endloop
endfacet
facet normal 0.987532 0.157418 -7.17574e-05
  outer loop
    vertex 0.00784090909090839 0.002565666507578518 0.001499999999999965
    vertex 0.007841333936020118 0.002564367778579989 0.004497662729492535
    vertex 0.00825 -2.020600483806922e-18 0.002999999999999965
  endloop
endfacet
facet normal 0.989098 -0.147097 -0.00692508
  outer loop
    vertex 0.00825 -2.020600483806922e-18 0.002999999999999965
    vertex 0.007913872543314979 -0.002330905696969593 0.004502572469854239
    vertex 0.00787230854037152 -0.00246764224416621 0.00147049673773589
  endloop
endfacet
facet normal 0.98844 -0.151611 0
  outer loop
    vertex 0.00825 -2.020600483806922e-18 0.008999999999999991
    vertex 0.00787073498994751 -0.002472656611423422 0.007499999999999982
    vertex 0.00825 -2.020600483806922e-18 0.005999999999999974
  endloop
endfacet
facet normal 0.98844 0.151611 -0
  outer loop
    vertex 0.00825 -2.020600483806922e-18 0.005999999999999974
    vertex 0.007870734989947503 0.002472656611423449 0.007499999999999982
    vertex 0.00825 -2.020600483806922e-18 0.008999999999999991
  endloop
endfacet
facet normal 0.987973 0.154544 -0.00495415
  outer loop
    vertex 0.007841333936020118 0.002564367778579989 0.004497662729492535
    vertex 0.007870734989947503 0.002472656611423449 0.007499999999999982
    vertex 0.00825 -2.020600483806922e-18 0.005999999999999974
  endloop
endfacet
facet normal 0.989066 -0.147297 0.00726835
  outer loop
    vertex 0.00787073498994751 -0.002472656611423422 0.007499999999999982
    vertex 0.007913872543314979 -0.002330905696969593 0.004502572469854239
    vertex 0.00825 -2.020600483806922e-18 0.005999999999999974
  endloop
endfacet
facet normal 0.989852 -0.140972 -0.0178935
  outer loop
    vertex 0.00825 -2.020600483806922e-18 0.008999999999999991
    vertex 0.007953068614652307 -0.002193444690579738 0.009854876578577115
    vertex 0.00787073498994751 -0.002472656611423422 0.007499999999999982
  endloop
endfacet
facet normal 0.989852 0.140972 -0.0178935
  outer loop
    vertex 0.007870734989947503 0.002472656611423449 0.007499999999999982
    vertex 0.007953068614652895 0.002193444690577603 0.009854876578575828
    vertex 0.00825 -2.020600483806922e-18 0.008999999999999991
  endloop
endfacet
facet normal 0.830057 0.554627 -0.0582586
  outer loop
    vertex 0.005833630944789027 0.005833630944789008 -0.012
    vertex 0.006757770298258461 0.00473233986480005 -0.009317419048871539
    vertex 0.007622006143218119 0.003157138317011986 -0.012
  endloop
endfacet
facet normal 0.904888 0.423488 0.0428533
  outer loop
    vertex 0.006757770298258461 0.00473233986480005 -0.009317419048871539
    vertex 0.007938613452268633 0.002245198533640068 -0.009673420305297756
    vertex 0.007622006143218119 0.003157138317011986 -0.012
  endloop
endfacet
facet normal 0.554919 0.830495 -0.0484111
  outer loop
    vertex 0.00315713831701201 0.007622006143218109 -0.012
    vertex 0.00417501833809616 0.007115597085035154 -0.009019881121187607
    vertex 0.005833630944789027 0.005833630944789008 -0.012
  endloop
endfacet
facet normal 0.680754 0.729621 0.0650169
  outer loop
    vertex 0.00417501833809616 0.007115597085035154 -0.009019881121187607
    vertex 0.006757770298258461 0.00473233986480005 -0.009317419048871539
    vertex 0.005833630944789027 0.005833630944789008 -0.012
  endloop
endfacet
facet normal 0.194344 0.977032 -0.0874
  outer loop
    vertex 2.798316998042436e-17 0.00825 -0.012
    vertex 0.001609495156633082 0.008091478563326647 -0.01019319400026832
    vertex 0.00315713831701201 0.007622006143218109 -0.012
  endloop
endfacet
facet normal 0.3373 0.940341 0.0445844
  outer loop
    vertex 0.00315713831701201 0.007622006143218109 -0.012
    vertex 0.001609495156633082 0.008091478563326647 -0.01019319400026832
    vertex 0.00417501833809616 0.007115597085035154 -0.009019881121187607
  endloop
endfacet
facet normal -0.194775 0.979199 -0.0568532
  outer loop
    vertex -0.003157138317011965 0.007622006143218127 -0.012
    vertex -0.00138530653834951 0.008132860861640638 -0.009271567566955222
    vertex 2.798316998042436e-17 0.00825 -0.012
  endloop
endfacet
facet normal 0.0319635 0.997742 0.0590647
  outer loop
    vertex -0.00138530653834951 0.008132860861640638 -0.009271567566955222
    vertex 0.001609495156633082 0.008091478563326647 -0.01019319400026832
    vertex 2.798316998042436e-17 0.00825 -0.012
  endloop
endfacet
facet normal -0.554867 0.830417 -0.0502949
  outer loop
    vertex -0.005833630944788991 0.005833630944789043 -0.012
    vertex -0.003868823777812962 0.007286611186019812 -0.009686186904675455
    vertex -0.003157138317011965 0.007622006143218127 -0.012
  endloop
endfacet
facet normal -0.327714 0.944089 0.0360503
  outer loop
    vertex -0.003157138317011965 0.007622006143218127 -0.012
    vertex -0.003868823777812962 0.007286611186019812 -0.009686186904675455
    vertex -0.00138530653834951 0.008132860861640638 -0.009271567566955222
  endloop
endfacet
facet normal -0.830042 0.554617 -0.0585688
  outer loop
    vertex -0.0076220061432181 0.003157138317012029 -0.012
    vertex -0.007059206601272444 0.004269672371570395 -0.009440920193592458
    vertex -0.005833630944788991 0.005833630944789043 -0.012
  endloop
endfacet
facet normal -0.776409 0.63009 0.013242
  outer loop
    vertex -0.005833630944788991 0.005833630944789043 -0.012
    vertex -0.007059206601272444 0.004269672371570395 -0.009440920193592458
    vertex -0.005478477529510774 0.006168369635377368 -0.00710430739614989
  endloop
endfacet
facet normal -0.584543 0.811258 -0.0130639
  outer loop
    vertex -0.005478477529510774 0.006168369635377368 -0.00710430739614989
    vertex -0.003868823777812962 0.007286611186019812 -0.009686186904675455
    vertex -0.005833630944788991 0.005833630944789043 -0.012
  endloop
endfacet
facet normal -0.979198 0.194775 -0.056864
  outer loop
    vertex -0.00825 5.23026039795857e-17 -0.012
    vertex -0.008091478563326641 0.001609495156633104 -0.009216783348032212
    vertex -0.0076220061432181 0.003157138317012029 -0.012
  endloop
endfacet
facet normal -0.929973 0.364744 0.0459531
  outer loop
    vertex -0.008091478563326641 0.001609495156633104 -0.009216783348032212
    vertex -0.007059206601272444 0.004269672371570395 -0.009440920193592458
    vertex -0.0076220061432181 0.003157138317012029 -0.012
  endloop
endfacet
facet normal -0.97899 -0.194733 -0.0604751
  outer loop
    vertex -0.007622006143218135 -0.003157138317011946 -0.012
    vertex -0.008091471090663743 -0.001609532723790634 -0.009383530773740704
    vertex -0.00825 5.23026039795857e-17 -0.012
  endloop
endfacet
facet normal -0.998276 -0.00303862 0.0586152
  outer loop
    vertex -0.00825 5.23026039795857e-17 -0.012
    vertex -0.008091471090663743 -0.001609532723790634 -0.009383530773740704
    vertex -0.008091478563326641 0.001609495156633104 -0.009216783348032212
  endloop
endfacet
facet normal -0.829706 -0.554392 -0.0651017
  outer loop
    vertex -0.005833630944789047 -0.005833630944788988 -0.012
    vertex -0.006799512549124044 -0.004672165353912963 -0.009580851557257308
    vertex -0.007622006143218135 -0.003157138317011946 -0.012
  endloop
endfacet
facet normal -0.917761 -0.391462 0.0668735
  outer loop
    vertex -0.006799512549124044 -0.004672165353912963 -0.009580851557257308
    vertex -0.008091471090663743 -0.001609532723790634 -0.009383530773740704
    vertex -0.007622006143218135 -0.003157138317011946 -0.012
  endloop
endfacet
facet normal -0.554597 -0.830012 -0.0591777
  outer loop
    vertex -0.003157138317012022 -0.007622006143218103 -0.012
    vertex -0.004605227597689814 -0.006845025841695274 -0.009326661738727159
    vertex -0.005833630944789047 -0.005833630944788988 -0.012
  endloop
endfacet
facet normal -0.705815 -0.706084 0.0571929
  outer loop
    vertex -0.005833630944789047 -0.005833630944788988 -0.012
    vertex -0.004605227597689814 -0.006845025841695274 -0.009326661738727159
    vertex -0.006799512549124044 -0.004672165353912963 -0.009580851557257308
  endloop
endfacet
facet normal -0.194757 -0.979111 -0.0584101
  outer loop
    vertex -3.082533821295932e-17 -0.00825 -0.012
    vertex -0.001585065840293152 -0.008096299542503092 -0.009291335908642968
    vertex -0.003157138317012022 -0.007622006143218103 -0.012
  endloop
endfacet
facet normal -0.382658 -0.921896 0.0606631
  outer loop
    vertex -0.001585065840293152 -0.008096299542503092 -0.009291335908642968
    vertex -0.004605227597689814 -0.006845025841695274 -0.009326661738727159
    vertex -0.003157138317012022 -0.007622006143218103 -0.012
  endloop
endfacet
facet normal 0.194717 -0.978906 -0.0618719
  outer loop
    vertex 0.003157138317011966 -0.007622006143218127 -0.012
    vertex 0.001508391456786098 -0.008110934299641116 -0.009453181526144041
    vertex -3.082533821295932e-17 -0.00825 -0.012
  endloop
endfacet
facet normal -0.00181494 -0.998452 0.0555941
  outer loop
    vertex -3.082533821295932e-17 -0.00825 -0.012
    vertex 0.001508391456786098 -0.008110934299641116 -0.009453181526144041
    vertex -0.001585065840293152 -0.008096299542503092 -0.009291335908642968
  endloop
endfacet
facet normal 0.554671 -0.830124 -0.056864
  outer loop
    vertex 0.005833630944789006 -0.005833630944789029 -0.012
    vertex 0.004583454422411704 -0.006859624301496009 -0.00921678334803161
    vertex 0.003157138317011966 -0.007622006143218127 -0.012
  endloop
endfacet
facet normal 0.372 -0.92609 0.0630365
  outer loop
    vertex 0.004583454422411704 -0.006859624301496009 -0.00921678334803161
    vertex 0.001508391456786098 -0.008110934299641116 -0.009453181526144041
    vertex 0.003157138317011966 -0.007622006143218127 -0.012
  endloop
endfacet
facet normal 0.830058 -0.554627 -0.0582538
  outer loop
    vertex 0.007622006143218114 -0.003157138317011996 -0.012
    vertex 0.006758452306998694 -0.004731365808519146 -0.009316753629387529
    vertex 0.005833630944789006 -0.005833630944789029 -0.012
  endloop
endfacet
facet normal 0.699664 -0.712607 0.0515857
  outer loop
    vertex 0.005833630944789006 -0.005833630944789029 -0.012
    vertex 0.006758452306998694 -0.004731365808519146 -0.009316753629387529
    vertex 0.004583454422411704 -0.006859624301496009 -0.00921678334803161
  endloop
endfacet
facet normal 0.90729 -0.41789 0.0468236
  outer loop
    vertex 0.007622006143218114 -0.003157138317011996 -0.012
    vertex 0.007950702686499471 -0.002202005175037086 -0.009844723840709359
    vertex 0.006758452306998694 -0.004731365808519146 -0.009316753629387529
  endloop
endfacet
facet normal -0.941943 0.335665 0.00851814
  outer loop
    vertex -0.00813253206153575 0.001387235476800201 -0.004998164616938019
    vertex -0.007201847590427881 0.004024411917814594 -0.006002676845772026
    vertex -0.008091478563326641 0.001609495156633104 -0.009216783348032212
  endloop
endfacet
facet normal -0.99991 0.00977435 -0.00921566
  outer loop
    vertex -0.008091478563326641 0.001609495156633104 -0.009216783348032212
    vertex -0.008144613962876836 -0.00131444413944134 -0.006552732064197211
    vertex -0.00813253206153575 0.001387235476800201 -0.004998164616938019
  endloop
endfacet
facet normal -0.932559 0.360785 -0.0129528
  outer loop
    vertex -0.007201847590427881 0.004024411917814594 -0.006002676845772026
    vertex -0.007059206601272444 0.004269672371570395 -0.009440920193592458
    vertex -0.008091478563326641 0.001609495156633104 -0.009216783348032212
  endloop
endfacet
facet normal -0.999821 0.000975228 -0.0188714
  outer loop
    vertex -0.008091478563326641 0.001609495156633104 -0.009216783348032212
    vertex -0.008091471090663743 -0.001609532723790634 -0.009383530773740704
    vertex -0.008144613962876836 -0.00131444413944134 -0.006552732064197211
  endloop
endfacet
facet normal -0.317989 0.947637 -0.0294384
  outer loop
    vertex -0.00138530653834951 0.008132860861640638 -0.009271567566955222
    vertex -0.003868823777812962 0.007286611186019812 -0.009686186904675455
    vertex -0.003111968779953934 0.007640559554940465 -0.006467846985041732
  endloop
endfacet
facet normal -0.216872 0.975471 0.0377214
  outer loop
    vertex -0.003111968779953934 0.007640559554940465 -0.006467846985041732
    vertex -0.0005865432363068502 0.00822912310224745 -0.007168555724206799
    vertex -0.00138530653834951 0.008132860861640638 -0.009271567566955222
  endloop
endfacet
facet normal 0.014212 0.999898 0.00128478
  outer loop
    vertex 0.001626361594195391 0.008088105338392066 -0.007754504097546021
    vertex 0.001609495156633082 0.008091478563326647 -0.01019319400026832
    vertex -0.00138530653834951 0.008132860861640638 -0.009271567566955222
  endloop
endfacet
facet normal 0.0467436 0.996894 -0.0633854
  outer loop
    vertex -0.00138530653834951 0.008132860861640638 -0.009271567566955222
    vertex -0.0005865432363068502 0.00822912310224745 -0.007168555724206799
    vertex 0.001626361594195391 0.008088105338392066 -0.007754504097546021
  endloop
endfacet
facet normal -0.00727781 -0.998782 -0.0487914
  outer loop
    vertex 0.001508391456786098 -0.008110934299641116 -0.009453181526144041
    vertex -0.0003143688453765667 -0.008244008262311277 -0.006457208452523454
    vertex -0.001585065840293152 -0.008096299542503092 -0.009291335908642968
  endloop
endfacet
facet normal -0.38041 -0.920658 -0.0876202
  outer loop
    vertex -0.001585065840293152 -0.008096299542503092 -0.009291335908642968
    vertex -0.003155928561622349 -0.007622507127837684 -0.007449623640233471
    vertex -0.004605227597689814 -0.006845025841695274 -0.009326661738727159
  endloop
endfacet
facet normal -0.230973 -0.97152 0.0529245
  outer loop
    vertex -0.0003143688453765667 -0.008244008262311277 -0.006457208452523454
    vertex -0.003155928561622349 -0.007622507127837684 -0.007449623640233471
    vertex -0.001585065840293152 -0.008096299542503092 -0.009291335908642968
  endloop
endfacet
facet normal -0.722905 -0.69055 0.0234407
  outer loop
    vertex -0.005411340791380191 -0.00622735022618327 0.006194416661089618
    vertex -0.00494740742063564 -0.006601943639129268 0.009466695503523557
    vertex -0.006812852271753775 -0.004652692115674476 0.009360691547103402
  endloop
endfacet
facet normal -0.801821 -0.594626 -0.0591952
  outer loop
    vertex -0.006812852271753775 -0.004652692115674476 0.009360691547103402
    vertex -0.007427901564932914 -0.0035900944753122 0.007017788063326588
    vertex -0.005411340791380191 -0.00622735022618327 0.006194416661089618
  endloop
endfacet
facet normal -0.929678 -0.35934 0.0810806
  outer loop
    vertex -0.00810539811850188 -0.001537862588330374 0.008344802267433591
    vertex -0.007427901564932914 -0.0035900944753122 0.007017788063326588
    vertex -0.006812852271753775 -0.004652692115674476 0.009360691547103402
  endloop
endfacet
facet normal 0.888173 0.45951 7.32046e-05
  outer loop
    vertex 0.00784090909090839 0.002565666507578518 0.001499999999999965
    vertex 0.006623519186381934 0.004918484887404902 0.003000023563310885
    vertex 0.007841333936020118 0.002564367778579989 0.004497662729492535
  endloop
endfacet
facet normal 0.888338 0.45919 0.000709375
  outer loop
    vertex 0.00784090909090839 0.002565666507578518 0.001499999999999965
    vertex 0.006631606275867481 0.004907575593088205 -6.55408601332938e-05
    vertex 0.006623519186381934 0.004918484887404902 0.003000023563310885
  endloop
endfacet
facet normal 0.888551 0.458777 -7.27201e-05
  outer loop
    vertex 0.00784090909090839 0.002565666507578518 0.001499999999999965
    vertex 0.007841333936020121 0.002564367778579974 -0.00150233727050747
    vertex 0.006631606275867481 0.004907575593088205 -6.55408601332938e-05
  endloop
endfacet
facet normal 0.892008 -0.452006 -0.00345909
  outer loop
    vertex 0.006677263082668767 -0.004845271687411223 0.003989097716860231
    vertex 0.006633915606448817 -0.00490445345849207 0.0005443235979837018
    vertex 0.00787230854037152 -0.00246764224416621 0.00147049673773589
  endloop
endfacet
facet normal 0.896698 -0.442577 0.00766675
  outer loop
    vertex 0.00787230854037152 -0.00246764224416621 0.00147049673773589
    vertex 0.007913872543314979 -0.002330905696969593 0.004502572469854239
    vertex 0.006677263082668767 -0.004845271687411223 0.003989097716860231
  endloop
endfacet
facet normal 0.892352 -0.451304 -0.00576616
  outer loop
    vertex 0.00787230854037152 -0.00246764224416621 0.00147049673773589
    vertex 0.006633915606448817 -0.00490445345849207 0.0005443235979837018
    vertex 0.007900167315355684 -0.002376942655889235 -0.00131701052355891
  endloop
endfacet
facet normal -0.704226 0.705554 0.0791165
  outer loop
    vertex -0.004514177068062489 0.00690541131274443 0.00938691125324663
    vertex -0.00582907695182041 0.005838181385479222 0.00720027614223253
    vertex -0.006859624301495977 0.004583454422411751 0.00921678334803221
  endloop
endfacet
facet normal -0.920688 0.388616 0.0362183
  outer loop
    vertex -0.006859624301495977 0.004583454422411751 0.00921678334803221
    vertex -0.007260369615579828 0.003917848012004194 0.006171461997476951
    vertex -0.008063201698524326 0.00174564554503898 0.009070387913208584
  endloop
endfacet
facet normal -0.794185 0.607024 -0.0281655
  outer loop
    vertex -0.006859624301495977 0.004583454422411751 0.00921678334803221
    vertex -0.00582907695182041 0.005838181385479222 0.00720027614223253
    vertex -0.007260369615579828 0.003917848012004194 0.006171461997476951
  endloop
endfacet
facet normal 0.381839 0.923658 0.0324721
  outer loop
    vertex 0.004574721067578692 0.0068654517079251 0.009222622607244168
    vertex 0.002232799280660244 0.007942109755743942 0.006136092688049672
    vertex 0.001609495156633082 0.008091478563326647 0.009216783348032206
  endloop
endfacet
facet normal -0.00112466 0.996954 0.0779843
  outer loop
    vertex 0.001609495156633082 0.008091478563326647 0.009216783348032206
    vertex -8.268165400577551e-05 0.008249585671055902 0.00717113299100795
    vertex -0.001687381569144638 0.008075595547085737 0.009372285965389041
  endloop
endfacet
facet normal 0.121232 0.992344 -0.023586
  outer loop
    vertex 0.002232799280660244 0.007942109755743942 0.006136092688049672
    vertex -8.268165400577551e-05 0.008249585671055902 0.00717113299100795
    vertex 0.001609495156633082 0.008091478563326647 0.009216783348032206
  endloop
endfacet
facet normal 0.0345757 -0.999067 0.0258728
  outer loop
    vertex 0.0015819408939282 -0.008096910707678432 0.009263301154700514
    vertex -0.001060939461944147 -0.008181497873744737 0.009528878255453573
    vertex -0.0003144580941267974 -0.008244004858504036 0.006117622830848338
  endloop
endfacet
facet normal 0.167519 -0.984336 -0.0549621
  outer loop
    vertex -0.0003144580941267974 -0.008244004858504036 0.006117622830848338
    vertex 0.002788515242033792 -0.007764449931897638 0.006986667451068171
    vertex 0.0015819408939282 -0.008096910707678432 0.009263301154700514
  endloop
endfacet
facet normal 0.404319 -0.911002 0.0812465
  outer loop
    vertex 0.0015819408939282 -0.008096910707678432 0.009263301154700514
    vertex 0.002788515242033792 -0.007764449931897638 0.006986667451068171
    vertex 0.004661840898904776 -0.006806595289371825 0.00840440439098443
  endloop
endfacet
facet normal 0.337668 0.940303 -0.0425582
  outer loop
    vertex 0.001626361594195391 0.008088105338392066 -0.007754504097546021
    vertex 0.002826439837760744 0.007750724988252326 -0.005687017196207857
    vertex 0.00417501833809616 0.007115597085035154 -0.009019881121187607
  endloop
endfacet
facet normal 0.355998 0.934486 -0.00116955
  outer loop
    vertex 0.00417501833809616 0.007115597085035154 -0.009019881121187607
    vertex 0.001609495156633082 0.008091478563326647 -0.01019319400026832
    vertex 0.001626361594195391 0.008088105338392066 -0.007754504097546021
  endloop
endfacet
facet normal 0.67122 0.737143 -0.0779976
  outer loop
    vertex 0.00417501833809616 0.007115597085035154 -0.009019881121187607
    vertex 0.005214417691200046 0.006393148531177732 -0.006902925924690462
    vertex 0.006757770298258461 0.00473233986480005 -0.009317419048871539
  endloop
endfacet
facet normal 0.510115 0.859045 0.0427041
  outer loop
    vertex 0.002826439837760744 0.007750724988252326 -0.005687017196207857
    vertex 0.005214417691200046 0.006393148531177732 -0.006902925924690462
    vertex 0.00417501833809616 0.007115597085035154 -0.009019881121187607
  endloop
endfacet
facet normal 0.380744 -0.921734 -0.073761
  outer loop
    vertex 0.004583454422411704 -0.006859624301496009 -0.00921678334803161
    vertex 0.002693169254529426 -0.007798034327088938 -0.007247591869759125
    vertex 0.001508391456786098 -0.008110934299641116 -0.009453181526144041
  endloop
endfacet
facet normal 0.69941 -0.71472 0.00106816
  outer loop
    vertex 0.006758452306998694 -0.004731365808519146 -0.009316753629387529
    vertex 0.004569860362851399 -0.006868688103563858 -0.006380359844656075
    vertex 0.004583454422411704 -0.006859624301496009 -0.00921678334803161
  endloop
endfacet
facet normal 0.444045 -0.896004 -0.00073502
  outer loop
    vertex 0.004569860362851399 -0.006868688103563858 -0.006380359844656075
    vertex 0.002693169254529426 -0.007798034327088938 -0.007247591869759125
    vertex 0.004583454422411704 -0.006859624301496009 -0.00921678334803161
  endloop
endfacet
facet normal -0.700131 -0.71249 -0.0466398
  outer loop
    vertex -0.004605227597689814 -0.006845025841695274 -0.009326661738727159
    vertex -0.005552913291939451 -0.006101446875307707 -0.006459769858961275
    vertex -0.006799512549124044 -0.004672165353912963 -0.009580851557257308
  endloop
endfacet
facet normal -0.812415 -0.580104 0.0588332
  outer loop
    vertex -0.005552913291939451 -0.006101446875307707 -0.006459769858961275
    vertex -0.007474157882973261 -0.003492773101761502 -0.007267894231265063
    vertex -0.006799512549124044 -0.004672165353912963 -0.009580851557257308
  endloop
endfacet
facet normal -0.920596 -0.383653 -0.0728929
  outer loop
    vertex -0.006799512549124044 -0.004672165353912963 -0.009580851557257308
    vertex -0.007474157882973261 -0.003492773101761502 -0.007267894231265063
    vertex -0.008091471090663743 -0.001609532723790634 -0.009383530773740704
  endloop
endfacet
facet normal 0.892199 0.451642 4.65055e-14
  outer loop
    vertex 0.007840909090908791 0.002565666507577295 -0.007500000000000008
    vertex 0.006709818773266273 0.004800086669001247 -0.005999999999999251
    vertex 0.007840909090909079 0.002565666507576417 -0.004500000000000018
  endloop
endfacet
facet normal 0.888142 0.459569 7.32346e-05
  outer loop
    vertex 0.007840909090909079 0.002565666507576417 -0.004500000000000018
    vertex 0.00662288637571555 0.004919336952716428 -0.00308499435286373
    vertex 0.007841333936020121 0.002564367778579974 -0.00150233727050747
  endloop
endfacet
facet normal 0.890026 0.455842 0.00789462
  outer loop
    vertex 0.007840909090909079 0.002565666507576417 -0.004500000000000018
    vertex 0.006709818773266273 0.004800086669001247 -0.005999999999999251
    vertex 0.00662288637571555 0.004919336952716428 -0.00308499435286373
  endloop
endfacet
facet normal 0.890241 -0.455489 -0.00101406
  outer loop
    vertex 0.006675727276973848 -0.004847387474038706 -0.002520537130708603
    vertex 0.006666135241785109 -0.004860570021945018 -0.005020111679543244
    vertex 0.007840909090905183 -0.002565666507588323 -0.004500000000000018
  endloop
endfacet
facet normal 0.894012 -0.447934 0.00991467
  outer loop
    vertex 0.007840909090905183 -0.002565666507588323 -0.004500000000000018
    vertex 0.007900167315355684 -0.002376942655889235 -0.00131701052355891
    vertex 0.006675727276973848 -0.004847387474038706 -0.002520537130708603
  endloop
endfacet
facet normal 0.890154 -0.455659 -7.12554e-05
  outer loop
    vertex 0.007840909090905183 -0.002565666507588323 -0.004500000000000018
    vertex 0.006666135241785109 -0.004860570021945018 -0.005020111679543244
    vertex 0.007841333936020121 -0.002564367778579973 -0.007497662729492554
  endloop
endfacet
facet normal 0.705326 0.7083 0.02874
  outer loop
    vertex 0.006821861171586101 0.004639473047190373 0.008933681431551248
    vertex 0.004930921697028019 0.006614265735346465 0.006671390916903022
    vertex 0.004574721067578692 0.0068654517079251 0.009222622607244168
  endloop
endfacet
facet normal 0.896175 0.443462 -0.0145959
  outer loop
    vertex 0.006821861171586101 0.004639473047190373 0.008933681431551248
    vertex 0.007870734989947503 0.002472656611423449 0.007499999999999982
    vertex 0.006633441995990578 0.004905094013964315 0.005435174194181869
  endloop
endfacet
facet normal 0.713714 0.700283 0.0147298
  outer loop
    vertex 0.006633441995990578 0.004905094013964315 0.005435174194181869
    vertex 0.004930921697028019 0.006614265735346465 0.006671390916903022
    vertex 0.006821861171586101 0.004639473047190373 0.008933681431551248
  endloop
endfacet
facet normal 0.904759 0.425508 0.0188184
  outer loop
    vertex 0.006821861171586101 0.004639473047190373 0.008933681431551248
    vertex 0.007953068614652895 0.002193444690577603 0.009854876578575828
    vertex 0.007870734989947503 0.002472656611423449 0.007499999999999982
  endloop
endfacet
facet normal 0.703311 -0.709776 0.0396441
  outer loop
    vertex 0.004661840898904776 -0.006806595289371825 0.00840440439098443
    vertex 0.006523898870854986 -0.005049875594790137 0.006822100559725194
    vertex 0.006859624301495995 -0.004583454422411724 0.009216783348014977
  endloop
endfacet
facet normal 0.889557 -0.455403 -0.0360118
  outer loop
    vertex 0.006859624301495995 -0.004583454422411724 0.009216783348014977
    vertex 0.006523898870854986 -0.005049875594790137 0.006822100559725194
    vertex 0.00787073498994751 -0.002472656611423422 0.007499999999999982
  endloop
endfacet
facet normal 0.907367 -0.41995 0.0180681
  outer loop
    vertex 0.00787073498994751 -0.002472656611423422 0.007499999999999982
    vertex 0.007953068614652307 -0.002193444690579738 0.009854876578577115
    vertex 0.006859624301495995 -0.004583454422411724 0.009216783348014977
  endloop
endfacet
facet normal 0.888476 0.458922 -0.00109677
  outer loop
    vertex 0.006623519186381934 0.004918484887404902 0.003000023563310885
    vertex 0.006633441995990578 0.004905094013964315 0.005435174194181869
    vertex 0.007841333936020118 0.002564367778579989 0.004497662729492535
  endloop
endfacet
facet normal 0.889498 0.456909 0.00524641
  outer loop
    vertex 0.006633441995990578 0.004905094013964315 0.005435174194181869
    vertex 0.007870734989947503 0.002472656611423449 0.007499999999999982
    vertex 0.007841333936020118 0.002564367778579989 0.004497662729492535
  endloop
endfacet
facet normal 0.695843 0.718194 -0.000720144
  outer loop
    vertex 0.006631606275867481 0.004907575593088205 -6.55408601332938e-05
    vertex 0.004701052694913759 0.006779572520420745 0.001455516751097039
    vertex 0.006623519186381934 0.004918484887404902 0.003000023563310885
  endloop
endfacet
facet normal 0.695295 0.718724 0.000599473
  outer loop
    vertex 0.004701052694913759 0.006779572520420745 0.001455516751097039
    vertex 0.00469162182936002 0.006786102313572391 0.004565115195786212
    vertex 0.006623519186381934 0.004918484887404902 0.003000023563310885
  endloop
endfacet
facet normal 0.695512 0.718514 0.00111701
  outer loop
    vertex 0.00469162182936002 0.006786102313572391 0.004565115195786212
    vertex 0.006633441995990578 0.004905094013964315 0.005435174194181869
    vertex 0.006623519186381934 0.004918484887404902 0.003000023563310885
  endloop
endfacet
facet normal 0.69644 0.717615 0.00074979
  outer loop
    vertex 0.006631606275867481 0.004907575593088205 -6.55408601332938e-05
    vertex 0.004712844844070401 0.006771380470459405 -0.001657062310791045
    vertex 0.004701052694913759 0.006779572520420745 0.001455516751097039
  endloop
endfacet
facet normal 0.696425 0.717629 0.000784096
  outer loop
    vertex 0.006631606275867481 0.004907575593088205 -6.55408601332938e-05
    vertex 0.00662288637571555 0.004919336952716428 -0.00308499435286373
    vertex 0.004712844844070401 0.006771380470459405 -0.001657062310791045
  endloop
endfacet
facet normal 0.888375 0.459118 -0.000777191
  outer loop
    vertex 0.007841333936020121 0.002564367778579974 -0.00150233727050747
    vertex 0.00662288637571555 0.004919336952716428 -0.00308499435286373
    vertex 0.006631606275867481 0.004907575593088205 -6.55408601332938e-05
  endloop
endfacet
facet normal 0.427137 0.904187 -0.000761518
  outer loop
    vertex 0.004712844844070401 0.006771380470459405 -0.001657062310791045
    vertex 0.002244039748294123 0.007938941088588329 -0.0001131657664492879
    vertex 0.004701052694913759 0.006779572520420745 0.001455516751097039
  endloop
endfacet
facet normal 0.42716 0.904176 -0.000805881
  outer loop
    vertex 0.002244039748294123 0.007938941088588329 -0.0001131657664492879
    vertex 0.002258728095078973 0.007934774564693122 0.002997716403232261
    vertex 0.004701052694913759 0.006779572520420745 0.001455516751097039
  endloop
endfacet
facet normal 0.427265 0.904126 -0.000602741
  outer loop
    vertex 0.004701052694913759 0.006779572520420745 0.001455516751097039
    vertex 0.002258728095078973 0.007934774564693122 0.002997716403232261
    vertex 0.00469162182936002 0.006786102313572391 0.004565115195786212
  endloop
endfacet
facet normal 0.428056 0.903751 0.00103831
  outer loop
    vertex 0.004712844844070401 0.006771380470459405 -0.001657062310791045
    vertex 0.002263135423244392 0.00793351864282529 -0.003265858835729605
    vertex 0.002244039748294123 0.007938941088588329 -0.0001131657664492879
  endloop
endfacet
facet normal 0.42981 0.902917 -0.00223475
  outer loop
    vertex 0.004712844844070401 0.006771380470459405 -0.001657062310791045
    vertex 0.004747790500963114 0.006746924140596545 -0.004817164958324289
    vertex 0.002263135423244392 0.00793351864282529 -0.003265858835729605
  endloop
endfacet
facet normal 0.696952 0.717114 0.00215736
  outer loop
    vertex 0.004712844844070401 0.006771380470459405 -0.001657062310791045
    vertex 0.00662288637571555 0.004919336952716428 -0.00308499435286373
    vertex 0.004747790500963114 0.006746924140596545 -0.004817164958324289
  endloop
endfacet
facet normal 0.109345 0.994003 -0.00104733
  outer loop
    vertex 0.002263135423244392 0.00793351864282529 -0.003265858835729605
    vertex -0.0004746778802217282 0.008236332977122052 -0.001706553402833563
    vertex 0.002244039748294123 0.007938941088588329 -0.0001131657664492879
  endloop
endfacet
facet normal 0.108291 0.994119 0.00077244
  outer loop
    vertex -0.0004746778802217282 0.008236332977122052 -0.001706553402833563
    vertex -0.0004893809967506539 0.008235472435751293 0.001462225749307145
    vertex 0.002244039748294123 0.007938941088588329 -0.0001131657664492879
  endloop
endfacet
facet normal 0.108318 0.994116 0.000820024
  outer loop
    vertex -0.0004893809967506539 0.008235472435751293 0.001462225749307145
    vertex 0.002258728095078973 0.007934774564693122 0.002997716403232261
    vertex 0.002244039748294123 0.007938941088588329 -0.0001131657664492879
  endloop
endfacet
facet normal 0.110612 0.993863 0.00120582
  outer loop
    vertex 0.002263135423244392 0.00793351864282529 -0.003265858835729605
    vertex -0.0004517023905998969 0.00823762495810087 -0.004879032856975256
    vertex -0.0004746778802217282 0.008236332977122052 -0.001706553402833563
  endloop
endfacet
facet normal 0.449461 0.892526 0.0371868
  outer loop
    vertex 0.004747790500963114 0.006746924140596545 -0.004817164958324289
    vertex 0.002826439837760744 0.007750724988252326 -0.005687017196207857
    vertex 0.002263135423244392 0.00793351864282529 -0.003265858835729605
  endloop
endfacet
facet normal 0.136407 0.98972 -0.0429859
  outer loop
    vertex 0.002263135423244392 0.00793351864282529 -0.003265858835729605
    vertex 0.002826439837760744 0.007750724988252326 -0.005687017196207857
    vertex -0.0004517023905998969 0.00823762495810087 -0.004879032856975256
  endloop
endfacet
facet normal -0.224161 0.974552 -0.000775449
  outer loop
    vertex -0.0004746778802217282 0.008236332977122052 -0.001706553402833563
    vertex -0.003164863634842404 0.007618801623146001 -0.0001347797469360978
    vertex -0.0004893809967506539 0.008235472435751293 0.001462225749307145
  endloop
endfacet
facet normal -0.223211 0.97477 0.000937217
  outer loop
    vertex -0.0004746778802217282 0.008236332977122052 -0.001706553402833563
    vertex -0.003148361510411072 0.007625635698075415 -0.003312488441359731
    vertex -0.003164863634842404 0.007618801623146001 -0.0001347797469360978
  endloop
endfacet
facet normal -0.221984 0.975049 -0.00121055
  outer loop
    vertex -0.0004517023905998969 0.00823762495810087 -0.004879032856975256
    vertex -0.003148361510411072 0.007625635698075415 -0.003312488441359731
    vertex -0.0004746778802217282 0.008236332977122052 -0.001706553402833563
  endloop
endfacet
facet normal -0.22505 0.974347 0.000793462
  outer loop
    vertex -0.003164863634842404 0.007618801623146001 -0.0001347797469360978
    vertex -0.003178842925286151 0.00761297955181532 0.003049586279816417
    vertex -0.0004893809967506539 0.008235472435751293 0.001462225749307145
  endloop
endfacet
facet normal -0.225612 0.974217 -0.000208113
  outer loop
    vertex -0.003178842925286151 0.00761297955181532 0.003049586279816417
    vertex -0.0004933414651996605 0.008235236134969941 0.004649535394973987
    vertex -0.0004893809967506539 0.008235472435751293 0.001462225749307145
  endloop
endfacet
facet normal 0.108655 0.994079 0.000208712
  outer loop
    vertex -0.0004933414651996605 0.008235236134969941 0.004649535394973987
    vertex 0.002258728095078973 0.007934774564693122 0.002997716403232261
    vertex -0.0004893809967506539 0.008235472435751293 0.001462225749307145
  endloop
endfacet
facet normal -0.533749 0.845642 -0.000797033
  outer loop
    vertex -0.003164863634842404 0.007618801623146001 -0.0001347797469360978
    vertex -0.005510495522881264 0.006139783309881999 0.001444437872175991
    vertex -0.003178842925286151 0.00761297955181532 0.003049586279816417
  endloop
endfacet
facet normal -0.532923 0.846163 0.000918514
  outer loop
    vertex -0.003164863634842404 0.007618801623146001 -0.0001347797469360978
    vertex -0.005497451086428801 0.006151465805181949 -0.001749441220353891
    vertex -0.005510495522881264 0.006139783309881999 0.001444437872175991
  endloop
endfacet
facet normal -0.532 0.846744 -0.000941692
  outer loop
    vertex -0.003164863634842404 0.007618801623146001 -0.0001347797469360978
    vertex -0.003148361510411072 0.007625635698075415 -0.003312488441359731
    vertex -0.005497451086428801 0.006151465805181949 -0.001749441220353891
  endloop
endfacet
facet normal -0.534407 0.845227 0.000540287
  outer loop
    vertex -0.005510495522881264 0.006139783309881999 0.001444437872175991
    vertex -0.005518149676956254 0.006132905032911206 0.00463397851681719
    vertex -0.003178842925286151 0.00761297955181532 0.003049586279816417
  endloop
endfacet
facet normal -0.226005 0.974126 0.000488044
  outer loop
    vertex -0.003178842925286151 0.00761297955181532 0.003049586279816417
    vertex -0.003187427333972155 0.007609389396702417 0.006240166936789911
    vertex -0.0004933414651996605 0.008235236134969941 0.004649535394973987
  endloop
endfacet
facet normal -0.534905 0.844912 -0.000488462
  outer loop
    vertex -0.003178842925286151 0.00761297955181532 0.003049586279816417
    vertex -0.005518149676956254 0.006132905032911206 0.00463397851681719
    vertex -0.003187427333972155 0.007609389396702417 0.006240166936789911
  endloop
endfacet
facet normal -0.782741 0.622347 -0.000920464
  outer loop
    vertex -0.005497451086428801 0.006151465805181949 -0.001749441220353891
    vertex -0.007227996851679346 0.003977255525121998 -0.0001674743375010505
    vertex -0.005510495522881264 0.006139783309881999 0.001444437872175991
  endloop
endfacet
facet normal -0.783389 0.621531 0.000863824
  outer loop
    vertex -0.007227996851679346 0.003977255525121998 -0.0001674743375010505
    vertex -0.007235919986931655 0.003962822471764664 0.003031905223160885
    vertex -0.005510495522881264 0.006139783309881999 0.001444437872175991
  endloop
endfacet
facet normal -0.783888 0.620902 -0.000542168
  outer loop
    vertex -0.007235919986931655 0.003962822471764664 0.003031905223160885
    vertex -0.005518149676956254 0.006132905032911206 0.00463397851681719
    vertex -0.005510495522881264 0.006139783309881999 0.001444437872175991
  endloop
endfacet
facet normal -0.782074 0.623185 0.000960163
  outer loop
    vertex -0.005497451086428801 0.006151465805181949 -0.001749441220353891
    vertex -0.007219147829280999 0.003993294957674356 -0.003369985887998443
    vertex -0.007227996851679346 0.003977255525121998 -0.0001674743375010505
  endloop
endfacet
facet normal -0.781253 0.624214 -0.00128344
  outer loop
    vertex -0.005497451086428801 0.006151465805181949 -0.001749441220353891
    vertex -0.005479185953622946 0.006167740371126285 -0.004952452817427851
    vertex -0.007219147829280999 0.003993294957674356 -0.003369985887998443
  endloop
endfacet
facet normal -0.53094 0.847408 0.00127802
  outer loop
    vertex -0.005497451086428801 0.006151465805181949 -0.001749441220353891
    vertex -0.003148361510411072 0.007625635698075415 -0.003312488441359731
    vertex -0.005479185953622946 0.006167740371126285 -0.004952452817427851
  endloop
endfacet
facet normal -0.945063 0.326888 -0.000865752
  outer loop
    vertex -0.007227996851679346 0.003977255525121998 -0.0001674743375010505
    vertex -0.008139351807447289 0.001346644776696719 0.001418133653386753
    vertex -0.007235919986931655 0.003962822471764664 0.003031905223160885
  endloop
endfacet
facet normal -0.94472 0.327878 0.000973917
  outer loop
    vertex -0.007227996851679346 0.003977255525121998 -0.0001674743375010505
    vertex -0.008136301660902968 0.001364952483710554 -0.001786615909641451
    vertex -0.008139351807447289 0.001346644776696719 0.001418133653386753
  endloop
endfacet
facet normal -0.944347 0.328948 -0.000961872
  outer loop
    vertex -0.007227996851679346 0.003977255525121998 -0.0001674743375010505
    vertex -0.007219147829280999 0.003993294957674356 -0.003369985887998443
    vertex -0.008136301660902968 0.001364952483710554 -0.001786615909641451
  endloop
endfacet
facet normal -0.945384 0.325958 0.000821596
  outer loop
    vertex -0.008139351807447289 0.001346644776696719 0.001418133653386753
    vertex -0.008141893913853263 0.001331188752791734 0.004624999578337424
    vertex -0.007235919986931655 0.003962822471764664 0.003031905223160885
  endloop
endfacet
facet normal -0.946041 0.324037 -0.00272553
  outer loop
    vertex -0.008141893913853263 0.001331188752791734 0.004624999578337424
    vertex -0.007260369615579828 0.003917848012004194 0.006171461997476951
    vertex -0.007235919986931655 0.003962822471764664 0.003031905223160885
  endloop
endfacet
facet normal -0.78507 0.6194 0.00275915
  outer loop
    vertex -0.007235919986931655 0.003962822471764664 0.003031905223160885
    vertex -0.007260369615579828 0.003917848012004194 0.006171461997476951
    vertex -0.005518149676956254 0.006132905032911206 0.00463397851681719
  endloop
endfacet
facet normal -0.999991 -0.00415679 -0.000975496
  outer loop
    vertex -0.008136301660902968 0.001364952483710554 -0.001786615909641451
    vertex -0.008126258090146906 -0.001423527116820032 -0.0002001075146929425
    vertex -0.008139351807447289 0.001346644776696719 0.001418133653386753
  endloop
endfacet
facet normal -0.999986 -0.00518108 0.000777963
  outer loop
    vertex -0.008126258090146906 -0.001423527116820032 -0.0002001075146929425
    vertex -0.00812368892728714 -0.001438116202770948 0.003005108209404552
    vertex -0.008139351807447289 0.001346644776696719 0.001418133653386753
  endloop
endfacet
facet normal -0.999981 -0.00609286 -0.000822058
  outer loop
    vertex -0.008139351807447289 0.001346644776696719 0.001418133653386753
    vertex -0.00812368892728714 -0.001438116202770948 0.003005108209404552
    vertex -0.008141893913853263 0.001331188752791734 0.004624999578337424
  endloop
endfacet
facet normal -0.999995 -0.00281964 0.00137473
  outer loop
    vertex -0.008136301660902968 0.001364952483710554 -0.001786615909641451
    vertex -0.008130204172013083 -0.001400814092369525 -0.003023949994709962
    vertex -0.008126258090146906 -0.001423527116820032 -0.0002001075146929425
  endloop
endfacet
facet normal -0.999998 -0.00167432 -0.00118538
  outer loop
    vertex -0.008136301660902968 0.001364952483710554 -0.001786615909641451
    vertex -0.00813253206153575 0.001387235476800201 -0.004998164616938019
    vertex -0.008130204172013083 -0.001400814092369525 -0.003023949994709962
  endloop
endfacet
facet normal -0.943945 0.3301 0.00118239
  outer loop
    vertex -0.008136301660902968 0.001364952483710554 -0.001786615909641451
    vertex -0.007219147829280999 0.003993294957674356 -0.003369985887998443
    vertex -0.00813253206153575 0.001387235476800201 -0.004998164616938019
  endloop
endfacet
facet normal -0.942269 -0.334853 -0.00137658
  outer loop
    vertex -0.008130204172013083 -0.001400814092369525 -0.003023949994709962
    vertex -0.007195882917202976 -0.004035067414790787 -0.001785349615188069
    vertex -0.008126258090146906 -0.001423527116820032 -0.0002001075146929425
  endloop
endfacet
facet normal -0.941823 -0.336109 0.000954265
  outer loop
    vertex -0.007195882917202976 -0.004035067414790787 -0.001785349615188069
    vertex -0.007187032707862702 -0.004050809901255762 0.001404690852277787
    vertex -0.008126258090146906 -0.001423527116820032 -0.0002001075146929425
  endloop
endfacet
facet normal -0.941487 -0.337048 -0.000779474
  outer loop
    vertex -0.007187032707862702 -0.004050809901255762 0.001404690852277787
    vertex -0.00812368892728714 -0.001438116202770948 0.003005108209404552
    vertex -0.008126258090146906 -0.001423527116820032 -0.0002001075146929425
  endloop
endfacet
facet normal -0.999984 -0.00526717 -0.00223367
  outer loop
    vertex -0.00812368892728714 -0.001438116202770948 0.003005108209404552
    vertex -0.008130845093982727 -0.001397089137334129 0.006112086903020328
    vertex -0.008141893913853263 0.001331188752791734 0.004624999578337424
  endloop
endfacet
facet normal -0.951805 0.304987 0.0324238
  outer loop
    vertex -0.008141893913853263 0.001331188752791734 0.004624999578337424
    vertex -0.008197111209897072 0.000932667042721988 0.006752687415553269
    vertex -0.007260369615579828 0.003917848012004194 0.006171461997476951
  endloop
endfacet
facet normal -0.999353 -0.0202508 -0.029728
  outer loop
    vertex -0.008130845093982727 -0.001397089137334129 0.006112086903020328
    vertex -0.008197111209897072 0.000932667042721988 0.006752687415553269
    vertex -0.008141893913853263 0.001331188752791734 0.004624999578337424
  endloop
endfacet
facet normal -0.94263 -0.333839 0.00105189
  outer loop
    vertex -0.008130204172013083 -0.001400814092369525 -0.003023949994709962
    vertex -0.007205771215090192 -0.004017382381075719 -0.005033851837847728
    vertex -0.007195882917202976 -0.004035067414790787 -0.001785349615188069
  endloop
endfacet
facet normal -0.999989 0.00209282 0.00413468
  outer loop
    vertex -0.00813253206153575 0.001387235476800201 -0.004998164616938019
    vertex -0.008144613962876836 -0.00131444413944134 -0.006552732064197211
    vertex -0.008130204172013083 -0.001400814092369525 -0.003023949994709962
  endloop
endfacet
facet normal -0.943891 -0.330229 -0.00422825
  outer loop
    vertex -0.008130204172013083 -0.001400814092369525 -0.003023949994709962
    vertex -0.008144613962876836 -0.00131444413944134 -0.006552732064197211
    vertex -0.007205771215090192 -0.004017382381075719 -0.005033851837847728
  endloop
endfacet
facet normal -0.776599 -0.629995 -0.000954414
  outer loop
    vertex -0.007195882917202976 -0.004035067414790787 -0.001785349615188069
    vertex -0.005438818149441767 -0.006203366597042516 -0.000232120963373883
    vertex -0.007187032707862702 -0.004050809901255762 0.001404690852277787
  endloop
endfacet
facet normal -0.777277 -0.629158 0.000979792
  outer loop
    vertex -0.007195882917202976 -0.004035067414790787 -0.001785349615188069
    vertex -0.005452845294140599 -0.006191040154785683 -0.003444729929996804
    vertex -0.005438818149441767 -0.006203366597042516 -0.000232120963373883
  endloop
endfacet
facet normal -0.778041 -0.628213 -0.0010517
  outer loop
    vertex -0.007205771215090192 -0.004017382381075719 -0.005033851837847728
    vertex -0.005452845294140599 -0.006191040154785683 -0.003444729929996804
    vertex -0.007195882917202976 -0.004035067414790787 -0.001785349615188069
  endloop
endfacet
facet normal -0.775888 -0.63087 0.00095673
  outer loop
    vertex -0.005438818149441767 -0.006203366597042516 -0.000232120963373883
    vertex -0.005425078952988182 -0.006215385615860423 0.00298470346562643
    vertex -0.007187032707862702 -0.004050809901255762 0.001404690852277787
  endloop
endfacet
facet normal -0.775215 -0.631697 -0.00092501
  outer loop
    vertex -0.005425078952988182 -0.006215385615860423 0.00298470346562643
    vertex -0.007178403799396505 -0.004066081515760577 0.004602237647474638
    vertex -0.007187032707862702 -0.004050809901255762 0.001404690852277787
  endloop
endfacet
facet normal -0.941155 -0.337973 0.000925631
  outer loop
    vertex -0.007178403799396505 -0.004066081515760577 0.004602237647474638
    vertex -0.00812368892728714 -0.001438116202770948 0.003005108209404552
    vertex -0.007187032707862702 -0.004050809901255762 0.001404690852277787
  endloop
endfacet
facet normal -0.522093 -0.852888 -0.000956766
  outer loop
    vertex -0.005438818149441767 -0.006203366597042516 -0.000232120963373883
    vertex -0.003059133210099544 -0.007661866874519948 0.001358647277121242
    vertex -0.005425078952988182 -0.006215385615860423 0.00298470346562643
  endloop
endfacet
facet normal -0.523132 -0.852251 0.00118168
  outer loop
    vertex -0.005438818149441767 -0.006203366597042516 -0.000232120963373883
    vertex -0.003079999107603494 -0.007653502825318724 -0.001846395527066063
    vertex -0.003059133210099544 -0.007661866874519948 0.001358647277121242
  endloop
endfacet
facet normal -0.524205 -0.851592 -0.000978645
  outer loop
    vertex -0.005438818149441767 -0.006203366597042516 -0.000232120963373883
    vertex -0.005452845294140599 -0.006191040154785683 -0.003444729929996804
    vertex -0.003079999107603494 -0.007653502825318724 -0.001846395527066063
  endloop
endfacet
facet normal -0.521245 -0.853407 0.000738322
  outer loop
    vertex -0.003059133210099544 -0.007661866874519948 0.001358647277121242
    vertex -0.00304608426642574 -0.007667064017068957 0.004563774106357645
    vertex -0.005425078952988182 -0.006215385615860423 0.00298470346562643
  endloop
endfacet
facet normal -0.774521 -0.632547 0.000957195
  outer loop
    vertex -0.005425078952988182 -0.006215385615860423 0.00298470346562643
    vertex -0.005411340791380191 -0.00622735022618327 0.006194416661089618
    vertex -0.007178403799396505 -0.004066081515760577 0.004602237647474638
  endloop
endfacet
facet normal -0.520425 -0.853907 -0.000955529
  outer loop
    vertex -0.005425078952988182 -0.006215385615860423 0.00298470346562643
    vertex -0.00304608426642574 -0.007667064017068957 0.004563774106357645
    vertex -0.005411340791380191 -0.00622735022618327 0.006194416661089618
  endloop
endfacet
facet normal -0.211003 -0.977485 -0.0011772
  outer loop
    vertex -0.003079999107603494 -0.007653502825318724 -0.001846395527066063
    vertex -0.0003624099807440127 -0.008242036095884144 -0.0002630235684155467
    vertex -0.003059133210099544 -0.007661866874519948 0.001358647277121242
  endloop
endfacet
facet normal -0.209807 -0.977742 0.000903559
  outer loop
    vertex -0.0003624099807440127 -0.008242036095884144 -0.0002630235684155467
    vertex -0.000345259654719664 -0.008242772335253647 0.002922605165317024
    vertex -0.003059133210099544 -0.007661866874519948 0.001358647277121242
  endloop
endfacet
facet normal -0.208904 -0.977936 -0.000735228
  outer loop
    vertex -0.000345259654719664 -0.008242772335253647 0.002922605165317024
    vertex -0.00304608426642574 -0.007667064017068957 0.004563774106357645
    vertex -0.003059133210099544 -0.007661866874519948 0.001358647277121242
  endloop
endfacet
facet normal -0.211314 -0.977418 -0.000617781
  outer loop
    vertex -0.003079999107603494 -0.007653502825318724 -0.001846395527066063
    vertex -0.000351772986899014 -0.008242496937560132 -0.00317232361028915
    vertex -0.0003624099807440127 -0.008242036095884144 -0.0002630235684155467
  endloop
endfacet
facet normal -0.525114 -0.851031 0.000884321
  outer loop
    vertex -0.005452845294140599 -0.006191040154785683 -0.003444729929996804
    vertex -0.003093264414357076 -0.007648151100944083 -0.004573136574783596
    vertex -0.003079999107603494 -0.007653502825318724 -0.001846395527066063
  endloop
endfacet
facet normal -0.21144 -0.977391 -0.000889672
  outer loop
    vertex -0.003093264414357076 -0.007648151100944083 -0.004573136574783596
    vertex -0.000351772986899014 -0.008242496937560132 -0.00317232361028915
    vertex -0.003079999107603494 -0.007653502825318724 -0.001846395527066063
  endloop
endfacet
facet normal 0.124189 -0.992258 -0.000897917
  outer loop
    vertex -0.0003624099807440127 -0.008242036095884144 -0.0002630235684155467
    vertex 0.00237441409432505 -0.007900927648616368 0.001315181767168406
    vertex -0.000345259654719664 -0.008242772335253647 0.002922605165317024
  endloop
endfacet
facet normal 0.123027 -0.992403 0.00114961
  outer loop
    vertex -0.0003624099807440127 -0.008242036095884144 -0.0002630235684155467
    vertex 0.002353501061760559 -0.00790718235228529 -0.00184617981245614
    vertex 0.00237441409432505 -0.007900927648616368 0.001315181767168406
  endloop
endfacet
facet normal 0.122715 -0.992442 0.000605875
  outer loop
    vertex -0.0003624099807440127 -0.008242036095884144 -0.0002630235684155467
    vertex -0.000351772986899014 -0.008242496937560132 -0.00317232361028915
    vertex 0.002353501061760559 -0.00790718235228529 -0.00184617981245614
  endloop
endfacet
facet normal 0.125166 -0.992135 0.000780666
  outer loop
    vertex 0.00237441409432505 -0.007900927648616368 0.001315181767168406
    vertex 0.002388620337480487 -0.007896644406542225 0.004480960672687901
    vertex -0.000345259654719664 -0.008242772335253647 0.002922605165317024
  endloop
endfacet
facet normal -0.207533 -0.978227 0.00162335
  outer loop
    vertex -0.000345259654719664 -0.008242772335253647 0.002922605165317024
    vertex -0.0003144580941267974 -0.008244004858504036 0.006117622830848338
    vertex -0.00304608426642574 -0.007667064017068957 0.004563774106357645
  endloop
endfacet
facet normal 0.126503 -0.991965 -0.00160221
  outer loop
    vertex -0.000345259654719664 -0.008242772335253647 0.002922605165317024
    vertex 0.002388620337480487 -0.007896644406542225 0.004480960672687901
    vertex -0.0003144580941267974 -0.008244004858504036 0.006117622830848338
  endloop
endfacet
facet normal 0.44106 -0.897477 -0.00114205
  outer loop
    vertex 0.002353501061760559 -0.00790718235228529 -0.00184617981245614
    vertex 0.00481343389403846 -0.006700250304855914 -0.000284084501757596
    vertex 0.00237441409432505 -0.007900927648616368 0.001315181767168406
  endloop
endfacet
facet normal 0.442112 -0.896959 0.000851761
  outer loop
    vertex 0.00481343389403846 -0.006700250304855914 -0.000284084501757596
    vertex 0.004826559285046146 -0.006690801556460545 0.002853233040186509
    vertex 0.00237441409432505 -0.007900927648616368 0.001315181767168406
  endloop
endfacet
facet normal 0.442933 -0.896555 -0.000774612
  outer loop
    vertex 0.004826559285046146 -0.006690801556460545 0.002853233040186509
    vertex 0.002388620337480487 -0.007896644406542225 0.004480960672687901
    vertex 0.00237441409432505 -0.007900927648616368 0.001315181767168406
  endloop
endfacet
facet normal 0.439846 -0.898073 0.00123035
  outer loop
    vertex 0.002353501061760559 -0.00790718235228529 -0.00184617981245614
    vertex 0.004794417372067677 -0.006713870870251801 -0.003427829723836696
    vertex 0.00481343389403846 -0.006700250304855914 -0.000284084501757596
  endloop
endfacet
facet normal 0.438866 -0.898552 -0.000642544
  outer loop
    vertex 0.002353501061760559 -0.00790718235228529 -0.00184617981245614
    vertex 0.002341761343966143 -0.007910667089942914 -0.004991411001058637
    vertex 0.004794417372067677 -0.006713870870251801 -0.003427829723836696
  endloop
endfacet
facet normal 0.122697 -0.992444 0.000641598
  outer loop
    vertex 0.002353501061760559 -0.00790718235228529 -0.00184617981245614
    vertex -0.000351772986899014 -0.008242496937560132 -0.00317232361028915
    vertex 0.002341761343966143 -0.007910667089942914 -0.004991411001058637
  endloop
endfacet
facet normal 0.426206 0.904625 0.00140691
  outer loop
    vertex 0.002258728095078973 0.007934774564693122 0.002997716403232261
    vertex 0.002232799280660244 0.007942109755743942 0.006136092688049672
    vertex 0.00469162182936002 0.006786102313572391 0.004565115195786212
  endloop
endfacet
facet normal 0.700541 0.713291 -0.0213979
  outer loop
    vertex 0.00469162182936002 0.006786102313572391 0.004565115195786212
    vertex 0.004930921697028019 0.006614265735346465 0.006671390916903022
    vertex 0.006633441995990578 0.004905094013964315 0.005435174194181869
  endloop
endfacet
facet normal 0.437663 0.898829 0.0236052
  outer loop
    vertex 0.002232799280660244 0.007942109755743942 0.006136092688049672
    vertex 0.004930921697028019 0.006614265735346465 0.006671390916903022
    vertex 0.00469162182936002 0.006786102313572391 0.004565115195786212
  endloop
endfacet
facet normal 0.702447 -0.711736 -0.000795226
  outer loop
    vertex 0.00481343389403846 -0.006700250304855914 -0.000284084501757596
    vertex 0.006633915606448817 -0.00490445345849207 0.0005443235979837018
    vertex 0.004826559285046146 -0.006690801556460545 0.002853233040186509
  endloop
endfacet
facet normal 0.704592 -0.709612 -0.00118762
  outer loop
    vertex 0.004794417372067677 -0.006713870870251801 -0.003427829723836696
    vertex 0.006675727276973848 -0.004847387474038706 -0.002520537130708603
    vertex 0.00481343389403846 -0.006700250304855914 -0.000284084501757596
  endloop
endfacet
facet normal 0.7031 -0.711082 -0.00364806
  outer loop
    vertex 0.006675727276973848 -0.004847387474038706 -0.002520537130708603
    vertex 0.006633915606448817 -0.00490445345849207 0.0005443235979837018
    vertex 0.00481343389403846 -0.006700250304855914 -0.000284084501757596
  endloop
endfacet
facet normal 0.443876 -0.896087 0.000984921
  outer loop
    vertex 0.004826559285046146 -0.006690801556460545 0.002853233040186509
    vertex 0.004837996046727585 -0.006682536513319495 0.005218590731061842
    vertex 0.002388620337480487 -0.007896644406542225 0.004480960672687901
  endloop
endfacet
facet normal 0.706406 -0.707806 -0.000942329
  outer loop
    vertex 0.004826559285046146 -0.006690801556460545 0.002853233040186509
    vertex 0.006677263082668767 -0.004845271687411223 0.003989097716860231
    vertex 0.004837996046727585 -0.006682536513319495 0.005218590731061842
  endloop
endfacet
facet normal 0.705093 -0.709107 0.00331
  outer loop
    vertex 0.004826559285046146 -0.006690801556460545 0.002853233040186509
    vertex 0.006633915606448817 -0.00490445345849207 0.0005443235979837018
    vertex 0.006677263082668767 -0.004845271687411223 0.003989097716860231
  endloop
endfacet
facet normal 0.430993 -0.902238 0.0145298
  outer loop
    vertex 0.002341761343966143 -0.007910667089942914 -0.004991411001058637
    vertex 0.004569860362851399 -0.006868688103563858 -0.006380359844656075
    vertex 0.004794417372067677 -0.006713870870251801 -0.003427829723836696
  endloop
endfacet
facet normal 0.70405 -0.71015 0.0010435
  outer loop
    vertex 0.004794417372067677 -0.006713870870251801 -0.003427829723836696
    vertex 0.006666135241785109 -0.004860570021945018 -0.005020111679543244
    vertex 0.006675727276973848 -0.004847387474038706 -0.002520537130708603
  endloop
endfacet
facet normal 0.696872 -0.717031 -0.0154033
  outer loop
    vertex 0.004794417372067677 -0.006713870870251801 -0.003427829723836696
    vertex 0.004569860362851399 -0.006868688103563858 -0.006380359844656075
    vertex 0.006666135241785109 -0.004860570021945018 -0.005020111679543244
  endloop
endfacet
facet normal 0.12351 -0.992342 0.00186293
  outer loop
    vertex -0.000351772986899014 -0.008242496937560132 -0.00317232361028915
    vertex -0.0003143688453765667 -0.008244008262311277 -0.006457208452523454
    vertex 0.002341761343966143 -0.007910667089942914 -0.004991411001058637
  endloop
endfacet
facet normal 0.139502 -0.989835 -0.0276865
  outer loop
    vertex -0.0003143688453765667 -0.008244008262311277 -0.006457208452523454
    vertex 0.002693169254529426 -0.007798034327088938 -0.007247591869759125
    vertex 0.002341761343966143 -0.007910667089942914 -0.004991411001058637
  endloop
endfacet
facet normal 0.435159 -0.900064 0.0228447
  outer loop
    vertex 0.002341761343966143 -0.007910667089942914 -0.004991411001058637
    vertex 0.002693169254529426 -0.007798034327088938 -0.007247591869759125
    vertex 0.004569860362851399 -0.006868688103563858 -0.006380359844656075
  endloop
endfacet
facet normal -0.210103 0.977259 0.0286554
  outer loop
    vertex -0.003187427333972155 0.007609389396702417 0.006240166936789911
    vertex -8.268165400577551e-05 0.008249585671055902 0.00717113299100795
    vertex -0.0004933414651996605 0.008235236134969941 0.004649535394973987
  endloop
endfacet
facet normal 0.107681 0.994184 -0.00143402
  outer loop
    vertex -0.0004933414651996605 0.008235236134969941 0.004649535394973987
    vertex 0.002232799280660244 0.007942109755743942 0.006136092688049672
    vertex 0.002258728095078973 0.007934774564693122 0.002997716403232261
  endloop
endfacet
facet normal 0.120486 0.992393 -0.0252693
  outer loop
    vertex -0.0004933414651996605 0.008235236134969941 0.004649535394973987
    vertex -8.268165400577551e-05 0.008249585671055902 0.00717113299100795
    vertex 0.002232799280660244 0.007942109755743942 0.006136092688049672
  endloop
endfacet
facet normal -0.549275 0.835126 0.0293601
  outer loop
    vertex -0.005518149676956254 0.006132905032911206 0.00463397851681719
    vertex -0.00582907695182041 0.005838181385479222 0.00720027614223253
    vertex -0.003187427333972155 0.007609389396702417 0.006240166936789911
  endloop
endfacet
facet normal -0.381888 0.923088 0.0454961
  outer loop
    vertex -0.003187427333972155 0.007609389396702417 0.006240166936789911
    vertex -0.004514177068062489 0.00690541131274443 0.00938691125324663
    vertex -0.001687381569144638 0.008075595547085737 0.009372285965389041
  endloop
endfacet
facet normal -0.185084 0.981046 -0.0573845
  outer loop
    vertex -0.001687381569144638 0.008075595547085737 0.009372285965389041
    vertex -8.268165400577551e-05 0.008249585671055902 0.00717113299100795
    vertex -0.003187427333972155 0.007609389396702417 0.006240166936789911
  endloop
endfacet
facet normal -0.57022 0.819506 -0.0570828
  outer loop
    vertex -0.003187427333972155 0.007609389396702417 0.006240166936789911
    vertex -0.00582907695182041 0.005838181385479222 0.00720027614223253
    vertex -0.004514177068062489 0.00690541131274443 0.00938691125324663
  endloop
endfacet
facet normal -0.787723 -0.614745 0.0397737
  outer loop
    vertex -0.005411340791380191 -0.00622735022618327 0.006194416661089618
    vertex -0.007427901564932914 -0.0035900944753122 0.007017788063326588
    vertex -0.007178403799396505 -0.004066081515760577 0.004602237647474638
  endloop
endfacet
facet normal -0.941416 -0.337241 0.00228488
  outer loop
    vertex -0.007178403799396505 -0.004066081515760577 0.004602237647474638
    vertex -0.008130845093982727 -0.001397089137334129 0.006112086903020328
    vertex -0.00812368892728714 -0.001438116202770948 0.003005108209404552
  endloop
endfacet
facet normal -0.947375 -0.318189 -0.0351532
  outer loop
    vertex -0.007178403799396505 -0.004066081515760577 0.004602237647474638
    vertex -0.007427901564932914 -0.0035900944753122 0.007017788063326588
    vertex -0.008130845093982727 -0.001397089137334129 0.006112086903020328
  endloop
endfacet
facet normal 0.701832 0.712296 -0.00820909
  outer loop
    vertex 0.00662288637571555 0.004919336952716428 -0.00308499435286373
    vertex 0.006709818773266273 0.004800086669001247 -0.005999999999999251
    vertex 0.004747790500963114 0.006746924140596545 -0.004817164958324289
  endloop
endfacet
facet normal 0.716419 0.696395 0.0421588
  outer loop
    vertex 0.006709818773266273 0.004800086669001247 -0.005999999999999251
    vertex 0.005214417691200046 0.006393148531177732 -0.006902925924690462
    vertex 0.004747790500963114 0.006746924140596545 -0.004817164958324289
  endloop
endfacet
facet normal 0.477529 0.877611 -0.0420228
  outer loop
    vertex 0.004747790500963114 0.006746924140596545 -0.004817164958324289
    vertex 0.005214417691200046 0.006393148531177732 -0.006902925924690462
    vertex 0.002826439837760744 0.007750724988252326 -0.005687017196207857
  endloop
endfacet
facet normal -0.220169 0.975459 0.00207427
  outer loop
    vertex -0.0004517023905998969 0.00823762495810087 -0.004879032856975256
    vertex -0.003111968779953934 0.007640559554940465 -0.006467846985041732
    vertex -0.003148361510411072 0.007625635698075415 -0.003312488441359731
  endloop
endfacet
facet normal -0.224435 0.974442 0.00959958
  outer loop
    vertex -0.0004517023905998969 0.00823762495810087 -0.004879032856975256
    vertex -0.0005865432363068502 0.00822912310224745 -0.007168555724206799
    vertex -0.003111968779953934 0.007640559554940465 -0.006467846985041732
  endloop
endfacet
facet normal 0.162561 0.984469 0.0662902
  outer loop
    vertex -0.0004517023905998969 0.00823762495810087 -0.004879032856975256
    vertex 0.002826439837760744 0.007750724988252326 -0.005687017196207857
    vertex 0.001626361594195391 0.008088105338392066 -0.007754504097546021
  endloop
endfacet
facet normal 0.0616593 0.99807 -0.00733762
  outer loop
    vertex 0.001626361594195391 0.008088105338392066 -0.007754504097546021
    vertex -0.0005865432363068502 0.00822912310224745 -0.007168555724206799
    vertex -0.0004517023905998969 0.00823762495810087 -0.004879032856975256
  endloop
endfacet
facet normal -0.943269 0.332022 -0.0022742
  outer loop
    vertex -0.007219147829280999 0.003993294957674356 -0.003369985887998443
    vertex -0.007201847590427881 0.004024411917814594 -0.006002676845772026
    vertex -0.00813253206153575 0.001387235476800201 -0.004998164616938019
  endloop
endfacet
facet normal -0.781021 -0.624462 0.0073656
  outer loop
    vertex -0.007205771215090192 -0.004017382381075719 -0.005033851837847728
    vertex -0.005552913291939451 -0.006101446875307707 -0.006459769858961275
    vertex -0.005452845294140599 -0.006191040154785683 -0.003444729929996804
  endloop
endfacet
facet normal -0.950916 -0.306549 0.0422529
  outer loop
    vertex -0.008144613962876836 -0.00131444413944134 -0.006552732064197211
    vertex -0.007474157882973261 -0.003492773101761502 -0.007267894231265063
    vertex -0.007205771215090192 -0.004017382381075719 -0.005033851837847728
  endloop
endfacet
facet normal -0.797592 -0.601485 -0.0454251
  outer loop
    vertex -0.007205771215090192 -0.004017382381075719 -0.005033851837847728
    vertex -0.007474157882973261 -0.003492773101761502 -0.007267894231265063
    vertex -0.005552913291939451 -0.006101446875307707 -0.006459769858961275
  endloop
endfacet
facet normal -0.520007 -0.854162 -0.000124042
  outer loop
    vertex -0.00304608426642574 -0.007667064017068957 0.004563774106357645
    vertex -0.003047821417037244 -0.007666373628375354 0.007092168318813558
    vertex -0.005411340791380191 -0.00622735022618327 0.006194416661089618
  endloop
endfacet
facet normal -0.512778 -0.858141 -0.0255355
  outer loop
    vertex -0.003047821417037244 -0.007666373628375354 0.007092168318813558
    vertex -0.00494740742063564 -0.006601943639129268 0.009466695503523557
    vertex -0.005411340791380191 -0.00622735022618327 0.006194416661089618
  endloop
endfacet
facet normal 0.895219 -0.44561 0.00391582
  outer loop
    vertex 0.007900167315355684 -0.002376942655889235 -0.00131701052355891
    vertex 0.006633915606448817 -0.00490445345849207 0.0005443235979837018
    vertex 0.006675727276973848 -0.004847387474038706 -0.002520537130708603
  endloop
endfacet
facet normal -0.206717 -0.978401 0.00012513
  outer loop
    vertex -0.00304608426642574 -0.007667064017068957 0.004563774106357645
    vertex -0.0003144580941267974 -0.008244004858504036 0.006117622830848338
    vertex -0.003047821417037244 -0.007666373628375354 0.007092168318813558
  endloop
endfacet
facet normal -0.216744 -0.975781 -0.0295498
  outer loop
    vertex -0.0003144580941267974 -0.008244004858504036 0.006117622830848338
    vertex -0.001060939461944147 -0.008181497873744737 0.009528878255453573
    vertex -0.003047821417037244 -0.007666373628375354 0.007092168318813558
  endloop
endfacet
facet normal 0.144708 -0.989047 0.029085
  outer loop
    vertex 0.002388620337480487 -0.007896644406542225 0.004480960672687901
    vertex 0.002788515242033792 -0.007764449931897638 0.006986667451068171
    vertex -0.0003144580941267974 -0.008244004858504036 0.006117622830848338
  endloop
endfacet
facet normal 0.449943 -0.892715 -0.0247108
  outer loop
    vertex 0.004837996046727585 -0.006682536513319495 0.005218590731061842
    vertex 0.002788515242033792 -0.007764449931897638 0.006986667451068171
    vertex 0.002388620337480487 -0.007896644406542225 0.004480960672687901
  endloop
endfacet
facet normal 0.702159 -0.711894 -0.0134028
  outer loop
    vertex 0.006677263082668767 -0.004845271687411223 0.003989097716860231
    vertex 0.006523898870854986 -0.005049875594790137 0.006822100559725194
    vertex 0.004837996046727585 -0.006682536513319495 0.005218590731061842
  endloop
endfacet
facet normal 0.460678 -0.887521 -0.00908837
  outer loop
    vertex 0.004661840898904776 -0.006806595289371825 0.00840440439098443
    vertex 0.002788515242033792 -0.007764449931897638 0.006986667451068171
    vertex 0.004837996046727585 -0.006682536513319495 0.005218590731061842
  endloop
endfacet
facet normal 0.690697 -0.723075 0.0100338
  outer loop
    vertex 0.004837996046727585 -0.006682536513319495 0.005218590731061842
    vertex 0.006523898870854986 -0.005049875594790137 0.006822100559725194
    vertex 0.004661840898904776 -0.006806595289371825 0.00840440439098443
  endloop
endfacet
facet normal 0.89589 -0.443971 0.0164346
  outer loop
    vertex 0.007913872543314979 -0.002330905696969593 0.004502572469854239
    vertex 0.006523898870854986 -0.005049875594790137 0.006822100559725194
    vertex 0.006677263082668767 -0.004845271687411223 0.003989097716860231
  endloop
endfacet
facet normal -0.52807 -0.849166 -0.00770689
  outer loop
    vertex -0.005452845294140599 -0.006191040154785683 -0.003444729929996804
    vertex -0.005552913291939451 -0.006101446875307707 -0.006459769858961275
    vertex -0.003093264414357076 -0.007648151100944083 -0.004573136574783596
  endloop
endfacet
facet normal -0.210921 -0.977501 -0.00195198
  outer loop
    vertex -0.003093264414357076 -0.007648151100944083 -0.004573136574783596
    vertex -0.0003143688453765667 -0.008244008262311277 -0.006457208452523454
    vertex -0.000351772986899014 -0.008242496937560132 -0.00317232361028915
  endloop
endfacet
facet normal -0.212303 -0.977195 -0.00408671
  outer loop
    vertex -0.003093264414357076 -0.007648151100944083 -0.004573136574783596
    vertex -0.003155928561622349 -0.007622507127837684 -0.007449623640233471
    vertex -0.0003143688453765667 -0.008244008262311277 -0.006457208452523454
  endloop
endfacet
facet normal -0.534583 -0.845106 0.00411172
  outer loop
    vertex -0.005552913291939451 -0.006101446875307707 -0.006459769858961275
    vertex -0.003155928561622349 -0.007622507127837684 -0.007449623640233471
    vertex -0.003093264414357076 -0.007648151100944083 -0.004573136574783596
  endloop
endfacet
facet normal -0.779989 0.625789 0.00227093
  outer loop
    vertex -0.005479185953622946 0.006167740371126285 -0.004952452817427851
    vertex -0.007201847590427881 0.004024411917814594 -0.006002676845772026
    vertex -0.007219147829280999 0.003993294957674356 -0.003369985887998443
  endloop
endfacet
facet normal -0.529235 0.848472 -0.002091
  outer loop
    vertex -0.003148361510411072 0.007625635698075415 -0.003312488441359731
    vertex -0.003111968779953934 0.007640559554940465 -0.006467846985041732
    vertex -0.005479185953622946 0.006167740371126285 -0.004952452817427851
  endloop
endfacet
facet normal -0.528238 0.849097 7.43963e-05
  outer loop
    vertex -0.003111968779953934 0.007640559554940465 -0.006467846985041732
    vertex -0.005478477529510774 0.006168369635377368 -0.00710430739614989
    vertex -0.005479185953622946 0.006167740371126285 -0.004952452817427851
  endloop
endfacet
facet normal -0.77943 0.626489 -7.33972e-05
  outer loop
    vertex -0.005478477529510774 0.006168369635377368 -0.00710430739614989
    vertex -0.007201847590427881 0.004024411917814594 -0.006002676845772026
    vertex -0.005479185953622946 0.006167740371126285 -0.004952452817427851
  endloop
endfacet
facet normal -0.794622 0.606521 -0.0266195
  outer loop
    vertex -0.007260369615579828 0.003917848012004194 0.006171461997476951
    vertex -0.00582907695182041 0.005838181385479222 0.00720027614223253
    vertex -0.005518149676956254 0.006132905032911206 0.00463397851681719
  endloop
endfacet
facet normal 0.893199 0.449645 0.00372827
  outer loop
    vertex 0.006757770298258461 0.00473233986480005 -0.009317419048871539
    vertex 0.006709818773266273 0.004800086669001247 -0.005999999999999251
    vertex 0.007840909090908791 0.002565666507577295 -0.007500000000000008
  endloop
endfacet
facet normal 0.90183 0.431474 -0.0230792
  outer loop
    vertex 0.007840909090908791 0.002565666507577295 -0.007500000000000008
    vertex 0.007938613452268633 0.002245198533640068 -0.009673420305297756
    vertex 0.006757770298258461 0.00473233986480005 -0.009317419048871539
  endloop
endfacet
facet normal 0.892619 -0.450776 0.00562343
  outer loop
    vertex 0.006666135241785109 -0.004860570021945018 -0.005020111679543244
    vertex 0.006758452306998694 -0.004731365808519146 -0.009316753629387529
    vertex 0.007841333936020121 -0.002564367778579973 -0.007497662729492554
  endloop
endfacet
facet normal 0.902304 -0.430408 -0.024405
  outer loop
    vertex 0.006758452306998694 -0.004731365808519146 -0.009316753629387529
    vertex 0.007950702686499471 -0.002202005175037086 -0.009844723840709359
    vertex 0.007841333936020121 -0.002564367778579973 -0.007497662729492554
  endloop
endfacet
facet normal 0.69402 -0.719924 -0.0067372
  outer loop
    vertex 0.006666135241785109 -0.004860570021945018 -0.005020111679543244
    vertex 0.004569860362851399 -0.006868688103563858 -0.006380359844656075
    vertex 0.006758452306998694 -0.004731365808519146 -0.009316753629387529
  endloop
endfacet
facet normal 0.445544 0.894885 -0.025901
  outer loop
    vertex 0.004574721067578692 0.0068654517079251 0.009222622607244168
    vertex 0.004930921697028019 0.006614265735346465 0.006671390916903022
    vertex 0.002232799280660244 0.007942109755743942 0.006136092688049672
  endloop
endfacet
facet normal -0.534275 0.844676 0.0327489
  outer loop
    vertex -0.003111968779953934 0.007640559554940465 -0.006467846985041732
    vertex -0.003868823777812962 0.007286611186019812 -0.009686186904675455
    vertex -0.005478477529510774 0.006168369635377368 -0.00710430739614989
  endloop
endfacet
facet normal -0.776133 0.630439 0.012772
  outer loop
    vertex -0.005478477529510774 0.006168369635377368 -0.00710430739614989
    vertex -0.007059206601272444 0.004269672371570395 -0.009440920193592458
    vertex -0.007201847590427881 0.004024411917814594 -0.006002676845772026
  endloop
endfacet
facet normal -0.954449 -0.298084 0.0131549
  outer loop
    vertex -0.008091471090663743 -0.001609532723790634 -0.009383530773740704
    vertex -0.007474157882973261 -0.003492773101761502 -0.007267894231265063
    vertex -0.008144613962876836 -0.00131444413944134 -0.006552732064197211
  endloop
endfacet
facet normal 0.160272 -0.985609 0.0537317
  outer loop
    vertex 0.001508391456786098 -0.008110934299641116 -0.009453181526144041
    vertex 0.002693169254529426 -0.007798034327088938 -0.007247591869759125
    vertex -0.0003143688453765667 -0.008244008262311277 -0.006457208452523454
  endloop
endfacet
facet normal -0.520663 -0.852357 0.0489625
  outer loop
    vertex -0.004605227597689814 -0.006845025841695274 -0.009326661738727159
    vertex -0.003155928561622349 -0.007622507127837684 -0.007449623640233471
    vertex -0.005552913291939451 -0.006101446875307707 -0.006459769858961275
  endloop
endfacet
facet normal -0.998337 9.04216e-05 0.0576491
  outer loop
    vertex -0.008063201698524326 0.00174564554503898 0.009070387913208584
    vertex -0.008197111209897072 0.000932667042721988 0.006752687415553269
    vertex -0.00810539811850188 -0.001537862588330374 0.008344802267433591
  endloop
endfacet
facet normal -0.951201 -0.308452 -0.00860683
  outer loop
    vertex -0.008130845093982727 -0.001397089137334129 0.006112086903020328
    vertex -0.007427901564932914 -0.0035900944753122 0.007017788063326588
    vertex -0.00810539811850188 -0.001537862588330374 0.008344802267433591
  endloop
endfacet
facet normal -0.999474 -0.0310228 0.00943533
  outer loop
    vertex -0.00810539811850188 -0.001537862588330374 0.008344802267433591
    vertex -0.008197111209897072 0.000932667042721988 0.006752687415553269
    vertex -0.008130845093982727 -0.001397089137334129 0.006112086903020328
  endloop
endfacet
facet normal -0.955648 0.290772 -0.0467794
  outer loop
    vertex -0.007260369615579828 0.003917848012004194 0.006171461997476951
    vertex -0.008197111209897072 0.000932667042721988 0.006752687415553269
    vertex -0.008063201698524326 0.00174564554503898 0.009070387913208584
  endloop
endfacet
facet normal 0.730059 0.683375 -0.00340295
  outer loop
    vertex 0.006757770298258461 0.00473233986480005 -0.009317419048871539
    vertex 0.005214417691200046 0.006393148531177732 -0.006902925924690462
    vertex 0.006709818773266273 0.004800086669001247 -0.005999999999999251
  endloop
endfacet
facet normal 0.887213 -0.461272 -0.00904559
  outer loop
    vertex 0.00787073498994751 -0.002472656611423422 0.007499999999999982
    vertex 0.006523898870854986 -0.005049875594790137 0.006822100559725194
    vertex 0.007913872543314979 -0.002330905696969593 0.004502572469854239
  endloop
endfacet
facet normal 0 0 1
  outer loop
    vertex 0.007622006143218119 0.003157138317011986 0.012
    vertex 0.006040296553304732 0.001191456587475613 0.012
    vertex 0.00825 -2.020600483806922e-18 0.012
  endloop
endfacet
facet normal 0 0 1
  outer loop
    vertex 0.00825 -2.020600483806922e-18 0.012
    vertex 0.005676610582073025 -0.001119178727642885 0.012
    vertex 0.007622006143218114 -0.003157138317011996 0.012
  endloop
endfacet
facet normal 0 0 1
  outer loop
    vertex 0.00825 -2.020600483806922e-18 0.012
    vertex 0.006040296553304732 0.001191456587475613 0.012
    vertex 0.005676610582073025 -0.001119178727642885 0.012
  endloop
endfacet
facet normal 0 0 1
  outer loop
    vertex 0.005833630944789027 0.005833630944789008 0.012
    vertex 0.004685395383675444 0.003110078167770124 0.012
    vertex 0.007622006143218119 0.003157138317011986 0.012
  endloop
endfacet
facet normal -0 0 1
  outer loop
    vertex 0.004685395383675444 0.003110078167770124 0.012
    vertex 0.006040296553304732 0.001191456587475613 0.012
    vertex 0.007622006143218119 0.003157138317011986 0.012
  endloop
endfacet
facet normal 0 0 1
  outer loop
    vertex 0.00315713831701201 0.007622006143218109 0.012
    vertex 0.003475759091392811 0.005201841085815422 0.012
    vertex 0.005833630944789027 0.005833630944789008 0.012
  endloop
endfacet
facet normal 0 0 1
  outer loop
    vertex 0.005833630944789027 0.005833630944789008 0.012
    vertex 0.003475759091392811 0.005201841085815422 0.012
    vertex 0.004685395383675444 0.003110078167770124 0.012
  endloop
endfacet
facet normal 0 0 1
  outer loop
    vertex 2.798316998042436e-17 0.00825 0.012
    vertex 0.001155059341122206 0.00536168446783042 0.012
    vertex 0.00315713831701201 0.007622006143218109 0.012
  endloop
endfacet
facet normal -0 0 1
  outer loop
    vertex 0.001155059341122206 0.00536168446783042 0.012
    vertex 0.003475759091392811 0.005201841085815422 0.012
    vertex 0.00315713831701201 0.007622006143218109 0.012
  endloop
endfacet
facet normal -0 0 1
  outer loop
    vertex -0.003157138317011965 0.007622006143218127 0.012
    vertex -0.001220524283140219 0.00613598992972953 0.012
    vertex 2.798316998042436e-17 0.00825 0.012
  endloop
endfacet
facet normal 0 0 1
  outer loop
    vertex 2.798316998042436e-17 0.00825 0.012
    vertex -0.001220524283140219 0.00613598992972953 0.012
    vertex 0.001155059341122206 0.00536168446783042 0.012
  endloop
endfacet
facet normal -0 0 1
  outer loop
    vertex -0.005833630944788991 0.005833630944789043 0.012
    vertex -0.003090981245718437 0.004382282764142248 0.012
    vertex -0.003157138317011965 0.007622006143218127 0.012
  endloop
endfacet
facet normal 0 -0 1
  outer loop
    vertex -0.003090981245718437 0.004382282764142248 0.012
    vertex -0.001220524283140219 0.00613598992972953 0.012
    vertex -0.003157138317011965 0.007622006143218127 0.012
  endloop
endfacet
facet normal 0 0 1
  outer loop
    vertex -0.0076220061432181 0.003157138317012029 0.012
    vertex -0.004981829313127748 0.003216268383542534 0.012
    vertex -0.005833630944788991 0.005833630944789043 0.012
  endloop
endfacet
facet normal 0 0 1
  outer loop
    vertex -0.005833630944788991 0.005833630944789043 0.012
    vertex -0.004981829313127748 0.003216268383542534 0.012
    vertex -0.003090981245718437 0.004382282764142248 0.012
  endloop
endfacet
facet normal 0 0 1
  outer loop
    vertex -0.00825 5.23026039795857e-17 0.012
    vertex -0.005201841085815431 0.001034710525112349 0.012
    vertex -0.0076220061432181 0.003157138317012029 0.012
  endloop
endfacet
facet normal 0 -0 1
  outer loop
    vertex -0.005201841085815431 0.001034710525112349 0.012
    vertex -0.004981829313127748 0.003216268383542534 0.012
    vertex -0.0076220061432181 0.003157138317012029 0.012
  endloop
endfacet
facet normal 0 -0 1
  outer loop
    vertex -0.007622006143218135 -0.003157138317011946 0.012
    vertex -0.006353434192636948 -0.001127782260935965 0.012
    vertex -0.00825 5.23026039795857e-17 0.012
  endloop
endfacet
facet normal -0 0 1
  outer loop
    vertex -0.00825 5.23026039795857e-17 0.012
    vertex -0.006353434192636948 -0.001127782260935965 0.012
    vertex -0.005201841085815431 0.001034710525112349 0.012
  endloop
endfacet
facet normal 0 -0 1
  outer loop
    vertex -0.005833630944789047 -0.005833630944788988 0.012
    vertex -0.004339889541514231 -0.002388701251844315 0.012
    vertex -0.007622006143218135 -0.003157138317011946 0.012
  endloop
endfacet
facet normal 0 0 1
  outer loop
    vertex -0.004339889541514231 -0.002388701251844315 0.012
    vertex -0.006353434192636948 -0.001127782260935965 0.012
    vertex -0.007622006143218135 -0.003157138317011946 0.012
  endloop
endfacet
facet normal 0 0 1
  outer loop
    vertex -0.003157138317012022 -0.007622006143218103 0.012
    vertex -0.003346100689209287 -0.004943062846204415 0.012
    vertex -0.005833630944789047 -0.005833630944788988 0.012
  endloop
endfacet
facet normal 0 0 1
  outer loop
    vertex -0.005833630944789047 -0.005833630944788988 0.012
    vertex -0.003346100689209287 -0.004943062846204415 0.012
    vertex -0.004339889541514231 -0.002388701251844315 0.012
  endloop
endfacet
facet normal 0 0 1
  outer loop
    vertex -3.082533821295932e-17 -0.00825 0.012
    vertex -0.001034710525112337 -0.005201841085815419 0.012
    vertex -0.003157138317012022 -0.007622006143218103 0.012
  endloop
endfacet
facet normal 0 0 1
  outer loop
    vertex -0.001034710525112337 -0.005201841085815419 0.012
    vertex -0.003346100689209287 -0.004943062846204415 0.012
    vertex -0.003157138317012022 -0.007622006143218103 0.012
  endloop
endfacet
facet normal 0 0 1
  outer loop
    vertex 0.003157138317011966 -0.007622006143218127 0.012
    vertex 0.001220524283140219 -0.006135989929729526 0.012
    vertex -3.082533821295932e-17 -0.00825 0.012
  endloop
endfacet
facet normal 0 -0 1
  outer loop
    vertex -3.082533821295932e-17 -0.00825 0.012
    vertex 0.001220524283140219 -0.006135989929729526 0.012
    vertex -0.001034710525112337 -0.005201841085815419 0.012
  endloop
endfacet
facet normal 0 0 1
  outer loop
    vertex 0.005833630944789006 -0.005833630944789029 0.012
    vertex 0.002946606277562853 -0.004409907935306897 0.012
    vertex 0.003157138317011966 -0.007622006143218127 0.012
  endloop
endfacet
facet normal 0 0 1
  outer loop
    vertex 0.002946606277562853 -0.004409907935306897 0.012
    vertex 0.001220524283140219 -0.006135989929729526 0.012
    vertex 0.003157138317011966 -0.007622006143218127 0.012
  endloop
endfacet
facet normal 0 0 1
  outer loop
    vertex 0.007622006143218114 -0.003157138317011996 0.012
    vertex 0.005201841085815414 -0.003475759091392803 0.012
    vertex 0.005833630944789006 -0.005833630944789029 0.012
  endloop
endfacet
facet normal 0 0 1
  outer loop
    vertex 0.005833630944789006 -0.005833630944789029 0.012
    vertex 0.005201841085815414 -0.003475759091392803 0.012
    vertex 0.002946606277562853 -0.004409907935306897 0.012
  endloop
endfacet
facet normal 0 0 1
  outer loop
    vertex 0.005676610582073025 -0.001119178727642885 0.012
    vertex 0.005201841085815414 -0.003475759091392803 0.012
    vertex 0.007622006143218114 -0.003157138317011996 0.012
  endloop
endfacet
facet normal 0 -0 1
  outer loop
    vertex -0.004339889541514231 -0.002388701251844315 0.012
    vertex -0.002720663600722441 0.001154597950956421 0.012
    vertex -0.005201841085815431 0.001034710525112349 0.012
  endloop
endfacet
facet normal 0 0 1
  outer loop
    vertex -0.005201841085815431 0.001034710525112349 0.012
    vertex -0.006353434192636948 -0.001127782260935965 0.012
    vertex -0.004339889541514231 -0.002388701251844315 0.012
  endloop
endfacet
facet normal 0 0 1
  outer loop
    vertex -0.002720663600722441 0.001154597950956421 0.012
    vertex -0.004981829313127748 0.003216268383542534 0.012
    vertex -0.005201841085815431 0.001034710525112349 0.012
  endloop
endfacet
facet normal 0 0 1
  outer loop
    vertex 0.005676610582073025 -0.001119178727642885 0.012
    vertex 0.00307374242896761 -0.00205380902950234 0.012
    vertex 0.005201841085815414 -0.003475759091392803 0.012
  endloop
endfacet
facet normal 0 0 1
  outer loop
    vertex 0.006040296553304732 0.001191456587475613 0.012
    vertex 0.003892139825538524 0.0006539944246651572 0.012
    vertex 0.005676610582073025 -0.001119178727642885 0.012
  endloop
endfacet
facet normal 0 0 1
  outer loop
    vertex 0.005676610582073025 -0.001119178727642885 0.012
    vertex 0.003892139825538524 0.0006539944246651572 0.012
    vertex 0.00307374242896761 -0.00205380902950234 0.012
  endloop
endfacet
facet normal 0 0 1
  outer loop
    vertex -0.001220524283140219 0.00613598992972953 0.012
    vertex -0.000524197794603848 0.002688871292372084 0.012
    vertex 0.001155059341122206 0.00536168446783042 0.012
  endloop
endfacet
facet normal 0 0 1
  outer loop
    vertex -0.000524197794603848 0.002688871292372084 0.012
    vertex 0.002374183725213999 0.002826913510804315 0.012
    vertex 0.001155059341122206 0.00536168446783042 0.012
  endloop
endfacet
facet normal 0 -0 1
  outer loop
    vertex 0.002374183725213999 0.002826913510804315 0.012
    vertex 0.003475759091392811 0.005201841085815422 0.012
    vertex 0.001155059341122206 0.00536168446783042 0.012
  endloop
endfacet
facet normal -0 0 1
  outer loop
    vertex -0.001034710525112337 -0.005201841085815419 0.012
    vertex 0.001220524283140219 -0.006135989929729526 0.012
    vertex 0.0006319965443154336 -0.003026237437782732 0.012
  endloop
endfacet
facet normal 0 0 1
  outer loop
    vertex 0.0006319965443154336 -0.003026237437782732 0.012
    vertex -0.001897610714915713 -0.003301750414656215 0.012
    vertex -0.001034710525112337 -0.005201841085815419 0.012
  endloop
endfacet
facet normal 0 0 1
  outer loop
    vertex -0.001034710525112337 -0.005201841085815419 0.012
    vertex -0.001897610714915713 -0.003301750414656215 0.012
    vertex -0.003346100689209287 -0.004943062846204415 0.012
  endloop
endfacet
facet normal -0 0 1
  outer loop
    vertex -0.003090981245718437 0.004382282764142248 0.012
    vertex -0.000524197794603848 0.002688871292372084 0.012
    vertex -0.001220524283140219 0.00613598992972953 0.012
  endloop
endfacet
facet normal 0 0 1
  outer loop
    vertex -0.003090981245718437 0.004382282764142248 0.012
    vertex -0.002720663600722441 0.001154597950956421 0.012
    vertex -0.000524197794603848 0.002688871292372084 0.012
  endloop
endfacet
facet normal 0 0 1
  outer loop
    vertex -0.003090981245718437 0.004382282764142248 0.012
    vertex -0.004981829313127748 0.003216268383542534 0.012
    vertex -0.002720663600722441 0.001154597950956421 0.012
  endloop
endfacet
facet normal 0 0 1
  outer loop
    vertex -0.001399349363058143 -0.0009489094516341918 0.012
    vertex -0.002720663600722441 0.001154597950956421 0.012
    vertex -0.004339889541514231 -0.002388701251844315 0.012
  endloop
endfacet
facet normal -0 0 1
  outer loop
    vertex -0.004339889541514231 -0.002388701251844315 0.012
    vertex -0.001897610714915713 -0.003301750414656215 0.012
    vertex -0.001399349363058143 -0.0009489094516341918 0.012
  endloop
endfacet
facet normal 0 -0 1
  outer loop
    vertex -0.003346100689209287 -0.004943062846204415 0.012
    vertex -0.001897610714915713 -0.003301750414656215 0.012
    vertex -0.004339889541514231 -0.002388701251844315 0.012
  endloop
endfacet
facet normal 0 0 1
  outer loop
    vertex 0.004685395383675444 0.003110078167770124 0.012
    vertex 0.003475759091392811 0.005201841085815422 0.012
    vertex 0.002374183725213999 0.002826913510804315 0.012
  endloop
endfacet
facet normal -0 0 1
  outer loop
    vertex 0.002374183725213999 0.002826913510804315 0.012
    vertex 0.003892139825538524 0.0006539944246651572 0.012
    vertex 0.004685395383675444 0.003110078167770124 0.012
  endloop
endfacet
facet normal 0 0 1
  outer loop
    vertex 0.004685395383675444 0.003110078167770124 0.012
    vertex 0.003892139825538524 0.0006539944246651572 0.012
    vertex 0.006040296553304732 0.001191456587475613 0.012
  endloop
endfacet
facet normal 0 0 1
  outer loop
    vertex 0.0006319965443154336 -0.003026237437782732 0.012
    vertex 0.001220524283140219 -0.006135989929729526 0.012
    vertex 0.002946606277562853 -0.004409907935306897 0.012
  endloop
endfacet
facet normal 0 -0 1
  outer loop
    vertex 0.002946606277562853 -0.004409907935306897 0.012
    vertex 0.00307374242896761 -0.00205380902950234 0.012
    vertex 0.0006319965443154336 -0.003026237437782732 0.012
  endloop
endfacet
facet normal 0 0 1
  outer loop
    vertex 0.005201841085815414 -0.003475759091392803 0.012
    vertex 0.00307374242896761 -0.00205380902950234 0.012
    vertex 0.002946606277562853 -0.004409907935306897 0.012
  endloop
endfacet
facet normal -0 0 1
  outer loop
    vertex -0.000524197794603848 0.002688871292372084 0.012
    vertex 0.001502610279996338 -3.149396091388259e-05 0.012
    vertex 0.002374183725213999 0.002826913510804315 0.012
  endloop
endfacet
facet normal 0 0 1
  outer loop
    vertex -0.000524197794603848 0.002688871292372084 0.012
    vertex -0.001399349363058143 -0.0009489094516341918 0.012
    vertex 0.001502610279996338 -3.149396091388259e-05 0.012
  endloop
endfacet
facet normal 0 0 1
  outer loop
    vertex -0.000524197794603848 0.002688871292372084 0.012
    vertex -0.002720663600722441 0.001154597950956421 0.012
    vertex -0.001399349363058143 -0.0009489094516341918 0.012
  endloop
endfacet
facet normal 0 0 1
  outer loop
    vertex 0.001502610279996338 -3.149396091388259e-05 0.012
    vertex 0.003892139825538524 0.0006539944246651572 0.012
    vertex 0.002374183725213999 0.002826913510804315 0.012
  endloop
endfacet
facet normal -0 0 1
  outer loop
    vertex -0.001399349363058143 -0.0009489094516341918 0.012
    vertex 0.0006319965443154336 -0.003026237437782732 0.012
    vertex 0.001502610279996338 -3.149396091388259e-05 0.012
  endloop
endfacet
facet normal 0 0 1
  outer loop
    vertex 0.0006319965443154336 -0.003026237437782732 0.012
    vertex 0.00307374242896761 -0.00205380902950234 0.012
    vertex 0.001502610279996338 -3.149396091388259e-05 0.012
  endloop
endfacet
facet normal 0 -0 1
  outer loop
    vertex 0.00307374242896761 -0.00205380902950234 0.012
    vertex 0.003892139825538524 0.0006539944246651572 0.012
    vertex 0.001502610279996338 -3.149396091388259e-05 0.012
  endloop
endfacet
facet normal 0 0 1
  outer loop
    vertex -0.001399349363058143 -0.0009489094516341918 0.012
    vertex -0.001897610714915713 -0.003301750414656215 0.012
    vertex 0.0006319965443154336 -0.003026237437782732 0.012
  endloop
endfacet
facet normal 0 -0 -1
  outer loop
    vertex 0.007622006143218119 0.003157138317011986 -0.012
    vertex 0.00825 -2.020600483806922e-18 -0.012
    vertex 0.006040296553304732 0.001191456587475613 -0.012
  endloop
endfacet
facet normal 0 0 -1
  outer loop
    vertex 0.00825 -2.020600483806922e-18 -0.012
    vertex 0.007622006143218114 -0.003157138317011996 -0.012
    vertex 0.005676610582073025 -0.001119178727642885 -0.012
  endloop
endfacet
facet normal -0 0 -1
  outer loop
    vertex 0.00825 -2.020600483806922e-18 -0.012
    vertex 0.005676610582073025 -0.001119178727642885 -0.012
    vertex 0.006040296553304732 0.001191456587475613 -0.012
  endloop
endfacet
facet normal 0 -0 -1
  outer loop
    vertex 0.005833630944789027 0.005833630944789008 -0.012
    vertex 0.007622006143218119 0.003157138317011986 -0.012
    vertex 0.004685395383675444 0.003110078167770124 -0.012
  endloop
endfacet
facet normal 0 0 -1
  outer loop
    vertex 0.004685395383675444 0.003110078167770124 -0.012
    vertex 0.007622006143218119 0.003157138317011986 -0.012
    vertex 0.006040296553304732 0.001191456587475613 -0.012
  endloop
endfacet
facet normal 0 0 -1
  outer loop
    vertex 0.00315713831701201 0.007622006143218109 -0.012
    vertex 0.005833630944789027 0.005833630944789008 -0.012
    vertex 0.003475759091392811 0.005201841085815422 -0.012
  endloop
endfacet
facet normal 0 0 -1
  outer loop
    vertex 0.005833630944789027 0.005833630944789008 -0.012
    vertex 0.004685395383675444 0.003110078167770124 -0.012
    vertex 0.003475759091392811 0.005201841085815422 -0.012
  endloop
endfacet
facet normal 0 0 -1
  outer loop
    vertex 2.798316998042436e-17 0.00825 -0.012
    vertex 0.00315713831701201 0.007622006143218109 -0.012
    vertex 0.001155059341122206 0.00536168446783042 -0.012
  endloop
endfacet
facet normal 0 0 -1
  outer loop
    vertex 0.001155059341122206 0.00536168446783042 -0.012
    vertex 0.00315713831701201 0.007622006143218109 -0.012
    vertex 0.003475759091392811 0.005201841085815422 -0.012
  endloop
endfacet
facet normal 0 0 -1
  outer loop
    vertex -0.003157138317011965 0.007622006143218127 -0.012
    vertex 2.798316998042436e-17 0.00825 -0.012
    vertex -0.001220524283140219 0.00613598992972953 -0.012
  endloop
endfacet
facet normal 0 -0 -1
  outer loop
    vertex 2.798316998042436e-17 0.00825 -0.012
    vertex 0.001155059341122206 0.00536168446783042 -0.012
    vertex -0.001220524283140219 0.00613598992972953 -0.012
  endloop
endfacet
facet normal 0 0 -1
  outer loop
    vertex -0.005833630944788991 0.005833630944789043 -0.012
    vertex -0.003157138317011965 0.007622006143218127 -0.012
    vertex -0.003090981245718437 0.004382282764142248 -0.012
  endloop
endfacet
facet normal 0 0 -1
  outer loop
    vertex -0.003090981245718437 0.004382282764142248 -0.012
    vertex -0.003157138317011965 0.007622006143218127 -0.012
    vertex -0.001220524283140219 0.00613598992972953 -0.012
  endloop
endfacet
facet normal 0 0 -1
  outer loop
    vertex -0.0076220061432181 0.003157138317012029 -0.012
    vertex -0.005833630944788991 0.005833630944789043 -0.012
    vertex -0.004981829313127748 0.003216268383542534 -0.012
  endloop
endfacet
facet normal 0 0 -1
  outer loop
    vertex -0.005833630944788991 0.005833630944789043 -0.012
    vertex -0.003090981245718437 0.004382282764142248 -0.012
    vertex -0.004981829313127748 0.003216268383542534 -0.012
  endloop
endfacet
facet normal 0 0 -1
  outer loop
    vertex -0.00825 5.23026039795857e-17 -0.012
    vertex -0.0076220061432181 0.003157138317012029 -0.012
    vertex -0.005201841085815431 0.001034710525112349 -0.012
  endloop
endfacet
facet normal 0 0 -1
  outer loop
    vertex -0.005201841085815431 0.001034710525112349 -0.012
    vertex -0.0076220061432181 0.003157138317012029 -0.012
    vertex -0.004981829313127748 0.003216268383542534 -0.012
  endloop
endfacet
facet normal 0 0 -1
  outer loop
    vertex -0.007622006143218135 -0.003157138317011946 -0.012
    vertex -0.00825 5.23026039795857e-17 -0.012
    vertex -0.006353434192636948 -0.001127782260935965 -0.012
  endloop
endfacet
facet normal 0 0 -1
  outer loop
    vertex -0.00825 5.23026039795857e-17 -0.012
    vertex -0.005201841085815431 0.001034710525112349 -0.012
    vertex -0.006353434192636948 -0.001127782260935965 -0.012
  endloop
endfacet
facet normal 0 0 -1
  outer loop
    vertex -0.005833630944789047 -0.005833630944788988 -0.012
    vertex -0.007622006143218135 -0.003157138317011946 -0.012
    vertex -0.004339889541514231 -0.002388701251844315 -0.012
  endloop
endfacet
facet normal -0 0 -1
  outer loop
    vertex -0.004339889541514231 -0.002388701251844315 -0.012
    vertex -0.007622006143218135 -0.003157138317011946 -0.012
    vertex -0.006353434192636948 -0.001127782260935965 -0.012
  endloop
endfacet
facet normal 0 0 -1
  outer loop
    vertex -0.003157138317012022 -0.007622006143218103 -0.012
    vertex -0.005833630944789047 -0.005833630944788988 -0.012
    vertex -0.003346100689209287 -0.004943062846204415 -0.012
  endloop
endfacet
facet normal 0 0 -1
  outer loop
    vertex -0.005833630944789047 -0.005833630944788988 -0.012
    vertex -0.004339889541514231 -0.002388701251844315 -0.012
    vertex -0.003346100689209287 -0.004943062846204415 -0.012
  endloop
endfacet
facet normal 0 0 -1
  outer loop
    vertex -3.082533821295932e-17 -0.00825 -0.012
    vertex -0.003157138317012022 -0.007622006143218103 -0.012
    vertex -0.001034710525112337 -0.005201841085815419 -0.012
  endloop
endfacet
facet normal -0 0 -1
  outer loop
    vertex -0.001034710525112337 -0.005201841085815419 -0.012
    vertex -0.003157138317012022 -0.007622006143218103 -0.012
    vertex -0.003346100689209287 -0.004943062846204415 -0.012
  endloop
endfacet
facet normal -0 0 -1
  outer loop
    vertex 0.003157138317011966 -0.007622006143218127 -0.012
    vertex -3.082533821295932e-17 -0.00825 -0.012
    vertex 0.001220524283140219 -0.006135989929729526 -0.012
  endloop
endfacet
facet normal 0 0 -1
  outer loop
    vertex -3.082533821295932e-17 -0.00825 -0.012
    vertex -0.001034710525112337 -0.005201841085815419 -0.012
    vertex 0.001220524283140219 -0.006135989929729526 -0.012
  endloop
endfacet
facet normal -0 0 -1
  outer loop
    vertex 0.005833630944789006 -0.005833630944789029 -0.012
    vertex 0.003157138317011966 -0.007622006143218127 -0.012
    vertex 0.002946606277562853 -0.004409907935306897 -0.012
  endloop
endfacet
facet normal 0 -0 -1
  outer loop
    vertex 0.002946606277562853 -0.004409907935306897 -0.012
    vertex 0.003157138317011966 -0.007622006143218127 -0.012
    vertex 0.001220524283140219 -0.006135989929729526 -0.012
  endloop
endfacet
facet normal 0 0 -1
  outer loop
    vertex 0.007622006143218114 -0.003157138317011996 -0.012
    vertex 0.005833630944789006 -0.005833630944789029 -0.012
    vertex 0.005201841085815414 -0.003475759091392803 -0.012
  endloop
endfacet
facet normal 0 0 -1
  outer loop
    vertex 0.005833630944789006 -0.005833630944789029 -0.012
    vertex 0.002946606277562853 -0.004409907935306897 -0.012
    vertex 0.005201841085815414 -0.003475759091392803 -0.012
  endloop
endfacet
facet normal 0 -0 -1
  outer loop
    vertex 0.005676610582073025 -0.001119178727642885 -0.012
    vertex 0.007622006143218114 -0.003157138317011996 -0.012
    vertex 0.005201841085815414 -0.003475759091392803 -0.012
  endloop
endfacet
facet normal 0 0 -1
  outer loop
    vertex -0.004339889541514231 -0.002388701251844315 -0.012
    vertex -0.005201841085815431 0.001034710525112349 -0.012
    vertex -0.002720663600722441 0.001154597950956421 -0.012
  endloop
endfacet
facet normal 0 -0 -1
  outer loop
    vertex -0.005201841085815431 0.001034710525112349 -0.012
    vertex -0.004339889541514231 -0.002388701251844315 -0.012
    vertex -0.006353434192636948 -0.001127782260935965 -0.012
  endloop
endfacet
facet normal -0 0 -1
  outer loop
    vertex -0.002720663600722441 0.001154597950956421 -0.012
    vertex -0.005201841085815431 0.001034710525112349 -0.012
    vertex -0.004981829313127748 0.003216268383542534 -0.012
  endloop
endfacet
facet normal 0 0 -1
  outer loop
    vertex 0.005676610582073025 -0.001119178727642885 -0.012
    vertex 0.005201841085815414 -0.003475759091392803 -0.012
    vertex 0.00307374242896761 -0.00205380902950234 -0.012
  endloop
endfacet
facet normal 0 0 -1
  outer loop
    vertex 0.006040296553304732 0.001191456587475613 -0.012
    vertex 0.005676610582073025 -0.001119178727642885 -0.012
    vertex 0.003892139825538524 0.0006539944246651572 -0.012
  endloop
endfacet
facet normal -0 0 -1
  outer loop
    vertex 0.005676610582073025 -0.001119178727642885 -0.012
    vertex 0.00307374242896761 -0.00205380902950234 -0.012
    vertex 0.003892139825538524 0.0006539944246651572 -0.012
  endloop
endfacet
facet normal 0 0 -1
  outer loop
    vertex -0.001220524283140219 0.00613598992972953 -0.012
    vertex 0.001155059341122206 0.00536168446783042 -0.012
    vertex -0.000524197794603848 0.002688871292372084 -0.012
  endloop
endfacet
facet normal 0 0 -1
  outer loop
    vertex -0.000524197794603848 0.002688871292372084 -0.012
    vertex 0.001155059341122206 0.00536168446783042 -0.012
    vertex 0.002374183725213999 0.002826913510804315 -0.012
  endloop
endfacet
facet normal 0 0 -1
  outer loop
    vertex 0.002374183725213999 0.002826913510804315 -0.012
    vertex 0.001155059341122206 0.00536168446783042 -0.012
    vertex 0.003475759091392811 0.005201841085815422 -0.012
  endloop
endfacet
facet normal 0 0 -1
  outer loop
    vertex -0.001034710525112337 -0.005201841085815419 -0.012
    vertex 0.0006319965443154336 -0.003026237437782732 -0.012
    vertex 0.001220524283140219 -0.006135989929729526 -0.012
  endloop
endfacet
facet normal 0 0 -1
  outer loop
    vertex 0.0006319965443154336 -0.003026237437782732 -0.012
    vertex -0.001034710525112337 -0.005201841085815419 -0.012
    vertex -0.001897610714915713 -0.003301750414656215 -0.012
  endloop
endfacet
facet normal 0 0 -1
  outer loop
    vertex -0.001034710525112337 -0.005201841085815419 -0.012
    vertex -0.003346100689209287 -0.004943062846204415 -0.012
    vertex -0.001897610714915713 -0.003301750414656215 -0.012
  endloop
endfacet
facet normal 0 0 -1
  outer loop
    vertex -0.003090981245718437 0.004382282764142248 -0.012
    vertex -0.001220524283140219 0.00613598992972953 -0.012
    vertex -0.000524197794603848 0.002688871292372084 -0.012
  endloop
endfacet
facet normal 0 0 -1
  outer loop
    vertex -0.003090981245718437 0.004382282764142248 -0.012
    vertex -0.000524197794603848 0.002688871292372084 -0.012
    vertex -0.002720663600722441 0.001154597950956421 -0.012
  endloop
endfacet
facet normal 0 -0 -1
  outer loop
    vertex -0.003090981245718437 0.004382282764142248 -0.012
    vertex -0.002720663600722441 0.001154597950956421 -0.012
    vertex -0.004981829313127748 0.003216268383542534 -0.012
  endloop
endfacet
facet normal -0 0 -1
  outer loop
    vertex -0.001399349363058143 -0.0009489094516341918 -0.012
    vertex -0.004339889541514231 -0.002388701251844315 -0.012
    vertex -0.002720663600722441 0.001154597950956421 -0.012
  endloop
endfacet
facet normal 0 0 -1
  outer loop
    vertex -0.004339889541514231 -0.002388701251844315 -0.012
    vertex -0.001399349363058143 -0.0009489094516341918 -0.012
    vertex -0.001897610714915713 -0.003301750414656215 -0.012
  endloop
endfacet
facet normal 0 0 -1
  outer loop
    vertex -0.003346100689209287 -0.004943062846204415 -0.012
    vertex -0.004339889541514231 -0.002388701251844315 -0.012
    vertex -0.001897610714915713 -0.003301750414656215 -0.012
  endloop
endfacet
facet normal -0 0 -1
  outer loop
    vertex 0.004685395383675444 0.003110078167770124 -0.012
    vertex 0.002374183725213999 0.002826913510804315 -0.012
    vertex 0.003475759091392811 0.005201841085815422 -0.012
  endloop
endfacet
facet normal 0 0 -1
  outer loop
    vertex 0.002374183725213999 0.002826913510804315 -0.012
    vertex 0.004685395383675444 0.003110078167770124 -0.012
    vertex 0.003892139825538524 0.0006539944246651572 -0.012
  endloop
endfacet
facet normal 0 -0 -1
  outer loop
    vertex 0.004685395383675444 0.003110078167770124 -0.012
    vertex 0.006040296553304732 0.001191456587475613 -0.012
    vertex 0.003892139825538524 0.0006539944246651572 -0.012
  endloop
endfacet
facet normal 0 0 -1
  outer loop
    vertex 0.0006319965443154336 -0.003026237437782732 -0.012
    vertex 0.002946606277562853 -0.004409907935306897 -0.012
    vertex 0.001220524283140219 -0.006135989929729526 -0.012
  endloop
endfacet
facet normal 0 0 -1
  outer loop
    vertex 0.002946606277562853 -0.004409907935306897 -0.012
    vertex 0.0006319965443154336 -0.003026237437782732 -0.012
    vertex 0.00307374242896761 -0.00205380902950234 -0.012
  endloop
endfacet
facet normal -0 0 -1
  outer loop
    vertex 0.005201841085815414 -0.003475759091392803 -0.012
    vertex 0.002946606277562853 -0.004409907935306897 -0.012
    vertex 0.00307374242896761 -0.00205380902950234 -0.012
  endloop
endfacet
facet normal 0 0 -1
  outer loop
    vertex -0.000524197794603848 0.002688871292372084 -0.012
    vertex 0.002374183725213999 0.002826913510804315 -0.012
    vertex 0.001502610279996338 -3.149396091388259e-05 -0.012
  endloop
endfacet
facet normal 0 -0 -1
  outer loop
    vertex -0.000524197794603848 0.002688871292372084 -0.012
    vertex 0.001502610279996338 -3.149396091388259e-05 -0.012
    vertex -0.001399349363058143 -0.0009489094516341918 -0.012
  endloop
endfacet
facet normal 0 0 -1
  outer loop
    vertex -0.000524197794603848 0.002688871292372084 -0.012
    vertex -0.001399349363058143 -0.0009489094516341918 -0.012
    vertex -0.002720663600722441 0.001154597950956421 -0.012
  endloop
endfacet
facet normal 0 0 -1
  outer loop
    vertex 0.001502610279996338 -3.149396091388259e-05 -0.012
    vertex 0.002374183725213999 0.002826913510804315 -0.012
    vertex 0.003892139825538524 0.0006539944246651572 -0.012
  endloop
endfacet
facet normal 0 0 -1
  outer loop
    vertex -0.001399349363058143 -0.0009489094516341918 -0.012
    vertex 0.001502610279996338 -3.149396091388259e-05 -0.012
    vertex 0.0006319965443154336 -0.003026237437782732 -0.012
  endloop
endfacet
facet normal 0 0 -1
  outer loop
    vertex 0.0006319965443154336 -0.003026237437782732 -0.012
    vertex 0.001502610279996338 -3.149396091388259e-05 -0.012
    vertex 0.00307374242896761 -0.00205380902950234 -0.012
  endloop
endfacet
facet normal 0 0 -1
  outer loop
    vertex 0.00307374242896761 -0.00205380902950234 -0.012
    vertex 0.001502610279996338 -3.149396091388259e-05 -0.012
    vertex 0.003892139825538524 0.0006539944246651572 -0.012
  endloop
endfacet
facet normal 0 -0 -1
  outer loop
    vertex -0.001399349363058143 -0.0009489094516341918 -0.012
    vertex 0.0006319965443154336 -0.003026237437782732 -0.012
    vertex -0.001897610714915713 -0.003301750414656215 -0.012
  endloop
endfacet
endsolid Created by Gmsh
