$MeshFormat
4.1 0 8
$EndMeshFormat
$PhysicalNames
3
2 99 "AllSurfaces"
3 1 "resonator"
3 2 "dielectric"
$EndPhysicalNames
$Entities
6 9 7 2
3 0.0025 -6.123031769111886e-19 0.0065 0 
4 0.0025 -6.123031769111886e-19 -0.0065 0 
5 0.005 -1.224606353822377e-18 0.0065 0 
6 0.005 -1.224606353822377e-18 -0.0065 0 
7 0.00825 -2.020600483806922e-18 0.012 0 
8 0.00825 -2.020600483806922e-18 -0.012 0 
4 -0.0025001 -0.0025001 0.006499899999999999 0.0025001 0.0025001 0.0065001 0 2 3 -3 
5 0.0024999 -1.000000000006123e-07 -0.0065001 0.0025001 9.99999999993877e-08 0.0065001 0 2 4 -3 
6 -0.0025001 -0.0025001 -0.0065001 0.0025001 0.0025001 -0.006499899999999999 0 2 4 -4 
7 -0.0050001 -0.0050001 0.006499899999999999 0.0050001 0.0050001 0.0065001 0 2 5 -5 
8 0.0049999 -1.000000000012246e-07 -0.0065001 0.0050001 9.999999999877538e-08 0.0065001 0 2 6 -5 
9 -0.0050001 -0.0050001 -0.0065001 0.0050001 0.0050001 -0.006499899999999999 0 2 6 -6 
10 -0.0082501 -0.0082501 0.0119999 0.0082501 0.0082501 0.0120001 0 2 7 -7 
11 0.008249900000000001 -1.000000000020206e-07 -0.0120001 0.0082501 9.99999999979794e-08 0.0120001 0 2 8 -7 
12 -0.0082501 -0.0082501 -0.0120001 0.0082501 0.0082501 -0.0119999 0 2 8 -8 
4 -0.0025001 -0.0025001 -0.0065001 0.0025001 0.0025001 0.0065001 0 4 -4 -5 6 5 
5 -0.0050001 -0.0050001 -0.0065001 0.0050001 0.0050001 0.0065001 0 4 -7 -8 9 8 
6 -0.0050001 -0.0050001 0.006499899999999999 0.0050001 0.0050001 0.0065001 0 2 7 -4 
7 -0.0050001 -0.0050001 -0.0065001 0.0050001 0.0050001 -0.006499899999999999 0 2 9 -6 
8 -0.0082501 -0.0082501 -0.0120001 0.0082501 0.0082501 0.0120001 1 99 4 -10 -11 12 11 
9 -0.0082501 -0.0082501 0.0119999 0.0082501 0.0082501 0.0120001 1 99 1 10 
10 -0.0082501 -0.0082501 -0.0120001 0.0082501 0.0082501 -0.0119999 1 99 1 12 
1 -0.0050001 -0.0050001 -0.0065001 0.0050001 0.0050001 0.0065001 1 2 4 5 6 -7 -4 
2 -0.0082501 -0.0082501 -0.0120001 0.0082501 0.0082501 0.0120001 1 1 7 8 9 -10 -5 -6 7 4 
$EndEntities
$Nodes
24 5185 1 5185
0 3 0 1
1
0.0025 -6.123031769111886e-19 0.0065
0 4 0 1
2
0.0025 -6.123031769111886e-19 -0.0065
0 5 0 1
3
0.005 -1.224606353822377e-18 0.0065
0 6 0 1
4
0.005 -1.224606353822377e-18 -0.0065
0 7 0 1
5
0.00825 -2.020600483806922e-18 0.012
0 8 0 1
6
0.00825 -2.020600483806922e-18 -0.012
1 4 0 19
7
8
9
10
11
12
13
14
15
16
17
18
19
20
21
22
23
24
25
0.002022542485937369 0.001469463130731182 0.0065
0.0007725424859373723 0.002377641290737883 0.0065
-0.0007725424859373637 0.002377641290737885 0.0065
-0.002022542485937364 0.001469463130731189 0.0065
-0.0025 8.07771276083169e-18 0.0065
-0.002022542485937372 -0.001469463130731178 0.0065
-0.0007725424859373712 -0.002377641290737883 0.0065
0.0007725424859373661 -0.002377641290737885 0.0065
0.002022542485937367 -0.001469463130731185 0.0065
0.002377641290737884 0.0007725424859373679 0.0065
0.001469463130731185 0.002022542485937367 0.0065
4.593967892728424e-18 0.0025 0.0065
-0.001469463130731177 0.002022542485937372 0.0065
-0.002377641290737881 0.0007725424859373763 0.0065
-0.002377641290737886 -0.0007725424859373619 0.0065
-0.001469463130731187 -0.002022542485937366 0.0065
-2.679673431933704e-18 -0.0025 0.0065
0.001469463130731181 -0.00202254248593737 0.0065
0.002377641290737884 -0.0007725424859373691 0.0065
1 5 0 15
26
27
28
29
30
31
32
33
34
35
36
37
38
39
40
0.0025 -6.123031769111886e-19 -0.004875000000000001
0.0025 -6.123031769111886e-19 -0.003250000000000001
0.0025 -6.123031769111886e-19 -0.001625000000000002
0.0025 -6.123031769111886e-19 -2.602085213965211e-18
0.0025 -6.123031769111886e-19 0.001624999999999997
0.0025 -6.123031769111886e-19 0.003249999999999997
0.0025 -6.123031769111886e-19 0.004874999999999998
0.0025 -6.123031769111886e-19 -0.0056875
0.0025 -6.123031769111886e-19 -0.004062500000000001
0.0025 -6.123031769111886e-19 -0.002437500000000002
0.0025 -6.123031769111886e-19 -0.0008125000000000025
0.0025 -6.123031769111886e-19 0.0008124999999999973
0.0025 -6.123031769111886e-19 0.002437499999999998
0.0025 -6.123031769111886e-19 0.004062499999999998
0.0025 -6.123031769111886e-19 0.005687499999999999
1 6 0 19
41
42
43
44
45
46
47
48
49
50
51
52
53
54
55
56
57
58
59
0.002022542485937369 0.001469463130731182 -0.0065
0.0007725424859373723 0.002377641290737883 -0.0065
-0.0007725424859373637 0.002377641290737885 -0.0065
-0.002022542485937364 0.001469463130731189 -0.0065
-0.0025 8.07771276083169e-18 -0.0065
-0.002022542485937372 -0.001469463130731178 -0.0065
-0.0007725424859373712 -0.002377641290737883 -0.0065
0.0007725424859373661 -0.002377641290737885 -0.0065
0.002022542485937367 -0.001469463130731185 -0.0065
0.002377641290737884 0.0007725424859373679 -0.0065
0.001469463130731185 0.002022542485937367 -0.0065
4.593967892728424e-18 0.0025 -0.0065
-0.001469463130731177 0.002022542485937372 -0.0065
-0.002377641290737881 0.0007725424859373763 -0.0065
-0.002377641290737886 -0.0007725424859373619 -0.0065
-0.001469463130731187 -0.002022542485937366 -0.0065
-2.679673431933704e-18 -0.0025 -0.0065
0.001469463130731181 -0.00202254248593737 -0.0065
0.002377641290737884 -0.0007725424859373691 -0.0065
1 7 0 39
60
61
62
63
64
65
66
67
68
69
70
71
72
73
74
75
76
77
78
79
80
81
82
83
84
85
86
87
88
89
90
91
92
93
94
95
96
97
98
0.004755282581475768 0.001545084971874736 0.0065
0.004045084971874739 0.002938926261462364 0.0065
0.00293892626146237 0.004045084971874734 0.0065
0.001545084971874745 0.004755282581475766 0.0065
9.187935785456847e-18 0.005 0.0065
-0.001545084971874727 0.004755282581475771 0.0065
-0.002938926261462354 0.004045084971874745 0.0065
-0.004045084971874728 0.002938926261462378 0.0065
-0.004755282581475763 0.001545084971874753 0.0065
-0.005 1.615542552166338e-17 0.0065
-0.004755282581475772 -0.001545084971874724 0.0065
-0.004045084971874744 -0.002938926261462356 0.0065
-0.002938926261462377 -0.004045084971874729 0.0065
-0.001545084971874742 -0.004755282581475766 0.0065
-5.359346863867409e-18 -0.005 0.0065
0.001545084971874732 -0.004755282581475769 0.0065
0.002938926261462361 -0.00404508497187474 0.0065
0.004045084971874734 -0.00293892626146237 0.0065
0.004755282581475768 -0.001545084971874738 0.0065
0.004938441702975689 0.0007821723252011536 0.0065
0.004455032620941841 0.002269952498697732 0.0065
0.003535533905932741 0.003535533905932735 0.0065
0.00226995249869774 0.004455032620941836 0.0065
0.0007821723252011623 0.004938441702975687 0.0065
-0.0007821723252011452 0.00493844170297569 0.0065
-0.002269952498697724 0.004455032620941844 0.0065
-0.003535533905932728 0.003535533905932747 0.0065
-0.004455032620941832 0.002269952498697748 0.0065
-0.004938441702975686 0.0007821723252011703 0.0065
-0.004938441702975692 -0.0007821723252011406 0.0065
-0.004455032620941846 -0.002269952498697722 0.0065
-0.003535533905932746 -0.003535533905932729 0.0065
-0.002269952498697743 -0.004455032620941836 0.0065
-0.0007821723252011597 -0.004938441702975688 0.0065
0.0007821723252011491 -0.00493844170297569 0.0065
0.002269952498697729 -0.004455032620941842 0.0065
0.003535533905932734 -0.003535533905932742 0.0065
0.004455032620941836 -0.002269952498697739 0.0065
0.004938441702975688 -0.0007821723252011554 0.0065
1 8 0 15
99
100
101
102
103
104
105
106
107
108
109
110
111
112
113
0.005 -1.224606353822377e-18 -0.004875000000000001
0.005 -1.224606353822377e-18 -0.003250000000000001
0.005 -1.224606353822377e-18 -0.001625000000000002
0.005 -1.224606353822377e-18 -2.602085213965211e-18
0.005 -1.224606353822377e-18 0.001624999999999997
0.005 -1.224606353822377e-18 0.003249999999999997
0.005 -1.224606353822377e-18 0.004874999999999998
0.005 -1.224606353822377e-18 -0.0056875
0.005 -1.224606353822377e-18 -0.004062500000000001
0.005 -1.224606353822377e-18 -0.002437500000000002
0.005 -1.224606353822377e-18 -0.0008125000000000025
0.005 -1.224606353822377e-18 0.0008124999999999973
0.005 -1.224606353822377e-18 0.002437499999999998
0.005 -1.224606353822377e-18 0.004062499999999998
0.005 -1.224606353822377e-18 0.005687499999999999
1 9 0 39
114
115
116
117
118
119
120
121
122
123
124
125
126
127
128
129
130
131
132
133
134
135
136
137
138
139
140
141
142
143
144
145
146
147
148
149
150
151
152
0.004755282581475768 0.001545084971874736 -0.0065
0.004045084971874739 0.002938926261462364 -0.0065
0.00293892626146237 0.004045084971874734 -0.0065
0.001545084971874745 0.004755282581475766 -0.0065
9.187935785456847e-18 0.005 -0.0065
-0.001545084971874727 0.004755282581475771 -0.0065
-0.002938926261462354 0.004045084971874745 -0.0065
-0.004045084971874728 0.002938926261462378 -0.0065
-0.004755282581475763 0.001545084971874753 -0.0065
-0.005 1.615542552166338e-17 -0.0065
-0.004755282581475772 -0.001545084971874724 -0.0065
-0.004045084971874744 -0.002938926261462356 -0.0065
-0.002938926261462377 -0.004045084971874729 -0.0065
-0.001545084971874742 -0.004755282581475766 -0.0065
-5.359346863867409e-18 -0.005 -0.0065
0.001545084971874732 -0.004755282581475769 -0.0065
0.002938926261462361 -0.00404508497187474 -0.0065
0.004045084971874734 -0.00293892626146237 -0.0065
0.004755282581475768 -0.001545084971874738 -0.0065
0.004938441702975689 0.0007821723252011536 -0.0065
0.004455032620941841 0.002269952498697732 -0.0065
0.003535533905932741 0.003535533905932735 -0.0065
0.00226995249869774 0.004455032620941836 -0.0065
0.0007821723252011623 0.004938441702975687 -0.0065
-0.0007821723252011452 0.00493844170297569 -0.0065
-0.002269952498697724 0.004455032620941844 -0.0065
-0.003535533905932728 0.003535533905932747 -0.0065
-0.004455032620941832 0.002269952498697748 -0.0065
-0.004938441702975686 0.0007821723252011703 -0.0065
-0.004938441702975692 -0.0007821723252011406 -0.0065
-0.004455032620941846 -0.002269952498697722 -0.0065
-0.003535533905932746 -0.003535533905932729 -0.0065
-0.002269952498697743 -0.004455032620941836 -0.0065
-0.0007821723252011597 -0.004938441702975688 -0.0065
0.0007821723252011491 -0.00493844170297569 -0.0065
0.002269952498697729 -0.004455032620941842 -0.0065
0.003535533905932734 -0.003535533905932742 -0.0065
0.004455032620941836 -0.002269952498697739 -0.0065
0.004938441702975688 -0.0007821723252011554 -0.0065
1 10 0 31
153
154
155
156
157
158
159
160
161
162
163
164
165
166
167
168
169
170
171
172
173
174
175
176
177
178
179
180
181
182
183
0.007622006143218119 0.003157138317011986 0.012
0.005833630944789027 0.005833630944789008 0.012
0.00315713831701201 0.007622006143218109 0.012
2.798316998042436e-17 0.00825 0.012
-0.003157138317011965 0.007622006143218127 0.012
-0.005833630944788991 0.005833630944789043 0.012
-0.0076220061432181 0.003157138317012029 0.012
-0.00825 5.23026039795857e-17 0.012
-0.007622006143218135 -0.003157138317011946 0.012
-0.005833630944789047 -0.005833630944788988 0.012
-0.003157138317012022 -0.007622006143218103 0.012
-3.082533821295932e-17 -0.00825 0.012
0.003157138317011966 -0.007622006143218127 0.012
0.005833630944789006 -0.005833630944789029 0.012
0.007622006143218114 -0.003157138317011996 0.012
0.008091478563326652 0.001609495156633056 0.012
0.006859624301496004 0.00458345442241171 0.012
0.004583454422411733 0.00685962430149599 0.012
0.001609495156633082 0.008091478563326647 0.012
-0.001609495156633031 0.008091478563326657 0.012
-0.004583454422411692 0.006859624301496016 0.012
-0.006859624301495977 0.004583454422411751 0.012
-0.008091478563326641 0.001609495156633104 0.012
-0.008091478563326662 -0.001609495156633009 0.012
-0.006859624301496025 -0.00458345442241168 0.012
-0.004583454422411749 -0.006859624301495978 0.012
-0.00160949515663309 -0.008091478563326645 0.012
0.00160949515663303 -0.008091478563326657 0.012
0.004583454422411704 -0.006859624301496009 0.012
0.006859624301495995 -0.004583454422411724 0.012
0.00809147856332665 -0.001609495156633062 0.012
1 11 0 15
184
185
186
187
188
189
190
191
192
193
194
195
196
197
198
0.00825 -2.020600483806922e-18 -0.009000000000000005
0.00825 -2.020600483806922e-18 -0.006000000000000013
0.00825 -2.020600483806922e-18 -0.003000000000000023
0.00825 -2.020600483806922e-18 -3.469446951953614e-17
0.00825 -2.020600483806922e-18 0.002999999999999965
0.00825 -2.020600483806922e-18 0.005999999999999974
0.00825 -2.020600483806922e-18 0.008999999999999991
0.00825 -2.020600483806922e-18 -0.0105
0.00825 -2.020600483806922e-18 -0.007500000000000009
0.00825 -2.020600483806922e-18 -0.004500000000000019
0.00825 -2.020600483806922e-18 -0.001500000000000029
0.00825 -2.020600483806922e-18 0.001499999999999965
0.00825 -2.020600483806922e-18 0.004499999999999969
0.00825 -2.020600483806922e-18 0.007499999999999982
0.00825 -2.020600483806922e-18 0.0105
1 12 0 31
199
200
201
202
203
204
205
206
207
208
209
210
211
212
213
214
215
216
217
218
219
220
221
222
223
224
225
226
227
228
229
0.007622006143218119 0.003157138317011986 -0.012
0.005833630944789027 0.005833630944789008 -0.012
0.00315713831701201 0.007622006143218109 -0.012
2.798316998042436e-17 0.00825 -0.012
-0.003157138317011965 0.007622006143218127 -0.012
-0.005833630944788991 0.005833630944789043 -0.012
-0.0076220061432181 0.003157138317012029 -0.012
-0.00825 5.23026039795857e-17 -0.012
-0.007622006143218135 -0.003157138317011946 -0.012
-0.005833630944789047 -0.005833630944788988 -0.012
-0.003157138317012022 -0.007622006143218103 -0.012
-3.082533821295932e-17 -0.00825 -0.012
0.003157138317011966 -0.007622006143218127 -0.012
0.005833630944789006 -0.005833630944789029 -0.012
0.007622006143218114 -0.003157138317011996 -0.012
0.008091478563326652 0.001609495156633056 -0.012
0.006859624301496004 0.00458345442241171 -0.012
0.004583454422411733 0.00685962430149599 -0.012
0.001609495156633082 0.008091478563326647 -0.012
-0.001609495156633031 0.008091478563326657 -0.012
-0.004583454422411692 0.006859624301496016 -0.012
-0.006859624301495977 0.004583454422411751 -0.012
-0.008091478563326641 0.001609495156633104 -0.012
-0.008091478563326662 -0.001609495156633009 -0.012
-0.006859624301496025 -0.00458345442241168 -0.012
-0.004583454422411749 -0.006859624301495978 -0.012
-0.00160949515663309 -0.008091478563326645 -0.012
0.00160949515663303 -0.008091478563326657 -0.012
0.004583454422411704 -0.006859624301496009 -0.012
0.006859624301495995 -0.004583454422411724 -0.012
0.00809147856332665 -0.001609495156633062 -0.012
2 4 0 381
230
231
232
233
234
235
236
237
238
239
240
241
242
243
244
245
246
247
248
249
250
251
252
253
254
255
256
257
258
259
260
261
262
263
264
265
266
267
268
269
270
271
272
273
274
275
276
277
278
279
280
281
282
283
284
285
286
287
288
289
290
291
292
293
294
295
296
297
298
299
300
301
302
303
304
305
306
307
308
309
310
311
312
313
314
315
316
317
318
319
320
321
322
323
324
325
326
327
328
329
330
331
332
333
334
335
336
337
338
339
340
341
342
343
344
345
346
347
348
349
350
351
352
353
354
355
356
357
358
359
360
361
362
363
364
365
366
367
368
369
370
371
372
373
374
375
376
377
378
379
380
381
382
383
384
385
386
387
388
389
390
391
392
393
394
395
396
397
398
399
400
401
402
403
404
405
406
407
408
409
410
411
412
413
414
415
416
417
418
419
420
421
422
423
424
425
426
427
428
429
430
431
432
433
434
435
436
437
438
439
440
441
442
443
444
445
446
447
448
449
450
451
452
453
454
455
456
457
458
459
460
461
462
463
464
465
466
467
468
469
470
471
472
473
474
475
476
477
478
479
480
481
482
483
484
485
486
487
488
489
490
491
492
493
494
495
496
497
498
499
500
501
502
503
504
505
506
507
508
509
510
511
512
513
514
515
516
517
518
519
520
521
522
523
524
525
526
527
528
529
530
531
532
533
534
535
536
537
538
539
540
541
542
543
544
545
546
547
548
549
550
551
552
553
554
555
556
557
558
559
560
561
562
563
564
565
566
567
568
569
570
571
572
573
574
575
576
577
578
579
580
581
582
583
584
585
586
587
588
589
590
591
592
593
594
595
596
597
598
599
600
601
602
603
604
605
606
607
608
609
610
-0.002377641290737881 0.0007725424859373763 0.005167523349546946
-0.002357243843091633 -0.0008327073100475279 -0.005262193024929454
0.00210390624999822 -0.001350399382115687 0.0008124999999999973
0.002103906249997386 0.001350399382116987 0.0008124999999999973
0.00210390625000019 0.001350399382112616 -0.002437500000000002
4.593967892728424e-18 0.0025 0.005167523349537672
3.467056154988183e-05 -0.002499759578871899 0.005411770475657528
0.002105876525363082 -0.001347324778932205 -0.002437397469577543
-0.001281631954312755 0.002146490049752029 -0.005099351584800988
-1.094721739290775e-06 -0.002499999760316851 -0.005250326745505105
0.001426783214318334 0.002052873512747301 -0.005072319663198842
0.002103906250000007 0.001350399382112902 0.004062499999999998
0.002103906249999872 -0.001350399382113112 0.004062499999999998
0.002105826028582659 0.001347403702438058 0.002431585198424717
0.001057241572272488 0.002265444825604631 0.001624980602291205
0.001052965148495281 0.002267435643200113 2.153605631396906e-05
-0.0003069848415012594 0.002481080471707527 0.000827157544869477
-0.0003118225088850298 0.00248047711599052 -0.0007598372603520804
-0.000302960019192592 0.002481575150337145 0.002414831559914891
-0.001561267655460373 0.001952547901592499 0.001624344069433415
-0.001559878382451986 0.00195365796186512 0.002830226628507783
-0.002351752761156844 0.0008480913573378526 0.002411225092576074
-0.002353064639338032 0.0008444446714243484 0.0008391945791538114
-0.00244755590380905 -0.0005093820744092459 0.001628433979149381
-0.002446677210287994 -0.0005135860479582341 5.990411783628365e-05
-0.00181981516135329 -0.001714139077936414 0.000847743819805403
-0.001815123620078589 -0.001719106234016037 -0.0007216005296343678
-0.002445643402713477 -0.0005184865926560165 -0.001507435985235177
-0.001814349798105238 -0.001719922908189632 -0.002286506334975382
-0.001820176003291729 -0.001713755909410949 0.00241884019734638
-0.0006499099260291695 -0.002414045792450665 -0.001495886526927256
-0.0006517690935396339 -0.002413544499011055 0.001642554227098859
-0.002444428000762358 -0.0005241867502035324 -0.003069361774502091
-0.002360530707314563 0.0008233436583984892 -0.002293240455728339
-0.0006464367097315226 -0.002414978173878903 -0.003073731547170194
-0.000651801680254073 -0.002413535698848883 0.002815651031161727
-0.001820554969428786 -0.001713353321206153 0.003990609406617471
0.000714900849632649 -0.002395603634826621 0.002421149868729887
-0.002361742467634691 0.0008198612788580774 -0.003380343171749409
-0.001590065590225899 0.001929168582260131 -0.002679596454772605
0.002096138144066118 0.001362426101111929 -0.0007885029059782559
0.001058564464340607 0.002264826985629429 0.002825175407042828
0.002102319266489495 -0.001352868693461073 0.002440589229603589
-0.001566739042473179 0.001948160356025711 3.769539722936737e-05
-0.002447315112797982 -0.0005105376956411739 0.002804893753662261
0.002105869342662557 -0.0013473360054693 -0.0008185484315829704
0.001054226333422512 -0.002266849540202994 -6.012888516270659e-06
0.001054200960944668 -0.002266861339814004 -0.001613171649666172
0.002105869342662557 -0.0013473360054693 -0.004056451568417033
0.001045669182844571 -0.002270809538479431 -0.002833297471373735
-0.002357196579038537 0.0008328410939483126 -0.0007279247392275555
-0.001589204985599033 0.001929877590353123 -0.001518906972309925
-0.0006491912429567761 -0.002414239161737759 0.0001739965460318188
0.001052779040318911 0.002267522059929119 -0.001555632722192063
0.001054294676547915 0.002266817755136642 -0.003225205230882817
-0.0003705815900522815 0.002472381298488225 -0.00206617391376281
0.00213057860052971 0.001307912392694887 -0.003978882577722403
-1.192773498619916e-05 0.00249997154566569 -0.004513322277524762
-0.001469463130731187 -0.002022542485937366 -0.00516752334954695
-0.002361054936449386 -0.0008218391491453693 0.00541583308167613
-0.001845112384755941 -0.0016868788597941 -0.003769447134361674
-0.00149160568318538 0.002006268298580496 0.004746574107476511
0.001471126892202525 -0.002021332646309988 -0.005425045810933454
0.001470809910675307 0.002021563307606095 0.005415445431190884
0.001469463130731181 -0.00202254248593737 0.005236420704153596
0.0008264281728604392 -0.002359452579540974 0.003926634714847495
-0.002373911285149237 0.0007839293400818076 -0.004894347898610751
-0.001469463130731187 -0.002022542485937366 0.005330861771983862
-0.0004411911071300821 0.00246076215977679 0.003817369752743529
-0.002325731943676309 0.0009170446696664335 0.00356268892567818
0.0005350634899355685 -0.002442070240950897 0.001155014209053696
0.002250464560262031 0.00108876501734976 -0.00535156783376413
-0.0007725424859373712 -0.002377641290737883 -0.004272122243732922
0.002252795957627037 0.001083932826931301 0.005356589064220512
0.002252795957626919 -0.001083932826931546 0.00535658906422039
0.002252676772061769 -0.001084180501859986 -0.005356333716309105
-0.0005844358304271108 0.002430727208082588 -0.003467894729943504
-0.0007954085195638426 -0.002370089721298596 0.004117447059774747
1.915531963967985e-06 0.002499999266147351 -0.005661332692149508
0.0008540033280596752 0.002349612375619221 0.004200115188624009
0.0008000236892127963 -0.002368535855058636 -0.004124098081982944
-0.002494661308836741 -0.0001632940727428865 0.004152059816468591
0.001454297088633664 -0.002033474853051212 0.001421972506854683
-0.002486877843719103 -0.0002558096761637896 -0.004164084179022629
0.0001852353524183438 -0.00249312812831881 -0.0007037817220012996
0.0001734045443286521 -0.00249397892212548 -0.002286891794558096
-0.001764729255898265 0.001770799439060437 -0.003911834435658752
0.00243741562870057 0.0005558822294031386 0.005928294532110255
0.002146342960838723 0.001281878268190105 0.005928294532110255
0.002146342960838652 -0.001281878268190223 0.005928294532110196
0.00243741562870054 -0.0005558822294032728 0.005928294532110196
0.00243741562870057 0.0005558822294031386 0.005115794532110254
0.00243741562870054 -0.0005558822294032728 0.005115794532110195
0.002436817740481947 0.0005584973586978375 -0.005925783916882065
0.002436817740481947 0.0005584973586978375 -0.005113283916882065
0.002437385067049769 -0.0005560162182192089 -0.005115666858154553
0.002437385067049769 -0.0005560162182192089 -0.005928166858154553
0.002144966215957835 0.001284180646326491 -0.005925783916882065
0.002146272490160358 -0.001281996255057266 -0.005928166858154553
0.001768355561830315 0.001767178148049537 0.005957722715595442
0.001135718000370146 0.002227138213859938 0.005957722715595442
0.001919921325259586 0.001601218943434494 0.005386017247705699
0.0003910861626005811 0.002469220851487844 0.005833761674768837
-0.0003910861626005726 0.002469220851487845 0.005833761674768837
0.0007733342521137835 0.002377383884547806 0.005291484390364277
-0.001146763202795701 0.002221471169453646 0.00562268628872849
-0.001777526049971668 0.001757953680183901 0.005622666101231991
-0.000785462399546459 0.002373404478570545 0.004956636884608521
-0.002227516310470916 0.001134976249348874 0.005833761674773472
-0.002469220851487843 0.0003910861626005851 0.005833761674773472
-0.002030737230236212 0.001458117382700226 0.004956557135346055
-0.002465019000040717 -0.0004167509201408719 0.005957916540838065
-0.002215589266035161 -0.001158086440741699 0.005957916540838065
-0.002499864732932963 -2.600609617006014e-05 0.005291678215611539
-0.001767766952966373 -0.001767766952966364 0.005915430885991931
-0.001134976249348871 -0.002227516310470918 0.005915430885991931
-0.002007147052782894 -0.001490422996502987 0.005373347426829996
-0.0003739544935871485 -0.002471873386062882 0.005955885237828764
0.0004081990263126642 -0.002466449584912976 0.005955885237828764
-0.0007560366840251168 -0.002382941151688036 0.005371316123820695
0.001134976249348864 -0.002227516310470921 0.005868210352076798
0.001767766952966367 -0.001767766952966371 0.005868210352076798
0.0007890111402958672 -0.002372227101373099 0.005324095589905562
0.001919387976207748 -0.001601858232425431 0.005296504884186994
0.002399445077164342 -0.0007018997946087488 -0.003653225784208517
0.002399445077164342 -0.0007018997946087488 -0.004465725784208517
0.002405872658862505 0.0006795415729282957 -0.004426941288861203
0.002405872658862505 0.0006795415729282957 -0.003614441288861202
0.002183241572367702 -0.001217972182229711 -0.004706392642363069
0.002193260401140317 0.001199836994257893 -0.004665225205743266
0.002398933682388956 0.0007036456405746871 -0.002843750000000002
0.002398933682388956 0.0007036456405746871 -0.002031250000000003
0.002399446948091132 -0.0007018933988122055 -0.002031198734788772
0.002399446948091132 -0.0007018933988122055 -0.002843698734788772
0.00211734899660147 0.001329222790427078 -0.003208191288861203
0.0021058729340203 -0.001347330392205539 -0.003246924518997288
0.002396908984522076 0.0007105120125074259 -0.001206751452989129
0.002396908984522076 0.0007105120125074259 -0.0003942514529891297
0.002399445077164342 -0.0007018997946087488 -0.0004092742157914865
0.002399445077164342 -0.0007018997946087488 -0.001221774215791486
0.002100030806565567 0.001356418302543715 -0.001613001452989129
0.0021058729340203 -0.001347330392205539 -0.001627972950580256
0.002398933682388442 -0.0007036456405764394 0.001218749999999997
0.002398933682388442 -0.0007036456405764394 0.0004062499999999978
0.002398933682388226 0.0007036456405771785 0.0004062499999999978
0.002398933682388226 0.0007036456405771785 0.001218749999999997
0.002104888353621093 -0.001348868050919097 -3.024215791487019e-06
0.002100030806564159 0.001356418302545896 1.199854701087067e-05
0.002399433794820837 0.0007019383621598666 0.002028292599212357
0.002399433794820837 0.0007019383621598666 0.002840792599212358
0.002398520186096391 -0.0007050538397088073 0.002845294614801794
0.002398520186096391 -0.0007050538397088073 0.002032794614801793
0.00210311312065298 -0.001351634270702428 0.001626544614801793
0.002104866672227452 0.001348901883809987 0.001622042599212357
0.002398933682388909 0.0007036456405748499 0.003656249999999997
0.002398933682388909 0.0007036456405748499 0.004468749999999998
0.002398933682388873 -0.0007036456405749714 0.004468749999999998
0.002398933682388873 -0.0007036456405749714 0.003656249999999997
0.002104866672228761 0.001348901883807945 0.003247042599212358
0.002103113120653807 -0.001351634270701141 0.003251544614801794
0.002182421736911355 0.001219440593984317 0.004709544532110254
0.002182421736911228 -0.001219440593984545 0.004709544532110195
0.001111587563512901 0.00223927959144084 -0.00578615983159942
0.001749158044623805 0.001786181999385233 -0.00578615983159942
0.00190076671283945 0.001623910682076299 -0.005211943748481485
-0.0003901401595377671 0.002469370497903432 -0.006080666346074754
0.0003920321082634614 0.002469070842663391 -0.006080666346074754
0.0007485154552482842 0.002385314363612154 -0.005366826177674175
-0.001686411440061488 0.001845539610745253 -0.005799675792400494
-0.001033569485712764 0.002276342267367421 -0.005799675792400494
-0.0006638228091338864 0.00241025709791997 -0.005380342138475248
-0.00246827654577775 0.0003970023848334629 -0.005697173949305375
-0.002224790009159499 0.001140311104542999 -0.005697173949305375
-0.001950613240952272 0.001563684106276481 -0.00499684974170587
-0.002212915851491188 -0.001163186758099933 -0.005881096512464727
-0.002464052516458313 -0.0004224277407266901 -0.005881096512464727
-0.002499867141770802 -2.57735037330992e-05 -0.005078270461770102
-0.001134976249348871 -0.002227516310470918 -0.005833761674773475
-0.001767766952966373 -0.001767766952966364 -0.005833761674773475
-0.002003708686990764 -0.001495042306317031 -0.005214858187238202
0.0003905455312648938 -0.00246930641841166 -0.005875163372752552
-0.0003916267751889077 -0.002469135166197901 -0.005875163372752552
-0.0007730630385551475 -0.002377472089934997 -0.005208925047526028
0.001768494111241083 -0.001767039495457193 -0.005962522905466727
0.001135892614697433 -0.002227049161530977 -0.005962522905466727
0.0007730001274625551 -0.002377492545297014 -0.00533768627821928
0.001919958845381549 -0.001601173954335115 -0.00539068976362128
-0.002480681493379599 0.0003101924054582343 0.00465979158300777
-0.002450084787940488 -0.0004970759820214722 0.004783946449072361
-0.002016241057432415 0.001478097425180024 0.004152878701476243
-0.002358551175867436 0.0008289971959025769 0.004364995835546
-0.002472578817986966 0.0003692614099011387 0.003857507796816063
-0.001665764157810343 -0.001864196816474698 -0.004468485241954312
-0.00214414358789971 -0.001285553684008786 -0.004515820079645565
-0.002281123536107788 -0.001022973808567503 -0.003966765656692151
-0.002439176387462106 -0.0005481045072313424 -0.004713138601976041
-0.002485373622678691 0.0002700332492360896 -0.00452921603881669
0.001810576195717926 -0.001723894961852259 0.001931280868229136
0.00181158791520346 -0.00172283174613448 0.00111723625342734
0.001644208191404144 -0.001883236422576707 0.0004032435557418633
0.001645578152395839 -0.001882039464080788 -0.000412280660049621
0.001259677885771558 -0.002159447064435268 0.0007079798091692057
0.001645460704323341 0.001882142149394603 0.001218740301145602
0.00164679963500455 0.00188097074994506 0.00202828290035796
0.00164368431661636 0.001883693676612365 0.0004170180281569827
0.001055103829929567 0.002266441243021305 0.0008232583293025873
0.001638283691740514 0.001888392582430113 -0.000383483424832143
0.001643607011140612 0.001883761129477255 -0.001996566361096032
0.001638206193430984 0.001888459813658836 -0.00117206781408516
0.00164423658021476 0.001883211636615405 -0.002831352615441409
0.001053536917288167 0.002267170034185999 -0.00239041897653744
0.001663048201733997 0.001866620121693035 -0.00360204390430261
-0.0002045184317695769 0.002491620398669612 0.004492528757170949
-0.0009432810882585689 0.002315215063127771 0.00428022203617408
0.001173922142437661 0.002207239634361111 0.004807780309907447
0.0004335718285082368 0.002462116055250854 0.004683819269080841
0.0002307070742994587 0.002489332088305653 0.004008745794039012
0.0004362273158756524 -0.002461646954557847 0.00466920259525251
0.001160239769301976 -0.00221446239022705 0.004581527709500546
-0.0003858550611066063 -0.002470043698362119 0.004764608767716136
1.639639956982015e-05 -0.002499946231038009 0.004022040887311121
-0.001145691131273757 -0.00222202426443112 0.004724154415879304
0.001645567619716826 -0.00188204867337152 -0.001215860040624571
0.001645572636369132 -0.001882044287054145 -0.002025284559621857
0.001049936927754488 -0.00226883944952865 -0.002223234560519954
0.001642031093801064 -0.001885134978453925 -0.002635347470475639
0.001642026068910437 -0.001885139355331202 -0.003444874519895384
-0.0009437954941908472 0.002315005413631911 -0.004283623157372246
-0.0003001850597713841 0.002481912353386003 -0.003990608503734133
-0.0006704934447353991 0.002408409961067023 -0.004806336931162876
-5.006120698292206e-06 0.002499994987746086 -0.005087327484837135
-0.002127337427411319 0.001313177623147375 -0.004403091167134752
-0.001534719848868205 0.001973482957993293 -0.004505593010229869
-0.001220049308751153 0.00218208150265196 -0.003689864582801128
-0.0003916267751889077 -0.002469135166197901 -0.004761224494619014
-0.001134976249348871 -0.002227516310470918 -0.004719822796639936
0.001148768365645193 -0.002220434921832404 -0.004774571946458199
0.0004048364649627126 -0.002467003736648263 -0.004687212413744025
1.447519855109082e-05 -0.002499958093374148 -0.004198110162857933
0.001817263750266367 0.001716843750015656 -0.004525601120460623
0.001245142525917904 0.002167860717424158 -0.004148762447040829
0.000741908464440806 0.002387377605321598 -0.004792820970361802
0.0005340621524922891 0.002442289421275722 -0.003869263754203789
0.00164734883010891 0.001880489785119506 0.002628380302733773
0.001646010241548865 0.001881661575500826 0.003443837703521412
0.0009572230830483833 0.002309485650373119 0.003512645297833419
0.001561061792368344 0.001952712493022906 0.004131307594312002
0.001818588507900887 0.001715440421271117 0.004738972715595441
0.001549600608627869 -0.001961820061509245 0.003994567357423747
0.001548448633569621 -0.001962729433517614 0.003183611972225542
0.001818017126099527 -0.001716045957778758 0.004649460352076797
0.001057903063410661 0.002265136002191996 0.002225078004667018
0.0003879854156958922 0.002469709966212083 0.000424346800591723
0.0003903152232291695 0.002469342832924494 0.001226069073580341
-0.0003049725306457077 0.002481328627076944 0.001620994552392184
0.0003923177852792302 0.002469025466728442 0.002019906081103049
0.0003930387526795552 0.00246891080010844 0.002620003483478859
0.0003855771911618855 0.002470087089488083 -0.0003691506020190556
-0.0003094038222655877 0.002480779973066424 3.366014225869834e-05
0.001052872095293701 0.002267478853474019 -0.0007670483329390472
0.0003854758219968673 0.002470102910944368 -0.001157734991272072
-0.0009762625972530128 0.00230150197505994 -0.0003610709315613565
-0.000974018100842404 0.002302452765906688 0.0004324264710494222
-0.0009707875758985293 0.002303816720679199 0.001225750807151446
-0.0009689188114667207 0.002304603292713502 0.002019587814674153
-0.001564004887530188 0.00195035604743895 0.000831019733331391
-0.0009895788715934271 0.002295807844070553 -0.001139372116331003
-0.001577998492382462 0.001939051509898248 -0.0007406057875402787
-0.0003412260601520182 0.002476603475704807 -0.001413005587057445
-0.001016744030649239 0.002283907085706233 -0.001792540443036368
0.0003561462721878848 0.002474501936310957 -0.001810903317977437
-0.001560810356088099 0.001952913472821605 0.002228002099936553
-0.0009683229323426884 0.002304853726096139 0.002623193665712754
-0.0009844798483999134 0.002297999005242275 0.00332553318206034
-0.00035534705476778 0.002474616833101211 0.003116075488895407
0.0003407080904846196 0.002476674786296805 0.003321299699334508
-0.002032950628951063 0.001455029807339863 0.002017784581004745
-0.002032518707076188 0.001455633094356315 0.002621460325123787
-0.0020340778059609 0.00145345363850977 0.001231769324293613
-0.002352409406880397 0.0008462682685889984 0.001625209835864943
-0.002036114511537586 0.0014505990817266 0.0004384449881915898
-0.002345016078324181 0.0008665446280492875 0.002986770660888721
-0.002042278127910789 0.001441908474299671 0.003198149363200268
-0.001526019016922435 0.001980218664691121 0.003788556927678595
-0.002493932860815431 0.0001740657512118888 0.001233814279151597
-0.002493797194015381 0.000175998736134702 0.002019829535862727
-0.002447435576510646 -0.0005099598992371876 0.002216663866405822
-0.002493838675737866 0.0001754099751838683 0.002608059423119167
-0.002492402064222025 0.0001947612647879131 0.0031833401123769
-0.00249408145706181 0.0001719234874600862 0.0004495493484950475
-0.00244711745981459 -0.0005114842498753875 0.0008441690484928327
-0.002355137755437702 0.0008386454274077104 5.563491996312796e-05
-0.002494497415925755 0.0001657788947355253 -0.0003340103106956359
-0.002039681826788764 0.001445578792549078 -0.0003451146709990945
-0.00221609367666752 -0.001157120916859701 0.0004538239688208429
-0.002217086784799623 -0.001155216944416446 0.001238088899477392
-0.001819995592406196 -0.001713947503169809 0.001633292008575891
-0.00221720837796782 -0.001154983553419403 0.00202363708824788
-0.002216935638209414 -0.001155506977926579 0.00261186697550432
-0.0022145103994284 -0.001160148133137948 -0.0003308482058990416
-0.001817471087624023 -0.001716624258727212 6.30716450855176e-05
-0.00244616153369608 -0.000516036579193416 -0.0007237659336994462
-0.002213347190666877 -0.001162365783033483 -0.001114518257434772
-0.002494662221970095 0.0001632801221068522 -0.001117680362231367
-0.001280239970804301 -0.002147320566928703 -0.0002738019918012745
-0.001283173093532473 -0.00214556911145605 0.0005108701829186109
-0.00128431856173451 -0.002144883640663101 0.001245149023452131
-0.001284544338655067 -0.00214474843327352 0.002030697212222619
-0.0006504802609789866 -0.00241389217449262 0.0009082753865653388
-0.002213085588680693 -0.001162863782725144 -0.00189697116010528
-0.001814736755032234 -0.001719514614632593 -0.001504053432304875
-0.001280076420223208 -0.002147418067910517 -0.001891196430951319
-0.001280559582107945 -0.002147129981317276 -0.001108743528280812
-0.000649550591688657 -0.002414142503837939 -0.0006609449904477187
-0.002445037362847866 -0.0005213370256158215 -0.002288398879868634
-0.00221172858301165 -0.001165442694897213 -0.002677934054738737
-0.00249498587163078 0.0001582577023806255 -0.001900338220481758
-0.002495168651035004 0.0001553492931820353 -0.002681301115115215
-0.002358868423083545 0.0008280940541866904 -0.001510582597477947
-0.001278531585405093 -0.002148338191514907 -0.002680118941072788
-0.0006481734855313027 -0.002414512607681766 -0.002284809037048725
-0.002222161653699875 -0.00114542463079237 -0.003419404454431883
-0.001829805684828684 -0.001703470327234563 -0.003027976734668528
-0.001297877642673998 -0.002136706256050884 -0.003421589340765934
-0.0006517853869117066 -0.002413540098984965 0.002229102629130292
-0.001284558817420817 -0.002144739761506378 0.002617245614254054
-0.001284795972634612 -0.00214459770323058 0.003403130218889599
-0.001820365497489702 -0.00171355462578497 0.003204724801981925
-0.002217063399401875 -0.001155261824450459 0.003397751580139867
-0.0002397918616890738 -0.002488473400112544 -0.002680311670864145
-0.0002415816031950522 -0.00248830028915276 -0.001891389160742676
-0.0002356779981281488 -0.002488866384762008 -0.001099834124464277
-0.0002353075314421195 -0.002488901437511461 -0.0002648925879847408
0.0001793204529528044 -0.002493560541705936 -0.001495336758279698
3.281574787762831e-05 -0.002499784616060198 0.002031852047914374
3.279887229907635e-05 -0.002499784837536205 0.002618400449945807
-6.007061649801889e-05 -0.002499278200007664 0.001398784218076277
0.0006254138621099059 -0.002420507694902202 0.001788082038891792
-5.873608979970864e-05 -0.002499309919108681 0.0006645053775427576
-0.002361137229483526 0.0008216026920275142 -0.002836791813738874
-0.002495282532886622 0.0001535092214524049 -0.00322485247312575
-0.002483253255668369 0.0002888827932093669 -0.003772213675386019
-0.00246930170218663 -0.0003905753494246801 -0.00361672297676236
-0.002051222798014273 0.001429155356462864 -0.002486418455250472
-0.002052276152199858 0.001427642320440154 -0.003029969813261007
-0.002050904031545761 0.001429612763439576 -0.001906073714019132
-0.001589635327441381 0.001929523134287416 -0.002099251713541265
-0.002048021873895516 0.001433738610781443 -0.001123415855768741
8.022756577944988e-05 -0.002498712375942678 -0.003598914814576569
0.0009241391414331915 -0.002322922049331644 -0.00347869777667834
0.0002122328691678713 -0.002490975152273658 -0.002953514509271965
0.0006196663065878627 -0.002421985480650071 -0.002560094632965916
-0.001353631205135633 -0.002101828385116885 -0.004020784689047298
-0.0007097351619766042 -0.002397139128180516 -0.003672926895451558
-0.0007239310939969203 -0.002392890254722189 0.003466549045468237
-0.00134857032398656 -0.002105079115202748 0.004054028233196109
0.000770876458062146 -0.002378181970835193 0.003173892291788691
9.140486271812186e-05 -0.002498328471412733 0.003371142873004611
-0.002292584524175406 -0.0009970236704870293 0.00407133461154303
-0.00247708039260119 -0.0003377465448982901 0.003478476785065426
-0.001652257322496062 -0.001876178493709525 0.004660735589300666
-0.002137794361247339 -0.001296084591768254 0.0047032212441468
0.00150200077734899 -0.001998497852098678 0.002430869549166738
0.001099608674707617 -0.002245186130927179 0.001921561187792285
0.001015443954950026 -0.002284485406903588 0.00128849335795419
-0.001679265408229076 0.001852044191893173 -0.003295715445215678
-0.002117312699487612 0.001329280607166327 -0.00364608880370408
-0.002367895034122117 0.0008019183919700437 -0.00413734553518008
-0.001017253338726971 0.00228368028516446 -0.002372885184267708
-0.0004779626911869357 0.002453885014794569 -0.002767034321853157
-0.001115797638861867 0.002237184755247157 -0.003073745592358054
0.001054213647200097 -0.002266855440043999 -0.0008095922690912211
0.0006299736641533404 -0.002419324943547934 -0.0003548973052587851
0.0006299601246236092 -0.002419328469097201 -0.001158476685833736
0.0007994598858917416 -0.00236872621694656 0.0005745006602687125
0.0002155093530712461 -0.002490693822760801 8.399182875777362e-05
0.0006242190466439584 -0.002420816098303815 -0.001950031722112134
0.001540053850154518 -0.001969323269202963 -0.004090274825199989
0.001819970709661526 -0.001713973925115001 -0.004740748689675243
0.0003569733726066428 0.002474382753587213 -0.002645689572322814
0.0002488140088715929 0.002487587503785394 -0.00334654998041316
2 5 0 749
611
612
613
614
615
616
617
618
619
620
621
622
623
624
625
626
627
628
629
630
631
632
633
634
635
636
637
638
639
640
641
642
643
644
645
646
647
648
649
650
651
652
653
654
655
656
657
658
659
660
661
662
663
664
665
666
667
668
669
670
671
672
673
674
675
676
677
678
679
680
681
682
683
684
685
686
687
688
689
690
691
692
693
694
695
696
697
698
699
700
701
702
703
704
705
706
707
708
709
710
711
712
713
714
715
716
717
718
719
720
721
722
723
724
725
726
727
728
729
730
731
732
733
734
735
736
737
738
739
740
741
742
743
744
745
746
747
748
749
750
751
752
753
754
755
756
757
758
759
760
761
762
763
764
765
766
767
768
769
770
771
772
773
774
775
776
777
778
779
780
781
782
783
784
785
786
787
788
789
790
791
792
793
794
795
796
797
798
799
800
801
802
803
804
805
806
807
808
809
810
811
812
813
814
815
816
817
818
819
820
821
822
823
824
825
826
827
828
829
830
831
832
833
834
835
836
837
838
839
840
841
842
843
844
845
846
847
848
849
850
851
852
853
854
855
856
857
858
859
860
861
862
863
864
865
866
867
868
869
870
871
872
873
874
875
876
877
878
879
880
881
882
883
884
885
886
887
888
889
890
891
892
893
894
895
896
897
898
899
900
901
902
903
904
905
906
907
908
909
910
911
912
913
914
915
916
917
918
919
920
921
922
923
924
925
926
927
928
929
930
931
932
933
934
935
936
937
938
939
940
941
942
943
944
945
946
947
948
949
950
951
952
953
954
955
956
957
958
959
960
961
962
963
964
965
966
967
968
969
970
971
972
973
974
975
976
977
978
979
980
981
982
983
984
985
986
987
988
989
990
991
992
993
994
995
996
997
998
999
1000
1001
1002
1003
1004
1005
1006
1007
1008
1009
1010
1011
1012
1013
1014
1015
1016
1017
1018
1019
1020
1021
1022
1023
1024
1025
1026
1027
1028
1029
1030
1031
1032
1033
1034
1035
1036
1037
1038
1039
1040
1041
1042
1043
1044
1045
1046
1047
1048
1049
1050
1051
1052
1053
1054
1055
1056
1057
1058
1059
1060
1061
1062
1063
1064
1065
1066
1067
1068
1069
1070
1071
1072
1073
1074
1075
1076
1077
1078
1079
1080
1081
1082
1083
1084
1085
1086
1087
1088
1089
1090
1091
1092
1093
1094
1095
1096
1097
1098
1099
1100
1101
1102
1103
1104
1105
1106
1107
1108
1109
1110
1111
1112
1113
1114
1115
1116
1117
1118
1119
1120
1121
1122
1123
1124
1125
1126
1127
1128
1129
1130
1131
1132
1133
1134
1135
1136
1137
1138
1139
1140
1141
1142
1143
1144
1145
1146
1147
1148
1149
1150
1151
1152
1153
1154
1155
1156
1157
1158
1159
1160
1161
1162
1163
1164
1165
1166
1167
1168
1169
1170
1171
1172
1173
1174
1175
1176
1177
1178
1179
1180
1181
1182
1183
1184
1185
1186
1187
1188
1189
1190
1191
1192
1193
1194
1195
1196
1197
1198
1199
1200
1201
1202
1203
1204
1205
1206
1207
1208
1209
1210
1211
1212
1213
1214
1215
1216
1217
1218
1219
1220
1221
1222
1223
1224
1225
1226
1227
1228
1229
1230
1231
1232
1233
1234
1235
1236
1237
1238
1239
1240
1241
1242
1243
1244
1245
1246
1247
1248
1249
1250
1251
1252
1253
1254
1255
1256
1257
1258
1259
1260
1261
1262
1263
1264
1265
1266
1267
1268
1269
1270
1271
1272
1273
1274
1275
1276
1277
1278
1279
1280
1281
1282
1283
1284
1285
1286
1287
1288
1289
1290
1291
1292
1293
1294
1295
1296
1297
1298
1299
1300
1301
1302
1303
1304
1305
1306
1307
1308
1309
1310
1311
1312
1313
1314
1315
1316
1317
1318
1319
1320
1321
1322
1323
1324
1325
1326
1327
1328
1329
1330
1331
1332
1333
1334
1335
1336
1337
1338
1339
1340
1341
1342
1343
1344
1345
1346
1347
1348
1349
1350
1351
1352
1353
1354
1355
1356
1357
1358
1359
-0.002264145144901182 0.004457986850902592 0.005112582774298781
-0.003500380752997307 -0.003570340961875491 -0.005304868657118475
-0.004938024046814753 0.0007848047611216759 0.005157133366997773
0.000844801154402313 -0.004928114346230262 0.004781616849161361
0.0007821723252011623 0.004938441702975687 -0.005146637071957696
-0.003535533905932728 0.003535533905932747 -0.005146637071957709
-0.003540871282572934 -0.00353018845959395 0.005176317738739815
0.0007281823697437959 -0.004946690857168488 -0.005312107763569817
0.004801953124998698 0.001393286110357537 0.0008124999999999973
0.004801953124999966 -0.001393286110353166 0.0008124999999999973
0.00226995249869774 0.004455032620941836 0.005146637071957709
0.004801953124999966 -0.001393286110353166 -0.002437500000000002
0.004801953125000002 0.001393286110353044 -0.002437500000000001
-0.004938441702975692 -0.0007821723252011406 -0.005146637071957545
0.003535533905932734 -0.003535533905932742 0.00514663707195765
0.00353553390593274 0.003535533905932735 -0.005146637071957259
0.003473238929881907 -0.003596750107521065 -0.005267129436732148
0.004801953125 0.00139328611035305 0.004062499999999998
0.004801953124999916 -0.001393286110353341 0.004062499999999998
0.004802758877292738 0.0013905060829014 0.00243253636878966
0.004230970663023242 0.002664373706640393 0.001624985979450016
0.004229003566831358 0.002667494860675022 1.757424719414907e-05
0.003336827284151651 0.003723651927307535 0.0008244269305882094
0.003333260044295153 0.003726845512911083 -0.0007716318321064203
0.002192891989630801 0.004493464667916404 3.048743146817808e-05
0.002188366622381181 0.004495670308869188 -0.001556086161262944
0.000889430529236242 0.004920255413457978 -0.0007584961815582589
0.0008927078871014091 0.004919661840849118 0.0008224027989276912
-0.0004742395114855549 0.004977458878358107 3.480531624530398e-05
-0.000477598601720222 0.004977137689037233 -0.001541720207059347
-0.001800821839916683 0.004664444307833367 -0.0007505707472279686
-0.001799055939805251 0.004665125692352935 0.0008216076530745166
-0.002989979055096321 0.004007496132260805 3.713999823858668e-05
-0.002988827856207849 0.004008354780449953 0.001606543572465834
-0.00395770613437964 0.003055578857416998 0.0008230731063978685
-0.003958805046652811 0.003054154973572271 -0.0007452351609470052
-0.004633948130010442 0.001877904344841005 4.046100681726061e-05
-0.004634317764730909 0.001876991970014662 -0.001606368562396659
-0.004968292354684797 0.0005622019907298361 -0.0007412295803235699
-0.004968082254541571 0.0005640555931015546 0.0008251707895602783
-0.004936780448723432 -0.0007925899325010854 4.357068395071089e-05
-0.004937161365621202 -0.0007902136735196334 0.001462725197969015
-0.00454276314929895 -0.002088852069767385 0.0008279721914834217
-0.004541970303928284 -0.002090575461023499 -0.000737503897884865
-0.003814108537935364 -0.003233044395124905 4.686164028893953e-05
-0.003812887824934422 -0.003234483951802336 -0.001518297403528305
-0.002804986968409378 -0.004139087835145996 -0.0007348926088087083
-0.00280647392005465 -0.004138079764341558 0.0008308415564190711
-0.001591357724939115 -0.004739997952665866 4.992487040994531e-05
-0.001588131982071843 -0.004741079709045247 -0.001517485705756204
-0.0002543611855733546 -0.004993525847262004 -0.0007308575876690043
-0.0002564778899490529 -0.004993417576366639 0.0008417587082089452
0.001102857577447989 -0.004876854023227018 5.727074032223049e-05
0.001106577333658542 -0.004876011341725238 -0.001520578284064144
0.002385021618524498 -0.004394504736505672 -0.0006665810998562087
0.002383149772675015 -0.00439552012405802 0.000855071539908759
-0.003958226958412972 0.003054904146727488 0.00202805850185405
-0.001804774882008628 0.004662916214695557 -0.002321722372995715
-0.004543502197755159 -0.002087244063111462 0.00239335676489306
-0.00454106716215631 -0.002092536505962473 -0.002301790623974859
0.002388913273639172 -0.004392390393741268 -0.002309945824186236
-0.004968171887444446 0.0005632655650815986 -0.002367738374991601
-0.001799227133734596 0.004665059669632661 0.002390229685417774
0.003338463263145335 0.003722185250713484 0.002421076602084332
-0.003960544542798397 0.003051898904700127 -0.002311735633114677
0.00332455921916777 0.003734609216269701 -0.002355777732237042
-0.004967928551415214 0.0005654077360927596 0.002390707382358232
0.003491452925958805 -0.003579072011822855 -0.00151557290447711
0.002187498898805014 0.004496092588873905 -0.002733915260254057
-0.0004809601164266464 0.004976813977476641 -0.002727888059292051
-0.00180948466764305 0.004661090563115537 -0.003890416757756282
-0.003811643915393161 -0.003235949731106201 -0.003083184297787742
0.001109054839322188 -0.004875448426901472 -0.003100626364960521
0.003495877865144053 -0.003574750054478755 -0.002705039727378022
-0.004540160193004449 -0.002094503621829719 -0.003867324559637571
0.004798772857012563 0.001404200508047012 -0.0007928872771759054
0.004803027571040719 -0.001389577688300546 0.002444121149068063
0.004230639502570725 -0.002664899510166966 0.001699205451766905
0.00422636626435316 -0.00267167142432177 2.222016312761112e-05
0.004797072840982758 -0.001409997219254569 -0.000795643609455189
0.004234019069288063 -0.002659526747544579 0.002731541479209875
0.003339201031500301 -0.003721523407319552 0.002442851712851837
0.004801953124999943 0.001393286110353247 -0.004062500000000001
0.004226377576876311 0.002671653528749026 -0.002853506525092195
0.0048026907580364 -0.001390741342835448 -0.00405795639981033
0.0008858843592474954 0.004920895132192989 -0.002006886452380715
0.00422764153750498 0.002669652979389369 -0.001537255448631537
-0.0004770464820041768 0.004977190638704473 0.001606076094169716
-0.0004764415517882696 0.004977248582071181 0.003175998189600731
-0.002992160693148685 0.004005867494860007 -0.001530050292923161
-0.002994607513096998 0.004004038691434314 -0.00310173858800496
-0.004633000250148667 0.001880241655246047 0.001225006953831674
-0.004936474267617154 -0.0007944946854156313 -0.001522577558883438
-0.002803535232905365 -0.004140071279320956 -0.002299091474858569
-0.001587180040649698 -0.00474139847709125 -0.002763561100721256
-0.000253453548746825 -0.004993571997941718 -0.001994640709459245
-0.003815612693435182 -0.003231269065506045 0.001611296183379788
-0.002808668812568188 -0.004136590323117193 0.002395727497941621
0.004232009322127138 0.00266272362392889 0.003245068747192649
0.003329365549907457 0.003730325057563941 0.004018999984375138
0.00219323959577738 0.004493295013185121 0.003209636612642724
0.0009199206760568865 0.004914646065563933 0.00395395050707549
0.00219373377809382 0.004493053762292436 0.001616134699737128
-0.00493725256629515 -0.000789643651663177 -0.002880501038778945
-0.004968048418190848 0.0005643535368112905 -0.004105529304310062
-0.004634667925416914 0.001876127186816417 -0.003203336912005495
-0.004605681337371776 0.001946201279052435 -0.004782275961116514
-0.001593034477011513 -0.004739434687286307 0.001614682552497074
-0.001592923066616152 -0.004739472133459822 0.002850802421076775
0.00087974174294296 0.004921996999767846 0.002390516492203321
-0.0005849009447412253 0.00496567124212234 0.0047953838627521
-0.000265418969961945 -0.004992950307221607 0.002164616338518529
0.001101154329266257 -0.0048772388851827 0.001632872377834381
0.001073908540014214 -0.004883310398457643 0.003206139488024598
-0.002282899924591121 -0.004448411844051971 -0.005206552747358557
-0.002287371783149204 -0.004446114070247504 0.005246075826647988
-0.004454626077721898 -0.002270750208120659 0.005153205683942784
-0.004075570186511659 -0.00289650265921116 0.00391957603862532
-0.004458264841932525 0.002263597711429386 0.005176673614085451
-0.004771555344220108 0.00149407482980088 0.003917996901022618
-0.0008342053233160609 0.004929919013386645 -0.005362272874005357
-0.004938442867703404 -0.0007821649713643399 0.005158002139337534
-0.0007583262618596813 -0.004942159576599477 -0.00522916611364479
-0.0007448616842604522 -0.004944206819230025 0.005209574727350252
-0.003530345382378853 0.003540714826290915 0.005175241122885491
-0.002894855770645014 0.004076740127499331 0.003775436764702724
0.004215097159444963 0.002689415538074956 0.004838223328492143
0.002269952498697729 -0.004455032620941842 0.005146637071957294
0.002264977754988232 -0.004457563882818559 -0.005143490999883759
0.002252969676126293 0.004463645106687514 -0.004688996735687619
-0.004747779720452547 -0.001567988433012033 0.003826241337910261
-0.004999952958502399 2.168900097073738e-05 0.003815617929675497
-0.002833607477007907 -0.004119547143345356 -0.003798133149470122
0.002922167562883255 -0.004057207997432833 0.003714977466243582
-0.004024313084877108 0.002967305881584657 0.003505136942247254
-0.002938926261462384 -0.004045084971874723 0.003880188816980355
-0.003955389776331746 0.003058576747000196 -0.003800342426517896
0.004415812523175325 -0.002345335745723408 -0.004918978239684593
0.004382887032182192 -0.002406304482630821 0.004724637632004924
0.004436545215079647 0.002305876526302719 -0.005437375550089761
-0.0002020251038303425 -0.004995916918586851 -0.003782761819649966
-0.002269952498697724 0.004455032620941844 -0.005266130257351788
-0.004455032620941846 -0.002269952498697722 -0.00529516316279915
-0.0002119556211222121 -0.004995505461379729 0.003831307704769161
0.002472513634703796 -0.004345880385630031 -0.003734176469635046
-0.001681485557421415 0.004708779706057951 0.003874777289490671
0.003247157302558923 0.003802100663112204 -0.003776383469618666
0.0009387162809935355 0.004911090687800182 -0.003455323629968046
0.002182079696379173 -0.004498725174830062 0.002439933750756
0.004350710404891826 -0.002464004661677002 -0.003249617230242728
0.004348660083787767 -0.002467621420654103 -0.00201363722607826
0.003506340354529354 -0.003564488366960813 0.0008328488207661622
-0.004938441702975686 0.0007821723252011703 -0.005423238216973108
0.00343202635403506 0.003636096135308968 0.00533800084783726
0.0008074176579285743 0.004934377035215807 0.005263090406107069
-0.004938626461179059 -0.0007810049148001618 0.002857316694546743
0.004834377483232527 0.001276242277004778 0.005122495781928704
0.004842226488061149 -0.001246131067873277 0.005121347923057985
0.004863901254418525 0.001158647740802139 -0.005314719762716351
0.004859367901197418 -0.001177515860110684 -0.005268112596160409
-0.002882141902055591 0.004085738373466341 -0.004297869487209716
0.001909629425036868 -0.004620964775783664 0.00400982272073917
-0.003661067597852047 -0.003405375756646812 0.002772897944004134
-0.004556199509163054 0.0020593800117274 0.002591013551377463
-0.001545084971874742 -0.004755282581475766 -0.004266256801787869
0.00337314027500715 -0.003690789168338485 -0.0002410963038773917
0.001486102842352632 -0.004774044233346758 -0.004214075207506391
-0.0001518729423191372 0.004997692928681326 -0.004109622652022503
0.003720209941401298 -0.003340664303981912 -0.003905369267722773
-0.003972293918246071 -0.003036590362078045 -0.004205000754977456
-0.001545419063511448 -0.004755174015547212 0.004320193069088798
-0.003169972754752775 0.003866687566137857 0.002651827220949148
0.003733692122175284 -0.003325589141311089 0.003953632180143755
0.004072089392187601 0.002901394144550722 -0.004211074616926952
0.004958421493588591 0.000643472059936313 0.005811247890964352
0.004796713889509308 0.001411217864891346 0.005811247890964352
0.004801082007645804 -0.001396284912136394 0.005810673961528993
0.004960399804466659 -0.0006280396323856731 0.005810673961528993
0.004958421493588591 0.000643472059936313 0.004998747890964351
0.004960399804466659 -0.0006280396323856731 0.004998173961528993
0.004965858751117103 0.0005833068351679818 -0.005907359881358175
0.004965858751117103 0.0005833068351679818 -0.005094859881358176
0.004964717489746375 -0.0005929420266825894 -0.005071556298080204
0.004964717489746375 -0.0005929420266825894 -0.005884056298080204
0.004813471496806881 0.001352956817281218 -0.005907359881358175
0.004810837010227294 -0.001362294850987597 -0.005884056298080204
0.004521537491303738 0.002134408282108814 0.005669111664246071
0.004131974843935361 0.002815454472920021 0.005669111664246071
0.004579575580069255 0.002006860111326485 0.004980359555210424
0.00375477161798983 0.003301770751693405 0.005919000423918629
0.003192033407459458 0.0038484961641741 0.005919000423918629
0.003852749089403513 0.003186898877294415 0.005088112088164703
0.002612492823579749 0.004263200821770458 0.005823318535978855
0.001913417161825455 0.004619397662556431 0.005823318535978855
0.002880243904798375 0.004087076589552954 0.005242318959897485
0.001179654975680599 0.004858849054905082 0.005881545203053533
0.0004050400127894609 0.004983567255294094 0.005881545203053533
0.001557239396206466 0.00475131618216495 0.005204863739032389
-0.0002929537415602462 0.004991410432463539 0.00564769193137605
-0.001070175615671438 0.00488412982542666 0.00564769193137605
0.0001123532543293805 0.004998737515237382 0.005029237134429584
-0.001910406948399323 0.004620643385017674 0.00580629138714939
-0.002609714544802869 0.004264902108448019 0.00580629138714939
-0.001446962945447711 0.004786052468841236 0.00495398331852544
-0.003244451604106778 0.003804409781899021 0.005837620561442746
-0.00379964783002665 0.003250027133390393 0.005837620561442746
-0.00293332185575813 0.004049150885127853 0.005143911948592136
-0.004265062329745765 0.002609452686557781 0.005838336807042726
-0.004620760670070887 0.001910123249930759 0.005838336807042726
-0.004045025384377844 0.00293900827486737 0.005175957368485472
-0.004861538321069875 0.001168522636823568 0.005828566683498885
-0.004984481930656071 0.000393624037582977 0.005828566683498885
-0.004755971863633008 0.001542961967234179 0.005166903490541612
-0.004984586960747953 -0.0003922917673638877 0.005829001069668767
-0.004861850471046049 -0.001167223199387891 0.005829001069668767
-0.004999999821402474 1.336403840508805e-06 0.005157567753167654
-0.004619226329859258 -0.001913830743178448 0.005826602841971391
-0.004262966900085391 -0.002612874510721163 0.005826602841971391
-0.004755145376868148 -0.001545507180458726 0.00515560391164016
-0.003804481675646935 -0.003244367300363307 0.005838158869369908
-0.003250111330017981 -0.003799575810862148 0.005838158869369908
-0.004047040979152414 -0.002936232162663755 0.0051647617113413
-0.002620830764702891 -0.004258080095863259 0.005873037913323993
-0.001922453507075256 -0.004615644322641645 0.005873037913323993
-0.002949887157053184 -0.004037098681064494 0.005211196782693901
-0.001148863357361941 -0.004866221633476125 0.005854787363675126
-0.0003734741650033384 -0.004986032194849434 0.005854787363675126
-0.001536435500392723 -0.004758084273437469 0.005227825276999119
0.0004239270390342466 -0.004981996172778102 0.005640808424580679
0.001198063699838165 -0.00485434273317512 0.005640808424580679
5.061340084276873e-05 -0.004999743821802786 0.004995595788255805
0.001913417161825442 -0.004619397662556437 0.005823318535978647
0.002612492823579738 -0.004263200821770465 0.005823318535978647
0.001575237810483063 -0.004745379420070067 0.004964126960559328
0.003247240241650912 -0.00380202982800016 0.005823318535978824
0.00380202982800015 -0.003247240241650924 0.005823318535978824
0.002938926261462361 -0.00404508497187474 0.005146637071957473
0.004222392629198905 -0.002677947065363086 0.005612318816002461
0.004589331185850739 -0.001984449361051536 0.005612318816002461
0.003999267096719962 -0.003000976955775084 0.004935637351981287
0.004648890238908815 -0.001840603038837637 0.004922992777531454
0.00495024068227999 0.0007036456405749565 -0.00446875
0.00495024068227999 0.0007036456405749565 -0.003656250000000001
0.004950426940688146 -0.0007023340408302894 -0.003653978199905166
0.004950426940688146 -0.0007023340408302894 -0.004466478199905166
0.004834350940110491 0.001276342817527017 -0.004688609881358176
0.004832205568913599 -0.001284441255862019 -0.00466303449798537
0.004950240682279995 -0.0007036456405749183 -0.002031250000000003
0.004950240682279995 -0.0007036456405749183 -0.002843750000000002
0.004950240682280004 0.0007036456405748523 -0.002843750000000001
0.004950240682280004 0.0007036456405748523 -0.002031250000000002
0.004802322110078353 -0.001392013775453603 -0.003247728199905166
0.004801953124999972 0.001393286110353146 -0.003250000000000001
0.004949437558201074 0.0007092727666198615 -0.001208943638587954
0.004949437558201074 0.0007092727666198615 -0.000396443638587954
0.004949008193815898 -0.0007122625201027428 -0.0003978218047275958
0.004949008193815898 -0.0007122625201027428 -0.001210321804727596
0.004799520256149861 -0.00140164378884479 -0.001616571804727595
0.004800366092960207 0.001398744213056112 -0.001615193638587953
0.004950240682279676 0.0007036456405771679 0.0004062499999999978
0.004950240682279676 0.0007036456405771679 0.001218749999999997
0.004950240682279995 -0.0007036456405749183 0.001218749999999997
0.004950240682279995 -0.0007036456405749183 0.0004062499999999978
0.004800366092959552 0.001398744213058358 9.806361412046348e-06
0.004799520256149861 -0.00140164378884479 8.428195272404577e-06
0.004950444141007133 0.0007022127930820919 0.002028768184394829
0.004950444141007133 0.0007022127930820919 0.002841268184394829
0.004950511986411284 -0.0007017343317796318 0.002847060574534029
0.004950511986411284 -0.0007017343317796318 0.00203456057453403
0.004802356202311368 0.001391896154934534 0.001622518184394828
0.004802490705969881 -0.001391432003036051 0.00162831057453403
0.004950240682280004 0.0007036456405748553 0.003656249999999997
0.004950240682280004 0.0007036456405748553 0.004468749999999998
0.004950240682279983 -0.0007036456405750064 0.004468749999999998
0.004950240682279983 -0.0007036456405750064 0.003656249999999997
0.004802356202312018 0.00139189615493229 0.00324751818439483
0.004802490705969855 -0.00139143200303614 0.003253310574534029
0.004818520697529583 0.001334862647420707 0.004592497890964351
0.004822651112601604 -0.001319862207248359 0.004591923961528992
0.004252611038980687 0.002629695676526013 -0.005968687775044881
0.004611629376663353 0.001932064826111063 -0.005968687775044881
0.004685467917355804 0.001745391186934742 -0.005376047656403056
0.003247240241650922 0.003802029828000152 -0.005823318535978629
0.003802029828000156 0.003247240241650916 -0.005823318535978629
0.004033178113565039 0.002955245218972523 -0.00529200631102351
0.001904617515795701 0.004623032783630699 -0.005594498367843809
0.002604370174015406 0.004268167756391372 -0.005594498367843809
0.002931218352514733 0.004050673890833576 -0.004917816903822439
0.0003922954786392328 0.004984586668665639 -0.005823318535978847
0.001167226819279535 0.004861849601988382 -0.005823318535978847
0.001536027243904618 0.004758216084414703 -0.004917816903822658
-0.001192845357971815 0.004855627657879576 -0.005931136437002679
-0.0004185719371068544 0.004982448949408977 -0.005931136437002679
-2.636318043529754e-05 0.004999930497788678 -0.005254454972981526
-0.002612492823579734 0.004263200821770467 -0.005883065128675894
-0.001913417161825439 0.004619397662556438 -0.005883065128675894
-0.001570136369053546 0.004747069810164513 -0.005314201565678573
-0.003802029828000146 0.003247240241650929 -0.005823318535978854
-0.003247240241650908 0.003802029828000164 -0.005823318535978854
-0.002938926261462354 0.004045084971874745 -0.005206383664654748
-0.004684776936574711 0.001747244989844776 -0.005641137980558257
-0.004353770223263258 0.00245859407853883 -0.005641137980558257
-0.004147449934498301 0.002792607928233042 -0.004964456516537111
-0.004984586668665639 0.0003922954786392408 -0.005961619108486554
-0.00486184960198838 0.001167226819279543 -0.005961619108486554
-0.00480742259466274 0.001374295454524306 -0.005102757089044811
-0.004861849601988386 -0.001167226819279514 -0.005823318535978773
-0.004984586668665641 -0.0003922954786392086 -0.005823318535978773
-0.005 1.615542552166338e-17 -0.005284937644465327
-0.004263200821770468 -0.002612492823579732 -0.005897581581399575
-0.004619397662556439 -0.001913417161825436 -0.005897581581399575
-0.004755282581475772 -0.001545084971874724 -0.005220900117378347
-0.003228391886895852 -0.003818047383758488 -0.005902434328559237
-0.003785919225535482 -0.003266009127011254 -0.005902434328559237
-0.004030496622794013 -0.002958901311913943 -0.005300015909958813
-0.001920132678817913 -0.004616610281985642 -0.005853276373679278
-0.002618689619025818 -0.004259397220171701 -0.005853276373679278
-0.002924779644259285 -0.00405532539169504 -0.005255710702238516
-0.0003802644586354468 -0.004985518923993639 -0.005864583056822395
-0.001155489757959845 -0.004864652445884485 -0.005864583056822395
-0.001540522925872082 -0.004756762461471302 -0.005217859430501673
0.001140655681447409 -0.004868152074081268 -0.005906053881784909
0.0003650655517558136 -0.00498665490513643 -0.005906053881784909
-1.524128222533714e-05 -0.004999976770277651 -0.005270636938607303
0.002610112826316325 -0.004264658372472408 -0.005821745499941879
0.001910838455113393 -0.004620464954791873 -0.005821745499941879
0.00151643106745102 -0.004764497540944833 -0.005227799381726787
0.003773523767785512 -0.003280322906964776 -0.005883564718366074
0.003213909869290134 -0.003830245860526381 -0.005883564718366074
0.002901212293088181 -0.004072218956592833 -0.005205310218307953
0.004602971505440822 -0.00195260167983638 -0.005709489119842296
0.004240847088793688 -0.002648625298049934 -0.005709489119842296
0.003993844348929295 -0.003008190039961827 -0.00509305383820837
0.004674205151410767 -0.001775332701925205 -0.0050935454179225
-0.001140449586619957 0.004868200359514629 0.004335080576121386
-0.001976796568650127 0.004592632722760779 0.004493680031894725
-0.002586534337231589 0.004278999897443555 0.004444009769500753
-0.003223760730123856 0.00382195849727745 0.004475338943794107
-0.002309890364272371 0.004434456731668679 0.003825107027096697
-0.002563532717851895 -0.004292819586763794 -0.00450234294841434
-0.003178876937206336 -0.003859370598698403 -0.004551500903294299
-0.003445761497550757 -0.00362308262422992 -0.004001566952223789
-0.00374585625875535 -0.00331188177457218 -0.004754934706047965
-0.004231062697823956 -0.002664227551670964 -0.004750081958888304
-0.004630921780111938 0.001885354997469941 0.004547335257554036
-0.004867725238269234 0.001142475822377317 0.004537565134010195
-0.004940908179148716 0.00076643745029932 0.003866807415349058
-0.004983616473546174 0.0004044339805199342 0.004486375648336634
-0.004985426080265954 -0.0003814797480916217 0.004486810034506516
0.0003182118128674903 -0.004989863850061601 0.004306462276965261
0.0004346120587749851 -0.004981075421871001 0.00351872359639688
0.0009596163667299517 -0.004907049666419121 0.003993878168592978
0.001497524959277584 -0.004770473665826138 0.003607981104381884
0.001385751481649503 -0.004804132890658439 0.004395719784950266
-0.0004790957384923566 -0.004976993798806511 0.004520441216059707
0.002091437217394981 -0.004541573556125138 0.004578229896348232
-0.0004942022990518379 0.004975516464409688 -0.004735947763013931
0.0003165391049337679 0.004989970239895999 -0.004628129861990099
0.0008605529723616467 0.00492538816559259 -0.004300980350962871
0.001611448633755756 0.00473320539389183 -0.004072160182827833
0.000395797419061163 0.004984309822138319 -0.003782473140995274
-0.004316518209030886 0.002523424369998988 -0.004291309193817205
-0.003753046287516573 0.003303731763288004 -0.004473489749237803
-0.003457126713755042 0.00361223959408028 -0.004049105956863806
-0.003220608938249583 0.003824614760582678 -0.004722253279583713
-0.002582656333868878 0.004281341642654434 -0.004781999872280752
-0.003250111330017985 -0.003799575810862145 0.004528253277860084
-0.002620830764702895 -0.004258080095863257 0.004563132321814173
-0.004276558617521509 -0.00259056873888776 0.004536390861284051
-0.003821378623795287 -0.003224448078912178 0.004547946888682568
-0.00355395560423889 -0.003517015718346876 0.003899882427802838
0.0002642274936471813 -0.004993013502044725 -0.004547434791609892
-0.0004809273846955094 -0.004976817140567849 -0.004505963966647378
0.001882203858513838 -0.004632203431952835 -0.004678783103695075
0.001110502797973281 -0.004875118822725608 -0.004763091485538103
0.0006515525932386722 -0.004957366157370662 -0.003998418513578178
0.004560958666706945 0.002048818205842286 0.001218742989725006
0.0045615514940201 0.00204749797738679 0.002028761174119838
0.004560202482047692 0.002050500749262499 0.0004150371235970727
0.004229987402800582 0.002665934465088816 0.0008212801133220824
0.004557868465091274 0.002055683597961154 -0.0003876565149908782
0.004561622149690288 -0.002047340558738324 0.002071663300417483
0.004560831344564014 -0.002049101619354786 0.001255852725883451
0.00422850423910764 -0.002668286322688913 0.0008607128074472579
0.004559189072826993 -0.002052753029035628 0.0004173600815638038
0.004555608496332774 -0.002060687076715105 -0.0003867117231637889
0.00278752985402512 0.004150864646422321 0.00361431829850893
0.002231678050416625 0.0044743282265932 0.004178136842300217
0.002823010966231492 0.004126815852995713 0.004582818528166424
0.003381024237139123 0.00368356825752935 0.004678500416106199
0.001570772388625094 0.004746859393655242 0.003581793559859106
0.001611407411976915 0.00473321942789745 0.004550293789516599
0.0008637255106830917 0.004924832813628827 0.004608520456591279
0.004603341169265472 -0.00195173002214589 -0.001404640417766724
0.004606731988508772 -0.001943713041076283 -0.002225568613039131
0.004607539688042859 -0.001941797626713433 -0.002843558615121365
0.004608054009044018 -0.001940576782746137 -0.003653786815026529
0.004349685620256219 -0.002465813254270539 -0.002631627228160494
0.004559679049930819 0.002051664436895563 -0.001987377724315769
0.004557343710396989 0.002056846689791198 -0.001165071362903721
0.004559193418765463 0.002052743376626919 -0.003458003262546098
0.004559193418765506 0.002052743376626823 -0.002645503262546098
0.004227009675542568 0.002670653328844744 -0.002195380986861866
-0.004783409143902439 -0.001455677492451722 -0.003373912799208257
-0.004937848547718632 -0.0007859082133385511 -0.004013569055368245
-0.004784509048339995 -0.0014520582517078 -0.004506980815797558
-0.004498451846704189 -0.002182643118533965 -0.004581243861218361
-0.004998707232366586 -0.0001136925902862166 -0.003493015171544503
-0.004998791814474737 -0.0001099108526960074 -0.004626083188133803
-0.004954442237662726 0.0006734256556321266 -0.004764383760641585
0.002603669293753614 -0.004268595343759415 0.004430807269100437
0.003239369233280246 -0.003808738238639846 0.004430807269100616
0.003347974548059632 -0.003713632510836916 0.003834304823193669
0.003636128567993543 -0.003431991992563681 0.004550134626050703
0.004084236203154612 -0.002884270208708123 0.004339134906074339
0.002769884376309159 0.004162660272215164 -0.004232690102653143
0.003393963680778835 0.003671649565733933 -0.004461510270787962
0.003817003585375218 0.003229625927136568 -0.004678855844442106
0.004264724613431377 0.002610004592255077 -0.004824225083508356
0.003687229461639764 0.003377031077324539 -0.003993729043272809
0.002996379888000562 -0.004002712526123471 -0.004500652953183597
0.002369403821162106 -0.004402945097575305 -0.004438833734759402
0.00409833931254418 -0.002864195328404629 -0.004412173753703683
0.003599002868939531 -0.003470904543395716 -0.00458624935222746
0.003136888771571755 -0.003893575327997013 -0.00381977286867891
0.004561950621415874 0.00204660854287363 0.002838802557991154
0.00456135805152854 0.002047928886889327 0.003653784373596323
0.004223574326601172 0.002676082941105423 0.004041646037842396
0.004554864084844237 0.002062331973421368 0.00445036166424607
0.004562131049389637 -0.002046206316136035 0.003397020739604936
0.004562920736560972 -0.002044444753927549 0.00258783131413897
0.004620267712361394 -0.001911315323569299 0.00439356881600246
0.004310312989708616 -0.002534009062878261 0.0037280895556074
0.004231490073007052 0.002663548715913185 0.002435027363321333
0.003819596320787187 0.003226559149656021 0.0004210005888911792
0.003820786441233148 0.003225149759389311 0.001224706455019113
0.003337645354212035 0.003722918678873717 0.00162275176633627
0.003821494970080628 0.003224310188807594 0.002023031290767175
0.003822123562333875 0.003223565025597004 0.002833072674638491
0.003818051031893142 0.003228387572436078 -0.000377028792456136
0.003335044046489327 0.003725249147100915 2.639754924089414e-05
0.004228322689855049 0.002668574006928976 -0.0007598406007186939
0.003817227029618549 0.00322936182617395 -0.001154443640368979
0.002789536755040388 0.004149516199785072 -0.0003705722003191211
0.002791523190949918 0.004148180115953114 0.0004274571810281942
0.002193312893484935 0.004493259234817499 0.0008233110656026528
0.00279191174855617 0.004147918609167016 0.001220280815162669
0.002792823050483114 0.004147305077841537 0.00201860565091073
0.002787447426097541 0.004150920000041219 -0.001163858996684682
0.002190629583600407 0.004494568057940018 -0.0007627993648973829
0.003328911895050236 0.003730729901104213 -0.001563704782171731
0.002782605133732009 0.004154167626580356 -0.001955931946749993
0.003813458668176395 0.003233810907599625 -0.00194651659043429
0.001553472547033179 0.004752549110279057 -0.001157291171410601
0.00155586490824194 0.004751766449153546 -0.0003640043750450404
0.0008910692575937794 0.004919958900048991 3.195330868471617e-05
0.001557447481418368 0.00475124797738695 0.0004264451151979346
0.001557892535233329 0.004751102066748753 0.00121926874933241
0.001551759908008938 0.004753108581538622 -0.00178148630682183
0.0008876575018710884 0.004920575592283079 -0.001382691316969486
0.002782204235074339 0.004154436134342953 -0.002544846496245549
0.00218793277078082 0.004495881469805823 -0.002145000710758501
0.001551301216051208 0.004753258307422188 -0.002370400856317386
0.0002095565661208398 0.004995606674428606 -0.000361845432656477
0.0002112204292530601 0.004995536600833404 0.000428604057586498
0.0002078708311648334 0.004995677103011247 -0.001150108194308803
-0.0004759190836985089 0.004977298567071456 -0.0007534574454070219
0.0002060706705234867 0.004995751683055314 -0.001774303329720031
-0.00047564301565414 0.004977324956405744 0.00082044070520751
0.0002098118003533683 0.00499559596128755 0.001214239446548704
0.0002032300488126826 0.004995868047422749 0.001998296293186519
0.000886225584150503 0.004920833690950864 0.001606459645565506
0.001551631728164596 0.004753150426838283 0.002003325595970224
-0.001149888783700147 0.004865979427116456 -0.001146145477143658
-0.001148246736769254 0.004866367169819676 -0.0003578827154913323
-0.001799938922104066 0.0046647850836555 3.551845292327441e-05
-0.00114732561070731 0.004866584422674192 0.0004282064846599107
-0.001148697824202271 0.004866260711128512 0.001213841873622117
-0.001151950937992373 0.004865491654135119 -0.001931721290027531
-0.001802798522868487 0.004663680680100557 -0.001536146560111842
-0.0004792793864033122 0.004976976117058315 -0.002134804133175699
-0.001153593980626511 0.004865102355332545 -0.002524805216143883
0.0002043835607882243 0.004995820989595156 -0.002367387255836383
-0.002417816893451897 0.00437654675169118 -0.000356715374494691
-0.002416988457807508 0.00437700431743279 0.0004293738256565512
-0.002419008318549972 0.004375888338930284 -0.001140310520075565
-0.002991069984971623 0.00400668196204813 -0.0007464551473422868
-0.00242086265267401 0.004374862742634123 -0.001925886332959439
-0.002989403486480841 0.004007925497687824 0.0008218417853522106
-0.002416359828070246 0.004377351388829589 0.001214075612770176
-0.002416440145037179 0.00437730705176741 0.001998386628941805
-0.001799141537072777 0.004665092681778081 0.001605918669246145
-0.001148787112084107 0.004866239633547598 0.001998152889793744
-0.003506297049246172 0.003564530965281068 0.000430106552318228
-0.003505785091883794 0.003565034486442641 0.001214808339431851
-0.003506938118129941 0.003563900256124914 -0.0003540475813542093
-0.003958255654542067 0.003054866964907924 3.891897272543122e-05
-0.003507908259884728 0.003562945360264805 -0.001137642726935084
-0.003957966560773464 0.003055241513170289 0.00142556580412596
-0.003506088943120671 0.003564735659614465 0.001817301037159941
-0.003587137559071502 0.003483165820385035 0.0023399428614016
-0.00308021486933866 0.00393856272753209 0.002129185396707491
-0.002516463070828859 0.004320580240332841 0.00252102845318346
-0.004336443609014393 0.002489027285073071 -0.0003523870770648719
-0.004335995856097633 0.00248980720858145 0.0004317670566075646
-0.004633474337458703 0.001879073059812106 0.0006327339803244673
-0.004335367738842417 0.002490900754547317 0.001024040030114771
-0.004335580033802374 0.00249053122254956 0.001626532727842861
-0.004336688609655644 0.002488600390356596 -0.001175801861671833
-0.004634132969824385 0.001877448166524612 -0.0007829537777896993
-0.003959674955403151 0.003053027063023362 -0.001528485397030841
-0.004337397387563191 0.002487364851074327 -0.001959052097755668
-0.003508923131424283 0.003561945880801056 -0.001920892963018919
-0.004846101365921185 0.001230975853222485 -0.001173799071360115
-0.004845980164283948 0.001231452900993991 -0.0003503842867531547
-0.004968187391059244 0.000563128801714091 4.19706046183542e-05
-0.00484575035593837 0.001232356883343115 0.0004328158981887695
-0.004845439376672986 0.001233579039618826 0.001025088871695976
-0.004845969577575603 0.001231494560772286 -0.00198705346869413
-0.004968232149525208 0.0005627337811293456 -0.001554483977657586
-0.004634492865244672 0.001876559586582913 -0.002404852737201077
-0.004846084453177106 0.001231042433336544 -0.002785537643498548
-0.004337629436291761 0.002486960167235337 -0.002757536272560086
-0.00499864802711866 -0.0001162665084309637 -0.00034882944818643
-0.004998669629328082 -0.00011533402287731 0.0004343707367554942
-0.004998625503909324 -0.0001172308477631125 -0.001131903569603504
-0.004936627450036747 -0.0007935423237255077 -0.0007395034374663633
-0.004998638023372137 -0.0001166958066868366 -0.00194515796693752
-0.004936971050139704 -0.000791401825928187 0.000753147940959863
-0.0049986972408141 -0.0001141310416911357 0.001143947993764647
-0.004998712726061979 -0.0001134507924433075 0.001926716290163623
-0.004968005448980019 0.0005647316698263332 0.001607939085959255
-0.004845271460084947 0.001234238420276363 0.001807857168094953
-0.004783880285796179 -0.0014541284025734 0.0004357714377170663
-0.004784230097225493 -0.001452977073735765 0.001145348694726218
-0.004783604348792578 -0.001455035887603029 -0.0003469666069670771
-0.004542366808346268 -0.00208971380299651 4.523414679927836e-05
-0.004783323553575471 -0.001455958715695651 -0.001130040728384151
-0.004543132744669743 -0.002088048099136982 0.001610664478188241
-0.004784487157299538 -0.001452130380384551 0.001928040981431039
-0.004785839127497984 -0.001447668417044917 0.002625336729719901
-0.004937896060095164 -0.000785609635694891 0.002160020946257879
-0.004998816340996166 -0.0001087896547917117 0.002624012038452487
-0.004216909083583262 -0.002686573613507169 -0.0003453211287979627
-0.004217418655833968 -0.002685773609488263 0.0004374169158861806
-0.003814860718958878 -0.003232156817814469 0.0008290789118343637
-0.004218043483670898 -0.002684792202361568 0.001219634187431605
-0.004218518548324282 -0.002684045688404724 0.002002326474136424
-0.004216401931407251 -0.002687369485728601 -0.001127900650706585
-0.003813498249362138 -0.003233764231064458 -0.000735717881619683
-0.004541518838890622 -0.002091556032240489 -0.001519647260929862
-0.004215821625003788 -0.002688279752211517 -0.001910044013751582
-0.004783009097863003 -0.001456991410324628 -0.001912184091429149
-0.003339707134096331 -0.003721069235914063 -0.001126595006168507
-0.003340409407442387 -0.00372043881695028 -0.0003440154842598844
-0.002805730489505729 -0.004138583866524628 4.797447380518096e-05
-0.003341077711703899 -0.003719838669130079 0.0004388515983540049
-0.003341943175761814 -0.00371906114630817 0.00122106886989943
-0.003339054600035628 -0.003721654790275546 -0.001908694439193437
-0.00280426114376866 -0.00413957962087327 -0.001516992041833638
-0.004215304738344881 -0.002689090173811058 -0.0026924874608813
-0.003812265940611035 -0.003235216901238163 -0.002300740850658024
-0.003338339068235501 -0.003722296638567718 -0.002691137886323155
-0.002218611031257576 -0.004480821921476259 -0.0003424838691993811
-0.002219415952629442 -0.004480423286835068 0.0004403832134145082
-0.002217086394872671 -0.004481576499142964 -0.001126189157282457
-0.00158974494551685 -0.004740539105228816 -0.0007337804176731294
-0.002216300524506171 -0.004481965192309471 -0.001908288590307386
-0.001592196125883355 -0.004739716394123391 0.0008323037114535093
-0.002220208429360045 -0.00448003063942632 0.001222762054458073
-0.00280757146508162 -0.004137335189280588 0.001613284527180347
-0.003342929555429675 -0.003718174550425889 0.002003511840660705
-0.002221396698977203 -0.004479441561821428 0.002005205025219348
-0.0009298534999557463 -0.004912776452131732 -0.001124171646712605
-0.0009315249178043633 -0.004912459804162226 -0.0003404663586295291
-0.0002554195434981311 -0.004993471823971695 5.545056026997047e-05
-0.0009325660788016297 -0.004912262259760624 0.0004458417893094457
-0.000933434960707719 -0.004912097227674609 0.00122822063035301
-0.0009294070183822659 -0.004912860937802106 -0.001756063207607724
-0.0002539073682086462 -0.004993548943223582 -0.001362749148564124
-0.002215850571011501 -0.004482187663066775 -0.002531326287789913
-0.001587656019361013 -0.004741239116959484 -0.00214052340323873
-0.0009289138139559626 -0.004912954215768939 -0.00237910090509025
0.0004282401316866265 -0.004981627283289369 -0.0003367934236733873
0.0004271842802969589 -0.004981717935679134 0.0004495147242655874
0.0004301400998711656 -0.00498146358959722 -0.001125717935866574
0.00110471753590323 -0.004876433037156144 -0.0007316537718709566
0.0004305928181798135 -0.004981424477489543 -0.001757609496761694
0.001102005970158156 -0.004877046528559655 0.0008450715590783064
0.0004263143720961104 -0.004981792454141812 0.001237315543021663
-0.0002609485345453264 -0.004993185943094714 0.001503187523363736
-0.0009378325255767582 -0.004911259528264651 0.001889649445507802
0.0004218538621317143 -0.004982172148672159 0.001898744358176455
0.001762321753664446 -0.00467912620438486 -0.001093579691960177
0.001760537000470187 -0.004679798015937807 -0.0003046551797669895
0.002384085749656741 -0.004395012529934773 9.424522002627559e-05
0.001759540392233211 -0.004680172818187358 0.0004561711401154947
0.001758723119170857 -0.004680479995694238 0.00124397195887157
0.001764393933269681 -0.004678345225423317 -0.00191526205412519
0.002386967680188771 -0.004393447996020238 -0.001488263462021223
0.001107816122244618 -0.004875730041675287 -0.002310602324512333
0.001765582480563782 -0.004677896803513972 -0.002705286094573379
0.0004318584103816666 -0.004981314918109738 -0.002547633537209883
0.002900501852826542 -0.004072725009345683 -0.0004538387018667997
0.002899634495630185 -0.004073342582173942 0.0003069876180156837
0.002968172562021146 -0.004023673898573893 -0.001912759364331673
0.002966390213729639 -0.004024988086925106 -0.001091077002166659
0.003432751102898662 -0.003635411925153465 -0.0008783346041772505
0.002787856858927424 -0.004150645026273787 0.002441392731803919
0.002283197942997149 -0.004448258890070765 0.001647502645332379
0.002880953414245884 -0.004086576491997303 0.001648961626380298
0.002973916094131684 -0.004019430689172853 0.0008439601803374606
0.00342367116089386 -0.003643964294839302 0.001637850266808999
0.001652490415712056 -0.004719033314777487 0.002036403064295191
0.003440319956944288 -0.003628250073224123 0.0002958762584443853
-0.004595472847468947 0.001970185094902418 0.001908010252604568
-0.004286214132982824 0.002574561789163021 0.002309536026615757
-0.004314206930643159 0.002527373846424492 0.003048075246812359
-0.00399151033440932 0.003011286311579091 0.002766597722050652
-0.003625142623291144 0.003443594192235462 0.0030784820815982
-0.001156051316253728 0.004864519025986848 -0.003309152408524166
-0.001807130005371227 0.004662003983662712 -0.003106069565375999
-0.002424408115557664 0.004372898957124225 -0.003496077672880621
-0.002422198947501458 0.004374123027387642 -0.002711730480500338
-0.00299338424278592 0.004004953280007267 -0.002315894440464061
-0.003739353597816836 -0.00331922199777211 0.002192097063691961
-0.00415488979073129 -0.002781526707920831 0.002583127354448597
-0.004461402627816132 -0.002257407050692302 0.00387290868826779
-0.004652890125851981 -0.001830468103177202 0.00310979905140166
-0.004328490159414487 -0.002502832982812068 0.003156466401759191
-0.003876677573507304 -0.003157747771919968 0.003346236991314726
-0.004859161650261497 -0.001178366690223364 0.003341779016228502
-0.004540613784106311 -0.00209352011301152 -0.003084557591806215
-0.00421472214640033 -0.002690003202348019 -0.003475254428712656
-0.004783724350977393 -0.001454641307630826 -0.002591145831376902
-0.004936864012793151 -0.0007920692641353467 -0.002201539298831191
0.002970660804917438 -0.004021837189908025 -0.002507492775782129
0.003493666063879365 -0.00357691171740339 -0.002110306315927566
0.001810253783622124 -0.004660791911132891 -0.003417401417297784
0.002430824693700452 -0.004369335339441928 -0.003022061146910641
0.003009000626581753 -0.003993233680769336 -0.003219608098506534
-0.004998694753570559 -0.0001142399257097414 -0.002624119706885273
-0.004968110182599658 0.0005638095543262785 -0.003236633839650832
-0.004845949630481093 0.001231573050549644 -0.003654433108157778
-0.0011484913890969 0.004866309436232993 0.002783113937509254
-0.0004767440177765262 0.004977219619578213 0.002391037141885224
-0.001740493628253171 0.004687289401136878 0.003132503487454224
-0.001087281581060063 0.004880350270573572 0.003525387739545701
-0.002365403464361043 0.004405095509837304 0.003082833225060249
-0.003034232486190421 0.003974095270592629 0.003213631992825937
0.003333916890709506 0.003726257930664738 0.003220038293229736
0.003818185523797128 0.003228228508929634 0.003632034365783895
0.002792594975340714 0.004147458656056959 0.002815356607363528
0.002193486690252351 0.004493174394532866 0.002412885656189926
-0.003510011050342583 0.00356087382905839 -0.002706737110559819
-0.003507005867240602 0.003563833588586873 -0.003451040507261428
-0.003957968567913348 0.003055238912983723 -0.003056039029816287
-0.004335529906532484 0.002490618483341524 -0.003501839669261696
0.00328603154037406 0.003768553663631033 -0.003066080600927854
0.002739393765965653 0.004182788758112047 -0.003255149364936362
0.003812693316131163 0.003234713229504086 -0.002604642128664618
0.003779273551812734 0.003273696904200016 -0.003314944997355431
-0.004820294816571371 0.001328441899871868 0.002490860466867847
-0.004991349813895038 0.0002939847535672091 0.003103162656016865
-0.004891829134492436 0.001034411774358251 0.003154352141690425
-0.004672434605040666 0.001779987320634186 0.003254505226200042
-0.004985470850474693 -0.000380894209810468 0.00333646731211112
0.003961139654318749 -0.003051126454112242 -0.002359338476728141
0.003959251647161583 -0.003053576001092538 -0.001764605065277685
0.004288726887880246 -0.002570373840742437 -0.0009957085314753244
0.003885489315406264 -0.003146898914783213 -0.0007466763706747495
0.00383376774915845 -0.003209707906572271 -0.0001094380703748907
0.001576819962179839 0.004744853928928811 -0.003094619445111051
0.0009123134910075911 0.004916063882225855 -0.00273110504117438
0.002220293561899683 0.004479988448532744 -0.003711455997970838
-0.0003165886964363031 0.004989967093808211 -0.003418755355657277
-0.0009950156816177654 0.004899994264622637 -0.004000019704889392
0.0002312251375850411 0.004994650632001079 -0.003091605844630048
-0.002363386871189119 0.004406177765035236 -0.004094143122482999
-0.002938658644966289 0.004045279393115499 -0.003699804037607338
-0.002042318992570413 0.004563872602580639 -0.004578273507554035
-0.001328661497896713 0.004820234291401908 -0.00462634481588082
-0.004282213283522249 -0.002581210838816852 -0.004036162657307513
-0.003893245187371955 -0.003137298505243821 -0.003644092526382599
-0.003351869271582802 -0.003710117570403798 -0.003440658723628932
-0.002818590036351774 -0.00412983658356823 -0.003048612312164346
-0.0002277423443314528 -0.004994810649524005 -0.002888701264554605
0.0004574974312920647 -0.00497902561756426 -0.003441694092305244
0.001298569039676588 -0.004828428155123924 -0.003657350786233456
0.00199085212239095 -0.004586557295703549 -0.003974125838570718
0.003609941805983793 -0.003459526001840494 -0.003305204497550398
0.003962407816186231 -0.00304947934871287 -0.002977328478810375
0.004059195959936355 -0.002919405446120215 -0.00357749324898275
0.004232330138491108 -0.002662213665132804 0.00221537346548839
0.003894551239245671 -0.003135677063233713 0.001266027136266533
0.003892039110375587 -0.003138794603555131 0.0004275344919468871
0.003823659882898782 -0.003221742556429746 0.002587196596030856
0.003821614180267896 -0.003224168894021426 0.002071028582309371
0.003997751266116998 -0.003002995973067553 0.003342586829676814
0.003541983254700346 -0.003529072771057908 0.003198241946497797
0.002561653640796547 -0.004293941152902983 0.003077455608499791
0.003135180250750034 -0.003894951192930016 0.00307891458954771
0.004500639411229898 0.002178128758839614 -0.004136787308463476
0.004150823255307124 0.00278759148786216 -0.003532290571009573
0.004641731165387978 0.001858583274503986 -0.004749937775044882
0.004383663039055941 -0.002404890508945227 -0.00408429773496366
0.004633898283835554 -0.001878027341405313 -0.004488467319747461
0.0002035336468083546 0.004995855687929435 0.002783257340902025
0.000899838715908864 0.004918362561396983 0.003172233499639405
0.0002239379427068472 0.004994982662413977 0.003564974348338109
-0.000530702819320699 0.004971755677581619 0.003985691026176416
0.0001694415747489636 0.004997128130511223 0.004374667184913794
-0.002232154864562427 -0.004474090372423236 -0.003280847125095689
-0.0009036086938071139 -0.004917671331888316 -0.003273161460185611
-0.002212301240179376 -0.004483940590897787 -0.004032194975628995
-0.001566147891886277 -0.00474838717679384 -0.003514908951254563
-0.0008818019194846332 -0.004921628325543612 -0.004024509310718918
-0.003255463252846504 -0.003794991305571866 0.002584312720972878
-0.001592978771923866 -0.00473945341070043 0.002232742486786925
-0.002221344049677106 -0.004479467670713131 0.002623264959509197
-0.002292369508967745 -0.004443539358929431 0.003365495619028565
-0.002874161719716138 -0.004091356059904634 0.003137958157460988
-0.003315461763579687 -0.003742687977141706 0.003326543380492246
0.003807965670819921 0.003240277372364438 0.004428611656433642
0.001551370337912858 0.004753235747850525 0.002800076552423022
-0.004620307481021208 0.001911219187016356 -0.003992806436561004
-0.004836470940036809 0.001268285790419285 -0.004443902632713288
-0.0009377748009899337 -0.004911270550746343 0.002507709379797651
-0.000238690714642161 -0.004994299424618393 0.002997962021643845
-0.0009114741003530926 -0.004916219580570575 0.003341055062922967
-0.00156919070501604 -0.004747382492625938 0.003585497745082786
-0.002270108997579103 -0.004454952877316481 0.004100190943034577
-0.0008868659687415008 -0.004920718316820036 0.004075750386928981
0.001087535671667376 -0.004880293655391137 0.002419505932929489
0.0004079449394455925 -0.004983330304764147 0.002685377913271564
0.001639311226534241 -0.004723627705753153 0.0028230366193903
0.002046767332546648 -0.004561879380959111 0.003224878235747584
-0.001155489757959845 -0.004864652445884485 -0.00474771145771633
-0.001920132678817913 -0.004616610281985642 -0.004736404774573212
-0.001922615648279339 -0.00461557678616567 0.004783134447868392
-0.001149034301542256 -0.004866181272196845 0.004764883898219525
-0.004614600377790814 -0.001924958013384416 0.004489723510926523
-0.004859023218203905 -0.001178937388055602 0.004492121738623897
-0.004255858711034158 0.002624436440783939 0.004340905278166353
-0.004459195867920836 0.002261763075902899 0.003711566921634937
-0.003788194239170931 0.003263370099500234 0.004340189032566374
-0.004938252897647108 -0.0007833634653722009 0.003820929633792879
-0.003503774464675043 0.003567010583204249 0.003640286853474989
0.002432287186868074 -0.004368521379208003 0.003862400093491375
2 6 0 110
1360
1361
1362
1363
1364
1365
1366
1367
1368
1369
1370
1371
1372
1373
1374
1375
1376
1377
1378
1379
1380
1381
1382
1383
1384
1385
1386
1387
1388
1389
1390
1391
1392
1393
1394
1395
1396
1397
1398
1399
1400
1401
1402
1403
1404
1405
1406
1407
1408
1409
1410
1411
1412
1413
1414
1415
1416
1417
1418
1419
1420
1421
1422
1423
1424
1425
1426
1427
1428
1429
1430
1431
1432
1433
1434
1435
1436
1437
1438
1439
1440
1441
1442
1443
1444
1445
1446
1447
1448
1449
1450
1451
1452
1453
1454
1455
1456
1457
1458
1459
1460
1461
1462
1463
1464
1465
1466
1467
1468
1469
0.00207514070537623 0.002856186149313634 0.0065
-0.00200067167018815 0.002753688315645852 0.0065
6.364753233478552e-18 0.003487638111958582 0.0065
0.003316940952857535 -0.001077739446824958 0.0065
-0.003357648192737163 0.001090966030841137 0.0065
-0.002029436173644815 -0.002793279258154909 0.0065
0.003357648192737167 0.001090966030841126 0.0065
-3.35299129312015e-18 -0.00357502578380589 0.0065
0.002075140705376223 -0.002856186149313638 0.0065
-0.003357648192737168 -0.001090966030841117 0.0065
-0.003089328596252309 -0.002244528608160395 0.0065
-0.001180018521351384 -0.003631723576725024 0.0065
0.001180018521351385 0.003631723576725027 0.0065
-0.003089328596252299 0.002244528608160413 0.0065
0.003089328596252304 -0.002244528608160405 0.0065
0.003089328596252309 0.002244528608160402 0.0065
-0.003818620149801851 1.170938346284345e-17 0.0065
-0.001180018521351372 0.00363172357672503 0.0065
0.003818620149801852 -1.084202172485504e-18 0.0065
0.001180018521351376 -0.003631723576725028 0.0065
0.002928824096368583 0.000545483015420563 0.0065
0.002690095339337268 0.001280214580786154 0.0065
0.002669741719397451 -0.001273601288778072 0.0065
0.002908470476428767 -0.0005388697234124792 0.0065
0.003567780551329693 -0.0005388697234124797 0.0065
0.003159310074900926 -5.421010862427522e-19 0.0065
0.00358813417126951 0.0005454830154205624 0.0065
0.00428695136563881 0.0007725424859373673 0.0065
0.004409310074900926 -5.421010862427522e-19 0.0065
0.00428695136563881 -0.0007725424859373696 0.0065
0.0020488415956568 0.002162824640022408 0.0065
0.001423841595656801 0.002616913720025758 0.0065
0.002555935541094839 0.001856995869445792 0.0065
0.002582234650814269 0.002550357378737018 0.0065
0.003223488394494738 0.001667747319500764 0.0065
0.0003862712429686894 0.002932639701348232 0.0065
-0.0003862712429686787 0.002932639701348234 0.0065
0.001627579613363808 0.003243954863019331 0.0065
0.0009762805036443789 0.003004682433731455 0.0065
0.0005900092606756958 0.003559680844341804 0.0065
-0.001386607078062757 0.002565664803191869 0.0065
-0.002011607078062757 0.00211157572318852 0.0065
-0.0009762805036443678 0.003004682433731458 0.0065
-0.001590345095769761 0.003192705946185441 0.0065
-0.0005900092606756827 0.003559680844341806 0.0065
-0.002690095339337263 0.001280214580786163 0.0065
-0.002928824096368582 0.0005454830154205727 0.0065
-0.002545000133220225 0.002499108461903132 0.0065
-0.002555935541094832 0.001856995869445801 0.0065
-0.003223488394494731 0.001667747319500775 0.0065
-0.002928824096368584 -0.0005454830154205545 0.0065
-0.00269009533933727 -0.001280214580786148 0.0065
-0.003588134171269507 0.0005454830154205746 0.0065
-0.003159310074900926 9.893548111837569e-18 0.0065
-0.00358813417126951 -0.0005454830154205528 0.0065
-0.002025989329791093 -0.002131371194443044 0.0065
-0.001400989329791093 -0.002585460274446396 0.0065
-0.00255593554109484 -0.001856995869445787 0.0065
-0.002559382384948562 -0.002518903933157652 0.0065
-0.003223488394494739 -0.001667747319500756 0.0065
-0.0003862712429686873 -0.002976333537271887 0.0065
0.0003862712429686813 -0.002976333537271887 0.0065
-0.0016047273474981 -0.003212501417439966 0.0065
-0.0009762805036443777 -0.003004682433731453 0.0065
-0.0005900092606756937 -0.003603374680265457 0.0065
0.001423841595656795 -0.002616913720025761 0.0065
0.002048841595656795 -0.002162824640022412 0.0065
0.0005900092606756863 -0.003603374680265459 0.0065
0.0009762805036443711 -0.003004682433731456 0.0065
0.0016275796133638 -0.003243954863019333 0.0065
0.002555935541094835 -0.001856995869445795 0.0065
0.003203134774554919 -0.001661134027492682 0.0065
0.002582234650814264 -0.002550357378737021 0.0065
0.003567206784063524 0.002591727434811383 0.0065
0.003922305588864038 0.001894806790017569 0.0065
0.004056465387106467 0.001318025501357931 0.0065
0.00301412742885734 0.003144806790017568 0.0065
0.001362551746613065 0.004193503079100396 0.0065
0.002059472391406878 0.003838404274299881 0.0065
0.0025070334834193 0.003450635560594184 0.0065
0.0005900092606756973 0.004315861788362513 0.0065
-0.00136255174661305 0.004193503079100401 0.0065
-0.0005900092606756814 0.004315861788362515 0.0065
7.7763445094677e-18 0.004243819055979291 0.0065
-0.002059472391406863 0.003838404274299888 0.0065
-0.003567206784063514 0.002591727434811395 0.0065
-0.003014127428857327 0.003144806790017579 0.0065
-0.002469798965825252 0.003399386643760298 0.0065
-0.003922305588864031 0.001894806790017583 0.0065
-0.004409310074900925 1.393240449225341e-17 0.0065
-0.004286951365638807 0.0007725424859373821 0.0065
-0.004056465387106463 0.001318025501357945 0.0065
-0.004286951365638812 -0.0007725424859373561 0.0065
-0.003567206784063527 -0.002591727434811376 0.0065
-0.003922305588864041 -0.00189480679001756 0.0065
-0.004056465387106471 -0.00131802550135792 0.0065
-0.003014127428857343 -0.003144806790017562 0.0065
-0.001362551746613063 -0.004193503079100395 0.0065
-0.002059472391406881 -0.003838404274299876 0.0065
-0.002484181217553596 -0.003419182115014819 0.0065
-0.0005900092606756946 -0.004315861788362511 0.0065
0.001362551746613054 -0.004193503079100398 0.0065
0.0005900092606756853 -0.004315861788362514 0.0065
-4.356169078493779e-18 -0.004287512891902945 0.0065
0.002059472391406869 -0.003838404274299884 0.0065
0.003567206784063519 -0.002591727434811388 0.0065
0.003014127428857333 -0.003144806790017573 0.0065
0.002507033483419292 -0.00345063556059419 0.0065
0.003922305588864036 -0.001894806790017572 0.0065
0.004036111767166652 -0.001311412209349848 0.0065
2 7 0 110
1470
1471
1472
1473
1474
1475
1476
1477
1478
1479
1480
1481
1482
1483
1484
1485
1486
1487
1488
1489
1490
1491
1492
1493
1494
1495
1496
1497
1498
1499
1500
1501
1502
1503
1504
1505
1506
1507
1508
1509
1510
1511
1512
1513
1514
1515
1516
1517
1518
1519
1520
1521
1522
1523
1524
1525
1526
1527
1528
1529
1530
1531
1532
1533
1534
1535
1536
1537
1538
1539
1540
1541
1542
1543
1544
1545
1546
1547
1548
1549
1550
1551
1552
1553
1554
1555
1556
1557
1558
1559
1560
1561
1562
1563
1564
1565
1566
1567
1568
1569
1570
1571
1572
1573
1574
1575
1576
1577
1578
1579
0.002064658014612144 0.002841757963268056 -0.0065
0.003357648192737165 -0.001090966030841128 -0.0065
6.375108774214767e-18 0.003403745946985165 -0.0065
-0.002101347432286434 0.002892256614427588 -0.0065
0.003340686842787321 0.001085454954167721 -0.0065
-0.003357648192737163 0.001090966030841137 -0.0065
-0.002000671670188163 -0.002753688315645842 -0.0065
-3.428461932028715e-18 -0.003530440236945018 -0.0065
0.002075140705376223 -0.002856186149313638 -0.0065
-0.003283696706955839 -0.001066937736545076 -0.0065
-0.003089328596252309 -0.002244528608160395 -0.0065
-0.001180018521351372 0.00363172357672503 -0.0065
0.003818620149801852 -1.951563910473908e-18 -0.0065
-0.003818620149801851 1.073360150760649e-17 -0.0065
-0.001180018521351384 -0.003631723576725024 -0.0065
-0.0030893285962523 0.002244528608160413 -0.0065
0.003089328596252304 -0.002244528608160406 -0.0065
0.003089328596252309 0.002244528608160401 -0.0065
0.001180018521351386 0.003631723576725027 -0.0065
0.001180018521351376 -0.003631723576725028 -0.0065
0.002681614664362345 0.001277459042449452 -0.0065
0.00292034342139366 0.0005427274770838607 -0.0065
0.002928824096368582 -0.0005454830154205642 -0.0065
0.002690095339337266 -0.001280214580786157 -0.0065
0.003159310074900926 -9.75781955236954e-19 -0.0065
0.003588134171269509 -0.0005454830154205651 -0.0065
0.003579653496294587 0.0005427274770838597 -0.0065
0.004409310074900926 -9.75781955236954e-19 -0.0065
0.00428695136563881 0.0007725424859373668 -0.0065
0.00428695136563881 -0.0007725424859373701 -0.0065
0.001418600250274758 0.00260969962700297 -0.0065
0.002043600250274757 0.002155610546999619 -0.0065
0.002576993305432227 0.002543143285714229 -0.0065
0.00255593554109484 0.001856995869445792 -0.0065
0.003215007719519815 0.001664991781164061 -0.0065
-0.0003862712429686786 0.002890693618861525 -0.0065
0.0003862712429686894 0.002890693618861524 -0.0065
0.0009762805036443791 0.003004682433731455 -0.0065
0.001622338267981765 0.003236740769996541 -0.0065
0.0005900092606756962 0.003517734761855096 -0.0065
-0.002061944959111899 0.002180859872579388 -0.0065
-0.001436944959111899 0.002634948952582736 -0.0065
-0.0009762805036443677 0.003004682433731458 -0.0065
-0.0005900092606756827 0.003517734761855098 -0.0065
-0.001640682976818903 0.003261990095576309 -0.0065
-0.002928824096368582 0.0005454830154205728 -0.0065
-0.002690095339337263 0.001280214580786163 -0.0065
-0.002555935541094832 0.001856995869445801 -0.0065
-0.002595338014269367 0.002568392611294 -0.0065
-0.003223488394494731 0.001667747319500775 -0.0065
-0.002653119596446605 -0.001268200433638127 -0.0065
-0.002891848353477919 -0.0005334688682725342 -0.0065
-0.003159310074900926 9.405657134219092e-18 -0.0065
-0.003588134171269507 0.000545483015420574 -0.0065
-0.003551158428378845 -0.0005334688682725329 -0.0065
-0.001386607078062767 -0.002565664803191862 -0.0065
-0.002011607078062768 -0.00211157572318851 -0.0065
-0.002545000133220236 -0.002499108461903119 -0.0065
-0.00255593554109484 -0.001856995869445787 -0.0065
-0.003186512651604074 -0.001655733172352736 -0.0065
0.0003862712429686813 -0.002954040763841452 -0.0065
-0.0003862712429686873 -0.002954040763841451 -0.0065
-0.0009762805036443774 -0.003004682433731454 -0.0065
-0.001590345095769773 -0.003192705946185433 -0.0065
-0.0005900092606756937 -0.003581081906835021 -0.0065
0.002048841595656795 -0.002162824640022412 -0.0065
0.001423841595656795 -0.002616913720025761 -0.0065
0.0009762805036443711 -0.003004682433731456 -0.0065
0.0005900092606756863 -0.003581081906835024 -0.0065
0.0016275796133638 -0.003243954863019333 -0.0065
0.003223488394494734 -0.001667747319500767 -0.0065
0.002555935541094835 -0.001856995869445795 -0.0065
0.002582234650814264 -0.002550357378737022 -0.0065
0.003922305588864038 0.001894806790017568 -0.0065
0.003567206784063524 0.002591727434811382 -0.0065
0.004047984712131544 0.001315269963021229 -0.0065
0.00301412742885734 0.003144806790017568 -0.0065
0.002059472391406878 0.003838404274299881 -0.0065
0.001362551746613065 0.004193503079100396 -0.0065
0.002501792138037257 0.003443421467571395 -0.0065
0.0005900092606756975 0.004315861788362513 -0.0065
-0.0005900092606756812 0.004315861788362515 -0.0065
-0.00136255174661305 0.0041935030791004 -0.0065
7.781522279835807e-18 0.004201872973492582 -0.0065
-0.002059472391406863 0.003838404274299888 -0.0065
-0.003014127428857327 0.003144806790017579 -0.0065
-0.003567206784063514 0.002591727434811395 -0.0065
-0.002520136846874394 0.003468670793151166 -0.0065
-0.003922305588864031 0.001894806790017583 -0.0065
-0.004286951365638807 0.0007725424859373817 -0.0065
-0.004409310074900925 1.344451351463494e-17 -0.0065
-0.004056465387106463 0.001318025501357945 -0.0065
-0.004286951365638812 -0.0007725424859373566 -0.0065
-0.003922305588864041 -0.00189480679001756 -0.0065
-0.003567206784063527 -0.002591727434811376 -0.0065
-0.004019489644215806 -0.0013060113542099 -0.0065
-0.003014127428857343 -0.003144806790017562 -0.0065
-0.002059472391406881 -0.003838404274299877 -0.0065
-0.001362551746613063 -0.004193503079100396 -0.0065
-0.00246979896582527 -0.003399386643760285 -0.0065
-0.0005900092606756946 -0.004315861788362512 -0.0065
0.0005900092606756854 -0.004315861788362514 -0.0065
0.001362551746613054 -0.004193503079100398 -0.0065
-4.393904397948062e-18 -0.00426522011847251 -0.0065
0.002059472391406869 -0.003838404274299884 -0.0065
0.003014127428857333 -0.003144806790017573 -0.0065
0.003567206784063519 -0.002591727434811388 -0.0065
0.002507033483419292 -0.00345063556059419 -0.0065
0.003922305588864036 -0.001894806790017572 -0.0065
0.004056465387106466 -0.001318025501357933 -0.0065
2 8 0 569
1580
1581
1582
1583
1584
1585
1586
1587
1588
1589
1590
1591
1592
1593
1594
1595
1596
1597
1598
1599
1600
1601
1602
1603
1604
1605
1606
1607
1608
1609
1610
1611
1612
1613
1614
1615
1616
1617
1618
1619
1620
1621
1622
1623
1624
1625
1626
1627
1628
1629
1630
1631
1632
1633
1634
1635
1636
1637
1638
1639
1640
1641
1642
1643
1644
1645
1646
1647
1648
1649
1650
1651
1652
1653
1654
1655
1656
1657
1658
1659
1660
1661
1662
1663
1664
1665
1666
1667
1668
1669
1670
1671
1672
1673
1674
1675
1676
1677
1678
1679
1680
1681
1682
1683
1684
1685
1686
1687
1688
1689
1690
1691
1692
1693
1694
1695
1696
1697
1698
1699
1700
1701
1702
1703
1704
1705
1706
1707
1708
1709
1710
1711
1712
1713
1714
1715
1716
1717
1718
1719
1720
1721
1722
1723
1724
1725
1726
1727
1728
1729
1730
1731
1732
1733
1734
1735
1736
1737
1738
1739
1740
1741
1742
1743
1744
1745
1746
1747
1748
1749
1750
1751
1752
1753
1754
1755
1756
1757
1758
1759
1760
1761
1762
1763
1764
1765
1766
1767
1768
1769
1770
1771
1772
1773
1774
1775
1776
1777
1778
1779
1780
1781
1782
1783
1784
1785
1786
1787
1788
1789
1790
1791
1792
1793
1794
1795
1796
1797
1798
1799
1800
1801
1802
1803
1804
1805
1806
1807
1808
1809
1810
1811
1812
1813
1814
1815
1816
1817
1818
1819
1820
1821
1822
1823
1824
1825
1826
1827
1828
1829
1830
1831
1832
1833
1834
1835
1836
1837
1838
1839
1840
1841
1842
1843
1844
1845
1846
1847
1848
1849
1850
1851
1852
1853
1854
1855
1856
1857
1858
1859
1860
1861
1862
1863
1864
1865
1866
1867
1868
1869
1870
1871
1872
1873
1874
1875
1876
1877
1878
1879
1880
1881
1882
1883
1884
1885
1886
1887
1888
1889
1890
1891
1892
1893
1894
1895
1896
1897
1898
1899
1900
1901
1902
1903
1904
1905
1906
1907
1908
1909
1910
1911
1912
1913
1914
1915
1916
1917
1918
1919
1920
1921
1922
1923
1924
1925
1926
1927
1928
1929
1930
1931
1932
1933
1934
1935
1936
1937
1938
1939
1940
1941
1942
1943
1944
1945
1946
1947
1948
1949
1950
1951
1952
1953
1954
1955
1956
1957
1958
1959
1960
1961
1962
1963
1964
1965
1966
1967
1968
1969
1970
1971
1972
1973
1974
1975
1976
1977
1978
1979
1980
1981
1982
1983
1984
1985
1986
1987
1988
1989
1990
1991
1992
1993
1994
1995
1996
1997
1998
1999
2000
2001
2002
2003
2004
2005
2006
2007
2008
2009
2010
2011
2012
2013
2014
2015
2016
2017
2018
2019
2020
2021
2022
2023
2024
2025
2026
2027
2028
2029
2030
2031
2032
2033
2034
2035
2036
2037
2038
2039
2040
2041
2042
2043
2044
2045
2046
2047
2048
2049
2050
2051
2052
2053
2054
2055
2056
2057
2058
2059
2060
2061
2062
2063
2064
2065
2066
2067
2068
2069
2070
2071
2072
2073
2074
2075
2076
2077
2078
2079
2080
2081
2082
2083
2084
2085
2086
2087
2088
2089
2090
2091
2092
2093
2094
2095
2096
2097
2098
2099
2100
2101
2102
2103
2104
2105
2106
2107
2108
2109
2110
2111
2112
2113
2114
2115
2116
2117
2118
2119
2120
2121
2122
2123
2124
2125
2126
2127
2128
2129
2130
2131
2132
2133
2134
2135
2136
2137
2138
2139
2140
2141
2142
2143
2144
2145
2146
2147
2148
-0.008091478563326641 0.001609495156633104 -0.009216783348032212
-0.00138530653834951 0.008132860861640638 -0.009271567566955222
-0.001585065840293152 -0.008096299542503092 -0.009291335908642968
-0.006812852271753775 -0.004652692115674476 0.009360691547103402
0.00784090909090839 0.002565666507578518 0.001499999999999965
0.00787230854037152 -0.00246764224416621 0.00147049673773589
-0.006859624301495977 0.004583454422411751 0.00921678334803221
0.001609495156633082 0.008091478563326647 0.009216783348032206
0.0015819408939282 -0.008096910707678432 0.009263301154700514
0.00417501833809616 0.007115597085035154 -0.009019881121187607
0.004583454422411704 -0.006859624301496009 -0.00921678334803161
-0.006799512549124044 -0.004672165353912963 -0.009580851557257308
0.007840909090909079 0.002565666507576417 -0.004500000000000018
0.007840909090905183 -0.002565666507588323 -0.004500000000000018
0.006821861171586101 0.004639473047190373 0.008933681431551248
0.006859624301495995 -0.004583454422411724 0.009216783348014977
0.007841333936020118 0.002564367778579989 0.004497662729492535
0.006623519186381934 0.004918484887404902 0.003000023563310885
0.006631606275867481 0.004907575593088205 -6.55408601332938e-05
0.004701052694913759 0.006779572520420745 0.001455516751097039
0.004712844844070401 0.006771380470459405 -0.001657062310791045
0.002244039748294123 0.007938941088588329 -0.0001131657664492879
0.002263135423244392 0.00793351864282529 -0.003265858835729605
-0.0004746778802217282 0.008236332977122052 -0.001706553402833563
-0.0004893809967506539 0.008235472435751293 0.001462225749307145
-0.003164863634842404 0.007618801623146001 -0.0001347797469360978
-0.003178842925286151 0.00761297955181532 0.003049586279816417
-0.005510495522881264 0.006139783309881999 0.001444437872175991
-0.005497451086428801 0.006151465805181949 -0.001749441220353891
-0.007227996851679346 0.003977255525121998 -0.0001674743375010505
-0.007235919986931655 0.003962822471764664 0.003031905223160885
-0.008139351807447289 0.001346644776696719 0.001418133653386753
-0.008136301660902968 0.001364952483710554 -0.001786615909641451
-0.008126258090146906 -0.001423527116820032 -0.0002001075146929425
-0.008141893913853263 0.001331188752791734 0.004624999578337424
-0.008130204172013083 -0.001400814092369525 -0.003023949994709962
-0.007195882917202976 -0.004035067414790787 -0.001785349615188069
-0.007187032707862702 -0.004050809901255762 0.001404690852277787
-0.005438818149441767 -0.006203366597042516 -0.000232120963373883
-0.005425078952988182 -0.006215385615860423 0.00298470346562643
-0.003059133210099544 -0.007661866874519948 0.001358647277121242
-0.003079999107603494 -0.007653502825318724 -0.001846395527066063
-0.0003624099807440127 -0.008242036095884144 -0.0002630235684155467
-0.000345259654719664 -0.008242772335253647 0.002922605165317024
0.00237441409432505 -0.007900927648616368 0.001315181767168406
0.002353501061760559 -0.00790718235228529 -0.00184617981245614
0.00469162182936002 0.006786102313572391 0.004565115195786212
0.00481343389403846 -0.006700250304855914 -0.000284084501757596
0.004826559285046146 -0.006690801556460545 0.002853233040186509
0.004794417372067677 -0.006713870870251801 -0.003427829723836696
0.002341761343966143 -0.007910667089942914 -0.004991411001058637
-0.0004933414651996605 0.008235236134969941 0.004649535394973987
-0.003187427333972155 0.007609389396702417 0.006240166936789911
-0.007178403799396505 -0.004066081515760577 0.004602237647474638
0.004747790500963114 0.006746924140596545 -0.004817164958324289
-0.0004517023905998969 0.00823762495810087 -0.004879032856975256
-0.00813253206153575 0.001387235476800201 -0.004998164616938019
-0.007205771215090192 -0.004017382381075719 -0.005033851837847728
-0.005411340791380191 -0.00622735022618327 0.006194416661089618
0.006675727276973848 -0.004847387474038706 -0.002520537130708603
-0.00304608426642574 -0.007667064017068957 0.004563774106357645
-0.003047821417037244 -0.007666373628375354 0.007092168318813558
-0.0003144580941267974 -0.008244004858504036 0.006117622830848338
0.002388620337480487 -0.007896644406542225 0.004480960672687901
0.004837996046727585 -0.006682536513319495 0.005218590731061842
0.006677263082668767 -0.004845271687411223 0.003989097716860231
0.004661840898904776 -0.006806595289371825 0.00840440439098443
-0.005452845294140599 -0.006191040154785683 -0.003444729929996804
-0.003093264414357076 -0.007648151100944083 -0.004573136574783596
-0.00812368892728714 -0.001438116202770948 0.003005108209404552
-0.007219147829280999 0.003993294957674356 -0.003369985887998443
-0.005479185953622946 0.006167740371126285 -0.004952452817427851
-0.005518149676956254 0.006132905032911206 0.00463397851681719
-0.003148361510411072 0.007625635698075415 -0.003312488441359731
0.007840909090908791 0.002565666507577295 -0.007500000000000008
0.007841333936020121 0.002564367778579974 -0.00150233727050747
0.007841333936020121 -0.002564367778579973 -0.007497662729492554
0.006666135241785109 -0.004860570021945018 -0.005020111679543244
-0.000351772986899014 -0.008242496937560132 -0.00317232361028915
0.004574721067578692 0.0068654517079251 0.009222622607244168
0.002258728095078973 0.007934774564693122 0.002997716403232261
-0.003111968779953934 0.007640559554940465 -0.006467846985041732
-0.005478477529510774 0.006168369635377368 -0.00710430739614989
0.001626361594195391 0.008088105338392066 -0.007754504097546021
-0.007201847590427881 0.004024411917814594 -0.006002676845772026
-0.008144613962876836 -0.00131444413944134 -0.006552732064197211
0.001508391456786098 -0.008110934299641116 -0.009453181526144041
-0.001687381569144638 0.008075595547085737 0.009372285965389041
-0.004514177068062489 0.00690541131274443 0.00938691125324663
-0.004605227597689814 -0.006845025841695274 -0.009326661738727159
-0.00810539811850188 -0.001537862588330374 0.008344802267433591
-0.008063201698524326 0.00174564554503898 0.009070387913208584
-0.007260369615579828 0.003917848012004194 0.006171461997476951
-0.008130845093982727 -0.001397089137334129 0.006112086903020328
0.00662288637571555 0.004919336952716428 -0.00308499435286373
0.006633441995990578 0.004905094013964315 0.005435174194181869
-0.0003143688453765667 -0.008244008262311277 -0.006457208452523454
0.006758452306998694 -0.004731365808519146 -0.009316753629387529
0.006757770298258461 0.00473233986480005 -0.009317419048871539
0.002232799280660244 0.007942109755743942 0.006136092688049672
0.00787073498994751 -0.002472656611423422 0.007499999999999982
0.007870734989947503 0.002472656611423449 0.007499999999999982
0.006709818773266273 0.004800086669001247 -0.005999999999999251
-0.005552913291939451 -0.006101446875307707 -0.006459769858961275
0.007900167315355684 -0.002376942655889235 -0.00131701052355891
0.006633915606448817 -0.00490445345849207 0.0005443235979837018
0.007913872543314979 -0.002330905696969593 0.004502572469854239
0.004569860362851399 -0.006868688103563858 -0.006380359844656075
-0.007059206601272444 0.004269672371570395 -0.009440920193592458
-0.00494740742063564 -0.006601943639129268 0.009466695503523557
-0.001060939461944147 -0.008181497873744737 0.009528878255453573
-0.008091471090663743 -0.001609532723790634 -0.009383530773740704
-0.00582907695182041 0.005838181385479222 0.00720027614223253
0.002788515242033792 -0.007764449931897638 0.006986667451068171
-8.268165400577551e-05 0.008249585671055902 0.00717113299100795
0.006523898870854986 -0.005049875594790137 0.006822100559725194
-0.007427901564932914 -0.0035900944753122 0.007017788063326588
0.007953068614652307 -0.002193444690579738 0.009854876578577115
0.007953068614652895 0.002193444690577603 0.009854876578575828
0.007950702686499471 -0.002202005175037086 -0.009844723840709359
0.007938613452268633 0.002245198533640068 -0.009673420305297756
0.004930921697028019 0.006614265735346465 0.006671390916903022
0.002826439837760744 0.007750724988252326 -0.005687017196207857
0.001609495156633082 0.008091478563326647 -0.01019319400026832
-0.003868823777812962 0.007286611186019812 -0.009686186904675455
-0.003155928561622349 -0.007622507127837684 -0.007449623640233471
-0.008197111209897072 0.000932667042721988 0.006752687415553269
0.005214417691200046 0.006393148531177732 -0.006902925924690462
-0.007474157882973261 -0.003492773101761502 -0.007267894231265063
-0.0005865432363068502 0.00822912310224745 -0.007168555724206799
0.002693169254529426 -0.007798034327088938 -0.007247591869759125
0.008175430143756547 0.00110672578562027 0.01092743828928791
0.007802430056061078 0.002680407659344887 0.01092743828928791
0.007802430056060715 -0.002680407659345944 0.01092743828928856
0.008175430143756398 -0.001106725785621374 0.01092743828928856
0.008175430143756398 -0.001106725785621374 0.009427438289288551
0.008175430143756547 0.00110672578562027 0.009427438289287909
0.008174833244893152 -0.001111126193638548 -0.009422361920354682
0.008174833244893152 -0.001111126193638548 -0.01092236192035468
0.008171782577296591 0.001133344391344436 -0.01083671015264888
0.008171782577296591 0.001133344391344436 -0.009336710152648881
0.007793659544205512 0.002705803191108758 -0.01083671015264888
0.007800986149424681 -0.002684607065565515 -0.01092236192035468
0.007259866032854233 0.003918781084088436 0.01046684071577562
0.006355853479117304 0.005259812406540033 0.01046684071577562
0.007488017175955963 0.003462960983405456 0.009394279005063538
0.005229685595248483 0.006380665214133282 0.01061131130362208
0.00388439262165415 0.007278323568022983 0.01061131130362208
0.005805968216673529 0.005861163115540874 0.009078152019397708
0.002394848587349337 0.007894757769790716 0.01060839167401611
0.0008086414077189001 0.008210273995045623 0.01060839167401611
0.003152287746937529 0.007624013507366544 0.009219702977638185
-0.000848185338396811 0.008206283058226099 0.01068614298269452
-0.002432854099338253 0.007883128879533371 0.01068614298269452
-3.974469605755283e-05 0.008249904263634537 0.009294534656710624
-0.003852356028729095 0.007295330905991488 0.01069345562662332
-0.005201582543514232 0.006403595790101685 0.01069345562662332
-0.003155497610243878 0.007622685539345381 0.009379598609317835
-0.006377336240242555 0.005233744594350107 0.01060839167401611
-0.007275850430873909 0.003889023078814518 0.01060839167401611
-0.00580419764900226 0.005862916479988151 0.009301847300639422
-0.007874294522114191 0.002461297580343027 0.01053519395660429
-0.008203167498376027 0.0008778057835234419 0.01053519395660429
-0.007595128291401298 0.003221261590922973 0.009143585630620395
-0.008213769977228502 -0.0007723229642964842 0.0101724011337168
-0.00790527195447864 -0.002359910024923298 0.0101724011337168
-0.008249318846199402 0.0001060121395849223 0.008707595090321086
-0.00725606330293809 -0.003925817792989785 0.0106803457735517
-0.006350751023784701 -0.005265972031249082 0.0106803457735517
-0.007619979620884456 -0.003162026340387693 0.008852746907268495
-0.005404190333274807 -0.0062335565162866 0.01073334775176178
-0.004084243783305267 -0.00716808570809057 0.01073334775176178
-0.005960354216280481 -0.00570409305818791 0.009413693525313478
-0.002127510936860931 -0.007970959616855247 0.01076443912772678
-0.0005315743323402415 -0.008232856656665233 0.01076443912772678
-0.004032886539712051 -0.007197105401326937 0.008279431911168558
-0.00310255917650703 -0.007644385296168164 0.009546084159406779
-0.002070463048982963 -0.007985967866376384 0.008310523287133564
0.0007946655465203229 -0.008211638488704527 0.01063165057735026
0.002381407467912122 -0.007898822600348255 0.01063165057735026
0.0002639116712048571 -0.008245777745598159 0.009396089705077045
0.00393069112369276 -0.007253424521570687 0.01020220219549222
0.005270236921562406 -0.00634721220620521 0.01020220219549222
0.003187856841015302 -0.007609209470187553 0.00883385277284247
0.006377336240242572 -0.005233744594350085 0.01060839167400749
0.007275850430873925 -0.00388902307881449 0.01060839167400749
0.005866994879799923 -0.005800075092651947 0.008810593869499703
0.007502133329033177 -0.003432272645552738 0.009535829963296046
0.008147085368400087 0.001299038105677133 -0.008250000000000007
0.008147085368400087 0.001299038105677133 -0.006750000000000011
0.008147192920637328 -0.001298363398250663 -0.006748831364746284
0.008147192920637328 -0.001298363398250663 -0.00824883136474628
0.007891388208245807 0.002405928541490587 -0.008586710152648882
0.007898096722366825 -0.002383813785541652 -0.008671193285100957
0.008147085368400159 0.001299038105676677 -0.005250000000000015
0.008147085368400159 0.001299038105676677 -0.003750000000000021
0.008147085368399172 -0.001299038105682868 -0.003750000000000021
0.008147085368399172 -0.001299038105682868 -0.005250000000000015
0.007840909090908935 0.002565666507576856 -0.006000000000000013
0.007841121540351296 -0.002565017151880063 -0.005998831364746286
0.00814719292063733 0.001298363398250658 -0.002251168635253747
0.00814719292063733 0.001298363398250658 -0.0007511686352537524
0.008162073276799357 -0.001201274250185114 -0.0006585052617794733
0.008162073276799357 -0.001201274250185114 -0.002158505261779468
0.007841121540353244 0.002565017151874109 -0.003001168635253744
0.007871103847617921 -0.00247148219091588 -0.002908505261779465
0.008147085368399986 0.001299038105677768 0.000749999999999966
0.008147085368399986 0.001299038105677768 0.002249999999999964
0.008155030516744405 -0.001248189597363913 0.002235248368867928
0.008155030516744405 -0.001248189597363913 0.0007352483688679266
0.007841121540352901 0.00256501715187516 -1.168635253751688e-06
0.007886368318732191 -0.002422332500152944 7.674310708848976e-05
0.008147192920637328 0.001298363398250665 0.003748831364746252
0.008147192920637328 0.001298363398250665 0.005248831364746253
0.008165535759591913 -0.001177508283973286 0.005251286234927106
0.008165535759591913 -0.001177508283973286 0.003751286234927102
0.007841121540352897 0.002565017151875168 0.002998831364746251
0.007893386632021148 -0.002399363973520865 0.002986534603795065
0.008154632538228408 -0.001250787018827158 0.008249999999999987
0.008154632538228408 -0.001250787018827158 0.006749999999999978
0.008154632538228405 0.001250787018827167 0.006749999999999978
0.008154632538228405 0.001250787018827167 0.008249999999999987
0.007856168291103152 0.00251855509804042 0.005998831364746261
0.007892622002555225 -0.00240187799956225 0.006001286234927111
0.007913133384028216 -0.002333413818116743 0.008677438289288551
0.007913133384028525 0.002333413818115694 0.008677438289287905
0.006319735502896483 0.005303154077851193 -0.01065870952443577
0.007232897594031709 0.003968336224949988 -0.01065870952443577
0.007452676823529937 0.003538376487037486 -0.009495419677084647
0.003674811945843513 0.007386356149190602 -0.0105099405605938
0.005045208064404673 0.006527509141078705 -0.0105099405605938
0.00559476948463937 0.006063089510616525 -0.009168650085029574
0.0008086414077189001 0.008210273995045623 -0.01109659700013416
0.002394848587349337 0.007894757769790716 -0.01109659700013416
0.002933127214696675 0.007710983383616239 -0.009606537560727962
-0.002285540297573776 0.007927093133562036 -0.01063578378347761
-0.0006951251295503196 0.008220663054417671 -0.01063578378347761
0.000113987972152378 0.008249212492244614 -0.009732380783611772
-0.004905323109274963 0.006633272585505063 -0.01084309345233773
-0.003516981416471757 0.00746279717774725 -0.01084309345233773
-0.002660922015613475 0.007809096876516742 -0.00947887723581534
-0.007361653001730379 0.003724052239444837 -0.01072046009679623
-0.006493674352935238 0.005088682874578758 -0.01072046009679623
-0.006340318893062111 0.005278527856730479 -0.008272613794871174
-0.00565853002389537 0.006003627067754515 -0.009552153698074946
-0.004706976362153289 0.006775461130146803 -0.008395247150412673
-0.008210273995045619 0.0008086414077189243 -0.01060839167401611
-0.007894757769790711 0.002394848587349357 -0.01060839167401611
-0.007691225581330883 0.002984551734696758 -0.009328851770812335
-0.007894752210359329 -0.00239486691426194 -0.01069176538687035
-0.008210272117840429 -0.0008086604670762724 -0.01069176538687035
-0.00824999999997777 -1.915157966977889e-08 -0.009300157060886459
-0.006343211269865361 -0.005275051733002537 -0.01079042577862865
-0.007250439785215031 -0.003936193963840072 -0.01079042577862865
-0.007601333968250534 -0.003206590385927177 -0.009482191165499006
-0.003900577616926735 -0.007269662595631943 -0.01066333086936358
-0.005243869928482492 -0.006369013123958611 -0.01066333086936358
-0.005804942301946539 -0.005862179191313725 -0.009453756647992233
-0.0007962502038773827 -0.008211484982195682 -0.01064566795432148
-0.002382931728888167 -0.007898362892109861 -0.01064566795432148
-0.003157745189318965 -0.007621754740171907 -0.009308998823685063
0.002345539320302443 -0.00790954773023813 -0.01072659076307202
0.0007573942262655393 -0.008215160009763635 -0.01072659076307202
-3.902927491856551e-05 -0.0082499076792228 -0.009372258717393504
0.005233744594350059 -0.006377336240242593 -0.0106083916740158
0.003889023078814461 -0.00727585043087394 -0.0106083916740158
0.00310951615719219 -0.007641558039311141 -0.009334982437087826
0.007233183556246669 -0.003967814970691399 -0.01065837681469376
0.00632011766208882 -0.005302698627807633 -0.01065837681469376
0.005769929212554799 -0.005896644544324064 -0.009266768488709569
0.007462521454524616 -0.003517566423077156 -0.009580738735048444
-0.007779747728744127 0.002745546444171107 -0.005500420731355022
-0.007741408912603496 0.00285185694729998 -0.007609730096902119
-0.008112766484389392 0.001498505912490238 -0.007107473982485115
-0.008248638092536379 0.0001498986936494559 -0.007884757706114711
-0.008249917506388557 3.689360084929286e-05 -0.005775448340567615
-0.00713158151024003 0.004147655381393508 -0.007721798519682242
-0.008119383214543101 -0.001462229877753745 -0.007968131418968958
-0.003494879975851647 0.007473172950921931 -0.008077016944858594
-0.002262070172717905 0.007933822441528422 -0.007869707275998478
-0.001872524911960051 0.008034684216202216 -0.006818201354624265
-0.0009870990265392556 0.008190734735773419 -0.00822006164558101
0.001617929254520161 0.008089796346470524 -0.008973849048907171
0.0001225873125675259 0.008249089183103639 -0.008513035832250621
0.0005246685208597879 0.008233299638857973 -0.00746152991087641
0.0006007076402248382 -0.008228101259159097 -0.007955194989333747
-0.0009525846407318089 -0.00819482046796889 -0.007874272180583211
-0.002382304932790332 -0.007898551969013236 -0.008370479774438219
-0.003900000707677204 -0.007269972109995837 -0.008388142689480314
-0.001762755495890976 -0.008059478460899697 -0.006953416046378462
-0.005182759514606184 -0.006418839756043071 0.007830556082306588
-0.006162597751958254 -0.005484969366145911 0.007777554104096512
-0.00714017127915028 -0.004132850602719323 0.008189239805214996
-0.006553649025154747 -0.005011205888315529 0.006606102362208103
-0.007834140903336825 -0.002586259133703522 0.007681295165380089
0.00732726824466876 0.003791258375614725 0.002250011781655424
0.007327582193580748 0.003790651553007526 0.003748843146401708
0.007330386060883092 0.003785226571608477 0.0007172295699333364
0.006627564975778722 0.004913031904214667 0.001467241351588796
0.00733069951025899 0.003784619490819204 -0.0007839390653203819
0.006655636972300915 -0.004874935537311352 0.002266712221861858
0.007354736363256974 -0.003737693543749352 0.001007410167859796
0.007371281370687269 -0.003704957618402513 0.002729797227298061
0.007403095217369246 -0.00364097256273164 0.004245835093357235
0.007376108005499297 -0.003695339049560836 -0.0003863434627876042
-0.005199083655738629 0.006405624804859512 0.00829359369773958
-0.006375293703974768 0.005236232442134296 0.008208529745132368
-0.007067836658268096 0.004255371308363311 0.007694122672754582
-0.007738383251298773 0.002860056757482032 0.007620924955342768
-0.006614780640847206 0.004930230935105681 0.006685869069854741
0.003446067535743469 0.007495806730372318 0.00767935764764692
0.001922598344918531 0.008022849593761342 0.007676438018040941
0.0007674889786374094 0.008214223071457831 0.008193958169520076
-0.0008892969663150764 0.008201929706215654 0.008271709478198493
0.001085995769668 0.008178209656658553 0.006653612839528811
-0.0006884085924052746 -0.008221228230009345 0.007823250543150955
0.0006379947760365067 -0.008225294077767077 0.007690461992774424
0.001260052746787027 -0.008153205938483002 0.006552145140958254
0.002191541523893661 -0.007953593260222065 0.008124984302884341
0.003755838526315701 -0.007345486843242095 0.0076955359210263
0.002232782238211499 0.007942114546940712 -0.006720760646876939
0.00351510327165926 0.007463681999493974 -0.007353449158697732
0.002941163945687252 0.007707921551533162 -0.008387192609366814
0.004708594292918439 0.006774336852024405 -0.007961403522939035
0.006043417300692749 0.005616013473068559 -0.008110172486781
0.004077327667659562 0.007172021966679818 -0.006294971560449159
0.00366844195510688 -0.007389521880474515 -0.008232187608895367
0.002106597897303455 -0.007976512101105136 -0.008350386697951583
0.005764087406927079 -0.005902355154114726 -0.007848556737021803
0.004576659636422181 -0.006864159567809012 -0.007798571596343843
0.003661122902407517 -0.007393150823124547 -0.0068139758572076
-0.005092659816167092 -0.006490555908148159 -0.007893215798844217
-0.006217420482530791 -0.005422746771093649 -0.008020310708109291
-0.006642848828872848 -0.004892347027423816 -0.006863832045113169
-0.007161156221040074 -0.004096381522497515 -0.008424372894261185
-0.00783956949816359 -0.002569756814070757 -0.008325712502502884
0.007360643905852573 0.0037260463350897 -0.00674999999999963
0.007360643905852782 0.003726046335089288 -0.005249999999999634
0.007327024359599822 0.003791729688919139 -0.003792497176431875
0.007327338347544074 0.003791122886508702 -0.002293665811685601
0.006666619218536719 0.004859906191999684 -0.00454249717643149
0.006670934515662599 -0.004853981117365559 -0.003770324405125924
0.007343720402678198 -0.003759291242679659 -0.004760055839771631
0.007347431217880969 -0.003752033381848859 -0.003510268565354311
0.007391884075900792 -0.003663679817948655 -0.001918773827133756
0.007344031704169777 -0.003758683057687781 -0.006258887204517899
0.005958768986082282 0.005705749045524517 0.007802536174227135
0.004754480485845436 0.006742211455428772 0.007947006762073595
0.007425757123556857 0.00359452794424311 0.008216840715775615
0.007353364905889949 0.003740390963632827 0.006467587097090926
0.006728962361118334 0.004773213335128945 0.007184427812866559
0.005844993062390647 0.005822246654050754 0.006053282555542445
0.005661422928074624 -0.006000899135085587 0.007613252475354812
0.006695824094443088 -0.004819589162602494 0.008019441953870086
0.007311763495812544 -0.003821075055701358 0.00716105027986259
0.007440412492830775 -0.003564093424214319 0.008358391674007478
0.006628483972719988 0.004911791956444637 0.004217598878746377
0.00733140739542778 0.003783248022832612 0.004966418461837204
0.005743116136819169 0.00592276261882977 0.0006949879454818727
0.005738239614036643 0.005927487337135408 0.002227770157203962
0.004696338397015814 0.006782839056082264 0.003010315973441625
0.005734117435505014 0.005931475131519765 0.003782569379548548
0.00574010589779185 0.00592568006916803 0.005000144694984041
0.005748267996396231 0.005917762671956934 -0.0008613015854621701
0.004706950551688816 0.00677547906084554 -0.0001007727798470019
0.006627248934898418 0.004913458207300415 -0.001575267606498513
0.005743014615139938 0.005922861059512462 -0.002371028331827387
0.003527089488107883 0.007458025190550034 -0.0008851140386201654
0.003520598121113732 0.007461091667417743 0.0006711754923238757
0.002251384885533578 0.007936861224513817 0.001442275318391487
0.003527500545990138 0.007457830776977934 0.00222661657716465
0.003522315006236802 0.007460281294752835 0.003781415799509236
0.003536059453036505 0.007453776461941368 -0.002461460573260325
0.00225358921666368 0.007936235609061589 -0.001689512301089446
0.004730333477773204 0.006759174889663535 -0.003237113634557667
0.003555316048800878 0.007444610654234305 -0.004041511897026947
0.005758306338740984 0.005907995269904623 -0.003951079655594009
0.0009069560221215609 0.008199995778897538 -0.002486206119281584
0.0008970902066618341 0.00820108097515879 -0.0009098595846414245
-0.0004820296305209631 0.008235905987521944 -0.000122163826763208
0.0008897693766109231 0.00820187847120679 0.0006745299914289286
0.0008973583960745216 0.008201051634332915 0.002229971076269703
0.0009183912949753654 0.008198722914534525 -0.00407244584635243
-0.0004631905858775621 0.008236986978328569 -0.003292793129904409
0.003820228441003214 0.007312205868173444 -0.005252091077266073
0.002546428374095158 0.007847177998210764 -0.004476438015968731
0.001212069462075764 0.008160477168591513 -0.005283025026591556
-0.001845779470374157 0.008040870484390686 -0.0009206665748848313
-0.001852956200146535 0.008039219695986578 0.0006637230011855236
-0.001837074140631772 0.008042863830864106 -0.002509520922096647
-0.003156614422100081 0.007622223126502515 -0.001723634094147913
-0.001825855343787455 0.008045418091284182 -0.004095760649167493
-0.003171854615896379 0.007615893794927608 0.001457403266440159
-0.00186033358115917 0.008037515721092651 0.002255906014561781
-0.001862266190224086 0.008037068161758259 0.0038495608373952
-0.0004913612451800992 0.008235354523439478 0.003055880572140566
0.0008953863842177085 0.008201267171782513 0.003823625899103126
-0.004400265664890878 0.006978550141568264 0.0006548290626199466
-0.004406668521515062 0.006974508767037881 0.002247012075996204
-0.004392857006921352 0.006983216115568957 -0.0009421104836449951
-0.005503976404248964 0.006145628018475464 -0.0001525016740889507
-0.004385295096478358 0.006987967295058189 -0.002530964830856811
-0.005514323672368924 0.00613634536482031 0.003039208194496591
-0.004411017481969676 0.006971759087472681 0.003841782398316802
-0.003183135635781585 0.00761118568451837 0.004644876608303164
-0.001866798267941451 0.008036016689057509 0.005444851165881951
-0.004414948390687178 0.006969270457341191 0.005437072726803552
-0.006454924778171688 0.005137747182194272 -0.0009584577789274705
-0.006460373719774226 0.005130893820851348 0.0006384817673374711
-0.007231962019868537 0.003970040975000006 0.001432215442829917
-0.006465490446197718 0.00512444468114605 0.002238171547668439
-0.006468685169984279 0.005120411328362738 0.003832941869989039
-0.006449216801094208 0.005144910363892086 -0.002559713554176167
-0.007223576792282293 0.003985277697476132 -0.001768730112749747
-0.005488324552414259 0.00615960985837308 -0.003350947018890871
-0.006441581593795924 0.005154466662077617 -0.004161219352713148
-0.004374929543104094 0.00699446148698204 -0.00413247062939379
-0.00779543965599266 0.002700670392657545 0.0006253296579428504
-0.007798130681182442 0.002692890246408323 0.002225019438273818
-0.007792396870730895 0.002709437397140477 -0.0009770451235712498
-0.008137831882540303 0.001355799487944493 -0.0001842411281273489
-0.007789384012969722 0.00271808695565313 -0.002578300898819948
-0.008140626528806649 0.001338917368058758 0.003021566615862089
-0.007800683566169203 0.002685486157197191 0.003828452400749156
-0.007808977653210666 0.002661271878567925 0.005398230787907188
-0.007248179684270963 0.003940354205464488 0.004601683610318919
-0.006484539939648501 0.005100317810794091 0.005402720257147071
-0.008249946486781635 -2.971473101612192e-05 -0.0009933617121671966
-0.008249907842823829 -3.89946780201429e-05 0.0006090130693469052
-0.008124976783210561 -0.001430822236439372 0.001402500347355805
-0.008249869508852807 -4.640136744473202e-05 0.002211620931395653
-0.008249821741996991 -5.423306439555554e-05 0.003815053893870986
-0.00824997995097039 -1.818814412172878e-05 -0.002405282952175706
-0.008128239064559303 -0.001412171982929877 -0.001612028754701452
-0.008134424491322977 0.001376095271035018 -0.003392390263289736
-0.00824999712427419 -6.888357395076679e-06 -0.00401105730582399
-0.007785653817887766 0.002728753310215061 -0.004184075252468231
-0.007775413751578153 -0.002757796401435274 -0.002404649804949015
-0.007771553058704516 -0.002768657265849365 -0.0009927285649405058
-0.007191462120174841 -0.004042941079720355 -0.0001903293814551413
-0.007768518035857904 -0.002777161775365359 0.0006022916687924221
-0.007766021590092763 -0.002784135173121641 0.002204899530841169
-0.008127292899064206 -0.001417607185654942 0.004558597556212438
-0.008249932349160456 -3.341009242491929e-05 0.005368543240678876
-0.008171932268248076 0.001132264546458057 0.005688843496945348
-0.007871547161920435 0.002470069893274751 0.006462074706515112
-0.008246664794326215 -0.0002345629340296021 0.0064323871592868
-0.007778794422712628 -0.002748246227901516 -0.004028900916278845
-0.007200832495389239 -0.004026227933605647 -0.003409600726517898
-0.008137523657300645 -0.001357648233848645 -0.004788341029453587
-0.007793269536113187 -0.002706926289630022 -0.00579329195102247
-0.006409703432827984 -0.005194054476340536 -0.001008735289280976
-0.006404014565088693 -0.005201066953052219 0.0005862849444519518
-0.006415577601043416 -0.005186797089243998 -0.002615039772592438
-0.005445835209346845 -0.006197207344654381 -0.001838425446685343
-0.006421942074734482 -0.005178914943185974 -0.004239290883922267
-0.005431951875454146 -0.00620937990646008 0.001376291251126274
-0.006398256570543793 -0.005208148697713344 0.002194697158952107
-0.0063927162772245 -0.005214947612288059 0.003793470556550535
-0.00718272231236711 -0.004058448001813464 0.003003464249876213
-0.007763057443789482 -0.002792389500844163 0.003803672928439594
-0.004311101957983937 -0.007033981796100063 0.0005632631568736786
-0.004303317442971728 -0.007038746975493243 0.002171675371373836
-0.004320681154039589 -0.007028101761153372 -0.001039258245219974
-0.003069569007677825 -0.007657691956921731 -0.0002438741249724107
-0.004328632308451428 -0.007023207411021725 -0.002645562728531434
-0.003052609844295551 -0.007664468222812976 0.002961210691739442
-0.004297324064766543 -0.007042407676525008 0.003774238785992038
-0.005418213174747671 -0.006221371713134553 0.004589560063358023
-0.006386954503118902 -0.005222002697729021 0.005398327154282127
-0.00428954585032233 -0.007047148103877375 0.005379095383723633
-0.001746178093873871 -0.008063086385775303 -0.001054709547740805
-0.001735191209364709 -0.008065457920474414 0.0005478118543528476
-0.0003538350092224137 -0.00824240867624559 0.001329790798450739
-0.001726799201727156 -0.008067258798186313 0.002140626221219133
-0.001719931223851475 -0.0080687258340596 0.003743189635837335
-0.001740974854274264 -0.008064211465281941 -0.002509359568677608
-0.000357091558163467 -0.008242268232658313 -0.001717673589352348
-0.00433471923713327 -0.007019452196234886 -0.0040089332523902
-0.003086632920859026 -0.007650829838120129 -0.00320976605092483
-0.001747965222019319 -0.008062699149950404 -0.003872730092536372
0.001020365171355706 -0.008186657127123638 0.0005260799825866479
0.001028873841823228 -0.008185592136040734 0.002118893466242715
0.001009525968277415 -0.008188000813347147 -0.001054601690435843
0.002363959646676627 -0.007904061917070522 -0.0002654990226438683
0.001014809237835731 -0.008187347690846119 -0.002509251711372645
0.002381518178847673 -0.007898789221381848 0.002898071219928154
0.00103623445982157 -0.008184663593836848 0.003701782919002462
-0.0003298594500907224 -0.008243402983185152 0.004520113998082682
-0.001704853783435979 -0.008071925023010559 0.005340698468602991
0.001051523691523534 -0.008182713359648175 0.005299291751768121
0.003633924931384998 -0.007406557202442882 -0.001065132157106869
0.003643720104084595 -0.007401743294865728 0.0005155486327054048
0.004819998904866158 -0.006695529146907588 0.001284574269214456
0.00365097325275497 -0.007398168307606133 0.002084207403677457
0.003657624706158929 -0.007394882115956672 0.003667096856437204
0.003623421388336387 -0.00741170138649328 -0.002637004768146418
0.004803930460347522 -0.006707067327241114 -0.001855957112797145
0.002347631849440359 -0.007908926899364619 -0.003418795406757389
0.003617919563044518 -0.007414388581355834 -0.004209620362447666
0.001008732460694162 -0.008188098608513572 -0.004081867305673894
0.002245766682674457 0.007938452746410309 0.004566904545640967
0.00351012681093042 0.007466023692112653 0.005350603941917942
0.004812038853927947 0.006701252276126292 0.005618253056344617
0.003642872080813306 0.007402160698257701 0.006403741802476347
0.005793675364130194 -0.005873314717863403 0.0001301195481130529
0.005799429374207907 -0.005867633162832736 0.001698778319085105
0.005810507261381638 -0.005856663330381154 -0.00297418342727265
0.005818804110023827 -0.00584842019088658 -0.001402310816233099
0.006654882609986919 -0.004875965283643199 -0.0009881067663624517
0.00483227943293468 -0.006686671480044201 0.004035911885624174
0.003663947404811178 -0.007391751444331542 0.004849775701874871
0.00582545941461897 -0.005841791044587885 0.003421165378523369
0.005830453131139673 -0.005836807028297543 0.004603844223961037
0.003494861757859922 -0.007473181470662161 -0.005685885422857357
0.004682778712272005 -0.00679220755954146 -0.004904094784246386
0.005804717698760692 -0.005862401593007288 -0.00422397070168997
0.005707016196252108 -0.005957555382513547 -0.005700235762099659
-0.0003330717733499686 -0.008243273815287075 -0.004814766031406303
0.001027306755615527 -0.008185788955859216 -0.005724309726791046
0.001210122322069499 -0.008160766138398352 -0.006852400161141289
0.002518095126823799 -0.00785631573527097 -0.006119501435408881
-0.001666093039340101 0.00808001447921119 0.00670564996389893
-0.0002881009124616938 0.008244968032942199 0.00591033419299097
0.0008819915767688834 0.008202718504161212 0.005392814041511828
-0.005675526719899524 0.005987561811932011 0.00591712732952486
-0.004594413111452239 0.006852289264276266 0.006720221539511222
-0.003866855812806206 0.007287655735760771 0.007813539095018269
-0.002448525577595728 0.007878275350345373 0.007806226451089474
-0.007307029493212566 -0.003830120100639367 0.005810012855400611
-0.007770080791013883 -0.002772786414622856 0.005357162275247483
-0.00785626931196861 -0.00251823996033346 0.006564937483173456
0.005810916158871053 0.005856257627066222 -0.00540858247916177
0.00601509063433855 0.005646342591509363 -0.006451462962344856
0.004984243905694786 0.006574177719574092 -0.005860045441507375
-0.001806670923791021 0.008049747832890674 -0.005673439921008494
-0.003130174039329336 0.007633119315424637 -0.004890167713200732
-0.0005191402178949192 0.008233650067507365 -0.006023794290591028
0.0005920684844824671 0.008228727417388587 -0.006316768477260639
-0.007210514495520982 0.004008862770148387 -0.004686331366885234
-0.006463887281776282 -0.005126466737285129 -0.005746810848404502
-0.005503061625377331 -0.00614644716460651 -0.00495224989447904
-0.007884972273901832 -0.002426872934415682 -0.006910313147731138
-0.007344649978387545 -0.003757474776358697 -0.006150873034556395
-0.003046952861285313 -0.007666718871923324 0.0058279712125856
-0.004290344205899283 -0.007046662088883392 0.006643292489951588
-0.001705768254278225 -0.008071731825494243 0.00660489557483095
0.002589411525221471 -0.007833099511243951 0.005733814061878038
0.003851435157279168 -0.007295817104976933 0.006102629091065005
0.006601373714653598 -0.004948167850778766 0.005405599138292711
0.005739299560771367 -0.005926461047853904 0.006020345645393516
0.004750323477762256 -0.006745140981226465 0.006811497561023134
0.00734578179489899 -0.003755261618280488 0.005662336514789718
-0.00439171614777357 -0.006983933653564077 -0.005516453216872436
-0.001729668334507771 -0.008066644125818439 -0.005515172513653525
-0.003124622795810213 -0.007635393400729472 -0.006011380107508534
-0.004420337959991758 -0.006965853308781051 -0.006954696749597374
-0.006430444553141676 0.005168353978683209 -0.005477564831599939
-0.004358243224180804 0.007004870876674467 -0.005710149901234791
-0.004357840949227584 0.00700512114536467 -0.006786077190595811
-0.005478831750601029 0.00616805501342247 -0.006028380106788871
-0.006430147740177596 0.005168723250425482 -0.006553492120960958
0.006733879732905316 0.004766273569862207 -0.007658709524435395
0.007379293891433577 0.003688972982260929 -0.008408709524435773
0.006712604646925963 -0.004796190035232963 -0.007168432654465386
0.007379865154655632 -0.003687830025787468 -0.008407208179440042
-0.008140311878623034 0.001340829041581638 0.007911537664380925
-0.008244321182796716 -0.0003060526668555165 0.00754874484149343
-0.008118426738282761 -0.001467531020161258 0.007228444585226961
2 9 0 113
2149
2150
2151
2152
2153
2154
2155
2156
2157
2158
2159
2160
2161
2162
2163
2164
2165
2166
2167
2168
2169
2170
2171
2172
2173
2174
2175
2176
2177
2178
2179
2180
2181
2182
2183
2184
2185
2186
2187
2188
2189
2190
2191
2192
2193
2194
2195
2196
2197
2198
2199
2200
2201
2202
2203
2204
2205
2206
2207
2208
2209
2210
2211
2212
2213
2214
2215
2216
2217
2218
2219
2220
2221
2222
2223
2224
2225
2226
2227
2228
2229
2230
2231
2232
2233
2234
2235
2236
2237
2238
2239
2240
2241
2242
2243
2244
2245
2246
2247
2248
2249
2250
2251
2252
2253
2254
2255
2256
2257
2258
2259
2260
2261
-0.005201841085815431 0.001034710525112349 0.012
0.005676610582073025 -0.001119178727642885 0.012
0.001155059341122206 0.00536168446783042 0.012
-0.001034710525112337 -0.005201841085815419 0.012
-0.003090981245718437 0.004382282764142248 0.012
-0.004339889541514231 -0.002388701251844315 0.012
0.004685395383675444 0.003110078167770124 0.012
0.002946606277562853 -0.004409907935306897 0.012
-0.001220524283140219 0.00613598992972953 0.012
-0.000524197794603848 0.002688871292372084 0.012
0.002374183725213999 0.002826913510804315 0.012
0.001502610279996338 -3.149396091388259e-05 0.012
-0.001399349363058143 -0.0009489094516341918 0.012
0.0006319965443154336 -0.003026237437782732 0.012
-0.002720663600722441 0.001154597950956421 0.012
0.003475759091392811 0.005201841085815422 0.012
-0.003346100689209287 -0.004943062846204415 0.012
0.005201841085815414 -0.003475759091392803 0.012
-0.004981829313127748 0.003216268383542534 0.012
0.001220524283140219 -0.006135989929729526 0.012
0.006040296553304732 0.001191456587475613 0.012
-0.006353434192636948 -0.001127782260935965 0.012
0.00307374242896761 -0.00205380902950234 0.012
-0.001897610714915713 -0.003301750414656215 0.012
0.003892139825538524 0.0006539944246651572 0.012
0.006831151348261425 0.002174297452243799 0.012
0.007145148276652366 0.0005957282937378067 0.012
0.006963305291036512 -0.0005595893638214425 0.012
0.006649308362645569 -0.00213815852232744 0.012
0.005858453567688878 3.613892991636419e-05 0.012
0.005259513164232236 0.004471854556279566 0.012
0.006153700763446781 0.003133608242391055 0.012
0.005362845968490088 0.002150767377622869 0.012
0.00331644870420241 0.006411923614516766 0.012
0.004654695018090919 0.005517736015302215 0.012
0.004080577237534127 0.004155959626792773 0.012
0.000577529670561117 0.00680584223391521 0.012
0.002156098829067108 0.006491845305524264 0.012
0.002315409216257508 0.005281762776822921 0.012
-0.002188831300076092 0.006878998036473828 0.012
-0.0006102621415700957 0.007192994964864766 0.012
-3.27324710090067e-05 0.005748837198779975 0.012
-0.004462306095253714 0.005107956854465646 0.012
-0.003124059781365201 0.006002144453680188 0.012
-0.002155752764429328 0.005259136346935889 0.012
-0.006301917728172924 0.003186703350277282 0.012
-0.00540773012895837 0.004524949664165789 0.012
-0.004036405279423092 0.003799275573842391 0.012
-0.006725920542907715 0.0005173552625562006 0.012
-0.006411923614516766 0.002095924421062189 0.012
-0.00509183519947159 0.002125489454327441 0.012
-0.006987720167927541 -0.002142460288973955 0.012
-0.007301717096318474 -0.0005638911304679562 0.012
-0.00577763763922619 -4.653586791180785e-05 0.012
-0.005086760243151639 -0.004111166098316651 0.012
-0.005980947842366182 -0.00277291978442813 0.012
-0.005346661867075589 -0.00175824175639014 0.012
-0.003251619503110655 -0.006282534494711259 0.012
-0.004589865816999167 -0.005388346895496702 0.012
-0.003842995115361759 -0.003665882049024365 0.012
-0.0005173552625561839 -0.00672592054290771 0.012
-0.00209592442106218 -0.006411923614516761 0.012
-0.002190405607160812 -0.005072451966009917 0.012
0.002188831300076092 -0.006878998036473826 0.012
0.000610262141570094 -0.007192994964864763 0.012
9.290687901394087e-05 -0.005668915507772473 0.012
0.004390118611175929 -0.005121769440047963 0.012
0.003051872297287409 -0.006015957039262512 0.012
0.002083565280351536 -0.005272948932518211 0.012
0.006411923614516764 -0.0033164487042024 0.012
0.00551773601530221 -0.004654695018090916 0.012
0.004074223681689133 -0.00394283351334985 0.012
0.00543922583394422 -0.002297468909517844 0.012
-0.003530276571118336 -0.0006170516504439469 0.012
-0.003961252343268936 0.001094654238034385 0.012
-0.004770865313664831 -0.0006769953633659828 0.012
-0.003851246456925094 0.002185433167249477 0.012
0.004375176505520317 -0.001586493878572612 0.012
0.004137791757391512 -0.002764784060447572 0.012
0.004966218189421628 0.0009227255060703852 0.012
0.004784375203805775 -0.0002325921514888639 0.012
0.003482941127253067 -0.0006999073024185913 0.012
-0.0008723610388720337 0.004412430611050807 0.012
0.000315430773259179 0.004025277880101252 0.012
0.0009249929653050757 0.0027578924015882 0.012
0.001764621533168103 0.004094298989317367 0.012
0.002924971408303405 0.004014377298309869 0.012
0.0009262604137278261 -0.004581113683756128 0.012
-0.0002013569903984517 -0.004114039261799075 0.012
-0.0006328070853001396 -0.003163993926219473 0.012
-0.001466160620014025 -0.004251795750235817 0.012
-0.0026218557020625 -0.004122406630430315 0.012
-0.001807589520161143 0.003535577028257166 0.012
-0.002905822423220439 0.002768440357549334 0.012
-0.001622430697663144 0.001921734621664252 0.012
-0.002060006481890292 0.0001028442496611144 0.012
-0.002869619452286187 -0.001668805351739253 0.012
-0.003118750128214972 -0.002845225833250265 0.012
-0.001648480038986928 -0.002125329933145203 0.012
0.003529789554444722 0.002968495839287219 0.012
0.003133161775376262 0.001740453967734736 0.012
0.004288767604606984 0.001882036296217641 0.012
0.001789301410939143 -0.003718072686544814 0.012
0.003010174353265231 -0.003231858482404619 0.012
0.001852869486641522 -0.002540023233642536 0.012
0.000489206242696245 0.001328688665729101 0.012
0.001938397002605169 0.001397709774945216 0.012
-0.0009617735788309955 0.0008699809203689462 0.012
5.163045846909753e-05 -0.0004902017062740372 0.012
0.002697375052767431 0.0003112502318756373 0.012
-0.0003836764093713546 -0.001987573444708462 0.012
0.001067303412155886 -0.001528865699348307 0.012
0.002288176354481974 -0.001042651495208111 0.012
2 10 0 113
2262
2263
2264
2265
2266
2267
2268
2269
2270
2271
2272
2273
2274
2275
2276
2277
2278
2279
2280
2281
2282
2283
2284
2285
2286
2287
2288
2289
2290
2291
2292
2293
2294
2295
2296
2297
2298
2299
2300
2301
2302
2303
2304
2305
2306
2307
2308
2309
2310
2311
2312
2313
2314
2315
2316
2317
2318
2319
2320
2321
2322
2323
2324
2325
2326
2327
2328
2329
2330
2331
2332
2333
2334
2335
2336
2337
2338
2339
2340
2341
2342
2343
2344
2345
2346
2347
2348
2349
2350
2351
2352
2353
2354
2355
2356
2357
2358
2359
2360
2361
2362
2363
2364
2365
2366
2367
2368
2369
2370
2371
2372
2373
2374
-0.005201841085815431 0.001034710525112349 -0.012
0.005676610582073025 -0.001119178727642885 -0.012
0.001155059341122206 0.00536168446783042 -0.012
-0.001034710525112337 -0.005201841085815419 -0.012
-0.003090981245718437 0.004382282764142248 -0.012
-0.004339889541514231 -0.002388701251844315 -0.012
0.004685395383675444 0.003110078167770124 -0.012
0.002946606277562853 -0.004409907935306897 -0.012
-0.001220524283140219 0.00613598992972953 -0.012
-0.000524197794603848 0.002688871292372084 -0.012
0.002374183725213999 0.002826913510804315 -0.012
0.001502610279996338 -3.149396091388259e-05 -0.012
-0.001399349363058143 -0.0009489094516341918 -0.012
0.0006319965443154336 -0.003026237437782732 -0.012
-0.002720663600722441 0.001154597950956421 -0.012
0.003475759091392811 0.005201841085815422 -0.012
-0.003346100689209287 -0.004943062846204415 -0.012
0.005201841085815414 -0.003475759091392803 -0.012
-0.004981829313127748 0.003216268383542534 -0.012
0.001220524283140219 -0.006135989929729526 -0.012
0.006040296553304732 0.001191456587475613 -0.012
-0.006353434192636948 -0.001127782260935965 -0.012
0.00307374242896761 -0.00205380902950234 -0.012
-0.001897610714915713 -0.003301750414656215 -0.012
0.003892139825538524 0.0006539944246651572 -0.012
0.007145148276652366 0.0005957282937378067 -0.012
0.006831151348261425 0.002174297452243799 -0.012
0.006649308362645569 -0.00213815852232744 -0.012
0.006963305291036512 -0.0005595893638214425 -0.012
0.005858453567688878 3.613892991636419e-05 -0.012
0.006153700763446781 0.003133608242391055 -0.012
0.005259513164232236 0.004471854556279566 -0.012
0.005362845968490088 0.002150767377622869 -0.012
0.004654695018090919 0.005517736015302215 -0.012
0.00331644870420241 0.006411923614516766 -0.012
0.004080577237534127 0.004155959626792773 -0.012
0.002156098829067108 0.006491845305524264 -0.012
0.000577529670561117 0.00680584223391521 -0.012
0.002315409216257508 0.005281762776822921 -0.012
-0.0006102621415700957 0.007192994964864766 -0.012
-0.002188831300076092 0.006878998036473828 -0.012
-3.27324710090067e-05 0.005748837198779975 -0.012
-0.003124059781365201 0.006002144453680188 -0.012
-0.004462306095253714 0.005107956854465646 -0.012
-0.002155752764429328 0.005259136346935889 -0.012
-0.00540773012895837 0.004524949664165789 -0.012
-0.006301917728172924 0.003186703350277282 -0.012
-0.004036405279423092 0.003799275573842391 -0.012
-0.006411923614516766 0.002095924421062189 -0.012
-0.006725920542907715 0.0005173552625562006 -0.012
-0.00509183519947159 0.002125489454327441 -0.012
-0.007301717096318474 -0.0005638911304679562 -0.012
-0.006987720167927541 -0.002142460288973955 -0.012
-0.00577763763922619 -4.653586791180785e-05 -0.012
-0.005980947842366182 -0.00277291978442813 -0.012
-0.005086760243151639 -0.004111166098316651 -0.012
-0.005346661867075589 -0.00175824175639014 -0.012
-0.004589865816999167 -0.005388346895496702 -0.012
-0.003251619503110655 -0.006282534494711259 -0.012
-0.003842995115361759 -0.003665882049024365 -0.012
-0.00209592442106218 -0.006411923614516761 -0.012
-0.0005173552625561839 -0.00672592054290771 -0.012
-0.002190405607160812 -0.005072451966009917 -0.012
0.000610262141570094 -0.007192994964864763 -0.012
0.002188831300076092 -0.006878998036473826 -0.012
9.290687901394087e-05 -0.005668915507772473 -0.012
0.003051872297287409 -0.006015957039262512 -0.012
0.004390118611175929 -0.005121769440047963 -0.012
0.002083565280351536 -0.005272948932518211 -0.012
0.00551773601530221 -0.004654695018090916 -0.012
0.006411923614516764 -0.0033164487042024 -0.012
0.004074223681689133 -0.00394283351334985 -0.012
0.00543922583394422 -0.002297468909517844 -0.012
-0.004770865313664831 -0.0006769953633659828 -0.012
-0.003961252343268936 0.001094654238034385 -0.012
-0.003530276571118336 -0.0006170516504439469 -0.012
-0.003851246456925094 0.002185433167249477 -0.012
0.004137791757391512 -0.002764784060447572 -0.012
0.004375176505520317 -0.001586493878572612 -0.012
0.004784375203805775 -0.0002325921514888639 -0.012
0.004966218189421628 0.0009227255060703852 -0.012
0.003482941127253067 -0.0006999073024185911 -0.012
0.0003154307732591789 0.004025277880101252 -0.012
-0.0008723610388720337 0.004412430611050807 -0.012
0.001764621533168103 0.004094298989317367 -0.012
0.0009249929653050756 0.0027578924015882 -0.012
0.002924971408303405 0.004014377298309869 -0.012
-0.0002013569903984517 -0.004114039261799075 -0.012
0.0009262604137278261 -0.004581113683756128 -0.012
-0.001466160620014025 -0.004251795750235817 -0.012
-0.0006328070853001396 -0.003163993926219473 -0.012
-0.0026218557020625 -0.004122406630430315 -0.012
-0.001807589520161143 0.003535577028257166 -0.012
-0.001622430697663144 0.001921734621664252 -0.012
-0.002905822423220439 0.002768440357549334 -0.012
-0.002869619452286187 -0.001668805351739253 -0.012
-0.002060006481890292 0.0001028442496611144 -0.012
-0.001648480038986928 -0.002125329933145203 -0.012
-0.003118750128214972 -0.002845225833250265 -0.012
0.003529789554444722 0.002968495839287219 -0.012
0.004288767604606984 0.001882036296217641 -0.012
0.003133161775376262 0.001740453967734736 -0.012
0.001789301410939143 -0.003718072686544814 -0.012
0.001852869486641522 -0.002540023233642536 -0.012
0.003010174353265231 -0.003231858482404619 -0.012
0.001938397002605169 0.001397709774945216 -0.012
0.0004892062426962449 0.001328688665729101 -0.012
5.163045846909753e-05 -0.0004902017062740372 -0.012
-0.0009617735788309955 0.0008699809203689462 -0.012
0.002697375052767431 0.0003112502318756373 -0.012
0.001067303412155886 -0.001528865699348307 -0.012
-0.0003836764093713546 -0.001987573444708462 -0.012
0.002288176354481974 -0.001042651495208111 -0.012
3 1 0 671
2375
2376
2377
2378
2379
2380
2381
2382
2383
2384
2385
2386
2387
2388
2389
2390
2391
2392
2393
2394
2395
2396
2397
2398
2399
2400
2401
2402
2403
2404
2405
2406
2407
2408
2409
2410
2411
2412
2413
2414
2415
2416
2417
2418
2419
2420
2421
2422
2423
2424
2425
2426
2427
2428
2429
2430
2431
2432
2433
2434
2435
2436
2437
2438
2439
2440
2441
2442
2443
2444
2445
2446
2447
2448
2449
2450
2451
2452
2453
2454
2455
2456
2457
2458
2459
2460
2461
2462
2463
2464
2465
2466
2467
2468
2469
2470
2471
2472
2473
2474
2475
2476
2477
2478
2479
2480
2481
2482
2483
2484
2485
2486
2487
2488
2489
2490
2491
2492
2493
2494
2495
2496
2497
2498
2499
2500
2501
2502
2503
2504
2505
2506
2507
2508
2509
2510
2511
2512
2513
2514
2515
2516
2517
2518
2519
2520
2521
2522
2523
2524
2525
2526
2527
2528
2529
2530
2531
2532
2533
2534
2535
2536
2537
2538
2539
2540
2541
2542
2543
2544
2545
2546
2547
2548
2549
2550
2551
2552
2553
2554
2555
2556
2557
2558
2559
2560
2561
2562
2563
2564
2565
2566
2567
2568
2569
2570
2571
2572
2573
2574
2575
2576
2577
2578
2579
2580
2581
2582
2583
2584
2585
2586
2587
2588
2589
2590
2591
2592
2593
2594
2595
2596
2597
2598
2599
2600
2601
2602
2603
2604
2605
2606
2607
2608
2609
2610
2611
2612
2613
2614
2615
2616
2617
2618
2619
2620
2621
2622
2623
2624
2625
2626
2627
2628
2629
2630
2631
2632
2633
2634
2635
2636
2637
2638
2639
2640
2641
2642
2643
2644
2645
2646
2647
2648
2649
2650
2651
2652
2653
2654
2655
2656
2657
2658
2659
2660
2661
2662
2663
2664
2665
2666
2667
2668
2669
2670
2671
2672
2673
2674
2675
2676
2677
2678
2679
2680
2681
2682
2683
2684
2685
2686
2687
2688
2689
2690
2691
2692
2693
2694
2695
2696
2697
2698
2699
2700
2701
2702
2703
2704
2705
2706
2707
2708
2709
2710
2711
2712
2713
2714
2715
2716
2717
2718
2719
2720
2721
2722
2723
2724
2725
2726
2727
2728
2729
2730
2731
2732
2733
2734
2735
2736
2737
2738
2739
2740
2741
2742
2743
2744
2745
2746
2747
2748
2749
2750
2751
2752
2753
2754
2755
2756
2757
2758
2759
2760
2761
2762
2763
2764
2765
2766
2767
2768
2769
2770
2771
2772
2773
2774
2775
2776
2777
2778
2779
2780
2781
2782
2783
2784
2785
2786
2787
2788
2789
2790
2791
2792
2793
2794
2795
2796
2797
2798
2799
2800
2801
2802
2803
2804
2805
2806
2807
2808
2809
2810
2811
2812
2813
2814
2815
2816
2817
2818
2819
2820
2821
2822
2823
2824
2825
2826
2827
2828
2829
2830
2831
2832
2833
2834
2835
2836
2837
2838
2839
2840
2841
2842
2843
2844
2845
2846
2847
2848
2849
2850
2851
2852
2853
2854
2855
2856
2857
2858
2859
2860
2861
2862
2863
2864
2865
2866
2867
2868
2869
2870
2871
2872
2873
2874
2875
2876
2877
2878
2879
2880
2881
2882
2883
2884
2885
2886
2887
2888
2889
2890
2891
2892
2893
2894
2895
2896
2897
2898
2899
2900
2901
2902
2903
2904
2905
2906
2907
2908
2909
2910
2911
2912
2913
2914
2915
2916
2917
2918
2919
2920
2921
2922
2923
2924
2925
2926
2927
2928
2929
2930
2931
2932
2933
2934
2935
2936
2937
2938
2939
2940
2941
2942
2943
2944
2945
2946
2947
2948
2949
2950
2951
2952
2953
2954
2955
2956
2957
2958
2959
2960
2961
2962
2963
2964
2965
2966
2967
2968
2969
2970
2971
2972
2973
2974
2975
2976
2977
2978
2979
2980
2981
2982
2983
2984
2985
2986
2987
2988
2989
2990
2991
2992
2993
2994
2995
2996
2997
2998
2999
3000
3001
3002
3003
3004
3005
3006
3007
3008
3009
3010
3011
3012
3013
3014
3015
3016
3017
3018
3019
3020
3021
3022
3023
3024
3025
3026
3027
3028
3029
3030
3031
3032
3033
3034
3035
3036
3037
3038
3039
3040
3041
3042
3043
3044
3045
-0.00231314454070397 -0.002926109421138986 0.0008392926881122371
-0.002314241986960739 -0.002925364700526804 0.001621735658873512
-0.001730218953053911 -0.003275067411064124 0.00201914086252024
-0.001729121506797142 -0.003275812131676306 0.001236697891758965
0.0002893628185048632 0.00362244726077911 2.817068627963652e-05
0.0009728365177983451 0.003593548742024616 0.0004219694276208301
0.0009711978388657616 0.003593845528329045 -0.0003684800626221449
-0.003660573446939801 0.0007042501322629515 0.0008321826843570449
-0.003662639416790054 0.0006984483435249336 4.862302516636142e-05
-0.003707379732414783 2.523477257166025e-05 0.000442537453698281
-0.001056322174400856 0.003572460711911943 -0.0007552040037900245
-0.001683780441194931 0.003306302331929539 -0.0003564376749993006
-0.001682897491139215 0.003306643024189323 0.000429651525151942
-0.00105543922434514 0.003572801404171727 3.088519636121811e-05
-0.002314422407929958 -0.002925173116264071 0.002407283847644001
-0.0003920156617527181 0.003729135555206 0.001216616819519597
0.0002928615228000749 0.003700371156278323 0.0008247801718985841
0.0009749747296869484 0.003592553333226875 0.001223691700609448
0.0002900975451341555 0.003621317732154552 0.001615528348230461
-0.0003930310101852923 0.003728967997174313 -0.0003625159720533882
0.0002888040101756062 0.003700366264724249 -0.0007591667209551696
-0.0003906121764934072 0.003729269675032817 0.0004309814305573905
0.000968491657607724 0.003593720912686239 0.002007748547247263
-0.0003900032505983844 0.003729382894520809 0.002010453827042303
-0.001053020390653255 0.003573103082030231 0.0008243825989719968
0.000288390861875184 0.003701786075052496 0.002402674026059106
-0.003494323757108139 -0.001302080754490866 -0.0003387998900242907
-0.003130392874111679 -0.001873315221541569 5.338287906261159e-05
-0.003494720179793472 -0.001301219058862809 0.0004439381546598527
-0.003129265613823949 -0.001876485272229176 -0.001512866694381741
-0.003493355282434894 -0.001305511549309245 -0.001904613304605018
-0.00349380685332088 -0.001304531026839758 -0.001122469941560021
-0.003662744466861667 0.0006975215423390744 -0.0007345771597755627
-0.003707484782486396 2.4307971385801e-05 -0.0003406627312436432
-0.00281361881151983 -0.002477203429995984 -0.001902401869251844
-0.003177708480130774 -0.001906229707076053 -0.00229414847947512
-0.003131584298622116 -0.001870325569957645 0.001619865081264584
-0.003495159526554 -0.001299117072088315 0.001228203085316401
-0.00318128915532612 -0.001901495573851899 0.0008378580056444124
-0.002817713927394236 -0.00247270407172123 0.001229520001592595
-0.003706967878699137 2.185769903690981e-05 -0.001124332782779373
-0.00366441153099968 0.0006927728245641626 -0.001517235018025954
-0.00312803595807776 -0.001880068240654867 -0.003076273036144917
-0.0028129968567492 -0.002477936319647917 -0.002684845316381562
-0.003492747581459334 -0.001308361628083003 -0.002685576199238475
-0.002816961849644327 -0.002473591736530659 0.0004473027300471713
0.002194896216323466 0.002995543785253824 0.0004229814934510892
0.002720366767074518 0.002537025654712261 0.0008184634652941033
0.002718583147146269 0.002538622447514035 2.043408394678849e-05
0.002193112596395217 0.002997140578055598 -0.0003750478878962256
0.002197034428212069 0.002994548376456083 0.001224703766439707
0.002197852417708911 0.002993815038159057 0.002023028602187769
0.00272118475657136 0.002536292316415235 0.001616788301042165
-0.002309668383257308 -0.002929505371667814 -0.001510699471892045
-0.002308942515505302 -0.002929997093755294 -0.002292798904916976
0.003454292452937698 0.001368954892669729 0.002432060783607188
0.003651379438646369 0.0006952530414506995 0.002841268184394828
0.0036509765625 0.0006966430551765249 0.003656249999999997
0.003453889576791329 0.001370344906395554 0.003247042599212357
-0.002817894348363456 -0.002472512487458497 0.002015068190363084
0.003168917675354899 0.002005063663183474 0.002838326972808683
0.003650976562499349 0.0006966430551787681 0.001218749999999997
0.003453889576790679 0.001370344906397797 0.001622042599212357
0.003452929687498042 0.001371842746237262 0.0008124999999999973
-0.001727448447219274 -0.003276566813798331 -0.001115389567867982
-0.001726722579467267 -0.003277058535885811 -0.001897489000892913
0.003167438456510314 0.00200738654437869 0.001218742989725006
0.00316839834580295 0.002005888704539226 0.002028285588937366
0.003651379438646369 0.0006952530414506995 0.002028768184394829
0.003166454908414372 0.002008947121396004 0.0004150371235970732
0.002722144645863997 0.002534794476575771 0.002426330900254525
-0.002814616079006976 -0.002476075314570471 -0.0003373694446727141
-0.003178546962003436 -0.001904840847519768 -0.0007295522137596164
0.003451339553504974 0.001377299945081999 9.806361412045914e-06
0.002714699094180636 0.002544635807011506 -0.0007800673690423381
0.003650976562499349 0.0006966430551787681 0.0004062499999999973
0.003649386428506282 0.0007021002540235058 -0.000396443638587954
-0.002814005722506505 -0.002476795092909186 -0.001119948966581337
-0.003100343586241811 0.001913032350433358 3.907820202331399e-05
-0.003493506384674237 0.001361174508132677 0.000439827792985536
-0.00276222258842641 0.002501869606721354 0.0004303842518136179
-0.003155385386858836 0.001950011764420673 0.00083113384277584
-0.003495572354524489 0.001355372719394659 -0.0003437318662051474
0.00344745550053934 0.001383313304579471 -0.0007906950915770807
0.003162570855448738 0.002014960480893475 -0.0003854643293920534
-0.002310055294243983 -0.002929097034581016 -0.0007282465692215381
-0.002310798770066619 -0.002928592999178797 5.462051339235165e-05
-0.002277783449340514 0.002978257568237832 0.0008221194848476009
-0.00227835904878475 0.002977828244143258 3.741769773397702e-05
-0.002762772044562995 0.002501157664798991 -0.0003537698818588189
0.003649386428506282 0.0007021002540235058 -0.001208943638587954
0.003451339553506376 0.001377299945079814 -0.001615193638587954
-0.003158000812845674 0.001943498033760292 -0.0007365799500872803
-0.002772727683278822 0.002493872664630164 -0.003239969440645251
-0.002860059516115005 0.002414688093030317 -0.003856088431088324
-0.003158566121983218 0.001939219012929137 -0.003590342799133653
0.003450489545490489 -0.001380198300685128 8.428195272404144e-06
0.003648536420491379 -0.0007049986096272846 -0.0003978218047275958
0.003451471091822657 -0.001378666612361934 -0.0008070960205190797
-0.002275047755834111 0.002980451341021226 0.001615443820949625
-0.001680161797632812 0.003308836796972717 0.001222975861253966
0.003650976562500001 0.0006966430551765218 -0.002031250000000002
0.003452929687500096 0.00137184274623283 -0.002437500000000002
-0.002775305066512148 0.002490533743480129 -0.002495666043943641
-0.003161143505216544 0.001935880091779102 -0.002846039402432043
-0.003111761375164971 0.001903434780183893 -0.001562637767353292
-0.003495757171884723 0.001354916531981487 -0.001167146650812107
-0.003497424236022736 0.001350167814206576 -0.001949804509062499
-0.003691211925718454 -0.0006555382625785509 -0.000731932650642233
-0.003691728829505713 -0.0006530879902296597 5.173740089349727e-05
0.003161889840785549 0.002016039540250649 -0.001162879177304896
0.003165773893752585 0.002010026180750993 -0.001987377724315769
0.003650976562499983 -0.0006966430551765834 0.0004062499999999973
0.003452929687499093 -0.001371842746234427 0.0008124999999999973
-0.002774005016125922 0.002492016281962697 -0.001132071066628465
-0.003155645798875502 0.001949674409075918 0.001433626540503931
-0.002759747306936672 0.002503726024159993 0.001826201285643732
-0.003154989859784908 0.00195149775203267 0.002219641797215062
-0.001727832581505713 -0.003276159463039659 0.0005024190512254449
-0.001727089105683077 -0.003276663498441878 -0.0002804480313884448
0.00218866912974334 0.00300106563809941 -0.001955705227214553
0.002710348681616944 0.002548517658690815 -0.001572140319107649
0.002193019542307032 0.002997183786420101 -0.001163632277149242
-0.001122401785275573 -0.003576489593148681 0.001628618389797967
-0.003691058835165315 -0.0006564906390358238 -0.001515006772059308
-0.002774874764198715 0.002490888247526625 -0.001915321302712301
-0.00316053762505648 0.001937621281549308 -0.002302488044421508
-0.003706907645078961 2.238948621279105e-05 -0.001937587180113389
-0.003664351297379504 0.0006933046117400439 -0.00233048941535997
-0.001119020954050506 -0.003577562750747956 -0.00150668611634173
-0.001120633825484142 -0.003577021872558266 -0.0007229808282586555
-0.002759486894920006 0.002504063379504748 0.001223708587915642
-0.0003947105553026259 0.003728807402513876 -0.001150778733705714
0.0002870309251812328 0.003700686124091754 -0.001383361856366398
-0.003660496595376623 0.000704926203758554 0.001614950980756022
-0.003707742227612132 2.801283084175689e-05 0.002009570680753806
-0.00370781907917531 2.733675934615435e-05 0.00122680238435483
0.001622928569063041 0.003380450155558258 2.601174389107357e-05
0.001620665885438231 0.003381552976034651 -0.0007672750524744874
0.002717595789245058 0.002538864380000999 0.003225292591399928
-0.003659840656286029 0.0007067495467153061 0.002400966237467153
0.001625487675183154 0.003379249293948534 0.001620557651014167
0.001625066780951644 0.003379454746760518 0.0008277340168796918
0.00271423273458398 0.002542504299191159 -0.002396638866118522
-0.003691919287954598 -0.0006518998607389337 0.0007613146579026494
-0.003692358634715126 -0.0006497978739644396 0.001545579588559198
0.0006440464649331665 -0.003684991075772914 -0.0003232554908395345
-3.562126876535457e-05 -0.003743272852342725 6.898849310382283e-05
-3.456291657750541e-05 -0.003743326987790407 -0.0007173196548351519
0.003650976562500001 0.0006966430551765218 -0.002843750000000001
0.003466265862764856 0.001350599251523965 -0.003208191288861202
-0.001696989933803831 0.00329639690252434 -0.00192031467265282
-0.002290682839373859 0.002967872542606565 -0.001524478632616543
-0.001695013412757858 0.003297160949093245 -0.001134738859768947
-0.003495529050782104 -0.001298313068760354 0.002010895372021221
-0.002289592020347678 0.002968686861306964 -0.0007408834870356691
-0.003181839100523444 -0.001900499986261205 0.00240609848111972
0.0009693316997832031 0.003594208596061054 -0.001781259587286389
0.0009711047847775765 0.003593888736693548 -0.001157064451875161
0.003425355202445913 -0.001232002330838501 -0.003249808615121364
0.003650976562499983 -0.0006966430551765834 -0.002843750000000002
0.0036513453790182 -0.0006953706714177243 -0.003653978199905166
0.003453914825181524 -0.001370305444642685 -0.002437448734788772
0.003228293465127454 -0.001905664720304603 -0.002843507349910135
-0.0003897007854904308 0.003729411866204163 0.002795414874757811
0.0003084803284321472 0.003698110607950539 0.00318439103349519
0.001620572831350046 0.003381596184399154 -0.001555859441727504
-0.002828378150074551 -0.00246141429545015 -0.003426315716074708
-0.001053105987617928 0.003573070070670094 0.001608693615143626
-0.001680247394597485 0.00330880378561258 0.002007286877425594
0.003452929687500004 0.001371842746232976 0.004062499999999998
-0.002323978637556573 -0.002919735025767494 -0.003042319742222752
0.003167957786063573 0.002006561503020896 0.003653784373596323
-0.001120274483947946 -0.003577118557201813 0.000111960708220882
0.00375 -9.184547653667829e-19 -0.003250000000000001
0.00375 -9.184547653667829e-19 -0.004062500000000001
0.00375 -9.184547653667829e-19 0.001624999999999997
0.00375 -9.184547653667829e-19 0.0008124999999999973
0.00375 -9.184547653667829e-19 -0.004875000000000001
0.0036513453790182 -0.0006953706714177243 -0.004466478199905166
0.00375 -9.184547653667829e-19 0.004062499999999998
0.0036509765625 0.0006966430551765249 0.004468749999999998
0.00375 -9.184547653667829e-19 0.004874999999999998
-0.001121112859984145 -0.003576836924512033 0.0008943395492644465
0.00375 -9.184547653667829e-19 0.003249999999999997
0.00375 -9.184547653667829e-19 -2.602085213965211e-18
0.00375 -9.184547653667829e-19 0.002437499999999997
-0.001051093576463594 0.003573317409984903 0.002402530622666333
-0.003498205196525802 0.001347994232837247 -0.003291840041877452
0.003651513785520359 -0.0006947888441502736 0.00203456057453403
0.003651513785520359 -0.0006947888441502736 0.00284706057453403
-0.000452135555801262 -0.003703785819856335 -0.00111337205729813
-0.002291113141687292 0.002967518038560069 -0.002104823373847883
-0.001697420236117263 0.003296042398477844 -0.00250065941388416
0.003650976562499983 -0.0006966430551765834 0.001218749999999997
-0.003497599316365738 0.001349735422607453 -0.002748288683866917
0.00375 -9.184547653667829e-19 -0.002437500000000002
-0.003492294096883404 -0.001309345186016625 -0.003468343167069831
0.00375 -9.184547653667829e-19 -0.0008125000000000025
0.002739504808834854 -0.002519062586903893 -0.000529822367730181
0.002213683304214831 -0.00297881935427074 -0.0001235545961968312
0.002213670617975909 -0.002978825254076244 -0.0009271339767717816
0.00375 -9.184547653667829e-19 -0.001625000000000002
0.003650976562499983 -0.0006966430551765834 -0.002031250000000002
0.003453466910520295 -0.001369988535206829 0.00325331057453403
0.003452929687499894 -0.001371842746233227 0.004062499999999998
0.003650976562499958 -0.0006966430551766708 0.003656249999999997
-0.003493032444743349 0.001362343163335198 0.001032100766492743
-0.003492376505652755 0.00136416650629195 0.001818116023203874
0.001719611289734583 -0.003330683038159838 -0.00113987637476119
0.001719623975973505 -0.003330677138354333 -0.0003362969941862397
-0.002292336551661448 0.002966603636847222 -0.002890667521388782
-0.003706299944103402 1.953940743903309e-05 -0.002718550074746846
0.003648536420491379 -0.0007049986096272846 -0.001210321804727596
0.002193965007124032 0.002997576021596685 0.003422087695708983
0.002198513863742971 0.002993506118171456 0.00262312600456358
-0.003407840507085642 -0.001546294678633014 0.005284519382809457
-0.003554417328450967 -0.001194913791078701 0.004621037209793196
-0.003284167344940666 -0.001640670877109093 0.003908425372263866
-0.003137590523575342 -0.001992051764663406 0.004571907545280128
-0.001724985971318444 -0.00327752472659993 -0.002686411511014382
-0.001740022093369715 -0.00326726265861213 -0.003435932348320158
-0.0004517762142650654 -0.003703882504499881 -0.0002784305208185928
-0.0004528345664529145 -0.003703828369052199 0.000507877627120382
-0.001194605356217869 0.003546821711389073 -0.002894808551469609
-0.001789521671762054 0.003217382949758451 -0.003284816658974232
-0.001087678236030455 0.003567648756591891 -0.002193948143379263
-0.001085701714984482 0.003568412803160796 -0.001408372330495389
0.0006459063430384429 -0.003684569735022024 -0.001112180003032722
0.001285128485471421 -0.003443816432412241 -0.0006851814109287541
-0.001527721205264246 -0.003413026567394927 -0.00473933749554574
-0.0007654343738985262 -0.00365990043366868 -0.004750644178688855
-0.001158813728906057 -0.003566461936106825 -0.004269189522760395
-0.002379668384497631 0.002887419065247376 -0.003506786511831856
-0.003664957177539568 0.0006915634219698381 -0.002874040773370505
-0.003706238209476603 2.008339330387905e-05 -0.003587445539406076
-0.003664895442912769 0.000692107407834684 -0.003742936238029735
0.003650976562499971 0.0006966430551766231 -0.003656250000000001
0.003466265862764826 0.001350599251524067 -0.004020691288861202
0.000908027589449453 -0.00363642126000466 0.002027011123282134
0.0008181089096009127 -0.003659654563066798 0.001393943293444039
0.001277725708949961 -0.003455356869116956 0.001527422442344532
0.002195815346807218 -0.003039875241685102 0.004475699085198589
0.001869707814714455 -0.003238787553439606 0.005191528888055445
0.002502498518331957 -0.002779038195935056 0.005191528888055623
-0.000442078896664226 0.003721931037382418 0.003496646117082149
0.0002559671906567618 0.003691016055194623 0.003885678021104149
-0.002950963109511161 -0.00217601380436966 0.005296075410207973
-0.00268071312600086 -0.002621770890400051 0.004583463572678643
0.002716635899953732 0.002540362219838421 0.004040749992187568
0.001080389147301605 -0.003571436340769621 -0.001566874966865158
-0.0004541234917443434 -0.003703481037688847 0.001242156467653902
-0.0004240900958862518 0.003724759493762729 -0.001803947060411079
0.0002576513845976069 0.003696638215340607 -0.002036530183071763
-0.003649748902076395 -0.0008020020602548546 0.005286917610506832
-0.001787106961770658 0.003215945001087987 -0.003901125596707517
-0.002323435578976928 0.002928268906263389 -0.004104851961434234
0.001448490273005911 -0.003447164404828341 0.002430541809742943
0.001818188392506419 -0.003266100013940637 0.001930953128805341
-0.003727463130954976 0.0001542719303237504 -0.004134806741666345
-0.00250516720665206 -0.002776365472765658 0.005253589755361839
0.003454280050349479 -0.001369038674152374 -0.004057203984113682
0.003228289873777192 -0.001905670333573151 -0.00365303439932988
0.00316514191343825 0.002011026455430821 -0.002645503262546099
0.00317847808870301 0.001989782960721957 -0.003416194551407299
0.0009892425701987467 0.003589736525596681 0.003389562957059159
0.0009691531036417834 0.003593411992698638 0.002607845949623075
-0.0004585940317507894 -0.003703247403116331 0.001903585282808694
0.0001348222599868117 -0.003717510274086252 0.001659815273786113
0.0001392927999932578 -0.003717743908658768 0.0009983864586313204
-0.002948062577970222 -0.002304927990208656 0.003955092722621395
0.0008189605336917788 -0.003659462132088957 0.000606142474687963
-0.003188032923016976 0.001907698619461255 0.002958181017411664
-0.003453976135159949 0.001453735684532626 0.002501119321976769
-0.002339359930881924 -0.002903213001569728 -0.003783790141915898
-0.002740621800571888 -0.00255956583302888 0.002595869070675257
-0.002947873094901694 -0.002305129284311054 0.00316920811798585
-0.002379551132377056 -0.002879420440642836 0.003149514507163368
-0.001730235246411131 -0.003275063010983038 0.002605689264551674
-0.001795363970858229 -0.003229310335361803 0.003347919924071041
-0.003315099939412622 -0.002887358533877173 0.005838158869369907
-0.003771977336987104 -0.002257639408140527 0.005826602841971392
-0.002725191766350848 -0.001533183878652882 0.005957916540838065
0.003650976562499971 0.0006966430551766231 -0.00446875
0.002800877195253568 -0.00246103741670548 -0.002571218598477782
0.00291304323338219 -0.002343994541457058 -0.003171383368650158
0.002894164931779827 -0.002309733366432144 0.00525161306808902
0.002819720077966303 -0.002442966644022927 0.004604568535978824
-0.003693091182494054 -0.0006451934946047038 0.002242875336848062
-0.003495408655276571 -0.001298890879376318 0.002599125259277661
-0.003261442649654821 -0.001703520177426167 0.003362234896143791
-0.001118544983339434 -0.003577722134770958 -0.002129723813824256
0.002805123302263787 -0.00245744387453825 0.0008226744103830798
0.002480318721581509 -0.002798981610006013 0.001127410663810423
0.002280283343975933 -0.002915668953581904 0.0004134179661249458
-0.002279395863491748 -0.002133535547048881 0.005915430885991931
0.003424330041893884 -0.001233810710327052 -0.001819318613039131
0.003227264713225163 -0.001907478713061701 -0.001416092828830615
0.003227268304575425 -0.001907473099793154 -0.002225517347827901
-0.003621220514644644 -0.0008656412528774598 0.003989150577189426
0.003165136257175689 -0.002011035403218729 0.0004173600815638042
0.003166117803507859 -0.002009503714895535 -0.0003981641342276796
0.001078541955435251 -0.003571851781715006 2.562892590297992e-05
-0.001876181527661154 -0.003235477164994669 -0.005187038048452754
-0.001803074981472639 -0.00324859421704162 -0.004035127696601522
-0.002151535303869547 -0.003071044814641361 -0.004482828249508536
-0.0003797104917994861 -0.003721079668458164 -0.005239746429574948
-0.0001015599127848166 -0.003747958339451851 -0.004516544282577536
-0.0004872837948838568 -0.003686779104662367 -0.004027442031691444
0.002798661134310682 -0.002463204008646077 -0.00116706066803004
0.002272826943451737 -0.002922966675818429 -0.001564372277071641
-0.003192636288880195 -0.001890691240811909 -0.003818385846999622
-0.00292881229804447 -0.00220152413596151 -0.005283530841023965
-0.003164768880668852 -0.001934648836062786 -0.004733596889953455
-0.00340613823201674 -0.001551329904372625 -0.005278678093864302
-0.003483711902503233 0.001383031278955256 -0.004081309566432961
-0.00318520529663502 0.001858500359056436 -0.004347055198387633
-0.00374730713366957 -7.080253588607455e-05 0.003983838873072044
-0.0037166438850079 -0.0004721494937715242 0.003504688255507667
0.001818534206257952 -0.003226405816129727 0.003068063667486735
0.002027050940566475 -0.003058563521073086 0.002432000790790862
-0.003716552088270072 -0.0004727295220536132 0.004655030977903062
-0.003716342677825747 0.0003107553441893947 0.004654596591733182
0.002842468295602195 -0.002349187181609089 0.001560588979310794
0.003167272876284473 -0.002007649446141326 0.001255852725883451
-0.0005036820703430274 -0.003682797591339162 0.003974377382271954
-0.0007701351019121475 -0.003657148270264311 0.004663510893562499
-0.0003550955613552852 -0.003721983199050962 0.00531067260150389
-8.864252978616514e-05 -0.003747632520125815 0.004621539090213345
0.003650976562499958 -0.0006966430551766708 0.004468749999999998
-0.004378322098308302 0.0003924023805608438 0.005828566683498886
-0.004378531508752628 -0.0003910824856821641 0.005829001069668767
-0.003156640729319296 -8.164703637143738e-05 0.005326029908234295
0.002738523262502685 -0.002520594275227086 0.0002857018480613028
-0.001122418078632793 -0.003576485193067595 0.002215166791829401
0.002833056253231225 0.002421723149313811 -0.004562759824839831
0.002892999233097385 0.002312149461641248 -0.005249102452860694
0.003161276976224816 0.001995079580950241 -0.004781321225345541
0.003101333996358656 0.002104653268622804 -0.004094978597324678
-0.001170413791537645 -0.003562631868422904 0.004218820064431772
-0.001541390151356523 -0.00340810189577305 0.004681761443211367
-0.001362718792431416 -0.004193448796136118 0.005410096534544399
-0.001733695152250294 -0.004038918823486264 0.005873037913323994
-0.0009877135204576133 -0.00300090664901181 0.005308723529887373
-0.001878417456940196 -0.003234328278092435 0.005288468799315925
-0.001324740826041285 -0.002827133031331194 0.005915430885991931
0.003452673418765107 -0.001371223190880809 0.002442355189335826
0.003679683950598709 -0.0005887579300553424 -0.005071556298080204
0.003527683765049084 -0.001237460922347717 -0.004707145058059718
0.003556022336629593 -0.001130848180985335 -0.005312223156234757
0.000224740939835352 -0.003694276971024114 0.002292883103624208
0.003452136195744731 -0.001373077401907119 0.001626544614801793
-0.003597547416625265 -0.001039263064326603 0.003315567545786261
-0.001116808375190611 -0.003578188325485077 -0.002918646323945725
-0.0009624401028059181 -0.004287965197977524 0.005854787363675126
-0.001095760840803133 -0.003585130377677335 -0.003669994174479032
-3.410909816424062e-05 -0.003743350063130264 -0.001349211215730272
-4.002450220908645e-05 -0.003743775460033599 -0.00214076625200867
0.0006399909389935971 -0.003684995131925359 -0.00190373503931112
-0.00119696024903508 0.003545908885599063 -0.003679155743849893
-0.001867167390513113 -0.003207587346586659 0.003998817938377551
-0.002204194696096785 -0.003033813728906045 0.004605525294482109
0.002451418132355183 0.002828829721457531 0.005376723139514072
0.002400087730291382 0.002875944182585018 0.004717222707783011
0.002767966302017534 0.002493247758710935 0.004700250423918629
0.002270773523994312 -0.002922779796479093 -0.002769168599375879
0.002275039413044361 -0.002920805697146379 -0.002159105688522097
0.0004037088289642894 0.003717188517607903 0.005215306877822371
0.0009937180896399799 0.004283050305970417 0.005881545203053534
0.000590009260675695 0.003065861788362514 0.005833761674768836
0.00101701092470553 0.002990667976172124 0.005350057594312004
0.0008307104929941248 0.003641994705417514 0.004731602797365539
-0.003398372218350345 0.001574254499315759 0.004369569080830141
-0.003417953066335203 0.001518070098683381 0.005172098481816199
-0.002975154668572438 0.002135449693775337 0.004961061853669859
-0.003657832668776317 0.0007786736235295261 0.00516232835827236
-0.003098130720269866 0.000386271242968694 0.005833761674773473
-0.001731459222971252 -0.004040067710388498 -0.005853276373679278
-0.0009691723916055326 -0.004286941576662251 -0.005864583056822395
-0.0009762805036443774 -0.003004682433731454 -0.005386061121866461
0.002688867951544317 0.002555006527903545 -0.003877633023670535
0.002675531776279556 0.00257625002261241 -0.003106941734809334
-0.001545558310977903 0.003403790306433783 -0.004494884171278635
-0.002081886928184173 0.003116114211609185 -0.004698610536005352
-0.003707621832106598 2.743502022579285e-05 0.002597800568010246
-0.003692970786988521 -0.0006457713052206678 0.002831105224104502
-0.003096265717475544 0.0003919646700409092 -0.005697173949305375
-0.003152748996760477 -0.0001279048380818895 -0.005332042089511314
-0.003656176494062462 0.0007830508326414889 -0.005158793057791929
-0.003712659773347395 0.0002631813245186903 -0.004793661197997868
-0.004378530926388769 0.0003910861626005905 -0.005961619108486554
0.0002989992926912269 -0.003682226386822744 -0.003953429950816456
0.002918799186087578 -0.002337994261712101 0.004008066090071876
0.002513036906441563 -0.002703803689772973 0.00388873873312179
0.002512243414686375 -0.002705038345446953 0.003077783347923586
0.00291800569433239 -0.002339228917386081 0.003197110704873672
0.00316647938453011 -0.002008884101814019 0.002069897340685247
-0.003574634089361813 0.001133378785534986 0.004542801937609139
-0.003633312639776117 0.0006654658835647727 0.00403495305681867
0.001459106631305292 -0.003418795182504458 0.001005042874481227
0.00191872343065434 -0.003214497488554616 0.001138522023381721
0.00172155711729192 -0.003329625866777636 -0.001961558736926204
0.001717291228241872 -0.00333159996611035 -0.002571621647779986
-0.000425770853239464 0.003724597637982433 -0.002397030986527431
0.000284067345470627 0.003691735993144204 -0.002760748771865428
-0.001044663132767582 0.003587773672247449 0.003846162805335044
-0.001103271060839095 0.0035660382539216 0.003103684276762647
0.002798664725660944 -0.00246319839537753 -0.001976485187027326
0.002150725989553419 0.003034459209124423 -0.003500794350250741
0.002189426947857842 0.003000713485703172 -0.002790491481559929
-0.000458610325108009 -0.003703243003035245 0.002490133684840128
-0.0004318786506881426 -0.003704520580114307 0.003323479367965444
0.0002110534298800703 -0.003648423048653263 0.003010895259593162
-0.002279395863491748 -0.002133535547048881 -0.005833761674773475
-0.003294854674624808 -0.002907434785017943 -0.005902434328559237
-0.002484921941864247 -0.002796441723906428 -0.005236196003332713
-0.002723286219671971 -0.001538617959103962 -0.005881096512464727
-0.002740811283640416 -0.002559364538926482 0.003381753675310802
-0.002672746568876624 -0.002628609910834796 -0.004537157895740074
0.001012409837876844 -0.004279918961477646 0.00564080842458068
0.001724985510024553 -0.004043378098833435 0.005823318535978647
0.001157132142566747 -0.003475328416083816 0.005009018776657478
0.001324740826041278 -0.002827133031331199 0.005868210352076798
-0.001324740826041285 -0.002827133031331195 -0.005833761674773475
0.001076123258251556 -0.003573410440102335 -0.00217693787771894
0.002913039642031928 -0.002344000154725606 -0.003980910418069903
0.002595668416801911 -0.00268099847514595 -0.004665207539328114
0.002472182911042216 -0.002809041376915527 -0.005346087623832801
0.00197182026345316 -0.00318360651597001 -0.00457961114028425
0.003168962659643967 -0.002004963064828846 0.003397020739604936
-0.0005905566215453373 -0.003065861668520938 -0.005875163372752552
0.0008944046948234313 -0.003639457016642132 0.002813644678377242
-0.003489796311260506 0.001365065309567121 -0.004838311929863632
0.000764103029478296 -0.003657613356113562 -0.004718102922776381
0.0003635438240022525 -0.00372334530874267 -0.005281217254537461
0.003527374541313519 0.001238609468642176 0.004709544532110255
-0.002379740615445585 -0.002879219146540438 0.003935399111798913
0.003526208842630987 0.001241025563851503 -0.004707033916882065
0.0009965054787707253 0.003588954221468412 -0.003340264430425431
0.0009700895178977051 0.003593856443664816 -0.002616045841631766
0.001868052323595379 -0.003239448264564274 -0.005284268405408606
0.001532500722100514 -0.003413049868938598 -0.004633794540933352
0.001636268661958296 -0.003357208120344334 -0.003929137275808996
0.002091684438983566 0.003039968716591581 0.004109557586499574
-0.003772180608597078 -0.002257240553429058 -0.005897581581399575
-0.0005726739799007511 -0.003065741577798461 0.005955885237828764
0.001626149121217213 0.003378940373960933 0.002220655053389978
0.001561977913378708 0.003402322498280529 0.004673376130290859
0.001870381204686523 0.003238297964273966 0.005281041251574296
0.0006073445414506289 -0.003065741577798464 0.005955885237828764
0.0004397358579760974 -0.003713936962551081 0.005096693662409444
0.002382939562122935 -0.002805736921230671 -0.003369333369548254
0.001759091408774183 -0.003308344962054731 -0.003283736970504391
-0.001057918638814408 0.003538204531569337 -0.005230812229403173
-0.001775792226505239 0.003300761335346937 -0.005182740921076389
-0.003447187882400151 0.001472250904899781 0.003076700096496742
-0.003653152599652599 0.000725493275024071 0.002976283826030487
-0.002908703151501007 -0.002361734610936072 -0.003987223944669565
0.003667188741616263 0.0006381211385023886 0.004998747890964351
0.003543586720429782 0.00118008755196804 0.005239542423074608
-0.0004516817373879972 -0.003703808895196192 -0.00174526361819325
0.002396749060066982 -0.002877499130185382 0.00193241210985326
0.003343504887670839 0.00169732077182624 -0.005394471691926946
0.003681950627209263 0.000579323870401069 -0.005094859881358176
0.003557182907340278 0.001123706379075949 -0.00533314379824024
-0.003670979851670043 0.0006741414384465491 -0.004499938601460406
0.003527374541313417 -0.001238609468642444 0.004709544532110194
0.002481158560125537 0.002794203709340018 -0.00510947836757805
-0.0004242309067809326 -0.003705447546232877 -0.003428246683410081
0.0009545392642674921 -0.003621992140980054 -0.003612362223471733
0.0002313090647953327 -0.003645213300390188 -0.003087178956065358
0.0004599603380284455 0.003707323032781967 0.004560736928306581
0.0008869620020582809 0.003632129220591577 0.004077032847849749
-0.002792364032976764 0.002460651151671234 0.003168518098638445
-0.002759277595975207 0.002504385777010936 0.002429767235300284
-0.00042306652915113 0.003714945279526167 -0.00493779757576506
-0.0009107062013146248 0.003580531054390614 -0.004201869517640522
-0.003448702018048041 -0.001463605465938623 -0.004564758792283513
0.00107736201108338 -0.003573128982690452 -0.002966961918167128
0.0006412296918254201 -0.003684713674513476 -0.002693759079759309
0.002172546602036976 -0.00365560938512774 0.005823318535978647
0.001772301918053702 -0.002439364317625504 0.005868210352076798
0.002805337305654479 -0.00319586002762319 0.005823318535978825
-0.001122362373435112 -0.003576503916154353 0.002833226726119251
-0.001620969478297743 0.00333131930151713 0.003352985054252211
-0.001680027454040406 0.003309494375192748 0.002610830143203399
-0.002757866466938604 0.002487214513975166 0.004125212957840547
-0.003181542495620239 0.001926348829222069 0.003533743842080487
0.001718688053048764 -0.003331184832130507 0.0004245293256962442
-0.002408582930122742 0.002841011977842388 -0.005122994328379349
-0.002650131580915496 0.002653166672496592 -0.004529235753808231
-0.002954722595540983 0.002159731623007278 -0.00502049248528423
0.0003851222951074815 0.003719206624320689 -0.004829979674741229
0.0003920439285825651 0.003719220484561519 -0.005403984882053602
0.000981095423276274 0.004285082639850357 -0.005823318535978847
0.0005909670266576769 0.003065861421436189 -0.006080666346074754
0.0005840453931825933 0.003065847561195358 -0.005506661138762381
0.001874297867871847 -0.003208330288486903 0.003820806090545538
-0.0004499451292391738 -0.003704275085910311 -0.002534186128314719
0.0009900211052820862 -0.003000129715891833 -0.005312049040991472
0.0005894618998060426 -0.00306586166852094 -0.005875163372752552
0.000954100445547586 -0.004289207216946758 -0.005906053881784909
-0.001194165793089997 -0.003554780927379209 0.003484124740425761
0.003334244647618547 -0.001714758123791697 -0.005137655977996849
-0.0005326979734268785 0.003703770592779615 -0.003097891394617777
0.0001771402252832124 0.003670908947941385 -0.003461609179955775
-0.00215840397839701 -0.003619696664201207 0.005873037913323994
-0.002785153728108875 -0.003161733858874429 0.005838158869369907
-0.001749449652188001 -0.002407910872046138 0.005915430885991931
0.00132557270677695 -0.002826528111517508 -0.005962522905466727
0.001722498138169804 -0.004044643729771794 -0.005821745499941879
0.001143063265782714 -0.003571290044202697 -0.004169086644744668
0.002336970258438628 0.002927487087929752 -0.004424351566408754
0.001548190335779084 -0.003407242600241408 0.004536635893402394
0.001120520970570047 0.003481808326176602 -0.004601159506606191
0.0004633942730036682 0.003705531116732936 -0.003984322953746404
0.001724985510024563 0.004043378098833431 0.005823318535978854
0.002795575701524676 0.001087109985758741 -0.005925783916882065
0.00292034342139366 0.0005427274770838604 -0.0056875
0.004102294048602923 0.00112205134748493 -0.005907359881358175
-0.002859351564593277 -0.0009564025899932434 0.005957916540838065
-0.003906137135229533 -0.001680858119480888 0.005826602841971392
-0.004148045530220286 -0.0009365655011027286 0.005829001069668767
0.001504253934619806 -0.003429088877185518 0.003183284232801747
-0.003089837543125619 -0.0004109195745726788 0.005957916540838065
0.002279395863491742 -0.002133535547048888 0.005868210352076798
0.003312431251092519 -0.002890031257046574 0.005823318535978825
0.002671062276939612 -0.001664230717545975 0.005928294532110195
-0.001651398756363461 0.003271870357919608 0.003796350583364862
-0.002227796026063045 0.003014919409026846 0.003303933325643752
0.002720760148994898 -0.002537196050390312 0.002441720471227713
0.002289191488683177 -0.002846608195549665 -0.00389531401902604
-8.190033865266818e-05 0.003748832237173508 -0.004311472464773633
-0.0004962401512153239 0.003716190187353748 0.004306382111660938
-0.001038146225699885 0.003486473823572536 0.004770304756485466
-0.0002924504723706104 0.00373283562106117 0.004981453606144886
-0.001877916287237303 0.003232308013114683 0.004929355168562054
-0.001132072572450588 0.003478993425451296 0.005140053061918227
0.002928824096368582 -0.0005454830154205645 -0.0056875
0.002805162482399467 -0.001087573266350557 -0.005928166858154553
0.004108508046967291 -0.001134240945475906 -0.005884056298080204
0.001620138969561963 0.003381807324401511 -0.00214477399122306
-0.00251086675924659 0.002773673814641863 0.004960377820034458
-0.003554848092380268 0.001189740300729783 0.003740400195189332
0.001653632176337104 0.003365231430912078 -0.003957100983285218
0.001523621461918528 0.003421453694402171 0.003704875900633366
0.001625902030058993 0.003379060999407275 0.003017406009842776
0.001620896787676465 0.003381455172005274 -0.002979560245568437
-0.003690840283528754 -0.0006569152009333547 -0.002974931406640518
-0.003691447984504314 -0.0006540651221595968 -0.002193968512007061
0.003243396641091032 -0.001878351932371966 0.004393568816002461
0.003317841494904556 -0.001745118654781184 0.005040613348112657
0.001368028798948653 -0.003490208677662319 0.003968228717793332
-0.0036691810668916 0.0004534840736617849 0.00368912270642346
-0.003513519018361776 -0.001175156648996754 -0.0040157043693301
-0.002193215427165623 0.003041552458045944 0.004260185509438188
-0.001586441578352726 0.00335785296660742 0.004310276088219248
0.003168169167888779 -0.002006197720502826 0.002586065354406732
-0.00133577929413721 0.002819450886883469 0.005622629347046106
-0.001722081833126277 0.004044855213813811 0.005806291387149391
-0.0005900092606756837 0.003065861788362515 0.005833761674768836
0.003260840932918941 -0.001846335875596354 -0.004487714904050813
0.0003072362758691135 -0.003677479020460352 0.003878971209808328
-0.002274567005116685 0.002980889259298993 0.002219082269725751
-0.0008824597330462986 0.004298697409423685 0.00564769193137605
0.001104477769759748 0.003495657607861494 -0.005109478367578269
0.00130340086783486 0.002842298544736164 -0.00578615983159942
-0.002365145111080335 0.002910076671925588 0.002741735243303454
-0.0004161448956760464 0.003714959139766998 -0.005511802783077432
0.003762936905665978 0.00227520256723156 -0.005968687775044881
0.003312431251092525 0.002890031257046568 -0.005823318535978629
0.00266989657825717 0.001666646812755081 -0.005925783916882065
9.577659819871802e-07 0.002951872606566259 -0.006080666346074754
-0.0004171026616580272 0.004166832480185905 -0.005931136437002679
0.0003910861626005843 0.004171093824980427 -0.005823318535978847
-0.003773796719092413 0.002254063159794899 0.005838336807042726
-0.002290572727654399 0.002125788676264991 0.005622834991153062
-0.002733484943495091 0.001508535547048895 0.005833761674773473
0.003159501704722485 0.002019907460093929 0.00445036166424607
0.002842953535060135 0.002355489422840525 0.005126834379841514
0.001839876445222313 0.003258259309717407 -0.004880658199443231
-0.0003791631309298424 -0.004236299906772248 -0.005864583056822395
-5.473608696471019e-07 -0.003015219998630935 -0.005875163372752552
0.0003640911848718962 -0.004238565547056754 -0.005906053881784909
-0.000368154386373124 0.003714210068381957 -0.003788758690983003
0.001325414216013346 0.002826643442165561 0.005957722715595442
0.003671113244030575 -0.0006230655339366386 0.004998173961528992
0.003547511222844034 -0.001165031947402411 0.005238968493639188
0.0008356146636313761 -0.003643783462885618 0.004354125782004428
0.002805222075182102 0.001087449428886214 0.005928294532110256
0.002928824096368583 0.0005454830154205626 0.005687499999999999
0.004096012837984847 0.001183604153922952 0.005811247890964352
0.0009501683564373264 -0.003621381488999308 0.003566387101436046
0.003888616028933484 0.00169566574023522 -0.005968687775044881
-0.002141785797389642 -0.003601050079848906 -0.005853276373679278
-0.001735067400459675 -0.002388115400791604 -0.005833761674773475
-0.002750526211592735 -0.003162014638760666 -0.005902434328559237
-0.003712659773347398 -0.000518991000682465 -0.004655360625490087
-0.004378530926388772 -0.0003910861626005649 -0.005823318535978773
-0.002867644741737522 0.0009317542583892568 0.005833761674773473
-0.004147836119775958 0.0009378853959814067 0.005828566683498886
-0.003907956517334844 0.001677281871135262 0.005838336807042726
0.002908470476428767 -0.0005388697234124795 0.005687499999999999
0.002784868455242227 -0.001080836136878252 0.005928294532110195
0.004079583720459342 -0.001161935257349118 0.005810673961528992
-0.0003724308421302278 -0.004259616301517958 0.005854787363675126
0.0004224005772011548 -0.004251570065018077 0.00564080842458068
1.733528077493924e-05 -0.003037392681338895 0.005955885237828764
-0.003312431251092514 0.00289003125704658 -0.005823318535978854
-0.002185480275282528 0.002195509328956221 -0.005799675792400494
-0.002731619940700768 0.00151422897412111 -0.005697173949305375
-0.001007111922333716 0.004280821295055837 -0.005931136437002679
-0.001230825237832064 0.002889106813238529 -0.005799675792400494
-0.0005890514946937019 0.003065861421436191 -0.006080666346074754
-0.001724985510024548 0.004043378098833437 -0.005883065128675894
0.002753583529705645 0.003246141142311301 0.00591900042391863
0.002172546602036985 0.003655609385127735 0.005823318535978854
0.001772975308025768 0.002438874728459865 0.005957722715595442
0.003159310074900926 -1.281933543692548e-18 -0.0056875
0.004341260702110189 0.0005793238704010684 -0.005907359881358175
0.004338994025499635 -0.000588757930055343 -0.005884056298080204
0.003233946558536 0.001886674182503129 0.005097406196356328
-0.003712065205007127 -0.0005227266639134833 -0.003522292608900786
0.003260677475143684 0.002940312371734685 0.00591900042391863
0.002280069253463808 0.002133045957883248 0.005957722715595442
0.003886730357956245 -0.001718150888282268 -0.005709489119842296
-0.003087931996446742 -0.0004163536550237586 -0.005881096512464727
-0.003309836989315577 0.002892621717225664 0.005837620561442746
0.0004037088289642904 0.004211007573587194 0.005881545203053534
-0.0002924504723706095 0.004226654677040461 0.00564769193137605
5.479360563103488e-18 0.002993819055979291 0.005833761674768836
-0.002818440669109581 0.003213895260180167 -0.005823318535978854
-0.002185649965492079 0.003673644617684716 -0.005883065128675894
-0.001691489693299595 0.002519373332089808 -0.005799675792400494
0.004409310074900926 -1.588085132148143e-18 -0.0056875
0.003159310074900926 -8.482526746983466e-19 0.005687499999999999
0.00432649881651719 0.0006381211385023883 0.005811247890964352
0.001716494098738839 0.00404768434170627 -0.005594498367843809
-0.0028657797389432 0.0009374476854614725 -0.005697173949305375
-0.004148044947856424 0.0009365691780211539 -0.005961619108486554
0.002862957850971837 -0.002340465304690525 -0.005311731576520626
0.002671002684157036 -0.001664354555010196 -0.005928166858154553
0.002280227744227414 -0.002132930627235197 -0.005962522905466727
0.003281283763067105 -0.002920639357840735 -0.005883564718366074
0.002258055905285322 0.002148701060453851 -0.00578615983159942
0.001773133798789374 -0.002438759397811813 -0.005962522905466727
0.002774189817629065 -0.003226468128417352 -0.005883564718366074
0.002170059230182228 -0.003656875016066099 -0.005821745499941879
0.004330423318931501 -0.0006230655339366388 0.005810673961528992
0.003736107814217248 -0.002325416545395613 0.005612318816002462
0.003752570559713815 -0.002294932176941907 -0.005709489119842296
-0.003847504966812038 0.002095364943606424 -0.005641137980558257
0.004409310074900926 -1.154404263153941e-18 0.005687499999999999
-0.003647842773033662 -0.0008074398176243342 -0.0052044150484435
0.002158813845369218 0.003652701534977785 -0.005594498367843809
0.001745720614465239 0.002447315738007679 -0.00578615983159942
0.002800095960272442 0.003188645934600396 -0.005823318535978629
-0.003981664765054469 0.001518583654946786 -0.005641137980558257
-0.002132408407544666 0.003605837583274222 0.005806291387149391
-0.001746404598006601 0.002380619777470977 0.005622702882368787
-0.002765508526283502 0.003147201570968384 0.005837620561442746
0.003849913992519863 -0.00174202196472789 0.005612318816002462
-0.002820470275023736 -0.0009498225232963022 -0.005881096512464727
-0.003869364663948843 -0.001668445117621399 -0.005897581581399575
-0.004111069204965765 -0.0009245550308731085 -0.005823318535978773
0.003961853039742418 0.00176038544258259 0.005811247890964352
0.003652212877848636 0.002466972073117679 0.005669111664246071
0.002671062276939673 0.001664230717545852 0.005928294532110256
-0.0036387174080518 5.193711624764829e-05 0.003210139072896146
0.002986443356731533 -0.002212422402920949 -0.004630851492015939
0.0003988742217367296 -0.003630133558284817 0.0004178729098463373
3 2 0 2140
3046
3047
3048
3049
3050
3051
3052
3053
3054
3055
3056
3057
3058
3059
3060
3061
3062
3063
3064
3065
3066
3067
3068
3069
3070
3071
3072
3073
3074
3075
3076
3077
3078
3079
3080
3081
3082
3083
3084
3085
3086
3087
3088
3089
3090
3091
3092
3093
3094
3095
3096
3097
3098
3099
3100
3101
3102
3103
3104
3105
3106
3107
3108
3109
3110
3111
3112
3113
3114
3115
3116
3117
3118
3119
3120
3121
3122
3123
3124
3125
3126
3127
3128
3129
3130
3131
3132
3133
3134
3135
3136
3137
3138
3139
3140
3141
3142
3143
3144
3145
3146
3147
3148
3149
3150
3151
3152
3153
3154
3155
3156
3157
3158
3159
3160
3161
3162
3163
3164
3165
3166
3167
3168
3169
3170
3171
3172
3173
3174
3175
3176
3177
3178
3179
3180
3181
3182
3183
3184
3185
3186
3187
3188
3189
3190
3191
3192
3193
3194
3195
3196
3197
3198
3199
3200
3201
3202
3203
3204
3205
3206
3207
3208
3209
3210
3211
3212
3213
3214
3215
3216
3217
3218
3219
3220
3221
3222
3223
3224
3225
3226
3227
3228
3229
3230
3231
3232
3233
3234
3235
3236
3237
3238
3239
3240
3241
3242
3243
3244
3245
3246
3247
3248
3249
3250
3251
3252
3253
3254
3255
3256
3257
3258
3259
3260
3261
3262
3263
3264
3265
3266
3267
3268
3269
3270
3271
3272
3273
3274
3275
3276
3277
3278
3279
3280
3281
3282
3283
3284
3285
3286
3287
3288
3289
3290
3291
3292
3293
3294
3295
3296
3297
3298
3299
3300
3301
3302
3303
3304
3305
3306
3307
3308
3309
3310
3311
3312
3313
3314
3315
3316
3317
3318
3319
3320
3321
3322
3323
3324
3325
3326
3327
3328
3329
3330
3331
3332
3333
3334
3335
3336
3337
3338
3339
3340
3341
3342
3343
3344
3345
3346
3347
3348
3349
3350
3351
3352
3353
3354
3355
3356
3357
3358
3359
3360
3361
3362
3363
3364
3365
3366
3367
3368
3369
3370
3371
3372
3373
3374
3375
3376
3377
3378
3379
3380
3381
3382
3383
3384
3385
3386
3387
3388
3389
3390
3391
3392
3393
3394
3395
3396
3397
3398
3399
3400
3401
3402
3403
3404
3405
3406
3407
3408
3409
3410
3411
3412
3413
3414
3415
3416
3417
3418
3419
3420
3421
3422
3423
3424
3425
3426
3427
3428
3429
3430
3431
3432
3433
3434
3435
3436
3437
3438
3439
3440
3441
3442
3443
3444
3445
3446
3447
3448
3449
3450
3451
3452
3453
3454
3455
3456
3457
3458
3459
3460
3461
3462
3463
3464
3465
3466
3467
3468
3469
3470
3471
3472
3473
3474
3475
3476
3477
3478
3479
3480
3481
3482
3483
3484
3485
3486
3487
3488
3489
3490
3491
3492
3493
3494
3495
3496
3497
3498
3499
3500
3501
3502
3503
3504
3505
3506
3507
3508
3509
3510
3511
3512
3513
3514
3515
3516
3517
3518
3519
3520
3521
3522
3523
3524
3525
3526
3527
3528
3529
3530
3531
3532
3533
3534
3535
3536
3537
3538
3539
3540
3541
3542
3543
3544
3545
3546
3547
3548
3549
3550
3551
3552
3553
3554
3555
3556
3557
3558
3559
3560
3561
3562
3563
3564
3565
3566
3567
3568
3569
3570
3571
3572
3573
3574
3575
3576
3577
3578
3579
3580
3581
3582
3583
3584
3585
3586
3587
3588
3589
3590
3591
3592
3593
3594
3595
3596
3597
3598
3599
3600
3601
3602
3603
3604
3605
3606
3607
3608
3609
3610
3611
3612
3613
3614
3615
3616
3617
3618
3619
3620
3621
3622
3623
3624
3625
3626
3627
3628
3629
3630
3631
3632
3633
3634
3635
3636
3637
3638
3639
3640
3641
3642
3643
3644
3645
3646
3647
3648
3649
3650
3651
3652
3653
3654
3655
3656
3657
3658
3659
3660
3661
3662
3663
3664
3665
3666
3667
3668
3669
3670
3671
3672
3673
3674
3675
3676
3677
3678
3679
3680
3681
3682
3683
3684
3685
3686
3687
3688
3689
3690
3691
3692
3693
3694
3695
3696
3697
3698
3699
3700
3701
3702
3703
3704
3705
3706
3707
3708
3709
3710
3711
3712
3713
3714
3715
3716
3717
3718
3719
3720
3721
3722
3723
3724
3725
3726
3727
3728
3729
3730
3731
3732
3733
3734
3735
3736
3737
3738
3739
3740
3741
3742
3743
3744
3745
3746
3747
3748
3749
3750
3751
3752
3753
3754
3755
3756
3757
3758
3759
3760
3761
3762
3763
3764
3765
3766
3767
3768
3769
3770
3771
3772
3773
3774
3775
3776
3777
3778
3779
3780
3781
3782
3783
3784
3785
3786
3787
3788
3789
3790
3791
3792
3793
3794
3795
3796
3797
3798
3799
3800
3801
3802
3803
3804
3805
3806
3807
3808
3809
3810
3811
3812
3813
3814
3815
3816
3817
3818
3819
3820
3821
3822
3823
3824
3825
3826
3827
3828
3829
3830
3831
3832
3833
3834
3835
3836
3837
3838
3839
3840
3841
3842
3843
3844
3845
3846
3847
3848
3849
3850
3851
3852
3853
3854
3855
3856
3857
3858
3859
3860
3861
3862
3863
3864
3865
3866
3867
3868
3869
3870
3871
3872
3873
3874
3875
3876
3877
3878
3879
3880
3881
3882
3883
3884
3885
3886
3887
3888
3889
3890
3891
3892
3893
3894
3895
3896
3897
3898
3899
3900
3901
3902
3903
3904
3905
3906
3907
3908
3909
3910
3911
3912
3913
3914
3915
3916
3917
3918
3919
3920
3921
3922
3923
3924
3925
3926
3927
3928
3929
3930
3931
3932
3933
3934
3935
3936
3937
3938
3939
3940
3941
3942
3943
3944
3945
3946
3947
3948
3949
3950
3951
3952
3953
3954
3955
3956
3957
3958
3959
3960
3961
3962
3963
3964
3965
3966
3967
3968
3969
3970
3971
3972
3973
3974
3975
3976
3977
3978
3979
3980
3981
3982
3983
3984
3985
3986
3987
3988
3989
3990
3991
3992
3993
3994
3995
3996
3997
3998
3999
4000
4001
4002
4003
4004
4005
4006
4007
4008
4009
4010
4011
4012
4013
4014
4015
4016
4017
4018
4019
4020
4021
4022
4023
4024
4025
4026
4027
4028
4029
4030
4031
4032
4033
4034
4035
4036
4037
4038
4039
4040
4041
4042
4043
4044
4045
4046
4047
4048
4049
4050
4051
4052
4053
4054
4055
4056
4057
4058
4059
4060
4061
4062
4063
4064
4065
4066
4067
4068
4069
4070
4071
4072
4073
4074
4075
4076
4077
4078
4079
4080
4081
4082
4083
4084
4085
4086
4087
4088
4089
4090
4091
4092
4093
4094
4095
4096
4097
4098
4099
4100
4101
4102
4103
4104
4105
4106
4107
4108
4109
4110
4111
4112
4113
4114
4115
4116
4117
4118
4119
4120
4121
4122
4123
4124
4125
4126
4127
4128
4129
4130
4131
4132
4133
4134
4135
4136
4137
4138
4139
4140
4141
4142
4143
4144
4145
4146
4147
4148
4149
4150
4151
4152
4153
4154
4155
4156
4157
4158
4159
4160
4161
4162
4163
4164
4165
4166
4167
4168
4169
4170
4171
4172
4173
4174
4175
4176
4177
4178
4179
4180
4181
4182
4183
4184
4185
4186
4187
4188
4189
4190
4191
4192
4193
4194
4195
4196
4197
4198
4199
4200
4201
4202
4203
4204
4205
4206
4207
4208
4209
4210
4211
4212
4213
4214
4215
4216
4217
4218
4219
4220
4221
4222
4223
4224
4225
4226
4227
4228
4229
4230
4231
4232
4233
4234
4235
4236
4237
4238
4239
4240
4241
4242
4243
4244
4245
4246
4247
4248
4249
4250
4251
4252
4253
4254
4255
4256
4257
4258
4259
4260
4261
4262
4263
4264
4265
4266
4267
4268
4269
4270
4271
4272
4273
4274
4275
4276
4277
4278
4279
4280
4281
4282
4283
4284
4285
4286
4287
4288
4289
4290
4291
4292
4293
4294
4295
4296
4297
4298
4299
4300
4301
4302
4303
4304
4305
4306
4307
4308
4309
4310
4311
4312
4313
4314
4315
4316
4317
4318
4319
4320
4321
4322
4323
4324
4325
4326
4327
4328
4329
4330
4331
4332
4333
4334
4335
4336
4337
4338
4339
4340
4341
4342
4343
4344
4345
4346
4347
4348
4349
4350
4351
4352
4353
4354
4355
4356
4357
4358
4359
4360
4361
4362
4363
4364
4365
4366
4367
4368
4369
4370
4371
4372
4373
4374
4375
4376
4377
4378
4379
4380
4381
4382
4383
4384
4385
4386
4387
4388
4389
4390
4391
4392
4393
4394
4395
4396
4397
4398
4399
4400
4401
4402
4403
4404
4405
4406
4407
4408
4409
4410
4411
4412
4413
4414
4415
4416
4417
4418
4419
4420
4421
4422
4423
4424
4425
4426
4427
4428
4429
4430
4431
4432
4433
4434
4435
4436
4437
4438
4439
4440
4441
4442
4443
4444
4445
4446
4447
4448
4449
4450
4451
4452
4453
4454
4455
4456
4457
4458
4459
4460
4461
4462
4463
4464
4465
4466
4467
4468
4469
4470
4471
4472
4473
4474
4475
4476
4477
4478
4479
4480
4481
4482
4483
4484
4485
4486
4487
4488
4489
4490
4491
4492
4493
4494
4495
4496
4497
4498
4499
4500
4501
4502
4503
4504
4505
4506
4507
4508
4509
4510
4511
4512
4513
4514
4515
4516
4517
4518
4519
4520
4521
4522
4523
4524
4525
4526
4527
4528
4529
4530
4531
4532
4533
4534
4535
4536
4537
4538
4539
4540
4541
4542
4543
4544
4545
4546
4547
4548
4549
4550
4551
4552
4553
4554
4555
4556
4557
4558
4559
4560
4561
4562
4563
4564
4565
4566
4567
4568
4569
4570
4571
4572
4573
4574
4575
4576
4577
4578
4579
4580
4581
4582
4583
4584
4585
4586
4587
4588
4589
4590
4591
4592
4593
4594
4595
4596
4597
4598
4599
4600
4601
4602
4603
4604
4605
4606
4607
4608
4609
4610
4611
4612
4613
4614
4615
4616
4617
4618
4619
4620
4621
4622
4623
4624
4625
4626
4627
4628
4629
4630
4631
4632
4633
4634
4635
4636
4637
4638
4639
4640
4641
4642
4643
4644
4645
4646
4647
4648
4649
4650
4651
4652
4653
4654
4655
4656
4657
4658
4659
4660
4661
4662
4663
4664
4665
4666
4667
4668
4669
4670
4671
4672
4673
4674
4675
4676
4677
4678
4679
4680
4681
4682
4683
4684
4685
4686
4687
4688
4689
4690
4691
4692
4693
4694
4695
4696
4697
4698
4699
4700
4701
4702
4703
4704
4705
4706
4707
4708
4709
4710
4711
4712
4713
4714
4715
4716
4717
4718
4719
4720
4721
4722
4723
4724
4725
4726
4727
4728
4729
4730
4731
4732
4733
4734
4735
4736
4737
4738
4739
4740
4741
4742
4743
4744
4745
4746
4747
4748
4749
4750
4751
4752
4753
4754
4755
4756
4757
4758
4759
4760
4761
4762
4763
4764
4765
4766
4767
4768
4769
4770
4771
4772
4773
4774
4775
4776
4777
4778
4779
4780
4781
4782
4783
4784
4785
4786
4787
4788
4789
4790
4791
4792
4793
4794
4795
4796
4797
4798
4799
4800
4801
4802
4803
4804
4805
4806
4807
4808
4809
4810
4811
4812
4813
4814
4815
4816
4817
4818
4819
4820
4821
4822
4823
4824
4825
4826
4827
4828
4829
4830
4831
4832
4833
4834
4835
4836
4837
4838
4839
4840
4841
4842
4843
4844
4845
4846
4847
4848
4849
4850
4851
4852
4853
4854
4855
4856
4857
4858
4859
4860
4861
4862
4863
4864
4865
4866
4867
4868
4869
4870
4871
4872
4873
4874
4875
4876
4877
4878
4879
4880
4881
4882
4883
4884
4885
4886
4887
4888
4889
4890
4891
4892
4893
4894
4895
4896
4897
4898
4899
4900
4901
4902
4903
4904
4905
4906
4907
4908
4909
4910
4911
4912
4913
4914
4915
4916
4917
4918
4919
4920
4921
4922
4923
4924
4925
4926
4927
4928
4929
4930
4931
4932
4933
4934
4935
4936
4937
4938
4939
4940
4941
4942
4943
4944
4945
4946
4947
4948
4949
4950
4951
4952
4953
4954
4955
4956
4957
4958
4959
4960
4961
4962
4963
4964
4965
4966
4967
4968
4969
4970
4971
4972
4973
4974
4975
4976
4977
4978
4979
4980
4981
4982
4983
4984
4985
4986
4987
4988
4989
4990
4991
4992
4993
4994
4995
4996
4997
4998
4999
5000
5001
5002
5003
5004
5005
5006
5007
5008
5009
5010
5011
5012
5013
5014
5015
5016
5017
5018
5019
5020
5021
5022
5023
5024
5025
5026
5027
5028
5029
5030
5031
5032
5033
5034
5035
5036
5037
5038
5039
5040
5041
5042
5043
5044
5045
5046
5047
5048
5049
5050
5051
5052
5053
5054
5055
5056
5057
5058
5059
5060
5061
5062
5063
5064
5065
5066
5067
5068
5069
5070
5071
5072
5073
5074
5075
5076
5077
5078
5079
5080
5081
5082
5083
5084
5085
5086
5087
5088
5089
5090
5091
5092
5093
5094
5095
5096
5097
5098
5099
5100
5101
5102
5103
5104
5105
5106
5107
5108
5109
5110
5111
5112
5113
5114
5115
5116
5117
5118
5119
5120
5121
5122
5123
5124
5125
5126
5127
5128
5129
5130
5131
5132
5133
5134
5135
5136
5137
5138
5139
5140
5141
5142
5143
5144
5145
5146
5147
5148
5149
5150
5151
5152
5153
5154
5155
5156
5157
5158
5159
5160
5161
5162
5163
5164
5165
5166
5167
5168
5169
5170
5171
5172
5173
5174
5175
5176
5177
5178
5179
5180
5181
5182
5183
5184
5185
-5.421010862427522e-19 2.168404344971009e-18 -0.008887166320284065
-8.673617379884035e-19 -8.777290519857049e-19 0.008887166320284065
-4.336808689942018e-19 2.168404344971009e-18 -0.00608066634607476
-9.804719073091194e-06 3.016755288417963e-06 0.001317637216618987
1.301042606982605e-18 6.43947339381833e-19 0.005957916540838065
-5.216599431189742e-06 -1.680995398569015e-06 -0.002501632647639695
-2.927345865710862e-18 -0.002727114553715035 0.009100732774704858
-0.00256327136390287 -0.00083285735292182 0.009068928640622202
0.001584188825281276 0.00218044885772961 0.009068928640622207
-0.0005064729683169959 0.004243819055979292 0.009302614474262321
0.001584188825281271 -0.002180448857729613 -0.009068928640622207
0.004220642505496445 -0.0008127402869082204 -0.009341406359821993
-0.002366580267915681 -0.002117621043995464 -0.009348511284740613
-0.001602957715985862 0.002206282019562719 -0.00910073277470486
0.00276615538944767 0.001567653070848763 -0.009191060703544187
0.002533424577411109 -0.0008231595441213982 0.009037671092459194
0.0004578348879167298 0.004201872973492582 -0.009219702881373588
-0.0005312883154600111 -0.004265220118472509 -0.00918075577023502
-0.003156717484827165 0.003156717484827183 0.009215964690367794
0.0002029378779097838 -7.093228725165071e-05 0.003637290625479203
-0.005027475253950045 -0.000796273854342318 -0.009362114362730649
-0.002299455149075263 -0.004512934832512998 0.00930933365446979
0.003940697992851584 0.003940697992851577 0.009270914568592553
0.002518355293656458 -0.003442409783962882 0.009014190312637015
0.004058732207299074 0.001311048946169411 0.009018298878884112
0.002494574016487053 -0.004895877171517682 -0.00920160291341296
-0.0005973713962982394 -0.0001115888307718228 -0.0005925682427763461
-0.003159310074900925 0.0003642895801060801 -0.008676930931930121
-0.004409310074900924 0.0006983661084305363 0.008741258978665383
-0.002488605136109076 0.004884162584181777 -0.009155479720078621
0.003290034820987155 0.004354186470808993 -0.009298562808522221
0.00508476697363184 0.002590818177814188 -0.008815539799137951
-0.0002841454708434352 0.0006181243944975998 -0.004291269135158283
-0.004160237011505677 -0.004160237011505656 -0.008957185474116934
0.005100233119998989 -0.002150217204568936 0.009318368946903771
-0.004910617203154779 0.002502084437732533 -0.009126701381076217
-0.004889623379371813 -0.002491387550232875 0.009195383249870522
0.0003470759506737995 -0.005540250503440885 0.009265696339607287
-2.818925648462312e-18 -0.002695183009615567 -0.008188708878259331
0.002563271363902867 -0.0008328573529218289 -0.008188708878259331
0.002026737384795601 0.003977696083299866 0.008288432583069679
0.005117015805723172 0.004629290977683656 -0.001569122097450257
0.003524487454267978 -0.002650525547996616 -0.008491283120197002
-0.001796880564250509 0.006612272402124371 -0.001538056639017731
-0.003470444492031284 0.005800075756425612 -0.00231724053791012
0.006339818908689095 0.002601097985334149 1.493104057513303e-05
-0.004841710567768907 0.004625355250869288 -0.003052055771310809
-0.003240934738669122 -0.006034548084397302 4.878185128218119e-05
-0.001477133723520361 -0.006583117036366463 -0.0007322769983945591
0.005076444181850617 0.004585136748646833 0.001621762167100719
-0.001345349233414011 0.001851714361590808 0.008664211786357952
-0.003156717484827182 -0.003156717484827165 0.008213920659488016
0.000808741417515858 0.0006061849512841307 -1.923669633542156e-05
-0.001135977108170462 -0.006798677789623465 0.001497911029734392
0.0005152473763145968 0.006801124511263431 3.343873641099382e-05
-0.004950756869908817 0.004709338035618651 3.811230551032404e-05
-0.003456689649625717 0.005792425444626603 0.0008212082208868986
-0.005865376276203634 0.003507088180764502 0.001424994378906071
-0.001766147356790138 0.006496174521335782 0.001605999339672067
0.0009565175947256607 0.006039214412512403 0.008344863173260452
-0.003869243387071604 -0.001768421786344815 -0.008184650799309797
-0.005495382271417834 0.002800037121987909 0.008395622796267927
-0.00649913112447862 -0.002111211778283402 0.004807414809904372
-1.409462824231156e-18 -0.001112374374353462 -0.007435418363037638
-0.001550331431089502 -0.002133848152489785 0.008184287343439758
0.001584188825281271 -0.002180448857729613 0.008108611452695473
0.0006138226894869903 -0.0008448544521848856 0.007413342432136552
-0.000137935466608841 -0.0009464098618106374 -0.004751623991912708
0.003977790599781523 0.005499514139493748 2.851115313374879e-05
4.87890977618477e-18 0.00259987440809943 -0.008199903582548884
0.004208966678859649 0.0008198184142400463 -0.008183034526801077
-0.006665709042837918 0.001778118264486171 0.002930220925051452
-0.006780249254238709 2.011410054056362e-06 0.005516820277795081
0.006076219138010085 0.002984375805012856 0.002434171448159408
-0.001133588608054098 -0.006818919583411115 0.004335937834194534
0.00256327136390287 0.0008328573529218265 0.008110064041556526
0.002945031921154984 0.005779950587506771 0.007696601234724175
-0.004354470873937356 -0.005182399044115415 0.001612109542668425
0.006634521857969763 0.001180670868001171 0.003248784153606879
0.0008037547825516516 -0.006716234557473588 0.0008442998987387144
0.002561209361538042 -0.006210987089816876 9.325132048165045e-05
-0.002132423338337691 0.00654216680348785 -0.004844428546009856
0.006697115384615377 -0.0007128104461261118 -0.004062500000000001
-0.005822903775826119 -0.003441032532304154 4.607324174592102e-05
-0.006434823650556854 -0.001763162094086783 0.0007543730342685821
-0.006728317827312623 7.035824276315698e-05 4.278981046011102e-05
-0.001018266153838899 -0.0003308547293895817 0.007297676759447287
0.0006293230926660701 0.0008661889268805819 0.007297676759447287
-0.000985367833637539 0.006221367652141154 -0.008126207790347372
-0.006408210461456774 -0.002187121631457028 -0.001520605191928096
-0.006335127765961496 -0.002028722667900781 0.002941817245109052
-0.006662363739673141 -0.0003075150421077281 0.002155052345982135
-0.005819936146084172 0.00355306439896771 -0.001600085988259159
-0.006399128305646522 0.001882902902382589 -0.0007825606425157139
0.001891186986574669 0.006499031228095083 0.001612419119297038
-0.00209940276088289 -0.003668495238862716 -0.008207521356878342
-0.003079518103744876 -0.006043894582302965 -0.006175995460884667
0.006625 -0.001178277586362402 5.672328074228593e-07
-0.004327661835112788 -0.00516059880275537 -0.001517763976611066
0.0002356785737679626 0.006931279883207193 -0.003257887522228254
0.006256998272271501 -0.002219207562005307 -0.003038937865353441
7.29931166818231e-06 -0.006874250745373203 -0.00476426108683081
0.0008363871329323603 -0.000456215401640364 -0.001217218273214347
0.005464916260742665 0.002784513914204317 0.00817782264777971
0.006360823100223654 0.001007455406732304 -0.007875935233981241
0.0005136905469330258 0.00681136745996896 0.003191057687696258
-0.002970870662119379 0.003141193507565576 -0.008170878327940749
-0.003219925247360757 -0.006037027047906651 0.003227553642652807
0.001969143421414263 0.006451928466379941 -0.001384978660802904
0.002439344851944537 -0.006373637434053078 0.003151936306769598
0.004994804282029188 0.00473786841692712 -0.004332025864965216
0.003813631358711184 0.005461409653405365 -0.003014401193353863
0.004630056126053794 0.004630056126053786 -0.006121152056002345
-0.005611744385635624 -0.003502503888611466 0.005551118823737319
-0.005816514938559201 -0.003168415861940618 0.004877721665708712
-0.005359637540984719 -0.003798134987677263 0.004889277693107227
-0.0007925329201465788 -0.006548149771251547 -0.007895667954321483
-0.001565075406083947 -0.006425791061989429 -0.007895667954321483
-0.001038186643667377 -0.004510251349974138 -0.00784037788511751
-0.001058177077876582 -0.006180759830487801 -0.009236045839438994
-0.0002656441577300082 -0.004632610059236254 -0.00784037788511751
-0.004944844680540371 0.00323719703117458 0.002465065660576663
-0.004911801617308303 0.003280996163745995 0.00172652644038006
-0.004517674515478205 0.003686887873451179 0.002038410799927609
-0.003726551664762422 0.005475248142309588 0.007943455626623314
-0.003029631019968608 0.005830346947110101 0.007943455626623314
-0.003835447276444827 0.005031064398785806 0.009301437971807212
-0.002350901228350947 0.003956000033151477 0.007857982345183897
-0.00304782187314476 0.003600901228350964 0.007857982345183897
-0.003079425754411571 -0.005041056009890688 0.003553871229816582
-0.003380398264966846 -0.004783607753750301 0.004201935690696311
-0.002753648515254981 -0.005241570559077077 0.004236814734650398
-0.0005838975052441945 0.005760073583013455 0.003532917488593465
1.862449757237812e-05 0.00589430802102007 0.003183527938648495
-3.560519890409976e-05 0.00588851935104565 0.003993220775224179
-0.002333589574126596 -0.006197450651204988 -0.00230497831389366
-0.00294176717025443 -0.00589678705231984 -0.002072743500962316
-0.002956803292305701 -0.00588652498433204 -0.002822264338268093
0.0003862712429686859 0.001188820645368942 -0.007693583160142032
0.001011271242968684 0.000734731565365592 -0.007693583160142032
0.000386271242968686 0.001188820645368942 -0.00629033317303738
0.001011271242968684 0.000734731565365592 -0.00629033317303738
-4.87890977618477e-19 2.168404344971009e-18 -0.007483916333179413
-0.002590926280419148 -0.0005525867753125491 -0.007588465465965061
-0.002829655037450462 0.0001821447900530441 -0.007588465465965061
-0.001250000000000001 -0.0005561871871767272 -0.006967709181518819
-0.001579655037450463 -0.0003740423971236912 -0.00805617464748388
-0.001011271242968687 -0.00129091875254232 -0.006967709181518819
-0.005589032566668132 -0.003526986371576882 -0.004619426296412592
-0.00587296570404732 -0.003055943001452719 -0.004450588198742649
-0.005508707565241676 -0.00362666605609096 -0.004058518067817735
0.00125 7.780505840299101e-19 -0.007693583160142032
0.00125 7.780505840299101e-19 -0.00629033317303738
0.006625000000000001 -1.62260341881465e-18 -0.003125000000000012
0.006525976562499971 0.0006966430551766224 -0.003531250000000012
0.006525976562500001 0.0006966430551765212 -0.002718750000000012
0.006525976562499349 0.0006966430551787674 0.0004062499999999813
0.006625000000000001 -1.62260341881465e-18 -1.864827736675068e-17
0.006625000000000001 -1.62260341881465e-18 0.0008124999999999812
-0.006385484793159941 0.001620539835263486 -0.002494976410823473
-0.006552236774173707 0.0009641090243960765 -0.002077177142316526
-0.006552175039546908 0.0009646530102609225 -0.002946072606975756
0.006625000000000001 -1.62260341881465e-18 -0.0008125000000000185
0.006524386428506282 0.0007021002540235051 -0.0003964436385879701
0.006525976562499958 -0.0006966430551766714 0.003531249999999981
0.006625000000000001 -1.62260341881465e-18 0.003124999999999981
0.00652651378552036 -0.0006947888441502742 0.002722060574534014
0.006625000000000001 -1.62260341881465e-18 0.003937499999999981
-0.0003862712429686821 0.001188820645368944 -0.00629033317303738
-0.0003862712429686794 0.002488757849418658 -0.007349951791274442
2.222614453595284e-18 0.001299937204049716 -0.007140284964311822
0.0003862712429686886 0.002488757849418656 -0.007349951791274442
-0.001011271242968682 0.0007347315653655957 -0.007693583160142032
-0.0003862712429686821 0.001188820645368944 -0.007693583160142032
-0.001011271242968682 0.0007347315653655957 -0.00629033317303738
-0.000789940364490758 -0.005807824611232226 -0.003763911093776033
-9.73628960810801e-05 -0.005935083831980027 -0.004273511453240389
-0.00076889283010328 -0.005814766663424484 -0.00451525894430934
-0.0003083855831586837 -0.006617780971573074 -0.0004969405780422755
-0.0003079317647454188 -0.006617804046912932 -0.001128832138937396
0.0003720836764572647 -0.006559023718804691 -0.0008918009262398451
0.001526738214330415 -0.006433108440558442 -0.007976590763072021
0.0007541957283930461 -0.006555467149820558 -0.007976590763072021
0.002019829494180892 -0.004825579876496726 -0.007850801456706479
0.001247287008243524 -0.004947938585758841 -0.007850801456706479
0.002001482736636575 -0.006503405735579399 -0.009327392219778501
-0.00118882064536894 0.0003862712429686885 0.005562719945192506
-0.00124733065441837 -8.164703637144291e-05 0.005054988178653328
-0.001145861715463479 -0.0001171131799972686 0.003894675220973897
0.0001014689389548925 -3.546614362582503e-05 0.004797603583158634
-0.001087351706414049 0.0003508050993428628 0.004402406987513075
-0.0007347315653655927 -0.001011271242968683 0.005644389156410964
-0.0003977042597819207 -0.001185044860649298 0.005037681800306406
-0.0002962353208270294 -0.001220511004275123 0.003877368842626975
-0.0006332626264107015 -0.001046737386594508 0.004484076198731533
-0.0009102774847143922 -0.0008566766606030759 0.004974262973727768
-0.000808808545759501 -0.0008921428042289016 0.003813950016048337
0.001730039197709551 -0.006391596847005264 -0.001683379048260142
0.001731277950541374 -0.006391315389593381 -0.002473403088708331
0.001050023756506867 -0.006450377175113504 -0.001920410260957693
0.006321431107954511 0.001979476308964832 -0.004281250000000009
0.006033643333892695 0.002618660018162722 -0.003676753262546106
0.00632143110795454 0.001979476308964731 -0.00346875000000001
0.001050326371615684 -0.0006745085004339344 -0.003279042108028364
-0.0001446810351373125 0.0003082216995495154 -0.003396450891398989
0.0009108619359095611 -0.0003646058054858501 -0.004173860351787658
0.0009839669380268582 -0.001146872933639969 -0.004404037780164871
-0.0002110404687261381 -0.0001641427336565188 -0.004521446563535496
-7.157603302001539e-05 -0.0004740454286046032 -0.003626628319776202
0.003539014219449378 -0.005877750736506845 -0.009209193130722285
0.002716750138974707 -0.004470481071696212 -0.007850801456706479
0.003761190341937033 -0.005452354636685374 -0.007858391674015804
0.00405397093833984 -0.004755074924746312 -0.008854033234114305
0.00323170685786517 -0.003347805259935678 -0.007495641560098501
0.003009530735377516 -0.003773201359757149 -0.00884644301680498
0.001048010654754784 0.0006752102288632379 0.001874611207521852
0.001245097640463455 1.508377644208675e-06 0.001471318608309492
0.001154381953246221 0.0006382357075932036 0.00303443791195196
0.001351468938954892 -3.546614362582566e-05 0.0026311453127396
9.656657941834628e-05 -3.395776598161637e-05 0.002477463921049095
0.001247391700284405 -8.404976992848136e-07 -0.002875816323819848
0.001107927264578282 0.0003090621972487996 -0.003770634567579142
-0.001121294454289204 0.005736711551703482 0.002390998764636399
-0.001723816457105776 0.005602477113696866 0.002740388314581369
-0.0006262284049285562 0.006653770990652371 0.002398528513684163
-0.001228559915935537 -0.000253760470176378 0.002061265485140624
-0.001180778740114968 0.0004255540563131353 0.00186443115459753
-0.001122188617444099 -0.0002907349914464123 0.003221092189570732
-0.00107459849974326 0.0003886398416371117 0.003024270116456115
-0.005868475039679643 -0.00306380196037663 -0.002043570119581464
-0.005503763416298069 -0.003635508572948494 -0.002434266956487905
-0.005868021555103712 -0.003064785518310253 -0.00282633708741282
0.0004270016640298383 0.001174806187809611 0.005079015864731037
2.947505249855514e-18 0.00125 0.005562719945187869
0.0005284706029847295 0.001139340044183785 0.003918702907051606
0.0001014689389548942 0.001214533856374175 0.004402406987508438
-0.004771231380916681 0.004550105457247932 0.004069557729532223
-0.004524247529667553 0.00483680992960106 0.00490460981985134
-0.004988207259444389 0.004198251372170296 0.004905326065451321
0.0002277038220103357 0.001077966614578648 -0.001074100482484205
-0.0003012939978647146 -5.66349130851959e-05 -0.001547100445208021
0.0005237812204438605 0.001132920532265275 -0.002028632684915879
0.0009307602289173844 0.001436853505606625 -0.0007874347092637425
0.0004017624090423341 0.0003022519779427809 -0.001260434671987558
0.0001056850106088093 0.000247298060256154 -0.0003059024695558839
0.006138727152994363 0.002435771516939568 -0.00496868777504489
0.00595649924154834 0.00273353032606357 -0.004355537308463485
0.006417856686469133 0.003651767462251768 -0.004416012932482618
0.004533446837108395 0.003819631280738921 -0.004271550240946084
0.004715674748554418 0.00352187247161492 -0.004884700707527488
0.001107927264578282 0.0003090621972487996 -0.004583134567579143
0.0009232165648431374 0.0009630183935962432 -0.004135075856440343
1.733528077494156e-05 -0.00124987978943595 0.005684843508247796
0.000734731565365591 -0.001011271242968685 0.005597168622495831
0.0001188042197298328 -0.001285345933061775 0.004524530550568366
0.0008362005043204822 -0.00104673738659451 0.0044368556648164
0.000735404955337654 0.001010781653803048 0.005686680986014474
0.0008368738942925452 0.0009753155101772222 0.004526368028335044
0.005401768639436714 -0.003835146034990758 -0.007908376814693764
0.004848689284230528 -0.004388225390196943 -0.007908376814693764
0.003784786213071356 -0.002794725904729493 -0.007495641560098501
0.005141469880633336 -0.003690945678257881 -0.008904018374792266
0.006625000000000001 -1.62260341881465e-18 0.002312499999999981
-0.001180527468224693 -0.0004109195745726843 0.005686874811257098
-0.001079058529269801 -0.00044638571819851 0.004526561853577667
0.004487962543486107 -0.001178912629391479 -0.007920703179910997
0.004610321252748222 -0.0004063701434541108 -0.007920703179910997
0.005558052840849711 -0.0002688147825712172 -0.00718796761699062
0.005680411550111827 0.0005037277033661513 -0.00718796761699062
0.00529073280286005 9.735755991204171e-05 -0.008608670796901616
0.001126397978813519 0.000541966413465651 0.005657252802529288
0.00122786691776841 0.0005065002698398253 0.004496939844849858
-0.00188616413935669 0.006287530319412378 0.005517775399771005
-0.002725786239436668 0.006033688123802504 0.005676374855544347
-0.002434456445696785 0.006159084551380183 0.005057472113140291
-0.0009149903611824099 -0.0008553695770612654 0.001868238706982683
-0.0008086190626909724 -0.0008923440983312998 0.003028065411412792
0.004015042546252678 0.005254143782142937 0.003493095898935272
0.0034424307125687 0.005639698663378756 0.003887375904214468
0.004010493689633739 0.005258213685568166 0.004292057590080675
-0.0004545969525916346 0.001184444142609349 -0.0006762027515642133
0.0002484594543154141 0.001543331033637325 -0.000389536978343751
-0.004728212881627468 -0.004583138243822813 0.006347208330544809
-0.004175133526421284 -0.005136217599028999 0.006347208330544809
-0.003600901228350963 -0.003047821873144761 0.007356960329744007
-0.00304782187314478 -0.003600901228350947 0.007356960329744007
-0.004284029138103686 -0.004692033855505217 0.007204168660288817
-0.0005667943040270516 -0.005909459791705558 0.005417968917097267
-0.000939225146157275 -0.005881563201320571 0.004772756280772393
-0.00133933678996442 -0.00578710108244344 0.005417968917097267
0.002371207167699866 -0.006149786373013279 -0.002078062818321188
0.002413007348232177 -0.006126531368957661 -0.002790178141045594
0.006298308258747945 -0.002054726375227355 -0.006998831364746277
0.005943209453947428 -0.002751647020021172 -0.006998831364746277
0.005682910695144049 -0.002607446663288294 -0.007994472924844778
0.004139885017871874 -0.002097805259935677 -0.007495641560098501
0.00112639797881346 -0.0005419664134657727 0.005657252802529228
0.001227866917768352 -0.0005774325570915984 0.004496939844849797
0.006625000000000001 -1.62260341881465e-18 -0.002312500000000013
-0.004704655037450461 0.0003491830542152762 0.007620629489332691
-0.004582296328188343 0.001121725540152644 0.007620629489332691
-0.005247691135708917 0.001400018560993963 0.007447811398133964
-0.005125332426446799 0.002172561046931331 0.007447811398133964
-0.004952346173159379 0.001749201615209223 0.008568440887466656
-0.003036849347965582 0.005844859839657325 0.00341251152225957
-0.002430164241353783 0.006160879628936635 0.003462181784653544
-0.002721494035093666 0.006035483201358956 0.004081084527057599
0.001011271242968687 0.002034668769415306 -0.007349951791274442
0.001032329007306074 0.002720816185683743 -0.007349951791274442
-0.0001420727354217178 0.000309062197248801 -0.005185967740616522
0.00125 7.780505840299101e-19 -0.005477833173037381
0.00118103226669558 -0.000473204930905319 -0.004813311995956355
-6.896773330442073e-05 -0.0004732049309053176 -0.005416145168993735
0.001351468938954892 -3.546614362582566e-05 0.0034436453127396
0.00106268100054926 0.0006531156986481588 -0.003240257612681049
0.001249999999999999 -0.0005561871871767316 -0.006967709181518819
-9.75781955236954e-19 -0.0005561871871767301 -0.008161292341660851
-9.215718466126788e-19 -0.0005561871871767301 -0.006758042354556199
0.006420666968010061 0.001282183889289986 -0.001563668635253736
0.006321643530510061 0.001978826944466509 -0.001969918635253736
0.006320053396516342 0.001984284143313493 -0.001147612273841688
-0.004482975117780558 -0.004872787037727186 0.004080510602183122
-0.004750324569749921 -0.004555944137535791 0.003452139752125875
-0.004182002607225283 -0.005130235293867573 0.003432446141303393
0.003591665322853425 -0.005553130631996535 -0.002868887774011466
0.004142935149013241 -0.005146471441037328 -0.002471701314156903
0.004145147618605865 -0.005144310462365278 -0.003066434725607359
-0.0007851715166787453 0.0009783564009866925 0.002074634477337579
-0.0006789055036969353 0.0009414547490640218 0.003234517558513686
-0.00125 5.123058552901349e-18 -0.007693583160142032
-0.00125 5.123058552901349e-18 -0.00629033317303738
0.006352405172663802 0.001862157124189278 -0.004907359881358184
0.006298095836192424 0.002055375739725577 -0.005500000000000008
-0.005561986942385222 0.002020857987957779 0.004053447269568452
-0.005718632193529014 0.001636096547143525 0.003424108913037035
-0.005345011063857513 0.002372712073035414 0.003217678933649353
0.006502641290737884 -0.0007725424859373701 -0.006250000000000006
0.006625000000000001 -1.62260341881465e-18 -0.006250000000000006
0.00655468395059871 -0.000588757930055343 -0.005634056298080211
0.001125232280131015 0.0005443825086748811 -0.005716117089919445
0.000983159544709298 0.0008534447059236799 -0.004821418484461206
-0.0007457672093686222 0.001003430383037053 0.005351565003873536
-0.0006444068782403176 0.0009680553275490704 0.004191422316435914
0.005432277554509771 -0.003784676484329518 0.001121764524875303
0.004986558318974559 -0.004312988432905811 0.001493587655417769
0.005433967337868439 -0.003781990103018325 0.001637932538596788
-0.005865267452808931 -0.003069026982183612 0.001899023808585424
-0.005501322700648942 -0.003641039483380903 0.001507993517828787
-0.005424050152857374 -0.003728092828951287 0.00208879439814096
-0.0001563823691328416 0.001242295952812781 0.001866234388266939
-5.001107064140414e-05 0.001205321431542747 0.003026061092697047
-0.0003308031996635821 -0.001205259471780233 0.002066644123890357
-0.0002244319011721446 -0.001242233993050267 0.003226470828320466
0.001178365655609324 0.002279045074233746 0.007784464320311104
0.0007920944126406413 0.002834043484844096 0.007784464320311104
-0.0002864033737383196 0.002114677826164345 0.007582105893178976
-0.0006726746167070026 0.002669676236774695 0.007582105893178976
0.0001194197959336324 0.002016081609660209 0.00886657021349008
0.001756626695979375 -0.00562847391625536 0.003179037897397098
0.001113694615411162 -0.005684571447716403 0.00349162200576938
0.001642073003173425 -0.00565087589014167 0.003966776577965479
0.001250000000000001 1.582208123532219e-20 0.005416458270419032
0.001351468938954892 -3.546614362582566e-05 0.004256145312739601
0.006033855756448216 0.0026180106536645 -0.002177921897799833
0.00603448773676255 0.002617010378984671 -0.001519796359569503
0.0005243798726337577 0.001133921870458923 0.002071406311830907
0.0006307511711251952 0.001096947349188889 0.003231233016261016
-0.002351498713075587 0.001471340196215973 0.007582105893178976
-0.001683945859675688 0.001660588746160999 0.007582105893178976
-0.001922674616707006 0.000925857180795408 0.007582105893178976
0.006154366103649537 0.0006555244730847045 0.009009149439442051
0.004529366103649537 0.0006555244730847049 0.007759149439442056
0.006625000000000001 -1.62260341881465e-18 0.007749999999999995
0.006675116559999495 -0.001075108602284469 0.009159184473451881
0.005050116559999495 -0.001075108602284469 0.007909184473451885
0.004579482663649031 -0.0004195841291997624 0.009168333912893942
0.0001735379753368971 -0.005270125251720442 0.007882848169803643
-0.0004164712853387923 -0.004585987040082954 0.007882848169803643
0.0001735379753368981 -0.004557638143623388 0.007882848169803643
0.001013368692397804 0.003732667097629224 0.00739421629153484
0.001603377953073493 0.003804709830012447 0.00739421629153484
0.001399639935366486 0.003177668687018875 0.00739421629153484
-0.00076889283010328 -0.005814766663424484 -0.005632130543415406
-0.0003755134750957495 -0.00590820516098634 -0.0049967136002378
3.649655834088475e-06 -0.005937125372686602 -0.005632130543415406
-0.005504385371068699 -0.003634775683296561 -0.001651823509358187
0.0003994683492213834 0.0003046008532862744 0.0006492002601417825
-0.0003035880576856653 -5.428603774170241e-05 0.0003625344869213202
0.0001195078683170604 -0.0002839021162060934 -0.0009048932579953466
0.0004132912069296345 -0.000226599323175973 5.020947170231973e-05
0.0008225642752241091 7.498477482188336e-05 -0.0006182274847748844
0.0002284274685621364 -0.001189219185487408 -0.0002992905656463084
0.0005222108071747105 -0.001131916392457288 0.000655812164051358
0.0009453067331774362 -0.001361532470921679 -0.0006116155808653089
-0.005759621427424002 -0.003215849681611929 -0.006883947115632531
-0.006114720232224516 -0.002518929036818113 -0.006883947115632531
-0.003957164179473173 -0.002353674023903586 -0.007342325399654898
-0.004312262984273688 -0.00165675337910977 -0.007342325399654898
-0.005671700635022432 -0.002630597444053159 -0.00772627251528743
-0.002956562790376391 -0.005081720862824161 -0.004987064305177395
-0.002681209014167998 -0.005246153213177468 -0.005691274104121612
-0.003289949428371092 -0.004807117772089228 -0.005740432059001571
0.0007761921417714572 -0.005814766663424486 -0.005632130543415406
0.0003677408407059891 -0.005910470801270846 -0.005038184425200314
0.00388008180480542 -0.005369872255376164 0.004466784098652712
0.00418676497633016 -0.005109035209626118 0.005182613901509746
0.004285844084451434 -0.005004062827315292 0.004586111455602799
0.001153422063954828 -0.0007106658346823815 0.003849895312739601
0.003800383580183569 -0.005425840130623283 0.007452202195492214
0.004353462935389755 -0.004872760775417098 0.007452202195492214
0.003281720132765596 -0.003190668022712626 0.007757095156318507
0.003590098096280617 -0.005124502536667354 0.008709297351810722
0.00272864077755941 -0.003743747377918811 0.007757095156318507
0.00574953425480766 0.0003402378321135675 -0.004062500000000001
0.005780508319516951 0.0002229186473380134 -0.004688609881358176
0.005848557692307688 -0.0003564052230630565 -0.00446875
0.0009314838754691851 -0.0008303322944594318 -1.262479242584611e-05
-0.005419735698624276 -0.003735728636203695 0.003687567795739386
-0.005626986992954082 -0.003481292087485868 0.004260906843049979
-0.004998097681906771 -0.002717049212273797 0.002857357594556593
-0.005205348976236578 -0.00246261266355597 0.003430696641867186
-0.006756765782679 -0.003047402091830679 0.003772027446291845
-0.001025778970095862 0.004499550818727532 0.00790130723713116
-0.002510325018189743 0.005574615184361861 0.009344762863754475
-0.001831595226572081 0.003700268270403238 0.009259289582315058
0.004927757850737379 -0.001847651088221837 0.007909184473451885
0.004459426634900421 -0.001075108602284468 0.007909184473451885
-0.001838754155106209 0.005648724692481811 -0.005672214273004928
-0.001066211669168841 0.005771083401743925 -0.005672214273004928
-0.001483314330826876 0.005736042908437248 -0.005103350710007606
0.002166800106954262 -0.006259866256686703 0.006743333725534085
0.002863720751748077 -0.005904767451886189 0.006743333725534085
0.00252923387036576 -0.00610974127641974 0.006066652261512732
0.00267734641779965 0.003597972217038524 -0.00789928140426111
0.003114480541224763 0.004199635721341863 -0.00789928140426111
0.002235026671169271 0.003992955023767009 -0.00789928140426111
0.0009445830866256355 0.0009056533291443773 -0.001386425497703205
0.0004155852667505853 -0.0002289481985194665 -0.001859425460427021
-0.001058945859675688 0.002114677826164347 0.007582105893178976
-0.002535674799900023 0.005293625887681298 -0.005672214273004928
-0.002201187918517707 0.005498599712214848 -0.005055279401680822
-0.003883479133819043 0.0008946660696358369 0.007620629489332691
-0.003454655037450462 0.0003491830542152722 0.007620629489332691
-0.002877329654157467 0.001275040235010672 0.008702735382511668
0.006030988220758283 -0.001688554032744097 -0.008419534544657273
0.003872564979882212 -0.001731632917452418 -0.008916344740009498
-0.001224822300096774 -0.0002629338728010507 -0.002785497211070893
-0.0009251644920935656 -0.0008442799275963345 -0.003135539891000684
-0.001364286735802897 4.696882214703371e-05 -0.003680315454830187
-0.001064628927799688 -0.0005343772326482501 -0.004030358134759979
0.0058125 -0.0005891387931812016 -0.0008122163835962898
0.005713476562499983 -0.001285781848357784 -0.00121846638359629
0.005529475698635733 -0.001806246836179237 -0.002738218932676722
0.00644099913613575 -0.001698742574183855 -0.001519185316273009
0.005628499136135751 -0.001109603781002654 -0.002331968932676722
0.005070127980489086 -0.004234470912726442 0.000688586209374932
0.00344714614534557 0.005636433766802933 0.002332576681869882
0.00344739323650379 0.00563631314135659 0.001535825725417084
0.004019757979029547 0.005250878885567114 0.001938296676590686
-0.0005990045106004714 -0.005147766542458325 0.007882848169803643
-0.0005391212049704429 0.006600453688546141 0.004722459628863043
-0.0002466707325998256 0.006617618067484971 0.005574767697486993
-0.001019213218537194 0.006495259358222856 0.005574767697486993
-0.001067753979144888 0.0004071580368381952 0.003599811707952385
-0.0003294979810149337 -0.00120561120322467 0.0007458168813254027
-0.0006232813196275078 -0.001262913996254791 -0.0002092858483722637
-0.003943166841049009 -0.005323514305501998 0.007983347751761778
-0.003623431284855452 -0.005557439235821133 0.009388014578996674
-0.00261919070526882 -0.004279009902193863 0.007904666827234895
-0.002728086316951222 -0.003834826158670082 0.008761627156978903
-0.004052062452731411 -0.004879330561978217 0.008840308081505786
0.001153422063954895 0.0006397335474306258 0.003849895312739601
-0.005627206852977197 -0.001828148375079063 0.005653707404952186
-0.005272108048176682 -0.002525069019872879 0.005653707404952186
-0.005476878601100259 -0.002190980993202031 0.004980310246923579
-0.002762945171408303 -0.0008766657319446917 -0.009012721108335366
-0.002194561376926526 -0.001793542087363321 -0.007924255642370306
-0.001183290133957841 -0.001614997709174463 -0.008391964823889125
0.001261246451264437 0.003521815468380319 -0.007859851440686794
0.0016119951386822 0.002884763022170673 -0.009205381792458889
0.002415406702029907 0.002204705517058409 -0.007845530351772094
0.001383077694723837 0.002083763739474096 -0.008695482143046536
0.0002289174439583674 0.003400873690796006 -0.008709803231961237
-0.004454780958280814 0.003881746504595461 -0.0003535614277183406
-0.004454231502144228 0.003882458446517825 0.0004305927059540963
-0.00479235249995963 0.003293621190229828 3.928665616379233e-05
-0.003957296328188344 0.0009546872759904164 -0.007588465465965061
-0.004079655037450463 0.0001821447900530481 -0.007588465465965061
-0.004832949892315272 0.002023584704803643 -0.007813350690538108
-0.00495530860157739 0.001251042218866275 -0.007813350690538108
-0.004034963639027852 0.001433187008919307 -0.008901816156503168
-0.003565598534009076 -0.004650335041038163 -0.001908427725734818
-0.003703830471358141 -0.006407050814037047 -0.001682079751838565
-0.003580634656060348 -0.004640072973050363 -0.002657948563040594
0.00158932438556793 0.006424710315128528 0.003475833455153875
0.002264340296888356 0.006194903592817479 0.004072176737594985
0.002225983845428176 0.006214034788939122 0.003103676507937493
-0.0009915239256823912 -0.001316644360802369 -0.004260535563137191
-0.0007972107925151115 0.000964098297477277 -0.00201026980997481
-0.0001878990947417356 0.001235350151544828 -0.002283903280701252
-0.001093288190948636 0.0009091443797906502 -0.001055737607543136
-0.0004839764931752605 0.001180396233858201 -0.001329371078269578
-0.001082055219385709 0.0009182857626269443 -0.0002774364227734894
-0.0007882718807731351 0.0009755885556570646 0.000677666306924177
-0.0003789988124786605 0.001277172653654921 9.229350446972903e-06
0.001047050765462564 -0.0006736913134136347 0.001065068608309492
0.001456323833757039 -0.0003721072154157783 0.0003966316518322878
-0.005964595251957553 -0.002881362800229612 -0.006281528697032107
-0.005625428093482468 -0.003478154321269038 -0.005766925918923864
-0.005830401918016019 -0.003143667439886721 -0.005164507500323439
-0.00535307598404375 -0.003793861671475605 -0.005169360247483101
0.001126338386030884 -0.000542090250929992 -0.005718500031191932
0.001057370652726464 -0.001015295181835312 -0.005053978854110907
-0.002319174693115909 -0.006201716841209924 -0.004419696688285733
-0.002340222227503387 -0.006194774789017666 -0.003668348837752426
-0.002963435945682491 -0.00588384912214472 -0.004185634862126859
2.168404344971009e-18 0.001299937204049716 -0.008543534951416475
-0.004767404303879186 0.004553544595733328 0.002474787407211622
-0.00434023413881702 0.005003235438009928 0.002048132546562569
-0.005687935899542449 0.00482343574532325 0.001434716125541031
0.005718237491484231 0.001286978489179354 0.002030642076803438
0.005817260928984882 0.0005903354340005849 0.002436892076803438
0.005718640367631251 0.001285588475451285 0.00284066026119827
-0.004344061215854515 0.004999796299524531 0.003642902868883169
-0.004206502723800634 0.005104822580205269 0.004204707640759957
0.004867671394686049 9.593510926326305e-05 0.01050914943944206
0.005049514380301903 0.001251252766822512 0.01050914943944206
0.005388421851036006 -0.00163469796610591 0.01065918447345189
0.005570264836651861 -0.0004793803085466613 0.01065918447345189
-0.003600901228350947 0.00304782187314478 0.007857982345183897
-0.004770233621646282 0.002869481691725144 0.007447811398133964
-0.004217154266440095 0.003422561046931327 0.007447811398133964
-0.0043260498781225 0.002978377303407546 0.008805793743317861
-0.0001583947802871753 0.001242048613497973 0.001072397380744232
0.0002508782880072993 0.001543632711495829 0.0004039604242670277
0.007145148276652366 0.0005957282937378057 0.0105
0.0004885515706630433 -0.006188077209056812 -0.009316968648189532
0.000981642850513521 -0.004580548644995096 -0.00919117934182399
0.00134658462726471 -0.00639901716354447 -0.006873795934879563
0.002119127113202079 -0.006276658454282354 -0.006873795934879563
-0.001181434679205562 0.0004237307133563832 0.001078415897886399
-0.001475218017818136 0.0003664279203262628 0.0001233131681887326
0.005817260928984882 0.0005903354340005849 0.004061892076803439
0.005817260928984882 0.0005903354340005849 0.003249392076803438
0.007442260928984881 0.0005903354340005846 0.003124392076803421
0.0008189267046340578 0.003916798275108805 -0.007859851440686794
0.0005900092606756953 0.003115798992412228 -0.007349951791274442
-0.00118347953353294 0.0004090901417297542 -0.002940987909694552
-0.001322943969239063 0.0007189928366778387 -0.003835806153453846
0.0003525480652797789 -0.001196293439769101 0.001869393542674437
0.0004589193637712164 -0.001233267961039136 0.003029220247104545
0.003439812127156977 0.003992891482363156 0.007885457284296276
0.003992891482363162 0.00343981212715697 0.007885457284296276
0.003495058446514861 0.004359438424484567 0.007098300617362087
0.003442864957003284 0.004860324290179174 0.008483757901658364
0.002941979091308677 0.004912517779690753 0.007098300617362087
0.003938676178550463 0.000655524473084705 0.007759149439442056
0.003189681708619732 0.003299357539484697 -0.00789928140426111
0.006556950627209263 0.0005793238704010684 -0.005657359881358182
0.006625000000000001 -1.62260341881465e-18 -0.005437500000000007
-0.001182873653372877 0.0004108313314999601 -0.002397436551684017
-0.001478951051806401 0.0003558774138133332 -0.001442904349252343
0.006313008785711639 -0.00200887079164908 0.006999999999999991
0.006435367494973756 -0.001236328305711712 0.006999999999999991
0.00648548405497325 -0.002311436907996179 0.008409184473451877
0.003601173583838816 -0.00554632034929859 -0.001297015162971916
0.003599227756281479 -0.005547377520680793 -0.0004753328008069023
0.004152443409998633 -0.005139661158339384 -0.0008998287031173531
0.002185762404817744 0.006253003784864045 -0.006093508598103928
0.001804306081480953 0.006344583345614007 -0.005416827134082777
0.001413219918880376 0.006375362494126163 -0.006093508598103928
-0.006598555604948536 0.0004663335213610021 0.006626343707776634
-0.006476196895686417 0.00123887600729837 0.006626343707776634
-0.006846246740657453 0.001866352082354949 0.007574155105910598
0.005612362177321089 0.001083051573767221 -0.006595327498348796
0.007100866095566366 0.001786560957154361 -0.00618796761699063
0.005558052840849711 0.00127627018930352 -0.00718796761699062
0.005848557692307688 -0.0003564052230630565 -0.002843750000000002
0.005848557692307688 -0.0003564052230630565 -0.003656250000000001
0.005749534254807672 -0.001053048278239639 -0.003250000000000002
-0.0001023519153651641 0.001198063160991522 0.003727282963799757
0.001837296268919215 -0.004263800374121355 -0.007850801456706479
0.002284857360931638 -0.00387603166041566 -0.007850801456706479
-0.003891147410928718 0.005295445941906899 0.004873280645557986
-0.004228537969209304 0.005088995002392975 0.005566989258408594
-0.004582296328188348 -0.0004233594317220938 0.007620629489332691
-0.004113965112351388 0.000349183054215274 0.007620629489332691
-0.003883479133819046 -0.0001962999612052905 0.007620629489332691
0.003934923979245194 0.0053296753536106 0.00658569545845151
0.004488003334451379 0.004776595998404414 0.00658569545845151
0.00418147402553154 0.005125180935327716 0.006004695882370141
0.003708228542122197 0.004571269539333499 0.01063545728429628
0.002983717688823592 0.003959197038075722 0.008779673575831117
0.002751248238094205 0.004589768584557645 0.01014421629153484
0.002216138343059236 0.005620527749163912 0.01017243158663023
0.001491627489760631 0.005008455247906135 0.008316647878165065
0.002448607793788622 0.004989956202681989 0.008807888870926503
-0.001228680311441071 -0.000253182659560414 0.001473035597884184
0.006337855709626323 0.001920305027792383 0.004810079255710619
0.006298308258747943 0.002054726375227362 0.005498831364746267
0.006028215547732541 0.002626891658327473 0.004667943028992339
0.0002626293854312386 -0.001219526742831239 0.001236325712836341
-0.0026287557447712 0.005228434876229985 3.531873682946501e-05
-0.003223334352361019 0.004899960788443705 0.0004291741095627427
-0.003224425171387201 0.004899146469743305 -0.0003544210360181313
-0.006250816568461653 -0.00214452347805191 -0.008315004296997856
-0.004891378917712909 -0.001170679413108521 -0.007931057181365324
-0.004448359320510824 -0.001282347820343567 -0.008773382581020223
-0.005439314981858328 -0.002057983365506121 0.002667587005001056
-0.00101127124296868 0.00203466876941531 -0.007349951791274442
0.005714013785520359 -0.001283927637331474 0.001222344190937743
0.0058125 -0.0005891387931812016 0.0008127836164037099
0.005713476562499983 -0.001285781848357784 0.0004065336164037101
-0.0003307869063063625 -0.001205263871861318 0.001480095721858923
-0.004143226385574253 -0.005155293649065519 -0.003621431539733463
-0.004712569606193335 -0.004613815258431864 -0.00382486534248713
-0.004476613023568953 -0.004880690558330587 -0.00437479929355764
0.005232458130371332 0.001392256957102158 0.007338911323889854
0.006857458130371332 0.001392256957102157 0.00858891132388985
0.004761824234020869 0.002047781430186864 0.008598060763331911
0.004202904865879037 0.004157730903105387 0.002820381075737929
0.004207453722497976 0.004153660999680158 0.002021419384592526
0.004654226751988878 0.003623930186287861 0.002433415457146684
0.003633465503385736 -0.005529875627940916 -0.003581003096735871
0.004133828150974792 -0.005155310488886433 -0.004347479580284422
0.003529697563527954 -0.00558571737653518 -0.004285660361860228
0.006420454545454195 0.001282833253789258 0.001562499999999981
0.006321431107953544 0.001979476308968027 0.001156249999999981
0.007237715474439077 0.001873168687789844 0.002374392076803422
0.001805463105038438 0.003079072470514738 0.008678680611845943
0.001873934854451943 0.004278029722150788 -0.009259132844947905
0.002354648675321133 -0.00541433502749746 0.004149286689363446
0.002680756207413896 -0.005215422715742955 0.00343345688650659
0.002174487138490703 -0.00549730110491837 0.003580879513754384
0.004884033005605319 0.005685619531109612 0.003093438681443465
0.001913932093159387 -0.006342355661644835 -0.004602743104282514
0.002407137489334969 -0.006128273737786473 -0.004362793735346842
0.002303369549477187 -0.006184115486380736 -0.005067451000471198
-0.0003275632627301796 -0.001207863393924617 -0.001998759587283475
-0.000909783198768214 -0.0008608019517941006 -0.002394069491307538
-0.0006236406611637045 -0.001262817311611244 -0.001044227384851801
-0.001205860597201739 -0.0009157558694807274 -0.001439537288875864
0.0010493448252845 0.0006743591933570238 -0.002469566323819849
-0.001822243866378816 -0.004211888910169241 -0.00735376067843917
-0.002627665661252619 -0.0056455011833502 -0.007828572498555907
-0.002350506766748545 -0.006188894854656725 -0.006974811820116736
-0.002312301537809809 -0.005399588581889365 -0.006337997730442333
-0.003117723332683612 -0.006833200855070325 -0.006812809550559069
-0.002589460432313883 -0.00485619491058284 -0.007191758408881505
0.004976442368144695 0.004324404972484422 0.003509511773843012
0.005427764254254536 0.003790604255666896 0.003122546155251767
0.005419308172913449 0.003803950212739929 0.003919123445901514
0.00362388697907774 0.004600756761807317 -0.004510511300326418
0.004265169093980964 0.004136701161429927 -0.004739331468461238
0.003441512901090043 0.004546850616370651 -0.005405074395844982
0.004082795015993267 0.004082795015993261 -0.005633894563979802
0.004812430204041491 0.004683962271490453 -0.00522658896048378
0.0007222461847802865 -0.001015229048881397 0.001369804861736835
-0.001228240964680543 -0.0002552846463349081 0.0006887706672276351
-0.0009148099402131905 -0.0008555611613239981 0.001082690518212195
-0.001522024303293117 -0.0003125874393650284 -0.0002663320624700312
-0.001208593278825765 -0.0009128639543541185 0.0001275877885145284
0.00239434893769252 0.001518558100789972 -0.007845530351772094
0.002258052549685342 0.006198581874756403 -0.003977427785708612
0.001600925852118964 0.006422304665312736 -0.003360591232848826
0.001522653874222777 0.006435980172900488 -0.004206247953843651
0.004082880158273223 -0.005206162481890048 0.002648042376519173
0.00416644981978775 -0.005127644961710679 0.001843040930476336
0.003604854528860581 -0.005543160840259282 0.001854152290047634
0.00634862007816922 -0.001893469937571902 -0.00105632706650705
0.006063266789854422 -0.002524307040105503 -0.0006473951802156495
0.006124413699571726 -0.002422282038271669 -0.001665323874818585
-0.006536387964260061 0.0002852288991474616 -0.001654596734262445
-0.005832396047464888 -0.0003620682213262372 -0.0007398938742116637
-0.007432309744107796 0.0007176553632368557 -0.0008719130495906699
-0.005848244857378534 0.0003168119039223778 -0.001162474282265745
-0.006449948272176305 -0.001429764555658032 -0.006526366032098605
-0.006572306981438418 -0.0006572220697206617 -0.006526366032098605
-0.005013737626975023 -0.0003981369271711509 -0.007931057181365324
-0.00658604460841344 -0.001055358996891829 -0.00795742321346393
-0.004679711167099631 0.004689448105885069 0.00618775863255901
-0.004384001606641382 0.004941633178676984 0.006850138071116264
-0.004937080961847569 0.0043885538234708 0.006850138071116264
-0.001739736835213323 -0.004072329204619011 0.007904666827234895
-0.001922270060475002 -0.004634108706994383 0.007904666827234895
-0.0009761895992007316 -0.005026592667976941 0.009287514997038539
0.0002289174439583695 0.004600936486746291 -0.007859851440686794
-0.0005436250419789988 0.004478577777484177 -0.007859851440686794
-0.000361091816717321 0.003916798275108806 -0.007859851440686794
-0.006072106459032942 -0.00239977735313843 -0.005090244454902637
0.004208587036428262 -0.001613978325696947 0.007909184473451885
0.004094780858125646 -0.00219737290636467 0.007909184473451885
-0.004401127555283652 0.003838627077784708 -0.002681895702212743
-0.00473818924659291 0.003250741218842852 -0.003127696341658152
-0.004398550172050326 0.003841965998934742 -0.003426199098914353
0.003103462935389754 -0.005780938935423797 0.007452202195492214
0.002031720132765595 -0.004098846182719326 0.007757095156318507
-0.0007855361872667319 0.0009777823284404584 0.001470990643026201
0.0009533061799998204 -0.005796544290350304 0.0004507853195304724
0.0009551660581050968 -0.005796122949599413 -0.0003381391926627146
0.0002746967984891485 -0.005854880202367796 5.672115553485504e-05
-3.140168579415506e-18 -0.003151070168760463 0.007800366387352429
-0.0005900092606756936 -0.003179419065220029 0.007800366387352429
0.0001735379753368983 -0.00413368252857796 0.009183214557156073
-0.001225430001072333 -0.0002600837940272927 -0.002004534316437436
-0.001521507399505858 -0.0003150377117139196 -0.001050002114005762
0.006625000000000001 -1.62260341881465e-18 0.006249999999999986
0.006546113244030574 -0.0006230655339366393 0.00556067396152898
0.006502641290737884 -0.0007725424859373701 0.006249999999999986
0.007473557692307689 -0.0003564052230630569 -0.003531250000000012
0.0005237184265996983 0.001134230790446525 0.001471308909455096
0.006542188741616264 0.0006381211385023879 0.005561247890964339
0.006625000000000001 -1.62260341881465e-18 0.005437499999999986
-0.0007976410948285442 0.0009637437934307811 -0.00259061455120615
-0.0009371055305346669 0.001273646488378865 -0.003485432794965444
0.0005202262917066906 -0.001136245266939 -0.002667465059506715
0.000453866858117865 -0.001608609700145034 -0.003792460731643222
-0.001579655037450463 0.0001821447900530411 -0.008782048626107094
-0.002590926280419145 0.0009168763554186347 -0.007588465465965061
0.006477056828443439 -0.001466009004065709 -0.003550718932676721
0.003553974272712657 -0.005568784567130668 0.005182613901509567
-0.001385511657281269 0.0001811573591669051 -0.004227676657090456
-0.002168368003089269 0.003394220530776107 0.007857982345183897
0.002329286418089108 -0.006175838513742033 0.004813798872322597
0.0016167107459414 -0.006412379376386244 0.004631288760924631
0.00196685265467761 -0.006325963494008997 0.00549048033634395
0.005848557692307688 -0.0003564052230630565 -0.00528125
0.005778241642906397 -0.0009451631531183979 -0.004665306298080205
0.001046257273708202 -0.0006749259690863273 0.001879113223111288
0.00115262857219964 -0.0007119004903563616 0.003038939927541396
0.005711036420491379 -0.001294137402808485 -0.000397538188323883
0.005062684266203811 -0.004241762735157462 -0.0004856246532467042
0.005430140935400988 -0.003788062441406921 0.0002832718805556565
0.005003527940727984 -0.004297621313415278 0.0001516136470531551
0.006073945806301521 -0.002495216222257086 0.003617056974532057
0.006357912834157447 -0.001862095903661467 0.004282536234927118
0.006358450057177849 -0.00186024169263507 0.003473346809461151
0.003667559896430947 0.003646556366135678 -0.00789928140426111
-0.002578694577507657 0.002955202900236518 0.007857982345183897
0.006051474021471123 -0.002566270877166588 0.001584851094751397
0.006337130832685743 -0.001930464177259688 0.001141498368867943
0.00604933740236234 -0.00256965683424399 0.0007463584504317504
0.00292774199284999 0.001906090839504582 -0.007845530351772094
0.003028095105217413 0.002960919770828878 -0.009244811756033203
0.00147014669146529 -0.0009033073918780257 -0.0002023591366071749
0.004688989797576227 -0.004012932103187303 0.009115486830325996
0.003860098189735936 -0.003459084437677843 0.01050709515631851
0.006030732693655705 -0.004029606756902264 0.01060839167400749
0.005979928710747492 -0.00336683581349033 0.009267576147459374
0.005151037102907202 -0.00281298814798087 0.01065918447345189
0.003809294206827724 -0.002796313494265909 0.009166279629770393
-0.001120193434137847 0.005736816699846945 0.0008204023279586855
-0.001782601648297695 0.005580650106844358 0.001213803496373292
-0.001783484598353411 0.005580309414584574 0.0004277142962220492
0.007101078518121888 -0.0007784561859238344 -0.007686798981736897
0.006502641290737884 0.0007725424859373668 0.006249999999999986
0.0001570380963644569 0.006584806585092874 0.004956312900540528
0.0005245390385583625 0.001132568379869037 -0.002863418939261256
0.0003850746028522398 0.001442471074817121 -0.00375823718302055
-0.003221503390928382 -0.0003513240782194982 -0.007588465465965061
-0.002489035029510374 0.00613901961072399 0.002719907982617095
-0.003174407840019463 0.005739833558976589 0.002850706750382782
-0.0001571844226882861 -0.006622004131155639 -0.006478604226261727
-0.0009297269086256545 -0.006499645421893522 -0.006478604226261727
0.001470146691466275 0.0004470919902361262 -0.001827359136607175
0.00247311549003127 -0.005302745913161274 -0.0002866648896872791
0.002475061317588607 -0.005301688741779073 -0.001108347251852293
0.001833893347598292 -0.005543499215771058 -0.0007136634817912466
0.001382103673316324 -0.002906086217227321 -0.007784464320311104
0.001829664765328747 -0.002518317503521625 -0.007784464320311104
0.002039381420884162 -0.003538163014623647 -0.009135265777017582
0.001050329962965946 -0.0006745028871653867 -0.002469515058608619
0.001576359978358565 0.006428377910653938 0.005045021597562581
0.001520108469294409 0.006438243395479874 0.005699591547078371
0.002251375889678992 0.00619857118834289 0.005641364880003691
0.0002206724009038194 -0.007479135326678866 0.0002906381651615839
0.004257313656734488 -0.005027267587116857 -0.003666599495779735
-0.004543073275420115 -0.004810380686253618 0.002878800704815282
0.002633077694723835 0.000783826535424381 -0.007845530351772094
0.003053421116117496 0.001326554012508242 -0.007845530351772094
-0.00432250210017447 -0.006126206331883537 0.003106128554139618
-0.001710480195601651 -0.00563251682682931 0.004791006830421262
-0.002334065544837669 -0.006197291267181985 -0.001681940616411134
-0.00584830509099871 0.0003162801167464965 -0.0003492198849317295
-0.004093392664425485 -0.000215992137118119 -0.009019522647330386
-0.004969046228552413 0.0008529052916951077 -0.009244407871903433
0.0003243651029456825 -0.003948471847598768 -0.00784037788511751
-0.0002656441577300073 -0.003897830177708764 -0.00784037788511751
0.005669909454344547 0.001300548992667074 7.465520287565212e-06
0.007294909454344548 0.001300548992667073 7.465520287549166e-06
0.005570886016843897 0.001997192047845843 0.0004137155202875651
-0.003874569226160335 0.005311386496034064 -0.005109291537389819
-0.004507359929777837 0.004851637138529516 -0.00504954494469278
-0.004180663927839268 0.005126739372296314 -0.004625161152318783
0.00557318199417296 0.003552981597651983 -0.005718687775044506
0.005377451872570506 0.003869506465231805 -0.006249999999999626
0.004533300670566721 0.003467966326178252 -0.005779263803046053
0.004337570548964266 0.003784491193758075 -0.006310576028001173
0.005669937449660033 0.004715071397527516 -0.006060576028000798
-0.001178621921545817 -0.0004163536550237629 -0.005671429685502107
-0.001320694656967534 -0.0001072914577749641 -0.004776731080043868
-0.001247589654850237 -0.0008895585859290827 -0.005006908508421081
0.005083590101466326 -0.00421322974293078 -0.002018055017592857
0.005451046770663504 -0.003759529449180238 -0.001249158483790496
0.005512193680380808 -0.003657504447346405 -0.002267087178393432
0.005569295882850829 0.00200264924669058 -0.0003889781183003862
-0.0001443937268258924 -0.005873516964820689 0.004558777341677948
-0.005183202986790638 -0.002764138297707808 0.001219715003319491
-0.004819258234630651 -0.0033361507989051 0.0008286847125628544
-0.005182833462562535 -0.002764942301035769 0.0004370227166146714
-0.000278607637920938 -0.006619138898316689 0.003376956435043093
-0.0003053393123408044 -0.006617861321237627 0.002543610751917777
0.0003643244426472748 -0.006563041366855645 0.003064372326670811
0.001001459929895737 0.004478577777484173 -0.007859851440686794
0.0002798585691186028 0.005488325116808459 -0.007313103895173687
-0.0004926839168187649 0.005610683826070577 -0.007313103895173687
-0.0002637664728604046 0.005211620312816868 -0.008672955335860481
-0.00463224460476688 -0.004713494942945942 -0.003263957113892273
0.007145148276652366 0.0005957282937378057 -0.0105
0.005130469529400589 0.0001893581502836964 -0.010670703179911
0.006235321252748223 -0.0004063701434541112 -0.009170703179910998
0.007305411550111827 0.000503727703366151 -0.008437967616990623
0.006200559826764193 0.001099455997103958 -0.009937967616990621
-0.001918922182802279 -0.005493027079451221 -0.005702580787264729
-0.001536109396038347 -0.006459072663838083 -0.005470128273857739
-0.0002620988973019243 0.001344435646186043 -0.01044358316014203
0.001383077694723835 0.0007838265354243824 -0.009039113511914127
0.001120978797421911 0.002128262181610423 -0.01059553035177209
-0.0002620988973019216 0.002644372850235758 -0.01009995179127444
-0.00420905610754265 0.005106412671500514 -0.005726226408713925
0.005336405397723413 -0.002282271653864357 -0.003978958052519016
0.0049886041068364 -0.002779935932993609 -0.003472153566538107
0.005303854338581664 -0.002341606111841155 -0.003144277547798085
0.001943423157920437 -0.006332974835709342 -0.005745705500529318
0.001534971856854969 -0.006428678973555702 -0.005151759382314227
-0.005368690748180305 0.003779972911873671 -0.005574656958864868
-0.005578618683379813 0.003541494332407395 -0.004901509636144961
-0.004188622236850818 0.004080444578401018 -0.004099346421634259
-0.006021779079098394 0.004324883584341941 -0.004527366308541418
0.001011271242968683 -0.0007347315653655914 -0.00629033317303738
0.001011271242968683 -0.001290918752542324 -0.006967709181518819
0.0007635472360125878 -0.004585987040082957 0.007882848169803643
0.001013368692397805 0.004488848041649934 0.00739421629153484
-0.0009197718521321866 -0.007412576566125303 -0.0004976502834050529
-0.0008652936361335928 -0.005788344517154091 -0.001363458853926902
-0.0008657474545468577 -0.005788321441814234 -0.0007315672930317817
0.004646866826245745 0.001705318296027117 -0.008499287162969514
0.004214804592178047 3.539063665912922e-06 -0.008762220443311534
0.004652704739564143 0.0008890389454529837 -0.009078473079479971
0.005722795036927747 0.001799136792273246 -0.008345737516559596
0.005284894889541651 0.0009136369104861751 -0.008029484880391159
-0.002519164511172634 -0.003856790105368723 -0.00735376067843917
-0.003009222182603626 -0.005044489777088847 -0.006337997730442333
0.002925182765134321 -0.0009504494954731782 0.007768835546229596
0.002811376586831706 -0.001533844076140901 0.007768835546229596
0.003816828848705049 -0.001486688374345167 0.009178020019681482
9.323860345159538e-05 -0.001435130597045515 -0.001356552400070802
0.006963305291036512 -0.0005595893638214434 0.0105
0.001011271242968684 -0.0007347315653655922 0.006228958270419032
0.0003862712429686837 -0.001188820645368942 0.006228958270419032
0.006138727152994219 0.002435771516940007 -0.006468687775044885
0.00629809583619228 0.002055375739726016 -0.007000000000000004
0.001281635681951433 -0.0004164286764609134 -0.008537937599271697
0.002531635681951434 -0.0004164286764609148 -0.007344354439129666
0.001281635681951433 -0.0009726158636376457 -0.007812063620648485
-0.005662229611619122 0.004319109253733565 0.007797949469250228
0.001047050765462147 0.0006767080687027023 0.001065068608309492
-0.001312406655163972 -0.0006011097689872136 -0.004457854085467668
0.0005146830253851115 -0.001215192433396312 0.003781962670163349
0.005942997031391764 0.00275229638451983 -0.007000000000000004
0.004564925972753289 0.002764872219638276 -0.007657769899568975
0.004920024777553805 0.002067951574844462 -0.007657769899568975
0.006462838032270315 0.002578242342695741 -0.008157769899568981
0.003693884323292094 -0.006450894323138711 0.00147324218033408
0.003033774858033698 -0.004887737728388845 0.0004630500706239064
0.002472179567106529 -0.005303253606937448 0.0004741614301952047
0.005957909980911122 -0.002705791436442896 0.006999999999999991
0.004572659045936862 -0.002544571733015653 0.007909184473451885
-0.00539535749897934 0.003729281419147555 0.005673351560181221
-0.005652727293727278 0.003428387136733286 0.006335730998738475
-0.005859317228756176 0.00309072286171679 0.005674067805781202
-0.006535486882255718 0.001084703901000685 -0.005210701416955564
-0.006566266030767876 0.0006936177384001084 -0.00574908230846901
-0.006443907321505756 0.001466160224337477 -0.00574908230846901
-0.006303210642398998 0.0008155165755762622 0.007746973197109326
-0.0006727721145881549 -0.005907212522395422 0.004083622769481848
0.0006528781219452196 -0.006596278508732097 0.003743937070482066
0.0003862712429686828 -0.001188820645368941 -0.00629033317303738
-0.0003862712429686858 -0.001188820645368941 -0.00629033317303738
0.0003173035096642625 -0.001662025576274261 -0.005625811995956354
-0.0004552389762731061 -0.00166202557627426 -0.005625811995956354
-0.005683650096545484 0.001223084233732094 -0.001575149508753658
-0.005516898115531718 0.001879515044599503 -0.001992948777260604
-0.005516723035188716 0.001879947436198625 -0.001194464602456187
-0.006533728369154116 -0.001095228872016351 -0.002952225516744453
-0.006549188029728764 -0.000418774263643963 -0.002695844184850782
-0.006549126295101966 -0.000418230277779117 -0.003564739649510012
-0.006545739281663321 0.0008047475783165602 -0.007858391674016106
-0.006423380572401202 0.001577290064253928 -0.007858391674016106
-0.006501047883240711 0.002055789797182819 -0.009171742364554213
-0.006838767461937562 -0.003088646647021989 0.004704826228689505
-0.0008138833129402515 0.006502434126265836 0.006835566495503974
-4.134082700288316e-05 0.006624792835527952 0.006835566495503974
0.0004369179703599426 0.007144400041784153 0.007757998082134201
0.000478258797362835 0.005519607206256202 0.007422431586630225
-0.0002942836885745333 0.005397248496994087 0.007422431586630225
-0.005770751790900029 -0.004616604472685588 0.001508400197473106
-0.004007769235894701 -0.004293887400381113 0.00219250374333628
-0.004085041783686269 -0.00420683405481073 0.001611702863024107
0.003296078392355091 0.0002439447010240064 0.009027984985671653
0.003176022363606481 -0.0004115797720606996 0.007768835546229596
0.0007133916071591667 0.001026436756373652 -0.005576493004636801
0.0005713188717374493 0.00133549895362245 -0.004681794399178563
-0.003749319335576612 0.001471447358295475 0.007620629489332691
-0.002217338914833156 0.00204812148487561 0.007582105893178976
0.001585723283035068 0.006421693959933916 -0.007127252048773011
0.00104209824105606 0.006144989155942324 -0.008487103489459805
0.002458198207591273 0.006221145904600529 -0.008526533453034122
0.00241755989643095 0.004554734526142379 -0.00789928140426111
0.003874363423964701 -0.005374004776946689 0.003284105253215046
0.004280125703610715 -0.005008195348885817 0.003403432610165132
-0.0003026132678229195 -0.006618034467750925 -0.002583482159874197
-0.0002768990453646783 -0.006619206928073492 -0.003477542714969559
-0.0009694765137743562 -0.006491947707325691 -0.002967942355505203
-0.003164259427428271 0.002116079769203356 -0.007335439163970375
-0.003030099629185839 0.002692861057862994 -0.007335439163970375
-0.003863076621797571 0.002343139239720164 -0.007335439163970375
-0.003063176797717255 0.005827237184288581 0.006370083468394955
-0.002366256152923441 0.006182335989089094 0.006370083468394955
0.0009388316612829326 -0.005799772477965615 0.002025219693381656
0.0009524545559089542 -0.005796736721328143 0.001238586138286548
0.0002691679062948533 -0.005854592432347597 0.001504458118628622
0.001394257621016893 -0.006382224965948819 0.006743333725534085
0.0009460804612742658 -0.005147766542458326 0.007882848169803643
0.001567795596353796 -0.006652350217669261 0.008126181895337729
-0.0009488053574578578 -0.003014432484185625 0.01055036638735243
-0.001149727574537633 -0.003620024693114017 0.009205033214587325
-0.002098532931995488 -0.003907342623584607 0.0106546668272349
-0.001723971073002608 -0.002717799283573 0.01009214367171988
-0.001924893290082383 -0.003323391492501391 0.008746810498954774
-0.0007751657155447528 -0.00243048135310241 0.008642510059072309
0.006053163804829792 -0.002563584495855395 0.002101019108472882
0.00633766805570612 -0.001928609966233378 0.001957308943401976
0.007442260928984881 0.0005903354340005846 0.004624392076803426
0.005734449670601145 0.001228456572502974 0.004185639967767792
-0.0003258266545813562 -0.001208329584638736 -0.002787682097404945
-0.0003921860881701818 -0.00168069401784477 -0.003912677769541451
9.241973111156414e-05 -0.001564679154681902 -0.0105344643203111
0.0007920944126406353 -0.001090224428864805 -0.008978047480453135
-0.0006996746815290716 -0.0004744547258170948 -0.01044358316014203
-0.0006996746815290728 -0.001822046230624879 -0.01009435443912967
-1.680513367352532e-18 -0.001347591504807782 -0.008537937599271697
0.0007920944126406341 -0.00243781593367259 -0.008628818759440769
0.0058125 -0.0005891387931812016 2.836164037101286e-07
0.0074375 -0.0005891387931812019 2.836164036940824e-07
-0.003805804645980319 0.006354953587307068 -0.004898440681718854
0.00528449192136486 -0.003994400928126253 0.006661050279862597
0.005453392951518589 -0.003728090038710479 0.005773369095865059
0.005029716388393861 -0.004292704750361439 0.005984368815841423
0.002799814079822101 -0.002753355848655127 -0.007495641560098501
0.005339263483932658 0.003922010137713339 0.005967587097090934
0.005694362288733172 0.003225089492919525 0.005967587097090934
0.00542426957771777 0.003797254776019635 0.005136698761337006
-0.003123023040539746 -0.00270062304649378 0.007356960329744007
-0.003956000033151478 -0.002350901228350945 0.007356960329744007
-0.003257182838782175 -0.002123841757834141 0.007356960329744007
-0.004069652875252974 -0.004198274266930785 -0.002300474137199404
-6.95150941740659e-05 -0.001723204811063744 -0.005000975368708907
0.00166819356646618 -0.0002281077008201823 -0.002233609136607174
0.001471131829147721 -0.0009017700902862843 -0.001827307871395945
0.006479174870871646 0.003596829378131815 -0.001535729683978864
0.004672328671614076 0.003649471978536512 -0.001553188773040897
0.004671696691299741 0.003650472253216341 -0.002211314311271226
0.005562531763468286 0.001891137382644901 -0.01040776989956898
-0.005587268802806373 0.003525935852337276 -0.00358516415725817
-0.005926907877348956 0.002934711072245386 -0.003286661400001969
-0.006030429198524954 0.004309325104271822 -0.003211020829654626
-0.002568257956574913 -0.005555122980083892 -0.00925370875448109
-0.001842234300588021 -0.005882397390682904 -0.008749428632760655
-0.003352315179286352 -0.005256760540278995 -0.008767091547802751
-0.001315345538171451 -0.003966857678667612 -0.008694138563556681
0.003888461154094973 -0.005363810742597118 0.00585929536553092
0.004981403772949018 0.004317709535764128 0.004727087089278504
0.005032734175012819 0.004270595074636641 0.005386587521009565
0.002967174818272596 -0.00495088812907768 -7.392249169787061e-05
-0.002945892936504488 -0.001618942458537997 -0.007342325399654898
-0.003514276730986264 -0.0007020661031193678 -0.008430790865619958
-0.003576470047013721 -0.001417679761444946 -0.007342325399654898
-0.004467354175623278 -0.002715156905847615 0.00784769162493526
-0.005851237825562794 -0.003572039832953676 0.009278037398486962
-0.005428968621814259 -0.003795809188568416 0.0079303457735517
-0.004984784878290478 -0.003904704800250821 0.008787306103295709
-0.004023170432099497 -0.00282405251753002 0.008704651954679269
-0.001138920340338578 0.005794543189800506 -0.002132972349154891
-0.001800827723129569 0.005637594308409963 -0.001929889506006723
-0.00180318261594678 0.005636681482619954 -0.002714236698387007
0.001250000000000001 1.582208123532219e-20 0.006228958270419032
-0.0003862712429686849 -0.001188820645368941 0.006228958270419032
-0.001011271242968685 -0.0007347315653655887 0.006228958270419032
-0.006299823291909341 -0.001792198319069531 -0.005923947613498181
-0.006541527832926264 -0.00104830823232124 -0.005849684568077378
-0.004227197523387826 0.001818646184946457 0.007620629489332691
0.000378640926211587 -0.006558972682230802 -0.003136474987624836
-0.002230441039409291 -0.002067303883789017 0.0105344643203111
-0.001281635681951436 -0.001779985953318428 0.009084830707663531
-0.002056801397496186 -0.001483352752705802 0.00862660799203098
-0.001477283987668388 0.0003606261315882449 -0.0006602464910019509
0.005154114230068611 0.002823549714470873 0.002839620097676029
0.005439086131505042 0.002188830957682953 0.003248335724079703
0.005145658148727524 0.002836895671543906 0.003636197388325776
-0.006533339219815118 -0.001097654388892578 -0.0022732637767967
0.001654370708757929 0.000303092475642065 0.0008028816518322878
-0.001186955642574619 0.0003919646700409049 -0.005487507122342756
-0.001329028377996336 0.0007010268672897037 -0.004592808516884517
-0.0002060680219399478 -0.001302358479545316 -0.0006481749823888229
0.000510811242675352 -0.001474671764979587 -0.0009604999976078234
0.005085802571058951 -0.00421106876425873 -0.002612788429043313
0.005513218840932838 -0.003655696067857854 -0.002885077180475665
0.005197968609187573 -0.004094025889010309 -0.003212953199215688
-0.004266181698942738 -0.006117467368544323 -0.004810362695440736
-0.00584709241443209 0.003113210091597025 0.004104289418623168
-0.005630116535904381 0.00346506417667466 0.00326852108270407
0.007473557692307689 -0.0003564052230630569 -0.005031250000000007
-0.001616233270509683 0.006415439064280755 0.00793614298269452
-0.001096927268730817 0.006159707301532515 0.009337450219825681
-0.001011271242968686 -0.000734731565365588 -0.00629033317303738
0.0005900092606756866 -0.003179419065220032 0.007800366387352429
-0.006565422546991363 -0.0006985445686670565 0.006306043451510163
-0.006443063837729249 -0.001471087054604427 0.006306043451510163
-0.007455547174110718 -0.0006975388636400365 0.005814453590407704
-0.005767765917857241 -0.0007715367809103338 0.00600841013889754
-0.005890124627119355 1.005705027036259e-06 0.00600841013889754
0.001590898362958903 0.004669690275565143 0.01014421629153484
0.001055788467923933 0.005700449440171411 0.01017243158663023
0.006963305291036512 -0.0005595893638214434 -0.0105
0.004948626543784735 -0.0009659595072755527 -0.010670703179911
0.00348078716402888 0.005620567467257113 0.004855876133871961
0.00406182409169754 0.00521109922444068 0.004951558021811736
0.002860051654985453 0.00593543983325546 -0.007759940560593804
0.003556972299779265 0.005580341028454944 -0.007759940560593804
0.003732526579541658 0.005734891777922073 -0.009159221964854913
-0.00102443736337085 0.001194461916779018 -0.004101551785408518
-0.0006408159771563779 0.001073245024876016 -0.005590008965437874
-0.0007828887125780953 0.001382307222124814 -0.004695310359979636
-0.005474185327230612 -0.002140812626643373 -0.002693964875782833
-0.005474638811806543 -0.002139829068709751 -0.001911197907951477
-0.006802046689329875 -0.003111094523123907 -0.001652977403558083
-0.005817197447239469 -0.003826505056633579 -0.008112539852691
-0.004593856132727861 -0.002478255432923987 -0.009159649918423791
-0.00401474019928864 -0.002964329398925236 -0.008570918136713367
-0.002328526875914331 0.006197921068208118 -0.006483923492520866
-0.003025447520708144 0.005842822263407605 -0.006483923492520866
-0.002800286958031505 0.006262361069561121 -0.007811663352560177
-0.002713765698785715 0.004464623778028261 -0.007827739860039311
-0.002016845053991902 0.004819722582828773 -0.007827739860039311
0.003687321627788251 -0.006455618697336395 -9.541659063797276e-05
-0.006761080236912098 -0.003039766284578272 0.002173254048693419
0.001466262638499239 0.0004531053497357824 -0.001002860589596301
-0.005912414583326388 0.002969748118363396 -0.004076130924557478
8.409397244873118e-05 -0.001247829958762025 -0.002394262221098896
0.0005048958386305062 -0.001475097161882922 -0.001752055033886221
0.0005900092606756866 -0.003163453293170298 -0.007344354439129666
-3.123693790245513e-18 -0.003112811623280293 -0.007344354439129666
-0.0002656441577300069 -0.003480201564044038 -0.008684732324247175
-0.00246558326475122 -0.006519681194353754 -0.01064566795432148
-0.003975664143449551 -0.005894044343949845 -0.01066333086936358
-0.001938694502334649 -0.004604141482338462 -0.01059037788511751
0.0007355634461012622 -0.001010666323154993 -0.005752856078504107
0.0002289174439583681 0.003802809460238874 -0.007859851440686794
0.004610590929452749 0.003704760972838073 -0.003592766195028706
0.004159681750598478 0.00423623881659841 -0.003343901798601129
0.004120980792294055 0.004269984540019662 -0.004054204667291941
0.0003862712429686868 0.001188820645368942 0.006228958270419032
0.004731412566158674 -0.004547480283332439 0.006661050279862597
0.0009329914948941729 0.001435814888444381 0.0008028719529778919
0.00585231152764773 0.004768977542964183 -0.005166012932482233
-0.004476106036976563 -0.00487876934288861 0.005685367199914717
-0.003849356287264698 -0.005336732148215386 0.005720246243868804
0.003210395506273897 0.005490895836661097 0.009848300617362088
0.001950774757940322 0.005909582500009588 0.008020732203992314
0.002292906924920117 -0.001151160241826507 -0.007344354439129666
0.0007009327893017212 0.001621915108809232 0.006898838379723643
-0.0003580130703739707 0.001358951644235695 0.007980944272902619
0.001106755958973673 0.001523318892305096 0.008183302700034747
-0.001080238976273106 -0.001207936496270908 -0.005625811995956354
0.001011271242968685 0.0007347315653655912 0.006228958270419032
-0.006559476908638343 0.000406610651145393 -0.009289448855381431
-0.002295584619150241 -0.006211173299272362 0.005531887053178822
-0.002666728024787472 -0.006056589043658231 0.004904924966502817
-0.002089836437239919 -0.007242991800240036 0.004449855970276089
-0.00410266099169021 -0.003549581636484007 -0.007728592737058467
-0.002312301537809809 -0.005399588581889365 -0.005221126131336268
0.007269012237762228 0.0009264280307251529 -0.004281250000000009
-0.003488965112351388 0.0001821447900530454 -0.007588465465965061
-0.001265226402756133 0.005488325116808463 -0.007313103895173687
-0.001558895585987615 0.006381767227814502 -0.006485318168178614
0.006148379787748586 -0.002368605089800207 0.004613605050929582
0.006334577562395373 -0.001937995334422166 0.005501286234927119
0.006378049515688064 -0.001788518382421435 0.004811960196456112
-0.004070274830023605 -0.004197541377278853 -0.001518030690069686
-0.005761772376157882 -0.004597833108773078 -0.001651556795899568
0.001432715622165129 -0.004491330143701884 0.009139943326122151
0.002504458424789288 -0.006173422896406355 0.008835050365295858
-3.318145334355908e-05 0.003445372132932333 -0.01060985144068679
-0.001262683877382692 0.002741718969157919 0.007582105893178976
0.00166819356646618 -0.0002281077008201823 -0.001421109136607175
-0.001375126193994069 0.001678295922614085 0.003689863521262883
0.004307472667363067 -0.004903807182513114 -0.006440179922328038
0.00375439331215688 -0.005456886537719299 -0.006440179922328038
0.004021549646366653 -0.005232719105542461 -0.005823744640694111
-0.001206247508188414 -0.0009153475323939297 -0.000657084386205357
0.002593871635508239 -0.00634695574930331 -0.008224597391586042
0.004019631327649148 -0.0004063701434541112 -0.007920703179910997
0.003789145349116805 -0.0009518531588746744 -0.007920703179910997
-0.0008036992986700139 -0.001484476173874002 -0.004959573670729829
0.002485884652975293 0.004878823335403319 0.007992516908896928
0.002821460516290175 0.001745748901949511 0.009043613759753159
0.002058806701346193 0.0006786446568041061 0.009053299866540701
0.002073730094592073 0.001506653105325718 0.008589496341089367
0.002548347970656989 4.848904400214175e-06 0.00857386756700786
0.003311001785600971 0.001071953149545619 0.008564181460220319
9.577659819837757e-07 0.001249999633073677 -0.005870999519112133
-0.0001411149694397336 0.001559061830322476 -0.004976300913653895
-0.001087413511310537 0.006472007920513946 0.004262156342232329
0.007305411550111827 0.000503727703366151 -0.006937967616990627
-0.0002948262149291503 0.00121452310634201 -0.002984763688791599
-0.000434290650635273 0.001524425801290094 -0.003879581932550893
0.0003862712429686816 -0.00255237792222646 0.007800366387352429
-0.000386271242968687 -0.002552377922226459 0.007800366387352429
0.001452439780790988 0.0009843055261980298 -0.0004038698011568387
0.0003310441113019776 -0.001657472858434637 -0.004437861036947826
-0.006535486882255721 0.00030253157579953 -0.005072400844447782
0.006085672595997958 -0.001507372730972653 -0.009593065100265676
0.005737595070383725 -0.002426265361516851 -0.009168003480453182
-0.005832831000670158 0.0008999036327284542 0.003372919427363475
-0.005801866544826335 0.001281461512803923 0.004043677146024612
-0.001309888182702745 -0.006649070314159256 -0.01064566795432148
-0.0007829994202861741 -0.004733530602143965 -0.01059037788511751
0.0006665957127968419 -0.001483871254060313 -0.005088334901423081
0.00632164353051006 0.00197882694446652 0.004280081364746266
-0.001214449515187862 -0.003783485266564362 -0.01059037788511751
-0.001998506737899301 -0.003485122826759465 -0.01010376067843917
-0.002722751725046089 -0.004305779042533566 -0.01010376067843917
0.002539704756943518 0.00610718504746992 -0.005188006965947739
0.002882683049611557 0.00589790498006353 -0.006093508598103928
0.003728247981907269 0.006190390557153056 -0.0059040846261051
0.003784491193758082 0.00433757054896426 -0.006310576028001173
0.0005388579284821401 0.003212133956854451 0.009185771557442265
0.000324293186402605 0.004802751761904856 0.01065130723713116
0.001369624083201741 0.003771066662780015 0.0105344643203111
0.0007601322082393023 0.004110757569639579 0.008795523528665999
0.005455641075978415 -0.003752399217477901 0.003360319598035053
0.00553007505742548 -0.003625788085021022 0.004356867674432578
0.005739608103834342 -0.003119278898882282 0.004025798858430114
-0.004315633019370474 -0.00613218863704496 0.004710985151871213
0.005527035556627129 -0.001814602390629938 -0.001917290737404315
0.005302829178029635 -0.002343414491329705 -0.00252628754571585
0.006576271886157442 -0.002838882133214944 -0.01092236192035468
0.006813656634286248 -0.001660591951339985 -0.01092236192035468
0.00471124179565593 -0.002144249689150512 -0.010670703179911
-0.001834311828730224 0.004257943080453404 -0.007827739860039311
-0.001015385124096173 0.00454301777883718 -0.009187591300726106
0.004093287084522806 -0.005195519736597199 -0.0002625904028174938
-0.001673010451801081 0.00230270133861833 0.007582105893178976
-0.002251033359120588 0.002504215923208996 0.008940088238362873
0.006996682583978814 0.001692450639026608 0.01092743828928791
0.006005900410975984 0.001752246818373507 0.00943658772872997
0.002328965627124441 -0.002117128943615976 -0.0105344643203111
0.002784158222727331 -0.003474843100510011 -0.01060080145670648
0.003299114941617794 -0.002352167288749478 -0.0102456415600985
0.002554338139774625 -0.002415487202863114 -0.008780105880409604
0.002525889935533784 -0.00213278466404214 0.009025930702548104
0.001259177646828228 -0.003084762168838959 0.009057461543670937
0.001266712288705553 -0.001775137048918217 0.009069201933582027
0.00205880670134619 -0.001501804200925505 0.008573141272577333
0.0007920944126406338 -0.002453781705722324 0.008604672113700165
0.002051272059468865 -0.002811429320846247 0.008561400882666244
0.005425683132176579 -0.001924974505342086 1.139369796751699e-05
0.007262583657677842 -0.001777610121125819 -0.0006582216453757437
-0.001183290133957841 -0.001058810521997731 -0.009117838802512339
-0.001882964815486912 -0.001533265247814828 -0.01067425564237031
-0.001183290133957842 -0.002406402026805515 -0.008768610081499973
-0.001249999999999999 4.360830050106761e-18 0.006228958270419032
-0.007267714983274745 0.001623927693046572 -0.001284588276078582
-0.004492897218323787 0.004497449435153202 0.008208120416300162
0.004931840992360095 -0.005141177190382314 0.01020220219549221
0.003804223588233814 -0.005608251612339361 0.01020220219549221
0.002732480785609655 -0.00392615885963489 0.01050709515631851
0.001803365655609319 -0.001824955994230399 -0.007784464320311104
0.001178365655609319 -0.002279045074233749 -0.007784464320311104
0.00643615427018576 -0.001233821122083106 0.001547748368867943
0.007248654270185759 -0.001822959915264306 0.0007355319852716562
0.004056391165517485 -7.937293112153163e-05 -0.010670703179911
0.004488453399585183 0.001622406301239672 -0.01040776989956898
0.004050553252199086 0.0007369064194526017 -0.01009151726340054
0.003652691214052177 0.004562480643276422 -0.001562604129356601
0.004220787512445471 0.004181950096976679 -0.001962449914843649
0.004225137925009162 0.004178068245297369 -0.001170376964778339
0.005008232057084534 -0.004283397547365387 0.003215974714856034
0.005205477602422025 -0.004085430414361156 0.003971364948501994
0.001829664765328753 0.002518317503521622 0.007784464320311104
0.001803365655609323 0.001824955994230396 0.007784464320311104
0.001247287008243525 -0.003795530090566625 -0.008695155895836144
0.001456323833756622 0.0009782921667005587 0.0003966316518322878
-0.0002258511952999439 0.006618812479050435 -0.005689516428487628
-0.0006429538569579789 0.006583771985743758 -0.005120652865490306
0.0001652349673006327 0.006588033330538279 -0.005012834964466476
-0.001365174976220443 -0.002882785864607404 0.007342143671719878
-0.001161436958513437 -0.002255744721613834 0.007342143671719878
-0.0007751657155447529 -0.002854436968147837 0.007342143671719878
-0.0008672918618001235 -0.002571929240889097 -0.01067425564237031
-0.001448934291687846 -0.003191420581233986 -0.009264633527487817
5.035411442771124e-05 -0.00364572877812762 -0.01059037788511751
0.0003159982721577154 -0.002860710223699149 -0.01009435443912967
1.017454086668266e-05 0.007523301797469451 0.003920296541335123
0.005439086131504392 0.002188830957685196 0.001623335724079703
0.005439489007651411 0.002187440943957128 0.002433353908474534
0.006355370497989924 0.002082523336507013 0.002841477800883143
0.003296119840744214 0.006639301874257915 0.001533967935197039
0.002042213291176024 0.005496163120640102 0.002411027865969881
0.002042460382334244 0.00549604249519376 0.001614276909517083
-0.005903764463899829 0.002985306598433515 -0.00539247640344427
0.001888942126267495 0.006348696168609854 0.006318046344024835
0.001116399640330127 0.006471054877871972 0.006318046344024835
-0.0005900092606756834 0.00311579899241223 -0.007349951791274442
-0.001050673716143215 0.002746065511263509 -0.007349951791274442
-0.0003654319872094888 0.00705740497979907 0.008858574569324746
0.0002250223132043324 0.005141516734245847 0.008823738823761387
0.00635035091860877 -0.001870941819345328 -0.006382887662826481
-0.002627958391680157 0.005228742557129632 0.001605718953152336
-0.003313331202189246 0.00482955650538223 0.001736517720918023
-0.003222758752916783 0.004900390112538278 0.001213875896676367
-0.0002532364841584934 0.004621909527989645 0.00790130723713116
0.003937976809091501 0.006197108161426618 0.007183996075813598
-0.00175913307691945 -0.0001654273646947868 0.006898838379723643
-0.001181807693626455 0.0007604298161006132 0.007980944272902619
-0.001520404319888132 0.0005693042006708037 0.006898838379723643
0.002319206034639545 -0.001844521751117734 -0.007344354439129666
0.002826299980077585 -0.001538692980541117 -0.007344354439129666
0.003647192467232028 -0.00143327465820528 -0.010670703179911
0.004363164270041697 -0.00306314231969471 -0.0102456415600985
0.003960045473520474 0.004492121298431389 -0.007709857432262283
0.001178365655609318 -0.002279045074233749 0.007304305726347736
0.001382103673316323 -0.002906086217227321 0.007304305726347736
0.0007920944126406337 -0.002877737320767752 0.007304305726347736
-0.003317766287455934 0.006702702498220962 0.001935397250351658
-7.160969663564678e-05 0.001621915108809234 0.006898838379723643
0.002902415665388858 -0.001496594572318917 -0.0092051675002221
0.002861626392746392 -0.0004221171239110515 -0.010670703179911
0.001543399552638804 -0.001105971409321748 -0.0105344643203111
0.002073730094592069 -0.001506653105325721 -0.008628818759440769
0.002032940821949603 -0.0004321756569178558 -0.01009435443912967
0.003391956934699656 -0.0008227988199150247 -0.008765057619040662
0.003975436016418799 0.0009825216854172842 0.01050914943944206
0.003212782201474816 -8.45825597281205e-05 0.0105188355462296
0.004496186472768757 -0.0007481113899518893 0.01065918447345189
0.004407007394387421 0.001428066959022073 0.007759149439442056
0.005110099421109217 0.002164799443039526 0.007338911323889854
0.00103757035268811 -0.002775684579464603 -0.007344354439129666
0.0003862712429686816 -0.002536412150176726 -0.007344354439129666
0.003635088979972219 0.004539095255469635 0.001618948433418924
0.004888748438382188 0.005682354634533789 0.001538639459098879
0.0007513051399981674 -0.001379304257314459 0.01055036638735243
-1.897353801849633e-18 -0.001363557276857518 0.008993949547494461
0.0007513051399981685 -1.574698045694174e-05 0.01044358316014203
0.002018017428703723 -0.0004273267525176404 0.0105188355462296
0.001266712288705554 -0.0004115797720606995 0.008962418706371629
0.001979186275247638 0.002503681184266963 0.0105344643203111
0.0022004605550048 0.003402304797052091 0.01014421629153484
0.001654370708757929 0.000303092475642065 -9.618348167712083e-06
0.00166819356646618 -0.0002281077008201823 -0.0006086091366071749
-0.002507282620196641 0.005313952588477095 -0.004571149016609787
0.004206635733001134 0.004154394337977184 0.001223094548844464
0.003774826760823485 0.0009526366842038838 -0.007341517263400538
0.003487561034153659 0.001193735742544404 -0.008687047615172631
0.003354483339429825 0.0004099092071200228 -0.007341517263400538
0.00645693627165749 -0.001165452848484797 0.004688786234927118
-0.0002532364841584948 0.003865728583968937 0.00790130723713116
-0.0009259111008655036 0.00304776670878505 0.008983413130310137
0.003515013294551946 0.00309261330050599 0.007885457284296276
0.002558032990523955 0.003111112345730134 0.00739421629153484
0.00303591117833517 0.003458311172381115 0.00739421629153484
-0.003258479133819044 0.0007276278054736088 -0.007588465465965061
-0.004134132697945971 0.001796525234286835 -0.007813350690538108
0.002889272941722419 -0.005047580420686315 0.002797394009810717
0.002310712274161855 -0.00543618130444157 0.002795935028762799
0.003638670449336061 -0.006528086973686287 0.004185263518915719
0.001582710560863271 -0.001924698490952065 0.0105188355462296
0.0003159982721577153 -0.002876675995748883 0.01055036638735243
0.001575175918985946 -0.003234323610872807 0.01050709515631851
-0.00302296085353925 -0.00508681795977165 -0.0003430553787632636
-0.003527521638302243 -0.004633796239761103 4.782174578556036e-05
-0.003023704329361886 -0.00508631392436943 0.0004398117038506261
-0.00397036796250257 0.004358417083939728 3.762615187445536e-05
-0.003969792363058333 0.004358846408034302 0.0008223279389880792
-0.002453989811913335 -0.001612407091665451 0.007342143671719878
-0.001786436958513437 -0.001801655641610481 0.007342143671719878
-0.002319830013670906 -0.00218918838032509 0.007342143671719878
-0.006369106699453763 0.001666718377926318 -0.004890220289027266
-0.006383599993476332 0.001631681331808309 -0.004100750764471757
-0.0065502902398633 0.0009757945068057455 -0.00455184696062404
0.002803841944954381 -0.002843469196061643 0.007757095156318507
-0.003843931768436728 -0.0008842108931724024 -0.007342325399654898
-0.004434621693535801 -0.0008842108931723996 -0.007342325399654898
-0.001011271242968681 0.0007347315653655949 0.006228958270419032
0.003493398947472057 0.0003774563919702711 -0.00926623353168309
0.002134382834722004 0.00076807955496744 -0.01059553035177209
0.002664713376675268 0.0003673978589634669 -0.008689884790901759
0.001785911178335173 0.004366489332387816 0.00739421629153484
0.0003623680019613994 0.006591981353135854 0.00621711169855751
0.0007513051399981687 -1.574698045694021e-05 -0.01044358316014203
0.003500380088544703 0.00560528462364203 -0.004753080847005955
0.004871297391496151 0.005742396278761832 -0.004574595411644753
0.004688923313508454 0.005688490133325166 -0.005469158507163317
0.004051908589586906 0.002124987603815887 0.007759149439442056
0.003574030401775691 0.001777788777164907 0.007759149439442056
0.003999715100075329 0.002625873469510494 0.009144606723738333
-0.001782687245262367 0.005580617095484222 0.001998114512544921
-0.001812750100961613 0.001837872575146954 -0.007800366387352429
-0.0008014788579929313 0.001103141009781361 -0.008993949547494462
-0.002381133895443394 0.0012852857998344 -0.008888831853317489
0.0003204968802789259 0.00715473649526661 -0.007940355943946696
0.0002292475639159938 -0.007479503446363617 0.001883452532027869
-0.003123023040539732 0.002700623046493798 0.007857982345183897
-0.003783013779864044 0.00192754179662886 0.008978611834516589
-0.002472495141038145 0.007054577036575551 0.002327792809744242
-0.001332576189176563 0.007212173505892139 0.003120321983756337
-0.001532156882085029 -0.005662257756728857 -0.001747919049557908
-0.0009144533552096874 -0.007412806986963298 -0.001952300304341855
0.0003862712429686823 -0.001745007832545673 -0.006967709181518819
-0.0003862712429686863 -0.001745007832545673 -0.006967709181518819
0.005849981684116276 0.004751810818025868 0.002310892865205802
-0.001954310298658441 0.000509428504334494 0.008866570213490077
-0.002531635681951435 -0.0004164286764609059 0.0077844643203111
-0.001790768758870885 -0.0005818560411557009 0.008183302700034744
-0.003263408639710679 -0.00313892902775056 -0.009152848379428775
-0.003697027760932863 -0.001456947449168891 -0.009355312823735631
-0.003117911827493642 -0.00194302141517014 -0.008766581042025205
0.001725408091644165 -0.006393057758422193 -0.00404601868300958
0.000746701077010407 -0.00582414748935998 -0.0044891681471686
0.0005581770754951852 -0.005874849586137337 -0.003932443725895666
0.001174530327817163 -0.007392458917658058 -0.004877836043944724
0.002720590147024953 -0.00465289255341229 -0.01060080145670648
0.003848207551151233 -0.004185818131455243 -0.01060080145670648
0.003235546865915415 -0.003530216741651757 -0.0102456415600985
-0.005160448260695926 0.005396547810997786 -0.004002254294369329
-0.003861926234912249 0.004355546812167815 -0.003674962629260263
0.001471128237797459 -0.000901775703554832 -0.001017883352398659
-0.001798727107017716 0.00431305091006077 0.01065130723713116
-0.003802579156890463 0.005643847038443339 0.01069345562662332
-0.003123849365272801 0.003769500124484715 0.0106079823451839
0.002826299980077589 0.001538692980541114 0.007305032020778262
0.00229290692492012 0.001151160241826504 0.007305032020778262
0.00231920603463955 0.00184452175111773 0.007305032020778262
-0.004889370596368492 0.00330360968626999 -0.001172660574603082
-0.004890240344441285 0.003302481651833919 -0.001955910810686918
-0.004406048419616428 0.003779465946913859 -0.00156506814059116
-0.0003862712429686812 0.001188820645368943 0.006228958270419032
0.0007168056114949562 0.005863006762766446 0.003572504097385874
0.001373244913796635 0.007376738607856452 0.004663575187872965
0.0006605541024308 0.005872872247592384 0.004227074046901664
-0.003971458781528751 0.004357602765239329 -0.0007459689937064186
-0.00655269905925094 -0.000768931294165179 0.007422401133716795
-0.006257354096701402 -0.000419748239949919 0.008543030623049487
-0.005381372133768936 -0.0002147080762527141 0.01037062948933269
-0.007229416155569414 -0.001332822424633169 0.0101724011337168
-0.006497510748936846 -0.002014625069281625 0.008770092758652056
-0.00562152878600438 -0.00180958490558442 0.01059769162493526
-0.004649466727136368 -0.0008965107209011694 0.008968321114267952
0.003000565128758099 0.004978751121139635 -0.00287415822680396
0.00237617381985236 0.005186250170602773 -0.003234862411660954
0.003033300517418738 0.00496252738004644 -0.003851698964520741
0.003657308941966587 0.004611583033400641 0.0004264690418609791
0.003655525322038338 0.004613179826202416 -0.0003715603394863357
0.004103397083306441 0.004083504500084384 2.304270016394893e-05
0.0007039776317080029 0.005860393176056275 0.0004279207676693425
0.0007023389527754194 0.005860689962360705 -0.0003625287225736325
0.001354069682972699 0.005647294589589917 3.196308393958595e-05
0.001646841114118326 -0.004975079219373891 0.01063284816980364
0.0005871974273807491 0.005921185285503687 -0.00335660557609815
0.0005089254494845624 0.00593486079309144 -0.004202262297092975
0.001249406998506177 0.007432399263016242 -0.00326187317897893
-0.0003017876664595171 0.006617658943391098 -0.004494327754498879
0.002336758710766793 0.002212488732945006 0.007784464320311104
0.003042734796047337 0.002644372514734638 0.008653365730976897
0.00725349913613575 -0.001109603781002655 -0.003019468932676732
0.004755000616308702 0.00286172008783334 0.007338911323889854
0.006049179128366621 0.003844803964084316 0.00680649842098079
-0.00412363578605449 -0.001791176790536996 0.00784769162493526
-0.004822452980423792 -0.0020182362610538 0.00784769162493526
0.003329147607493097 0.00111082374775696 -0.01059553035177209
0.006349869162196009 0.003951430346208879 0.002717097505735146
-0.003486290719401897 -6.724562224564185e-05 0.008905093809643792
-0.006950814514884786 0.002870470368125418 0.002981063074106169
0.006313008785711636 0.002008870791649092 0.006999999999999991
0.006435367494973752 0.001236328305711724 0.006999999999999991
0.006667825625345083 0.002628585262813883 0.007838911323889846
0.00510639849430075 -0.004190402796671982 0.004567867394408941
-0.004798999131907097 -0.004520186568385032 -0.006479884929480637
-0.004245919776700914 -0.005073265923591218 -0.006479884929480637
-0.004526647022468379 -0.004835893918591599 -0.005882319258039875
0.002457355211649301 -0.007059084721051084 -0.000876464245987245
-0.001520404319888136 -0.0009001589300603799 0.006898838379723643
-0.000509133076919449 -0.0001654273646947905 0.006627796650142676
-0.0008954043198881353 -0.001354248010063733 0.006898838379723643
-0.005880103359474839 -0.004122054141880602 0.002963260355367741
0.003057472667363066 -0.005811985342519813 -0.006440179922328038
0.003417419058919816 -0.005663125993191209 -0.005761925422269917
-0.000843245744834184 0.003937771316352161 0.00790130723713116
0.001543399552638807 0.001074477448407864 0.0105344643203111
0.002780671243647705 0.0006397774926277642 0.01050914943944206
0.006958776537015102 0.002774371791796422 0.003465917088825972
0.001849186907503917 -0.003537066680343955 0.007757095156318507
0.005529844515153951 -0.001804974452420378 -0.003548447132581886
0.005558183086734459 -0.001698361711057996 -0.004153525230756925
-0.002350901228350962 -0.003956000033151465 0.007356960329744007
-0.002168368003089283 -0.003394220530776094 0.007356960329744007
-0.0001722368376154159 -0.007558373841466667 -0.00396829234855998
-0.004203723259767267 0.005250881740122627 0.0004296602631986113
-0.003028923863210695 -0.003730993713080936 -0.01047859273705847
-0.003753168850357482 -0.004551649928855036 -0.01047859273705847
-0.003129819886194284 -0.003914366125184187 -0.008582353415497637
-0.001142148140328414 0.005769929866084588 -0.004477025599016179
-0.001306691727382169 0.005759490390482246 -0.003786158302650953
-0.001970954002990371 0.005601628683301694 -0.004367422651883069
-0.002183625969051922 -0.002435654679820653 -0.007924255642370306
-0.002727954432083995 -0.002181074826077929 -0.007924255642370306
-0.003190945756852361 -0.0004164286764609042 0.0077844643203111
-0.002960459778320019 -0.0009619116918814686 0.0077844643203111
-0.002957896908592315 -0.004950839255900308 -0.001517624841183635
-0.006534322937494387 -0.001091493208785333 -0.004085293533333753
-0.003581569843252772 -0.004659494683616304 0.002003918520305023
-0.002973752675474434 -0.004960916865700861 0.00161339604758275
-0.003580472396996002 -0.004660239404228487 0.001221475549543748
0.002050939045085915 0.00341694111630675 0.00739421629153484
0.001391947436838039 0.005709346534472101 0.001217410959112365
0.001385464364758815 0.005710514113931465 0.00200146780575018
0.0007070702522852463 0.005738110933399779 0.001609247606733377
0.002336758710766787 -0.002212488732945009 0.007304305726347736
0.007442260928984881 0.0005903354340005846 0.001624392076803422
5.627009275199769e-18 0.003001810177542298 -0.007349951791274442
0.003190945756852361 0.0004164286764609127 0.007305032020778262
-0.005610954276000486 0.001918749138106786 0.002760617238214458
0.000560781466507729 0.005926087507700091 -0.002632386987304484
-0.0001209600139761297 0.005954208786122213 -0.0023998038646438
0.001427513890330879 0.005686411799286465 -0.001695932556591809
0.0007457724098470205 0.005714533077708587 -0.001463349433931125
0.001102410997591113 0.006691604174793567 -0.002321433091515579
-0.001063577755294855 0.002447576655967402 -0.01055036638735243
-0.0008014788579929287 0.002403078213831075 -0.008650318178626871
0.003925461181539755 0.002079235624331475 -0.009003300251341068
0.002482831823128986 0.0040113905275873 0.00739421629153484
-0.003549581636484027 -0.004102660991690193 -0.007728592737058467
-0.003619877557625276 -0.005102065796904311 -0.007566590467500801
-0.003566324401761083 -0.004649843318950683 -0.001126328292709887
0.001108092684798352 -0.002603343147756172 -0.0105344643203111
0.001803365655609319 -0.001824955994230399 0.007304305726347736
0.002450564889069403 -0.001629094152277286 0.007304305726347736
0.001682482072044847 -0.006463610823645232 0.0004687756096101824
0.001832033469493016 -0.005543920556521947 7.526103040194047e-05
-0.004889774913462768 -0.005698892329987919 0.002298406504147428
0.0007920944126406349 -0.001646411616041538 -0.008252173501829923
-0.005110549143195598 -0.002710802791629682 -0.001519451297728201
0.0006931825877121782 -0.001611247871461385 0.006956671216068275
0.0003069113447434937 -0.00178598450294996 0.008257037603420704
-7.935989822519044e-05 -0.001611247871461385 0.006956671216068275
0.0003069113447434958 -0.0004224272260924425 0.006685629486487309
0.001318182587712179 -0.001157158791458035 0.006956671216068275
0.0008131807970977 0.006544052669196034 -0.007127252048773011
-0.001925795338108378 -0.00629515533877178 -0.004901151344214193
-0.003086391259050976 -0.006846022841623524 -0.005374566017834132
-0.005475090382692529 -0.002138848546240264 -0.001129054544906481
0.001564661546333035 0.0004330944634402906 0.006898838379723643
0.0003146615463330357 0.0004330944634402913 0.006627796650142676
0.00132593278930172 0.001167826028805882 0.006898838379723643
0.00319094575685236 -0.0004164286764609154 -0.007344354439129666
0.002960459778320016 -0.0009619116918814786 -0.007344354439129666
0.002277983531674238 -0.001146311337426292 0.007768835546229596
0.002516712288705554 -0.0004115797720606994 0.007768835546229596
-0.003940743932637079 0.002821638972649055 -0.008648789854508482
0.0009410281578884657 -0.001363512470059898 -0.002025257872294041
0.004187400897309498 0.00347250232431159 -0.009057051303830086
0.004857411549842817 0.003610437151933987 -0.007468345927570148
0.007090363999798743 0.002583382246456333 0.000757465520287549
-0.002627872794715484 0.005228775568489769 0.0008214079369807076
-0.002611418503207927 0.006144299982981193 0.001213603780279483
0.003441067823502572 -0.001870745789418872 -0.007495641560098501
-0.002292906924920121 -0.001151160241826499 0.0077844643203111
-0.002635633165973984 0.005232260032129489 -0.001533905642569044
-0.003231302592589985 0.004902971625642809 -0.001923645415416641
-0.0034635670708285 0.005796250600526107 -0.0007480161585116107
-0.002822777919142275 -0.004727998839358706 0.0106546668272349
-0.004146754054922463 -0.005772503242666841 0.01073334775176178
-0.004117862034290549 -0.003717225198218645 0.01059769162493526
-0.004918515400003726 -0.004546665594681072 0.009331039376697039
-0.003594539264223538 -0.003502161191372937 0.009252358452170156
0.004604483339429824 0.0004099092071200225 -0.007341517263400538
-0.005227302035750543 0.002714595792892064 -0.002401711450132327
-0.00697811890349357 0.002459008441339132 -0.001693350948950305
-0.006109532225865347 0.00271798365067515 -0.001191323315387437
0.0005264502549106301 -0.003222834488101061 -0.009124842205428613
-0.006335182182508766 -0.001747658857099622 -0.003445637277173766
0.006466362774622675 -0.003533297518022007 -0.002779737498031022
0.007090576422354608 0.002582732881957061 -0.0007437031149661685
0.004435809844939801 0.005277481864099021 0.007971152742747787
0.005197918978885342 0.004699389824775391 0.007424606782341366
0.004702807126797125 0.003362605953527947 0.008724368608186131
-0.001339503835782773 -0.005787046799479164 0.004328065451641666
0.002940106158380202 -0.0001224410469515659 0.007305032020778262
0.002531635681951435 0.0004164286764609129 0.007305032020778262
-0.002132095491415697 -0.002709685729325839 -0.01067425564237031
-0.002232991514399285 -0.00289305814142909 -0.008778016320809478
-0.007429260999662853 -0.0006652279248031838 -0.001490580092124925
-0.005672342364536963 -0.00149080815843633 -0.001521591375405767
-0.007269207316734928 -0.001793967861913276 -0.002272277593319029
-0.006568264144384699 -0.001058381694346936 -0.0007389076907339927
-0.007208317945580637 0.0003089316420515075 0.01053519395660429
-0.006632521392169879 0.001390178035075664 0.01053519395660429
-0.004805575580358178 0.0008665383167714427 0.01037062948933269
-0.006236255886712625 0.001222005826734758 0.008905823445936984
0.001033665022274906 0.006146675768409614 -0.009706448440820954
0.002449764988810119 0.00622283251706782 -0.00974587840439527
0.004372063795487258 0.002210563556969768 0.01050914943944206
0.005075155822209054 0.00294729604098722 0.01008891132388985
0.005752606407023698 0.001987985250839965 0.01008891132388985
0.005897292873449056 0.003695452423407717 -0.007407769899568601
-0.0019646519512941 0.006577219602806111 -0.003191242592513794
-0.002382672155436102 -0.005396100531726932 0.003773873355870803
-0.002176756927707428 -0.006427973315658883 0.003781745738423671
-0.00522712695540754 0.002715028184491186 -0.001603227275327909
-0.005767765917857236 0.0007735481909644044 0.00600841013889754
-0.00748868023206789 0.0004673392263880222 0.006134753846674175
0.001050066501670688 0.001443876117243338 0.006356561095319085
-0.001532632852796102 -0.005662098372705855 -0.001124881352075382
-0.002161810658354152 0.00168043998525957 -0.01055036638735243
-0.001360331800361221 0.0005772989754782114 -0.01044358316014203
-0.002939986837811683 0.0007594437655312504 -0.01033846546596506
-0.006007826098527796 0.002731466491939474 0.006335730998738475
-0.002296453194455993 -0.00621082810492556 0.006796084159406779
-0.002673638283056254 -0.006089654230444176 0.008200750986641674
-0.001350372733181722 -0.006603312065908119 0.008178932329210423
0.001382277248877644 0.006726581515578534 0.0106083916740161
0.002542627124012946 0.006646659824571034 0.0106083916740161
0.001283006375679371 0.007065346487919524 0.008780823260646329
-0.001135560037868032 0.005794865640241239 -0.0007516256613862136
-0.001798851202083596 0.005638358354978869 -0.00114431369312285
-0.001781513960520324 0.006554223461730077 3.397135032716793e-05
-0.005691762976579944 0.004819996606837854 0.00302948644786163
-0.0008556534184056975 -0.003948471847598767 -0.00784037788511751
-0.002637609687019956 0.005231495985560585 -0.002319481455452918
-0.002639964579837167 0.005230583159770575 -0.003103828647833201
-0.002633662528140897 0.006206174079274991 -0.001927648588463926
-0.005672731513875962 -0.001488382641560103 -0.002200553115353521
-0.004890253564626693 -0.005675819478770526 -0.002481246953303935
0.001556911344743495 -0.0004224272260924431 0.006956671216068275
-0.006091592073204343 -0.002567589723593462 0.006758894031663293
-0.005736493268403829 -0.003264510368387278 0.006758894031663293
-0.006158762472152363 -0.003040741012772537 0.008106585656598555
-0.001542982551344447 -0.007261200923158642 -0.004668698830807203
-0.005489162924156007 -0.001925203078599123 0.001573864899580821
-0.006128863713191487 -0.002602097313195469 0.0004002231380072516
-0.005488793399927902 -0.001926007081927084 0.0007911726128760019
0.002803583503189359 -0.001438484286811869 0.0105188355462296
0.0040869877744833 -0.002102013117035638 0.01065918447345189
-0.006576473370880496 -0.002899973807424464 -0.01079042577862865
-0.007222452641650346 -0.001368657492363299 -0.01069176538687035
-0.005913493901537044 -0.002734219604127641 -0.009471482959993978
-0.006559473172306894 -0.001202903289066476 -0.009372822568235677
-0.005690454723293496 -0.0009620280576391413 -0.01068105718136532
-0.006386176028797978 0.001613443215971383 0.001321570303609214
-0.00655371703099443 0.000955350184899137 0.001121652221473516
-0.007269240056546906 0.001614773839539654 0.0003177865054355195
-0.005683605280094046 0.001223479247742072 2.130507352228223e-05
-0.005516064277897595 0.001881572278814318 0.0002212231556579801
0.007100866095566222 0.001786560957154799 -0.007687967616990625
-0.002993373839249811 -0.005855729300125042 0.006796084159406779
0.0008064471145194679 0.004781778720661501 -0.01060985144068679
0.001382277248877644 0.006726581515578534 -0.01109659700013416
0.00222254708105468 0.004857935469319706 -0.01064928140426111
0.0009308532830055696 0.001436810297242122 1.14967998927375e-06
-0.005516538217828482 0.001880403623611797 -0.0003710498178492266
-0.00448359258625349 0.005966104377254301 0.001132823046531445
0.00401379341433075 0.0004099092071200222 -0.007341517263400538
-0.001244302568054536 0.003742018496140604 -0.008677691651313752
0.0005299955153387141 0.002434660075050847 0.0105344643203111
0.0007920944126406377 0.001090224428864805 0.008978047480453135
-0.0002620988973019244 0.001344435646186042 0.01044358316014203
-0.0009347735140089297 0.002270292826981446 0.01033210589317898
-0.0006726746167070062 0.0009258571807954036 0.008775689053321009
-0.00568371033016566 0.001222552446556213 -0.0007618951114196419
-0.006563723066479572 0.000976630572572873 -0.0003698854160278014
0.003765030349987278 -0.005634766118401453 -0.0106083916740158
0.004892647754113559 -0.005167691696444406 -0.0106083916740158
0.003157440859032792 0.003383805751827946 0.01063545728429628
0.00276244340906643 0.003060573425290594 0.009169921604607379
-0.006504968241844411 -0.003745921216779958 0.0007253820470118538
0.006708992437697779 0.00248897930239096 0.009016349613177769
0.0001944854367464314 0.007113734246528088 -0.01109659700013416
-0.0003813446976117448 0.005168931451611056 -0.01060985144068679
0.0003120636614977716 0.0071564231077339 -0.009159700895307845
-0.001102946058388879 0.006178678790935341 -0.01006310389517369
-0.004249661689544557 0.005074069045165976 0.001525490722320913
-0.00234696948085215 0.003294282391852484 -0.01055036638735243
-0.004000799224436608 0.003442183600937391 -0.01056335069053811
-0.003256787459570321 0.002354183228647626 -0.009113717077890538
-0.00228691418905262 0.002673737763564147 -0.008635805551322803
-0.003030925953918908 0.003761738135853912 -0.01008543916397037
-0.006550648131567645 0.003734955326264583 0.002228449801033478
0.002264273585745526 -0.006253409321492665 0.01063165057735026
0.001401232588534209 -0.007116450318703979 0.01063165057735026
0.0007838001169070091 -0.005838120216585205 0.01063284816980364
0.0009645084223009997 -0.006818580605559658 0.009264498747153901
-0.005649354646493292 0.001829179959866109 0.002077613939441563
-0.005816818797126566 0.001171763000289465 0.002660464153704842
-0.005816895648689744 0.001171086928793863 0.001877695857305865
0.0009452940469385142 -0.001361538370727184 -0.001415194961440259
0.003038383390977788 0.006697464148115327 -0.003140130014541734
0.002570169557330835 0.002197283290826539 -0.01059553035177209
0.001416009306565365 0.003514393242148449 -0.01060985144068679
-0.006963516344705767 -0.0028506531267978 0.00591260143661548
0.00726922466031775 -0.001638589112353042 -0.005780081364746278
-0.005978565085951822 0.002784748444844673 -0.006251338422886013
-0.005623466281151304 0.003481669089638486 -0.006251338422886013
-0.004477851087514754 0.002720505349597456 -0.007813350690538108
-0.006056232396791331 0.003263248177773564 -0.007564689113424122
0.001770249590605397 -0.005625438159617888 0.00239240434230199
0.001621549817248094 -0.006544935995763333 0.001998118102754156
0.002296747999516341 -0.00314929796663826 0.007757095156318507
0.003291404407967344 0.006642566770833737 0.003088767157541625
-0.004695569694014336 0.001957317245986535 0.01037062948933269
-0.004069273398977457 0.003186492934184859 0.0106079823451839
-0.005238605792272791 0.003008152752765222 0.01019781139813396
0.0009338553784485016 0.003535366283391803 0.01065130723713116
-0.005890101106370554 1.185020551239687e-05 0.004666219103735289
-0.006722979148538313 0.0008900648372701137 0.004223520601423267
-0.005859136650526731 0.0003934080855878662 0.005336976822396427
0.004159887124283907 -0.005132369335908363 0.0002743821595042831
0.002796048861312034 -0.002748109406732611 0.01050709515631851
0.0074375 -0.0005891387931812019 0.001500283616403694
-0.002667596600093224 -0.00605624384931143 0.006169122072730774
0.0074375 -0.0005891387931812019 -0.0014997163835963
0.004087047784942075 0.002417673392987295 -0.007657769899568975
0.003649147637555979 0.001532173511200224 -0.007341517263400538
0.004127025825367194 0.001879372337851205 -0.007341517263400538
-0.001690331303770961 -0.0005765552594050094 0.006357073092825452
-0.0001535347668541922 -0.00755912950384224 -0.005610734769677132
0.001573623633449049 -0.0008340069981531419 0.008225506762297873
0.001563285280401243 -0.003961057304650207 -0.01060080145670648
-0.002075444591735375 0.003386458542145303 -0.007335439163970375
-0.001485435331059687 0.002870533957832503 -0.008185390955244816
-0.002729737899114228 0.004012678045873676 -0.008663179024009685
-0.0001822707785764668 -0.007116144736116309 -0.01064566795432148
0.0003446179838401038 -0.005200605024101017 -0.01059037788511751
-0.002048668306795736 0.006930963603540809 -0.007297027387694553
-0.001736986484873308 0.005552765118161465 -0.008640843755212997
0.001578627922156105 -0.007311708454879439 -0.0005009399568587131
-0.003176293197043437 0.004942907064945977 -0.003307555012559918
-0.004474815222827115 0.005983908063775949 -0.003634846677668985
-0.004156077529900095 0.00521271550364745 -0.002684648154610465
-0.0006995037890080214 -0.005905934945316361 0.003250277086356532
-0.001363255837335125 -0.005779195858435469 0.003593370127635654
0.002245058446514864 0.005267616584491269 0.007098300617362087
0.002607492209926362 0.005117491604224304 0.006421619153340942
0.002074957540826821 0.007216902896394103 0.002305067761264649
-0.005718786996091012 -0.001446688374823871 0.004982708474620953
-0.005623455422465584 -0.001839600105647717 0.004316828073907316
-0.00574954204149051 -0.001044761388656332 0.004311516369789934
-0.002622196059145812 0.007091363179214157 -0.005656137765525794
-0.007402530425142603 0.001562381520591445 0.002174177289219102
-0.003916935630458796 0.004315611372864648 -0.002291053032116985
-0.003918159040432953 0.004314696971151801 -0.003076897179657885
-0.002353524457958342 -0.002645282818658475 0.008199104001463887
-0.003232526002564141 0.004902057223929963 -0.00270948956295754
-0.005210787892683344 0.002783234096245951 0.002008003965141767
-0.005541453743207022 -0.001798355550456407 0.003384029291509656
-0.005636877113570278 -0.001404863791350472 0.002899566969827897
-0.005667540362231948 -0.001003516833465022 0.003378717587392275
0.0027381643254099 0.001417221641197384 0.0105344643203111
-0.004374599808207577 -0.000845167571706889 0.01037062948933269
-0.004614756460443022 -0.002440044401038595 0.01059769162493526
0.001364457869963158 -0.007123462114685321 -0.01072659076307202
0.001857549149813636 -0.005515933550623604 -0.01060080145670648
-0.001292062864468794 0.00738989588079436 -0.004861730701492556
0.003043879409085422 -0.001741691450459223 -0.008339995999228167
-0.0005173552625561699 -0.003964477819765227 0.01055036638735243
-0.0016670828370938 -0.004857387959164209 0.0106546668272349
-0.0001572290470634014 -0.006622002429252018 0.006308811415424168
-0.0005304697309720763 -0.006590748936872368 0.008014439127726786
-0.0003569317556351738 -0.006860874188592811 0.00939728729753043
1.630892827350104e-05 -0.00689212768097246 0.007691659585227812
-0.001281635681951435 -0.0004164286764609104 0.008978047480453133
-0.002641967482312655 0.0001608702990173003 0.0105344643203111
-0.001360331800361221 0.0005772989754782099 0.01044358316014203
-0.002033006417068226 0.001503156156273614 0.01033210589317898
0.001353465071355203 0.005652331236577041 0.003200347150169491
0.001386209321005999 0.007373071012331041 0.00309438704546426
0.003386119021381258 -6.519469340891316e-06 -0.008185871702530205
0.002832109273100577 0.003590549990806654 -0.01064928140426111
0.003216457966256536 0.002068981228486863 0.01050914943944206
0.003306908025260141 -0.002447527078078511 -0.007495641560098501
-0.00345158045270855 -0.001610779302383067 0.0105344643203111
-0.003748303513170706 -0.00277270936833574 0.01010696032974401
-0.002527164099871447 -0.00322923394974169 0.01010696032974401
-0.002859994424365026 -0.001994787418874493 0.008641424650055109
-0.004856575151722563 -0.005130841943406681 -0.007708477666539105
0.003083078611081353 0.004997592224181468 -0.0007637875040645975
0.004547403202752348 0.005064402558588702 -0.0007703054721582541
0.00542463197629593 0.003795495240732727 -0.002969250438977963
0.005283730223097038 0.002635375482361759 -0.0007611622040282019
0.005728417357206134 0.003615194481508902 -0.000777095528437562
-0.0007751657155447517 -0.001066924076244893 0.008535726831861911
-0.002801433915184488 0.006171121279956731 -0.003580834541959988
0.002413982594712512 -0.007135140920297651 0.003816448489728749
-0.0002932716181534205 0.006614561551123724 -0.006834277862103399
-0.00135948328732227 0.00738564495286765 -0.006006492135108328
-0.0007859555349721947 0.007225245377194302 -0.007647381757277086
-0.002279329718979534 -0.0002923099357640559 -0.01033846546596506
0.001281635681951434 0.0004164286764609128 0.008498615180920295
0.006350138496051301 -0.001871591183849503 -0.004884056298080213
0.00726901223776028 -0.001639238476857217 -0.004281250000000009
0.0007920944126406349 -0.001090224428864807 0.008497888886489769
-0.003507977816997054 0.003040059884513977 -0.007335439163970375
-0.003065090368510152 0.001752741543835828 -0.008423904629935435
0.0006275158647131945 -0.00735778199497667 0.004408449253441218
-0.003726447371637341 -0.001662122451577348 0.009132155945246362
-0.004748003190595118 0.005060839848143482 0.01069345562662332
-0.005920726807311863 0.003899861402977143 0.01060839167401611
-0.005008170893161571 0.003870085953619467 0.009216374019200002
0.003085762188937672 0.004996283950893092 0.0008223229264354387
0.00452711739081607 0.00504232544407029 0.0008251366601172341
-0.003440496422606402 -0.004721201402276731 0.003000225793328471
-0.002826299980077589 -0.001538692980541108 0.0077844643203111
0.007078582793813593 -0.002298075108947271 -0.002177974194456176
0.006128360807040253 -0.002455501126655865 -0.004709489119842305
0.007048953681588341 -0.002392437034796815 -0.003769468932676729
-2.114194236346734e-18 -0.001903778691984515 -0.007812063620648485
-0.00528735065549514 -0.002503857218747281 0.004363495424264846
0.00631923199916417 0.002651761429173863 0.01092743828928791
-0.006519541987682585 0.003773179678321033 -0.002485035938128801
0.004076671976331208 0.005219116751526233 -0.006701462962345231
0.004252226256093601 0.005373667500993363 -0.008100744366606343
0.00492223690862692 0.005511602328615759 -0.006512038990346403
0.002542627124012946 0.006646659824571034 -0.01109659700013416
0.003382896956189983 0.004778013778312207 -0.01064928140426111
-0.002867350675601354 0.00652070062123698 0.01069345562662332
-0.0008634986257286077 0.00518990449285441 0.01065130723713116
0.00723792789699494 0.00187251932329058 0.003873223441549707
0.004652723874340988 0.003626315804660927 0.0008196682071474341
0.002265397551422062 -0.003295178396518255 -0.0105344643203111
-0.006557688510100102 -0.001013355628923362 0.004229318761452066
-0.00583115834908777 -0.0001429130205684954 0.002985335137828816
-0.006721306496955925 -0.0001527518160268359 0.003835936311888608
-0.006498745752817319 -0.001168118855004255 0.002548434795545593
0.004673009686277265 0.003648392919179339 -0.000775773925128054
-0.002045781426047469 0.003545222301872248 -0.009128106247391739
-0.002789793190913757 0.004633222674162012 -0.01057773986003931
-0.000696609696635647 0.001167826028805885 0.006898838379723643
-0.0001944715305864146 0.0002676670987455001 0.007297676759447287
-0.005569701045319137 -0.003530433302878639 -0.01079042577862865
-0.004683682397732138 -0.001592487553093316 -0.01068105718136532
0.002765619331152176 0.006452333060218751 0.00878374289025231
0.004025240079485752 0.006033646396870261 0.01061131130362208
0.003759876494366838 0.006322701147715936 0.008459611920984171
-0.001696943474560721 -0.007143951422307121 -0.006316601956704061
-0.002278566415561927 -0.007118309930842594 -0.001289336262730311
0.004482124630167708 0.001182451693057391 -0.007341517263400538
-0.0007394241313868809 -0.00753084595933238 0.003629271499755779
0.005869951090719361 0.004774313965200042 -0.002327058225156994
0.001047042598612437 -0.007308204884653362 0.003037270736043311
-0.002359034231094742 -0.006308832560381883 -0.000341747573556189
-0.002414533360370483 -0.005387813896721274 -0.0007343519272370115
-0.003784298286890955 -0.005597573443576336 -0.0007344910626644426
-0.002902397779316574 -0.005871857919560916 -0.001125020487502813
-0.002257977816997053 0.003948238044520673 -0.007335439163970375
0.002411247312309776 -0.005384578779055548 0.002003503923339178
0.003632952068495341 -0.006532219495256812 0.003002584673478053
0.00250027710674129 -0.006292312261934977 0.001622593813625624
0.001180400186714371 -0.007390716548829246 -0.003305220449643475
-0.0001480366029148172 0.001559047970081645 -0.004402295706341522
0.006989455002786683 0.001718327560557841 -0.01083671015264888
0.007149718276246143 0.001626326970186186 -0.0087746777696395
0.00370819020001812 0.001201007488505268 0.007759149439442056
-0.004070885186524075 -0.004196821598940137 -0.0007354511681610634
-0.005385346507996495 0.004131201217293181 -0.0007809868413744177
-0.00547987478031486 -0.004416201182709309 -0.009269018515687122
0.006511690212950236 0.002418008355727128 -0.009244480052217854
-0.003479285991661956 -0.002006475197252605 -0.007342325399654898
-0.0004552389762731061 -0.00166202557627426 -0.004511873117822815
-0.003014297029964473 -0.005086808685511922 0.002811640570297215
-0.004084289705936359 -0.00420772171962016 0.0008294855914786824
-0.003797702806303239 -0.005608473564256359 0.0008304456969753032
0.0006967161449379929 0.005866682229868404 0.00279078708994979
-0.006639690189358664 -0.001054600184114673 0.005162117543849726
-0.006417129445220058 -0.002069967223092091 0.003874616027506712
-0.0003438172872192687 -0.005371045794628152 0.01063284816980364
-0.006430340349988826 -0.001541473780102549 0.007422401133716795
-0.0002022217321759546 -0.0005878545907872337 0.007355509595791919
0.005812065995426987 -0.003600046399679536 0.008070234753314483
-0.006806990838273482 -0.003102252006266374 -0.003277228514887912
-0.002406479862186135 -0.005388230867596479 0.002421118097574941
-0.003787198060649056 -0.005609713046011033 0.002419831592660616
0.005718237491484882 0.001286978489177111 0.003655642076803438
0.001203217181444633 0.006650077869679257 0.000822928927854016
0.002042039488102735 0.005496247948005743 0.0008214532753826081
-0.004180575580358178 0.0006995000526092145 -0.01033846546596506
-0.005114658169882737 0.0001192183353850154 -0.01068105718136532
-0.005056229144485105 0.001768397481422441 -0.01056335069053811
0.001350234283098804 -0.00733614253623107 -0.006005926478294968
-0.00666403639125553 0.0007353016111892215 0.002542636635516793
0.001453929851203899 0.005681509577090061 -0.002420151145385475
0.002078321160109638 0.005474010527626923 -0.00205944696052848
0.006814839598362666 -0.001656311709111312 0.01092743828928856
0.006526650867325648 -0.002171830947574337 0.009586622762740443
-0.006177503286456906 0.00369174577219983 0.008806203072150069
1.910044715521003e-05 0.005889157574983952 0.0008197574152903549
-0.005859346060971056 -0.0003900767806551418 0.005337411208566307
-0.002593076829235999 -0.002974998371491037 0.007356960329744007
0.001250801283300203 0.005397248496994084 0.007422431586630225
0.001594658437692953 0.006990662084128173 0.007240477930655062
0.002225317161024703 0.006214805615849597 -0.002999887047991831
-0.005226942138047307 0.002715484371904358 -0.0007798124907209494
-0.002416984607840318 -0.005386991385841805 0.0008317322018896277
-0.005088687324881738 -0.004311715788209785 0.0008290913922071731
-0.004818506156880741 -0.00333703846371453 4.646744101743027e-05
-0.005075282805469454 -0.004300815667529762 -0.0007358453674325727
-0.004341066354525072 -0.005171498923435392 4.717278302867939e-05
-0.0004682543708012561 -0.001489351302337335 0.007798814887788155
-0.005896059748047354 0.003011101241746032 0.002811459387269174
1.832203246442452e-05 0.005894279049336717 0.002398566890932987
0.001202438766753848 0.006655199344032022 0.002401738403496648
-0.00533082335692654 0.0040892098249185 -0.002326070879784984
-0.001453952926142429 0.007105792738407633 0.01068614298269452
0.0002651715301377578 -0.006586059602367149 0.00544961984000485
-0.0007240233510904476 -0.007531462220957576 0.005226780332521436
0.002116139422329327 0.007192723554602615 -0.002325418748266255
-0.0005900092606756933 -0.003163453293170295 -0.007344354439129666
0.0004895362474946165 -0.004283243970611808 0.01063284816980364
-0.003072243866378817 -0.003303710750162536 -0.00735376067843917
-0.0025943656785676 -0.002956511923511556 -0.00735376067843917
-0.002984323073977247 -0.002718458512603766 -0.008196086078094069
0.0006215728910765302 1.066723734784815e-05 0.007355509595791919
-0.003699611169631928 0.003693123510957155 -0.009141090550577418
-0.005004779669740162 0.004852724217366169 0.008891267024757277
-0.00481789580038027 -0.003337758242053245 -0.0007361120808911922
-0.005182437039877201 -0.002765803996663827 -0.000345715328069472
-0.006115557118641446 -0.002814077081880592 -0.0007372659750910877
0.005921268635945151 0.003661579021307119 -0.009066479424004745
0.005023902559622808 0.004543263167804522 -0.00930799092869688
0.005693913212156128 0.004681197995426918 -0.007719285552436942
0.00360043709786288 0.005534649178144151 0.005909013994430366
0.004313046688263514 0.003525388080310851 0.01063545728429628
0.006958564114459238 0.002775021156295687 0.001967085724079686
-0.001789883802367159 -0.002463563705322347 0.007342143671719878
-0.0006996746815290729 -0.001838012002674614 0.01055036638735243
-0.001981310363480506 -0.0008908834022780059 0.0105344643203111
0.004257709530215138 0.005403074850388339 0.009246768587918361
0.001829664765328747 -0.002518317503521625 0.007304305726347736
0.003000998990546183 0.004978539981137276 -0.002285243677308403
0.003569095288939477 0.004598009434837532 -0.002685089462795452
0.004465323582217177 0.00504535031554451 -0.00229176164540206
-0.0006996746815290718 -0.0004744547258170963 0.01044358316014203
0.005749903071325889 -0.00105177589448078 -0.004060228199905166
-0.00388255622485915 0.0001009265860952644 0.0105344643203111
0.005540973882480217 -0.003602952883834213 -0.004969544959613918
0.005355610106829922 -0.003899748141703694 -0.005760055839771622
0.005069687085833509 -0.004228660064733041 -0.005143620558137696
0.002960459778320018 0.0009619116918814762 0.007305032020778262
0.002081017705522532 0.005472696567148172 -0.0006772456146673628
0.00124219539886443 0.006626526488821686 -0.000675769962195955
0.001429286975325253 0.005686091939918959 -0.001071737421180581
0.003725775386561557 0.002338865619309443 -0.01059553035177209
0.004885081178653642 0.002850448172792156 -0.01040776989956898
0.0039877151023313 0.003732132319289558 -0.01064928140426111
0.005193172591593203 -0.004100617162963465 -0.004462740473633008
-0.004761781250692751 0.004553647948419873 -0.006802153698074945
-0.004208701895486565 0.005106727303626057 -0.006802153698074945
-0.002954898461790867 0.00359313923972016 -0.007335439163970375
-0.004224674095815077 0.004654781571471472 -0.007637592862045319
0.005285394785856169 0.00263273584598727 0.0008199585100125744
0.005284411237760227 0.002634296423004585 1.625264388464105e-05
0.005708131545269856 0.003593117366990491 0.0008183466038379261
0.004653707422436929 0.003624755227643613 0.001623374073275367
-0.006377875943498831 0.003358942566996052 0.007283542396872439
0.005096729993786894 0.004607213863165245 2.632003482523106e-05
-0.0003366894704843545 -0.006649675796920025 5.601145017207764e-05
2.050393241452095e-05 0.005889291694810769 3.41220263281489e-05
-0.0006408165939679563 0.006706698456693901 -0.0007523089513033687
-0.0006254499902377707 0.006648649516299607 0.0008197190380415304
-0.003564986837811682 0.0009264820296934785 0.01037062948933269
0.00109900575738413 -0.001512651654957249 0.007760976942416013
0.0004782587973628443 0.007144607206256202 0.01017243158663023
-0.002050037215535526 -0.003211091777254279 -0.00735376067843917
-0.0001226407713293419 0.005954046930341917 -0.002992887790760152
-0.003353234904714956 -0.002253161147919889 -0.01067425564237031
-0.003213412308504094 -0.0008725916529882549 -0.01068105718136532
0.0003754629750412797 0.006866202197235312 -0.00161222439290863
1.882438729718743e-05 0.005889131100150332 -0.0007541407353241766
4.190281572441269e-05 0.00596448640594426 -0.003683755087125378
-0.0001080119084159672 0.007584452420654032 -0.004068460189601755
-0.002938690542774803 0.002155657717891802 0.0106079823451839
-0.005815146145544178 0.0001289463469925158 0.002272879864170183
-0.005815222997107356 0.0001282702754969132 0.001490111567771206
0.00158854702669493 -5.998549631529532e-06 0.007761703236846539
-0.006079015770893807 -0.002734877600102468 0.001493945243427486
-0.006384975708259175 -0.001895942380993782 0.001848095139688817
-0.0009483723822848641 0.006736723343347522 -0.004051158034119055
0.006629457803224409 -0.003041365522427236 0.0002724454153955624
-0.001639710641117137 -0.00365010940779387 -0.00735376067843917
0.002934488793178096 0.005999272683794415 0.0008204651362153934
0.003085341294706162 0.004996489403705076 2.949929230096343e-05
0.002973467010597893 0.005975721302936844 -0.0006782337538345775
0.001930165203994466 0.006475479847237512 0.0001137202292470672
-0.007020309434909269 0.001959929711029125 0.005844141137636016
-0.007222456377981795 0.0002408564478485698 -0.01060839167401611
-0.004210600680970051 0.005254706896022131 -0.001139564116199898
-0.006963039329208873 0.002847983138245183 0.004550841461264202
0.003825388714744486 0.006158719085425288 -0.0105099405605938
-0.006300079377892894 0.00179739323211056 0.004900836596211438
-0.00740380147834559 0.001554653508638953 0.003777610251694438
-0.006646659824571036 0.001322102840872726 -0.01060839167401611
-0.007442823686370294 -0.000767925589138159 0.006930811272614336
-0.001137239582985366 0.005794705045580802 -0.001539888423038539
-0.004250063276509954 -0.003274469131674985 -0.01047859273705847
-0.002416146231804119 -0.005387273018531584 4.935336084606325e-05
0.00159629722828447 0.0008495231399012042 0.007703870400501906
-0.0007806009952412734 0.006771776142665782 -0.002397972080622993
0.003532217189669226 -0.00588228263754077 -0.007790981379034518
-0.004316215697842163 -0.006072670728805336 -0.006317882659922971
-0.00323042999301494 -0.006035787566151977 0.001638167746967494
-0.001284298792464201 -0.001232351440939683 0.007740982051443522
-0.005848200040927096 0.0003172069179323558 0.0004339803000101947
-0.007433834817379956 0.0007085015097299382 0.000730461731923432
0.006461566757028305 -0.003539888791975162 -0.004029524772448343
-0.005800495100426101 -0.0005442599784539449 0.002506184520264439
-0.002626785106938113 0.006202348923375487 -0.0003584242090654163
-0.0001320033442072793 0.006087602171120966 0.01017243158663023
-0.005348611678616633 0.001917373823550129 0.01019781139813396
-0.006558694207317967 0.002978587719499969 0.01019781139813396
-0.004179279285321298 0.002095714004969766 0.0106079823451839
0.00620801902334959 0.002792736895173502 0.001224551244367271
-0.006509393346514547 -0.00373804997354747 -0.0008696381867210741
-0.003133004756893249 -0.006852045532487804 0.003895663874505226
0.00505591004387618 0.004683579697305387 -0.002950573981207737
-0.00677929198497108 0.002272841333513445 0.008733005354738255
-0.004911541205291637 0.00328133351909075 0.00112403374265197
-0.005249662203107039 0.002692496262802754 0.0007327276928616657
-0.005408066573056225 0.004108213108191577 0.0007315533422081973
-0.001364450087393307 -0.005769074961541644 0.002174356725405583
-0.0007006980390662036 -0.005895814048422536 0.001831263684126461
-0.00113478285811228 -0.006808798686517291 0.002916924431964463
0.002078755021897722 0.005473799387624564 -0.001470532411032924
0.003895710979246353 0.005480461896449556 -0.001492945020110057
0.002891387390062723 0.005956669059892653 -0.002199689927078383
0.0003146615463330346 0.0004330944634402905 0.008092421539865675
-0.004507005717721752 0.004851951770655057 -0.0061254722340538
-0.0005725614140345661 0.003204077496527651 -0.009160217828039224
-0.001506401465356462 0.00378651693827693 -0.01057773986003931
-0.001854564709624648 0.005510076256955654 -0.01057773986003931
-0.001435972623410131 -0.0030230682648003 -0.00735376067843917
-0.000515335381460422 0.003466345174175688 0.01065130723713116
0.002588915600907614 0.006861030171625357 0.006916346961386923
0.0005144689616238113 0.006806245985616195 0.001612248212053626
-0.004896233718838862 0.00466734664324397 -0.001506971732900243
0.006354830567000331 0.003944734909488585 0.003934672821170639
-0.00381564040193861 0.001828341194344477 -0.01056335069053811
0.0003069113447434947 -0.0004224272260924432 0.008150254376210309
0.004339421647347641 0.006139543329957246 0.000742013952115394
-0.007002364041825462 0.002426866478730611 0.001421564016146412
-0.00524918826317615 0.002693664918005274 0.001325000666368872
-0.006132252290925079 0.002694995541573546 0.0003212168681951784
0.005576331659930351 0.003784756276829844 0.002027966807630063
-0.002406424156988455 -0.005388249590683236 0.003039178031864791
0.005153594900516664 0.002824374755826625 0.002029578713804712
-0.001047824993528242 -0.006691669479780078 0.01076443912772679
-0.001680197305509705 -0.006347216353128867 0.009419105954961681
-0.001302915410744865 0.007134425395685083 -0.01063578378347761
-0.001185337185993525 0.007177114256890896 -0.008698887678651297
-0.0008668058067347068 -0.005788267306366552 5.474085490719306e-05
0.0002736384463012993 -0.005854826066920114 0.0008430293034738297
0.005381279582218842 0.004290085520020975 0.009102298000071901
0.005753628277630773 0.003874775607480249 0.01046684071577562
0.006143388716164383 0.003711993480697345 0.008555752039665479
-0.005194547366332777 0.004335227036554951 -0.008115504388613054
-0.005230626196395041 0.005424560672750324 0.0007412750888431574
-0.004427102066205742 0.003757721480607228 0.001515768975685953
-0.0007406183814450631 -0.007520725062438556 0.002210258097525708
-0.0001661111628094053 -0.006757456173548526 0.001171105464236553
-0.005079476480481531 -0.004797877480939445 0.0106803457735517
-0.001121596919397157 0.005736682580020127 0.001606037716920891
0.004561832882888091 0.005093908707799 -0.01064928140426111
-0.004762135462748837 0.004553333316294332 -0.005726226408713925
-0.002536109047202906 0.003016725060996582 -0.007335439163970375
-0.001534245724229738 -0.005661557494516165 -0.0003411760639923069
-0.005832549138018027 -0.0003611158448689642 4.318024720541096e-05
-0.005672495455090102 -0.001489855781979057 -0.0007385172539886928
-0.0006962274990597575 -0.005896047682995053 0.001169834868971669
-0.001363667416554789 -0.005769337871144666 0.0007739179500721689
-0.001364505792590987 -0.005769056238454886 0.001556296791115733
-0.002496706574028371 0.002305328319148382 -0.007335439163970375
-0.002188455923419792 -0.006416612937010384 0.0007733464405082868
-0.004161118040449034 0.00535889676448541 -0.01057773986003931
-0.00477390586869076 0.004576917477876086 -0.00929819995683554
-0.005372124073971885 0.004167857691260789 -0.01056335069053811
-0.005984911902213612 0.003385878404651464 -0.009283810787334337
-0.006265542659520775 0.002642603222625336 0.002177607651978762
0.00183118184540215 -0.005544112987499788 0.000863061849158016
0.001531059205764353 0.00734100243572976 -0.004472452359218055
-0.003319672345294747 -0.003450818042178656 0.0106546668272349
-0.001852152574136148 0.002549269316995153 -0.007800366387352429
-0.00217795117776561 -0.006417852418765058 0.0023627323361936
0.005874311040795326 0.004768433285385931 -0.0008173314787917755
0.005430304921349419 0.003787535226881613 -2.398330646957237e-05
0.005854025228859049 0.004746356170867519 0.0007781106534837127
-0.003983541332809926 0.005526266109779573 -0.008129893558114255
-0.0005091330769194501 -0.0001654273646947913 0.008092421539865675
0.005721582840966953 0.003921209016285087 -0.01065870952443577
-0.001840457639715507 0.002922794388599634 0.0106079823451839
-0.006089376860794082 0.004343296780370324 -6.468101599536321e-05
-0.005224103978168809 0.0054304019204003 -0.0008556644574217833
0.003818326875257502 0.006283026450539581 0.006130858215255193
-0.006539958980334008 0.001057996756956705 0.004891066472667599
-0.007461071584045986 0.0006666000814228953 0.005070909928066253
0.006577454850233861 -0.002834601890986271 0.01092743828928856
-0.006020517957200096 0.003742970377556464 -0.01072046009679623
-0.004946223258141263 0.002859176410637534 -0.01056335069053811
0.003320035598235964 0.006606067320828845 -0.00435070919478086
-0.000386271242968687 -0.002536412150176725 -0.007344354439129666
-0.001049701380441447 -0.003181839124239141 -0.008198115117568835
0.006485712592278288 0.003754336789211177 -2.530490977908039e-05
-0.007400857773560215 0.0005195648672944957 0.001786592999684444
-0.006695340783492883 -0.0001185783996722855 0.001098921078221123
-0.0004832137393774153 0.006606331537227884 0.001534150921738431
1.293318978197146e-05 0.007518298473507362 0.0007478322428590695
1.215477509118596e-05 0.007523419947860127 0.002326641718501702
-0.003874069427336243 0.0001791620483070513 -0.01068105718136532
-0.003150033974384333 -0.006848207479458625 0.0007037145642017115
-0.002326083843555528 -0.006200650780903127 0.001486664914809158
-0.003139529228730151 -0.006849446961213299 0.002293100459887024
-0.001135779222236119 0.007424302689623212 -0.001622305020925647
-0.0004761382409709751 0.006606735333079643 -0.001624136804946455
2.028474804643431e-05 0.007518728744192742 -0.0008365573332112846
-0.00536162716208043 -0.004162509247510932 0.01059769162493526
-0.005842656211143903 0.003530076289866106 -8.754580467654433e-05
-0.0001194996532268828 0.007583806430164623 -0.002482220462530908
0.002825856166749509 -0.006258941657367905 -0.01060080145670648
-0.002097555159135003 -0.007230272332071706 0.001428279153427817
0.003530394330635053 0.004631755158258784 -0.003395392331486264
0.004404217820370185 0.005099639035166243 -0.00367321352915954
-0.001127764176770396 0.007365823478543538 0.001534112544489606
-0.005685802049640143 -0.001277876013293934 0.0003989718591096465
-0.005488396977242569 -0.001926868777555141 8.434568191858561e-06
-0.001143130780500582 0.007423872418937832 -3.791544485529303e-05
0.002277263538894033 0.006935714575416709 0.008456692291378191
-0.007314988109230674 -0.001754150457808766 0.00545975085646235
0.005980146696407054 -0.004103562449955975 -0.01065837681469376
-0.005685992508089028 -0.001276687883803208 0.001108549116118799
-0.005169580827098855 0.005388410528025619 -0.00240074849583235
0.004280710929837148 0.006104166897000956 -0.003915783075839076
-0.005832739596466912 -0.0003599277153782382 0.0007527575042145631
0.006353386558424979 0.002873978247413087 -0.01040776989956898
-0.002096360909076821 -0.007240393228965532 0.002847292555657888
0.004887164468820305 0.004887164468820293 0.01063545728429628
-0.00626631167318644 0.002829611377372281 -0.01056335069053811
-0.006255814761294973 -0.00282426293362241 0.01059769162493526
-0.001306555415845412 -0.006690897412994964 0.0003828170156699167
-0.006421517056006814 -0.001975141862771906 -0.0003831160788297571
-0.002728296733043643 -0.00606747048786555 0.0106546668272349
-0.003178714456961019 0.006085386885100795 -0.009420833312377037
-0.00242709580572525 0.006753989419080482 -0.008906197347511413
0.005808845328872369 0.004828602684821773 -0.003708510108914473
-0.004996933978147362 -0.004996933978147322 -0.01047859273705847
-0.007229408346624317 -0.001733419435335865 0.002973462727256802
-0.007451969090762924 -0.0007180523963584456 0.004260964243599816
-0.007393026333480141 -0.0008728156224393378 0.002580080277693343
-0.0007491935444572374 -0.007520356942753804 0.0006174437306594229
-0.005636144565791349 -0.001409468170710207 0.002202271221539034
-0.007402128826763202 0.0005118368553420031 0.003390025962159779
-0.00731141002588288 -0.001774663990527175 0.003906261509654462
-0.003309403001221178 0.006712855727250513 -0.002814864489634925
-0.002640392424374381 0.007083901250781633 -0.004078458493684793
-0.004339876444055445 -0.006118957340719909 -9.16695560458509e-05
-0.003160466923136309 -0.006844025454858013 -0.0008988068378919411
0.0001735379753368843 -0.006895125251720442 0.01063284816980364
-0.002480872099546456 0.007115537012635186 -0.0008364181929769145
-0.002472621037330791 0.007118954050099893 -0.002425272540188731
-0.001936955837229293 0.006508511722911207 -0.009213523643516922
-0.002465505495816271 0.007057488072240891 0.0007356097963679846
-0.004382732304597746 -0.005502631426600466 -0.009141923606422048
-0.003842372850717345 -0.00644446021199912 -0.007751328599805913
-0.004483947789230043 0.005975770780803781 -0.002033340879132005
-0.004477070368027259 0.005971945624904276 -0.0004641164997334959
0.00137964356230436 0.00737003279992588 -3.986351501914702e-05
-0.003479902511765699 0.00583444697508103 -0.01084309345233773
-0.006581570738934738 -0.0008464019256618132 0.0003985814223643466
-0.001456341468321555 0.007278457790641304 -0.003285187981793992
-0.00652396649888176 0.003765159962044854 -0.0008837801628801049
-0.005658693616256486 0.004852265102074829 -0.001674763604306525
-0.002090705012545671 -0.007242646605893235 0.005714053076504046
-0.005630860962633943 -0.004822199564673335 -9.302386081398099e-05
-0.004896644511689561 -0.005692882820578966 0.0006899942896472711
-0.004883239992277277 -0.005681982699898943 -0.0008749424699924747
-0.006810928179209778 -0.002906985997671273 0.001079531943273184
-0.007427287958729765 -0.0006765844370284376 -7.865885211641574e-05
0.002467811727931546 -0.007055957369216622 0.000704216543825028
0.002406879473134793 -0.007137282541334723 0.002233559036969002
-0.00654668656394149 0.00374217185294325 0.0006287600207025101
-0.007267234275801841 -0.00180532437413853 -0.0008603563533105195
0.004914930324896786 0.005700335724071531 -0.001613092204120651
-0.005576370906634003 -0.003520696683759395 0.0106803457735517
-0.002268133466809952 -0.007122491955443205 0.0003131851393633414
-0.005799762552647171 -0.0005488643578136807 0.001808888771975575
-0.00370680204201845 -0.006422132959317681 0.001485378409894834
0.00158908443843835 -0.007308581103044978 0.00107974083295356
-0.00331077664223406 0.006705613533886302 0.0003432142369754004
-0.00254467403047659 0.006711300557874671 -0.01084309345233773
0.002067613367434396 0.007218986158341706 0.0007496266764238751
0.003110915174037823 0.006719227614041038 -4.232730665776953e-05
0.002106591584854193 0.007195434777484135 -0.0007490722136260958
-0.003317654063436844 0.006709438689785806 -0.001226010142423109
-0.007279256288921997 -0.001600639148428866 0.001879740621836567
-0.00728054087035188 -0.001593344605453408 0.0002771327597878198
0.003340994132742332 0.006611654468419673 -0.001521020485796974
-0.006813562578662934 0.002930079213752294 -0.0004750174900083822
0.005304698437824502 0.005203544866290977 -1.85148534997725e-05
0.004345317721925962 0.006135447304976577 -0.0008142755788286479
0.006353912706938783 0.00394597569905053 0.001184315294013057
-0.007394310914910024 -0.0008655210794638801 0.0009774724156445961
0.0007472327705962674 0.007344130721750997 -0.001545766031818233
-0.006974580932986512 -0.002432279824562093 -7.701713647351074e-05
0.004263238101390792 0.006116395061932385 -0.002335731752072454
0.005218258867213367 0.005190373303060897 -0.003049697773108796
0.0007009029949120076 0.007367251831923188 0.001537322434302092
-0.006548593695114998 -0.001035338568097256 0.001454712690125358
-0.001569561376926526 -0.002247631167366673 -0.007924255642370306
0.006128573229597723 -0.00245485176215169 -0.006208320484588573
0.001194310168740241 -0.006448322203271113 0.00549048033634395
0.005979478757594857 -0.002634915979215982 0.005501286234927119
0.004521127082255723 -0.004246142689376509 0.007918145436181105
-0.006099196831197291 0.002351326386562935 0.005664297682237363
-0.001523910708518625 -0.006333186814187677 0.006796084159406779
$EndNodes
$Elements
5 3988 1 3988
2 8 9 308
1 5 1698 153 1711 1712 168 
2 167 1697 5 1713 1714 183 
3 5 1697 190 1714 1715 198 
4 190 1698 5 1716 1711 198 
5 184 1699 6 1717 1718 191 
6 6 1700 184 1719 1720 191 
7 199 1700 6 1721 1719 214 
8 6 1699 213 1718 1722 229 
9 153 1594 154 1723 1724 169 
10 153 1698 1594 1712 1725 1723 
11 154 1659 155 1726 1727 170 
12 1594 1659 154 1728 1726 1724 
13 155 1587 156 1729 1730 171 
14 155 1659 1587 1727 1731 1729 
15 156 1667 157 1732 1733 172 
16 1587 1667 156 1734 1732 1730 
17 157 1668 158 1735 1736 173 
18 1667 1668 157 1737 1735 1733 
19 158 1586 159 1738 1739 174 
20 158 1668 1586 1736 1740 1738 
21 159 1671 160 1741 1742 175 
22 1586 1671 159 1743 1741 1739 
23 160 1670 161 1744 1745 176 
24 160 1671 1670 1742 1746 1744 
25 161 1583 162 1747 1748 177 
26 161 1670 1583 1745 1749 1747 
27 162 1689 163 1750 1751 178 
28 1583 1689 162 1752 1750 1748 
29 163 1690 164 1753 1754 179 
30 163 1689 1641 1751 1755 1756 
31 1641 1690 163 1757 1753 1756 
32 164 1588 165 1758 1759 180 
33 164 1690 1588 1754 1760 1758 
34 165 1646 166 1761 1762 181 
35 1588 1646 165 1763 1761 1759 
36 166 1595 167 1764 1765 182 
37 166 1646 1595 1762 1766 1764 
38 1595 1697 167 1767 1713 1765 
39 184 1654 185 1768 1769 192 
40 185 1656 184 1770 1771 192 
41 184 1700 1654 1720 1772 1768 
42 1656 1699 184 1773 1717 1771 
43 185 1592 186 1774 1775 193 
44 186 1593 185 1776 1777 193 
45 185 1654 1592 1769 1778 1774 
46 1593 1656 185 1779 1770 1777 
47 186 1655 187 1780 1781 194 
48 187 1684 186 1782 1783 194 
49 1592 1655 186 1784 1780 1775 
50 186 1684 1593 1783 1785 1776 
51 187 1584 188 1786 1787 195 
52 188 1585 187 1788 1789 195 
53 187 1655 1584 1781 1790 1786 
54 1585 1684 187 1791 1782 1789 
55 188 1596 189 1792 1793 196 
56 189 1686 188 1794 1795 196 
57 1584 1596 188 1796 1792 1787 
58 188 1686 1585 1795 1797 1788 
59 190 1680 189 1798 1799 197 
60 189 1681 190 1800 1801 197 
61 1596 1681 189 1802 1800 1793 
62 1680 1686 189 1803 1794 1799 
63 190 1697 1680 1715 1804 1798 
64 1681 1698 190 1805 1716 1801 
65 200 1678 199 1806 1807 215 
66 1678 1700 199 1808 1721 1807 
67 201 1589 200 1809 1810 216 
68 1589 1678 200 1811 1806 1810 
69 202 1703 201 1812 1813 217 
70 201 1703 1589 1813 1814 1809 
71 203 1581 202 1815 1816 218 
72 1581 1703 202 1817 1812 1816 
73 204 1704 203 1818 1819 219 
74 203 1704 1581 1819 1820 1815 
75 205 1688 204 1821 1822 220 
76 204 1688 1662 1822 1823 1824 
77 1662 1704 204 1825 1818 1824 
78 206 1580 205 1826 1827 221 
79 1580 1688 205 1828 1821 1827 
80 207 1691 206 1829 1830 222 
81 206 1691 1580 1830 1831 1826 
82 208 1591 207 1832 1833 223 
83 1591 1691 207 1834 1829 1833 
84 209 1669 208 1835 1836 224 
85 208 1669 1591 1836 1837 1832 
86 210 1582 209 1838 1839 225 
87 1582 1669 209 1840 1835 1839 
88 211 1666 210 1841 1842 226 
89 210 1666 1582 1842 1843 1838 
90 212 1590 211 1844 1845 227 
91 1590 1666 211 1846 1841 1845 
92 213 1677 212 1847 1848 228 
93 212 1677 1590 1848 1849 1844 
94 213 1699 1677 1722 1850 1847 
95 1636 1664 1580 1851 1852 1853 
96 1580 1665 1636 1854 1855 1853 
97 1664 1688 1580 1856 1828 1852 
98 1580 1691 1665 1831 1857 1854 
99 1581 1704 1661 1820 1858 1859 
100 1661 1709 1581 1860 1861 1859 
101 1663 1703 1581 1862 1817 1863 
102 1581 1709 1663 1861 1864 1863 
103 1666 1676 1582 1865 1866 1843 
104 1582 1705 1669 1867 1868 1840 
105 1676 1705 1582 1869 1867 1866 
106 1638 1689 1583 1870 1752 1871 
107 1583 1696 1638 1872 1873 1871 
108 1670 1696 1583 1874 1872 1749 
109 1584 1597 1596 1875 1876 1796 
110 1584 1598 1597 1877 1878 1875 
111 1584 1655 1598 1790 1879 1877 
112 1645 1685 1585 1880 1881 1882 
113 1585 1686 1645 1797 1883 1882 
114 1585 1685 1684 1881 1884 1791 
115 1668 1692 1586 1885 1886 1740 
116 1586 1672 1671 1887 1888 1743 
117 1586 1692 1672 1886 1889 1887 
118 1659 1679 1587 1890 1891 1731 
119 1587 1694 1667 1892 1893 1734 
120 1679 1694 1587 1894 1892 1891 
121 1588 1690 1642 1760 1895 1896 
122 1642 1693 1588 1897 1898 1896 
123 1588 1693 1646 1898 1899 1763 
124 1663 1702 1589 1900 1901 1902 
125 1589 1703 1663 1814 1862 1902 
126 1589 1707 1678 1903 1904 1811 
127 1702 1707 1589 1905 1903 1901 
128 1590 1710 1666 1906 1907 1846 
129 1677 1687 1590 1908 1909 1849 
130 1687 1710 1590 1910 1906 1909 
131 1669 1683 1591 1911 1912 1837 
132 1683 1708 1591 1913 1914 1912 
133 1591 1708 1691 1914 1915 1834 
134 1654 1682 1592 1916 1917 1778 
135 1592 1674 1655 1918 1919 1784 
136 1592 1682 1674 1917 1920 1918 
137 1639 1657 1593 1921 1922 1923 
138 1593 1684 1639 1785 1924 1923 
139 1593 1657 1656 1922 1925 1779 
140 1594 1701 1659 1926 1927 1728 
141 1594 1681 1675 1928 1929 1930 
142 1675 1701 1594 1931 1926 1930 
143 1594 1698 1681 1725 1805 1928 
144 1646 1695 1595 1932 1933 1766 
145 1595 1695 1680 1933 1934 1935 
146 1680 1697 1595 1804 1767 1935 
147 1597 1675 1596 1936 1937 1876 
148 1675 1681 1596 1929 1802 1937 
149 1598 1599 1597 1938 1939 1878 
150 1599 1626 1597 1940 1941 1939 
151 1626 1675 1597 1942 1936 1941 
152 1598 1600 1599 1943 1944 1938 
153 1598 1674 1600 1945 1946 1943 
154 1655 1674 1598 1919 1945 1879 
155 1600 1601 1599 1947 1948 1944 
156 1601 1660 1599 1949 1950 1948 
157 1599 1660 1626 1950 1951 1940 
158 1600 1602 1601 1952 1953 1947 
159 1600 1634 1602 1954 1955 1952 
160 1600 1674 1634 1946 1956 1954 
161 1602 1603 1601 1957 1958 1953 
162 1603 1604 1601 1959 1960 1958 
163 1604 1660 1601 1961 1949 1960 
164 1602 1635 1603 1962 1963 1957 
165 1634 1702 1602 1964 1965 1955 
166 1602 1702 1635 1965 1966 1962 
167 1603 1605 1604 1967 1968 1959 
168 1603 1653 1605 1969 1970 1967 
169 1635 1653 1603 1971 1969 1963 
170 1605 1606 1604 1972 1973 1968 
171 1606 1631 1604 1974 1975 1973 
172 1631 1660 1604 1976 1961 1975 
173 1605 1607 1606 1977 1978 1972 
174 1605 1608 1607 1979 1980 1977 
175 1605 1653 1608 1970 1981 1979 
176 1607 1652 1606 1982 1983 1978 
177 1606 1632 1631 1984 1985 1974 
178 1606 1652 1632 1983 1986 1984 
179 1608 1609 1607 1987 1988 1980 
180 1609 1610 1607 1989 1990 1988 
181 1610 1652 1607 1991 1982 1990 
182 1608 1650 1609 1992 1993 1987 
183 1608 1651 1650 1994 1995 1992 
184 1608 1653 1651 1981 1996 1994 
185 1609 1611 1610 1997 1998 1989 
186 1609 1612 1611 1999 2000 1997 
187 1609 1650 1612 1993 2001 1999 
188 1611 1614 1610 2002 2003 1998 
189 1614 1672 1610 2004 2005 2003 
190 1610 1672 1652 2005 2006 1991 
191 1612 1613 1611 2007 2008 2000 
192 1613 1649 1611 2009 2010 2008 
193 1611 1649 1614 2010 2011 2002 
194 1612 1615 1613 2012 2013 2007 
195 1612 1636 1615 2014 2015 2012 
196 1612 1650 1636 2001 2016 2014 
197 1615 1616 1613 2017 2018 2013 
198 1616 1617 1613 2019 2020 2018 
199 1617 1649 1613 2021 2009 2020 
200 1649 1673 1614 2022 2023 2011 
201 1614 1706 1672 2024 2025 2004 
202 1673 1706 1614 2026 2024 2023 
203 1615 1637 1616 2027 2028 2017 
204 1636 1665 1615 1855 2029 2015 
205 1615 1665 1637 2029 2030 2027 
206 1616 1618 1617 2031 2032 2019 
207 1616 1647 1618 2033 2034 2031 
208 1637 1647 1616 2035 2033 2028 
209 1618 1619 1617 2036 2037 2032 
210 1619 1633 1617 2038 2039 2037 
211 1633 1649 1617 2040 2021 2039 
212 1618 1620 1619 2041 2042 2036 
213 1618 1621 1620 2043 2044 2041 
214 1618 1647 1621 2034 2045 2043 
215 1620 1640 1619 2046 2047 2042 
216 1619 1638 1633 2048 2049 2038 
217 1619 1640 1638 2047 2050 2048 
218 1621 1622 1620 2051 2052 2044 
219 1622 1623 1620 2053 2054 2052 
220 1623 1640 1620 2055 2046 2054 
221 1621 1658 1622 2056 2057 2051 
222 1647 1648 1621 2058 2059 2045 
223 1648 1658 1621 2060 2056 2059 
224 1622 1624 1623 2061 2062 2053 
225 1622 1625 1624 2063 2064 2061 
226 1622 1658 1625 2057 2065 2063 
227 1624 1643 1623 2066 2067 2062 
228 1623 1642 1640 2068 2069 2055 
229 1623 1643 1642 2067 2070 2068 
230 1625 1627 1624 2071 2072 2064 
231 1627 1628 1624 2073 2074 2072 
232 1628 1643 1624 2075 2066 2074 
233 1625 1629 1627 2076 2077 2071 
234 1625 1630 1629 2078 2079 2076 
235 1625 1658 1630 2065 2080 2078 
236 1660 1679 1626 2081 2082 1951 
237 1626 1701 1675 2083 1931 1942 
238 1679 1701 1626 2084 2083 2082 
239 1627 1685 1628 2085 2086 2073 
240 1629 1639 1627 2087 2088 2077 
241 1639 1685 1627 2089 2085 2088 
242 1628 1644 1643 2090 2091 2075 
243 1628 1645 1644 2092 2093 2090 
244 1628 1685 1645 2086 1880 2092 
245 1630 1687 1629 2094 2095 2079 
246 1629 1657 1639 2096 1921 2087 
247 1629 1687 1657 2095 2097 2096 
248 1658 1676 1630 2098 2099 2080 
249 1676 1710 1630 2100 2101 2099 
250 1630 1710 1687 2101 1910 2094 
251 1632 1694 1631 2102 2103 1985 
252 1631 1679 1660 2104 2081 1976 
253 1631 1694 1679 2103 1894 2104 
254 1652 1692 1632 2105 2106 1986 
255 1632 1668 1667 2107 1737 2108 
256 1667 1694 1632 1893 2102 2108 
257 1632 1692 1668 2106 1885 2107 
258 1638 1696 1633 1873 2109 2049 
259 1633 1673 1649 2110 2022 2040 
260 1633 1696 1673 2109 2111 2110 
261 1674 1682 1634 1920 2112 1956 
262 1682 1707 1634 2113 2114 2112 
263 1634 1707 1702 2114 1905 1964 
264 1635 1661 1653 2115 2116 1971 
265 1635 1709 1661 2117 1860 2115 
266 1635 1702 1663 1966 1900 2118 
267 1663 1709 1635 1864 2117 2118 
268 1650 1664 1636 2119 1851 2016 
269 1637 1683 1647 2120 2121 2035 
270 1665 1708 1637 2122 2123 2030 
271 1637 1708 1683 2123 1913 2120 
272 1640 1641 1638 2124 2125 2050 
273 1641 1689 1638 1755 1870 2125 
274 1684 1685 1639 1884 2089 1924 
275 1640 1642 1641 2069 2126 2124 
276 1642 1690 1641 1895 1757 2126 
277 1643 1693 1642 2127 1897 2070 
278 1644 1693 1643 2128 2127 2091 
279 1645 1695 1644 2129 2130 2093 
280 1646 1693 1644 1899 2128 2131 
281 1644 1695 1646 2130 1932 2131 
282 1686 1695 1645 2132 2129 1883 
283 1647 1683 1648 2121 2133 2058 
284 1648 1676 1658 2134 2098 2060 
285 1648 1705 1676 2135 1869 2134 
286 1683 1705 1648 2136 2135 2133 
287 1651 1664 1650 2137 2119 1995 
288 1653 1661 1651 2116 2138 1996 
289 1661 1662 1651 2139 2140 2138 
290 1662 1664 1651 2141 2137 2140 
291 1672 1692 1652 1889 2105 2006 
292 1678 1682 1654 2142 1916 2143 
293 1654 1700 1678 1772 1808 2143 
294 1657 1677 1656 2144 2145 1925 
295 1677 1699 1656 1850 1773 2145 
296 1657 1687 1677 2097 1908 2144 
297 1659 1701 1679 1927 2084 1890 
298 1661 1704 1662 1858 1825 2139 
299 1662 1688 1664 1823 1856 2141 
300 1691 1708 1665 1915 2122 1857 
301 1666 1710 1676 1907 2100 1865 
302 1669 1705 1683 1868 2136 1911 
303 1671 1706 1670 2146 2147 1746 
304 1673 1696 1670 2111 1874 2148 
305 1670 1706 1673 2147 2026 2148 
306 1672 1706 1671 2025 2146 1888 
307 1678 1707 1682 1904 2113 2142 
308 1680 1695 1686 1934 2132 1803 
2 9 9 64
309 153 2169 5 2174 2175 168 
310 5 2150 167 2176 2177 183 
311 5 2169 2150 2175 2178 2176 
312 154 2155 153 2179 2180 169 
313 2155 2169 153 2181 2174 2180 
314 155 2164 154 2182 2183 170 
315 154 2164 2155 2183 2184 2179 
316 156 2151 155 2185 2186 171 
317 2151 2164 155 2187 2182 2186 
318 157 2157 156 2188 2189 172 
319 156 2157 2151 2189 2190 2185 
320 158 2153 157 2191 2192 173 
321 2153 2157 157 2193 2188 2192 
322 159 2167 158 2194 2195 174 
323 158 2167 2153 2195 2196 2191 
324 160 2149 159 2197 2198 175 
325 2149 2167 159 2199 2194 2198 
326 161 2170 160 2200 2201 176 
327 160 2170 2149 2201 2202 2197 
328 162 2154 161 2203 2204 177 
329 2154 2170 161 2205 2200 2204 
330 163 2165 162 2206 2207 178 
331 162 2165 2154 2207 2208 2203 
332 164 2152 163 2209 2210 179 
333 2152 2165 163 2211 2206 2210 
334 165 2168 164 2212 2213 180 
335 164 2168 2152 2213 2214 2209 
336 166 2156 165 2215 2216 181 
337 2156 2168 165 2217 2212 2216 
338 167 2166 166 2218 2219 182 
339 166 2166 2156 2219 2220 2215 
340 2150 2166 167 2221 2218 2177 
341 2154 2163 2149 2222 2223 2224 
342 2149 2170 2154 2202 2205 2224 
343 2163 2167 2149 2225 2199 2223 
344 2150 2171 2166 2226 2227 2221 
345 2169 2173 2150 2228 2229 2178 
346 2150 2173 2171 2229 2230 2226 
347 2157 2158 2151 2231 2232 2190 
348 2158 2159 2151 2233 2234 2232 
349 2159 2164 2151 2235 2187 2234 
350 2152 2168 2162 2214 2236 2237 
351 2162 2172 2152 2238 2239 2237 
352 2152 2172 2165 2239 2240 2211 
353 2153 2158 2157 2241 2231 2193 
354 2153 2163 2158 2242 2243 2241 
355 2153 2167 2163 2196 2225 2242 
356 2161 2163 2154 2244 2222 2245 
357 2154 2172 2161 2246 2247 2245 
358 2165 2172 2154 2240 2246 2208 
359 2155 2164 2159 2184 2235 2248 
360 2159 2173 2155 2249 2250 2248 
361 2155 2173 2169 2250 2228 2181 
362 2162 2168 2156 2236 2217 2251 
363 2156 2171 2162 2252 2253 2251 
364 2166 2171 2156 2227 2252 2220 
365 2158 2160 2159 2254 2255 2233 
366 2158 2161 2160 2256 2257 2254 
367 2158 2163 2161 2243 2244 2256 
368 2160 2173 2159 2258 2249 2255 
369 2161 2162 2160 2259 2260 2257 
370 2162 2171 2160 2253 2261 2260 
371 2171 2173 2160 2230 2258 2261 
372 2161 2172 2162 2247 2238 2259 
2 10 9 64
373 199 6 2282 214 2287 2288 
374 6 213 2263 229 2289 2290 
375 6 2263 2282 2290 2291 2287 
376 200 199 2268 215 2292 2293 
377 2268 199 2282 2292 2288 2294 
378 201 200 2277 216 2295 2296 
379 200 2268 2277 2293 2297 2295 
380 202 201 2264 217 2298 2299 
381 2264 201 2277 2298 2296 2300 
382 203 202 2270 218 2301 2302 
383 202 2264 2270 2299 2303 2301 
384 204 203 2266 219 2304 2305 
385 2266 203 2270 2304 2302 2306 
386 205 204 2280 220 2307 2308 
387 204 2266 2280 2305 2309 2307 
388 206 205 2262 221 2310 2311 
389 2262 205 2280 2310 2308 2312 
390 207 206 2283 222 2313 2314 
391 206 2262 2283 2311 2315 2313 
392 208 207 2267 223 2316 2317 
393 2267 207 2283 2316 2314 2318 
394 209 208 2278 224 2319 2320 
395 208 2267 2278 2317 2321 2319 
396 210 209 2265 225 2322 2323 
397 2265 209 2278 2322 2320 2324 
398 211 210 2281 226 2325 2326 
399 210 2265 2281 2323 2327 2325 
400 212 211 2269 227 2328 2329 
401 2269 211 2281 2328 2326 2330 
402 213 212 2279 228 2331 2332 
403 212 2269 2279 2329 2333 2331 
404 2263 213 2279 2289 2332 2334 
405 2267 2262 2276 2335 2336 2337 
406 2262 2267 2283 2335 2318 2315 
407 2276 2262 2280 2336 2312 2338 
408 2263 2279 2284 2334 2339 2340 
409 2282 2263 2286 2291 2341 2342 
410 2263 2284 2286 2340 2343 2341 
411 2270 2264 2271 2303 2344 2345 
412 2271 2264 2272 2344 2346 2347 
413 2272 2264 2277 2346 2300 2348 
414 2265 2275 2281 2349 2350 2327 
415 2275 2265 2285 2349 2351 2352 
416 2265 2278 2285 2324 2353 2351 
417 2266 2270 2271 2306 2345 2354 
418 2266 2271 2276 2354 2355 2356 
419 2266 2276 2280 2356 2338 2309 
420 2274 2267 2276 2357 2337 2358 
421 2267 2274 2285 2357 2359 2360 
422 2278 2267 2285 2321 2360 2353 
423 2268 2272 2277 2361 2348 2297 
424 2272 2268 2286 2361 2362 2363 
425 2268 2282 2286 2294 2342 2362 
426 2275 2269 2281 2364 2330 2350 
427 2269 2275 2284 2364 2365 2366 
428 2279 2269 2284 2333 2366 2339 
429 2271 2272 2273 2347 2367 2368 
430 2271 2273 2274 2368 2369 2370 
431 2271 2274 2276 2370 2358 2355 
432 2273 2272 2286 2367 2363 2371 
433 2274 2273 2275 2369 2372 2373 
434 2275 2273 2284 2372 2374 2365 
435 2284 2273 2286 2374 2371 2343 
436 2274 2275 2285 2373 2352 2359 
3 1 11 1046
437 708 658 255 261 1181 2375 2376 2377 536 2378 
438 245 639 638 637 2379 1075 2380 2381 1066 1074 
439 252 650 280 254 2382 2383 521 519 522 2384 
440 273 247 641 642 491 2385 2386 2387 1086 2388 
441 708 255 259 261 2376 526 2389 2377 537 536 
442 638 698 246 244 1080 2390 2391 2392 483 2393 
443 247 639 245 637 2394 2379 487 2395 2381 1074 
444 246 639 638 245 2396 1075 2391 482 2380 2379 
445 698 638 720 244 1080 1082 1081 2393 2397 2392 
446 698 248 246 244 2398 484 2390 2393 483 485 
447 247 273 246 642 491 492 488 2388 2399 2387 
448 248 698 720 244 2398 1081 2400 485 2397 2393 
449 639 246 247 245 2396 488 2394 2379 487 482 
450 654 653 655 254 1147 1155 1154 2401 2402 2403 
451 670 656 257 654 1162 2404 2405 1161 2406 1159 
452 650 649 280 254 1126 2407 2383 2384 522 2408 
453 639 641 247 642 1085 2385 2394 1087 2388 1086 
454 656 257 258 670 2404 539 2409 1162 2410 2405 
455 253 707 653 255 2411 1157 2412 525 2413 2414 
456 280 263 257 649 548 546 533 2407 2415 2416 
457 262 682 258 670 2417 2418 545 2419 2410 1171 
458 254 653 655 255 2403 1155 2402 524 2420 2413 
459 233 245 633 634 434 2421 2422 2423 1051 2424 
460 244 633 674 233 2425 1047 2426 432 2427 2422 
461 247 246 639 642 488 2396 2394 2388 1087 2399 
462 258 657 656 704 2428 1164 2409 2429 1169 1170 
463 630 243 31 628 2430 379 2431 886 2432 2433 
464 255 253 707 259 525 2411 2414 526 2434 527 
465 243 630 709 628 2430 1036 2435 2433 1037 886 
466 707 708 658 255 1182 1181 1168 2414 2375 2376 
467 30 233 243 619 375 383 378 2436 2437 2438 
468 657 258 260 704 2428 541 2439 1170 2440 2429 
469 233 243 619 631 383 2437 2438 2441 987 2442 
470 255 707 708 259 2414 1182 2376 526 2389 2434 
471 630 30 243 619 2443 378 2430 880 2437 2436 
472 243 630 619 631 2430 880 2437 2442 987 988 
473 632 233 633 634 2444 2422 1045 1050 1051 2423 
474 233 674 244 243 2427 2426 432 383 433 2445 
475 233 633 674 631 2422 1047 2427 2441 1048 1046 
476 655 256 654 254 2446 2447 1154 2402 2401 529 
477 632 619 233 686 989 2438 2444 991 2448 874 
478 245 233 270 634 434 377 436 2424 2449 2423 
479 29 233 619 686 374 2438 2450 2451 874 2448 
480 256 257 656 654 532 2404 2452 2447 1159 2406 
481 273 647 252 645 2453 2454 510 2455 2456 1115 
482 280 647 252 273 2457 2454 521 523 510 2453 
483 686 233 632 270 2448 2444 991 2458 2459 377 
484 243 233 674 631 383 2427 2445 2442 1048 2441 
485 29 233 686 270 374 2448 2451 367 2458 377 
486 655 657 256 658 1165 2460 2446 1167 2461 1166 
487 643 644 273 642 1099 2462 2463 1095 2387 1100 
488 258 256 257 656 540 532 539 2409 2404 2452 
489 273 646 647 645 2464 1114 2453 2455 1115 1107 
490 655 256 254 255 2446 529 2402 2420 524 530 
491 256 258 657 656 540 2428 2460 2452 1164 2409 
492 233 632 270 634 2444 2459 377 2423 2449 1050 
493 658 256 655 255 2461 2446 1167 2375 2420 530 
494 270 686 28 234 2458 2465 366 370 361 2466 
495 647 280 646 273 2457 2467 1114 2453 2464 523 
496 650 280 647 252 2383 2457 1127 2382 2454 521 
497 316 269 747 268 595 2468 2469 596 2470 574 
498 690 232 29 275 2471 373 2472 2473 368 376 
499 644 249 273 642 2474 495 2462 1100 2387 2475 
500 256 258 260 657 540 541 542 2460 2439 2428 
501 686 623 28 234 869 2476 2465 2466 361 2477 
502 675 747 269 268 1267 2468 2478 2479 574 2470 
503 281 263 280 648 575 548 577 2480 2481 2482 
504 651 257 649 254 2483 2415 1134 2484 2408 531 
505 270 697 686 234 2485 1010 2458 370 2466 2486 
506 232 29 620 690 373 2487 2488 2471 875 2472 
507 280 646 281 648 2467 2489 577 2481 2480 1119 
508 697 623 686 234 1009 869 1010 2486 2466 2477 
509 252 251 249 667 509 506 508 2490 2491 2492 
510 658 657 256 282 1166 2460 2461 2493 534 2494 
511 676 283 270 634 2495 438 2496 1061 2449 2497 
512 708 658 261 718 1181 2378 2377 1183 2498 1180 
513 651 654 257 254 1146 2406 2483 2484 531 2401 
514 647 649 280 650 1125 2407 2457 1127 2383 1126 
515 649 703 257 651 1136 2499 2415 1134 2483 1137 
516 263 281 675 648 575 2500 2501 2482 1122 2480 
517 255 658 256 282 2375 2461 530 535 534 2493 
518 649 263 257 672 2416 546 2415 1130 2502 2503 
519 645 644 273 643 1105 2462 2455 1104 2463 1099 
520 649 280 263 648 2407 548 2416 1124 2482 2481 
521 660 260 657 659 2504 2439 1176 1177 1174 2505 
522 249 252 667 645 508 2490 2491 2506 1109 2456 
523 676 270 697 634 2496 2485 1063 1061 1053 2449 
524 644 273 249 645 2462 495 2474 1105 2506 2455 
525 696 640 247 637 1078 2507 2508 1070 2395 1076 
526 269 675 268 263 2478 2479 574 573 569 2501 
527 677 650 252 253 1142 2382 2509 2510 514 2511 
528 634 245 635 636 2424 2512 1054 1059 1060 2513 
529 674 710 243 709 1261 2514 2445 1049 2435 1262 
530 646 675 281 648 1121 2500 2489 1119 2480 1122 
531 677 252 251 253 2509 509 2515 2510 515 514 
532 713 635 633 244 1056 1055 1057 2516 2425 2517 
533 703 654 257 651 1148 2406 2499 1137 2483 1146 
534 635 633 244 245 1055 2425 2517 2512 435 2421 
535 270 234 283 676 370 437 438 2496 2495 2518 
536 254 650 652 253 2384 1140 2519 520 2520 2511 
537 663 661 662 314 1194 1186 1195 2521 2522 2523 
538 252 650 254 253 2382 2384 519 514 520 2511 
539 244 635 638 713 2517 1067 2392 2516 1068 1056 
540 636 245 635 637 2513 2512 1060 1064 1065 2381 
541 635 244 638 245 2517 2392 1067 2512 2380 435 
542 234 623 27 286 2477 2524 360 364 357 2525 
543 668 641 700 281 1090 1096 1098 2526 2527 2528 
544 653 669 707 253 1149 1158 1157 2412 2411 2529 
545 281 700 646 643 2527 1108 2489 2530 1106 1097 
546 234 270 697 676 370 2485 2486 2518 1063 2496 
547 253 669 707 259 2529 1158 2411 527 2434 2531 
548 696 247 283 637 2508 490 2532 1070 2533 2395 
549 273 281 646 643 497 2489 2464 2463 1106 2530 
550 760 27 622 695 2534 2535 1006 1007 862 2536 
551 622 27 760 237 2535 2534 1006 2537 2538 363 
552 649 650 651 254 1126 1135 1134 2408 2484 2384 
553 720 699 248 712 1318 2539 2400 1319 2540 1320 
554 643 273 641 642 2463 2386 1094 1095 1086 2387 
555 657 260 660 704 2439 2504 1176 1170 1178 2440 
556 257 280 649 254 533 2407 2415 531 2408 522 
557 652 651 650 254 1139 1135 1140 2519 2384 2484 
558 634 283 245 636 2497 489 2424 1059 2513 2541 
559 258 290 682 262 552 2542 2418 545 2417 551 
560 642 249 246 673 2475 493 2399 1102 2543 2544 
561 243 241 31 628 388 384 379 2433 2432 2545 
562 743 704 258 682 1296 2429 2546 1295 2418 1173 
563 709 241 243 628 2547 388 2435 1037 2433 2545 
564 282 657 260 659 2494 2439 543 2548 2505 1174 
565 100 27 99 695 2549 2550 107 854 855 2536 
566 29 30 103 619 37 2551 2552 2450 871 2436 
567 26 99 27 695 2553 2550 34 2554 2536 855 
568 32 104 628 105 2555 882 2556 2557 883 112 
569 658 282 261 718 2493 538 2378 1180 2498 2558 
570 104 32 628 31 2555 2556 882 2559 2432 39 
571 102 29 103 619 2560 2552 110 870 871 2450 
572 281 247 641 273 496 2385 2528 497 2386 491 
573 30 104 103 630 2561 111 2551 2443 876 877 
574 248 246 249 673 484 493 494 2562 2544 2543 
575 104 30 31 630 2561 38 2559 877 2431 2443 
576 675 747 268 716 1267 2470 2479 1133 2563 1268 
577 103 104 30 687 111 2561 2551 879 2564 878 
578 30 104 31 687 2561 2559 38 2564 2565 878 
579 246 273 249 642 492 495 493 2399 2475 2387 
580 636 283 245 637 2541 489 2513 1064 2381 2533 
581 260 660 661 659 2504 1184 2566 2505 1185 1177 
582 282 658 657 659 2493 1166 2494 2548 1174 1175 
583 668 700 269 281 1098 2567 2568 2526 576 2527 
584 29 103 30 620 2552 2551 37 2487 2569 872 
585 675 268 263 716 2479 569 2501 1133 2570 2563 
586 103 29 102 620 2552 2560 110 872 873 2487 
587 642 246 698 673 2399 2390 1088 1102 1103 2543 
588 658 282 718 659 2493 2558 1180 1175 1179 2548 
589 27 100 101 622 2549 108 2571 2535 858 859 
590 682 262 685 670 2417 2572 1244 1171 1243 2419 
591 29 102 101 686 2560 109 2573 2451 864 865 
592 246 248 698 673 484 2398 2390 2543 1103 2562 
593 276 275 776 277 430 2574 2575 601 2576 452 
594 672 649 263 648 1130 2416 2503 1129 2482 1124 
595 254 652 653 253 2519 1145 2403 520 2412 2520 
596 29 101 28 686 2573 2577 36 2451 2465 864 
597 101 100 27 623 108 2549 2571 861 2524 860 
598 262 258 257 670 545 539 544 2419 2405 2410 
599 28 27 101 622 35 2571 2577 2578 858 2535 
600 687 31 242 629 2565 387 2579 887 2580 2581 
601 251 252 702 667 509 2582 2583 2492 1118 2490 
602 101 29 690 102 2573 2472 867 109 866 2560 
603 776 276 277 665 2575 601 2576 1214 2584 2585 
604 653 254 253 255 2403 520 2412 2413 525 524 
605 668 700 701 269 1098 1235 1234 2568 2586 2567 
606 262 257 263 672 544 546 547 2587 2503 2502 
607 101 27 28 623 2571 35 2577 861 2476 2524 
608 29 101 690 28 2573 867 2472 36 2588 2577 
609 674 710 271 243 1261 2589 2590 2445 473 2514 
610 289 727 741 266 2591 1352 2592 591 2593 2594 
611 704 258 264 743 2429 549 2595 1296 2596 2546 
612 252 249 273 645 508 495 510 2456 2455 2506 
613 635 633 245 634 1055 2421 2512 1054 2424 1051 
614 651 652 653 254 1139 1145 1144 2484 2403 2519 
615 661 282 662 314 2597 2598 1186 2523 2522 562 
616 306 668 701 269 2599 1234 2600 600 2586 2568 
617 641 668 285 281 1090 2601 2602 2528 499 2526 
618 282 255 658 261 535 2375 2493 538 2378 536 
619 314 663 664 665 2521 1197 2603 2604 1204 1205 
620 725 775 733 302 1349 1348 931 2605 2606 2607 
621 269 747 701 316 2468 1266 2586 595 2608 2469 
622 256 257 654 254 532 2406 2447 529 2401 531 
623 633 244 245 233 2425 435 2421 2422 434 432 
624 672 268 262 715 2609 570 2587 1253 2610 2611 
625 693 27 623 286 2612 2524 863 2613 2525 357 
626 633 674 713 244 1047 1058 1057 2425 2516 2426 
627 300 267 723 312 567 2614 2615 594 2616 593 
628 649 257 703 672 2415 2499 1136 1130 1138 2502 
629 246 638 244 245 2391 2392 483 482 435 2380 
630 260 256 657 282 542 2460 2439 543 2494 534 
631 667 252 702 645 2490 2582 1118 1109 1117 2456 
632 282 260 661 659 543 2566 2597 2548 1185 2505 
633 280 281 646 273 577 2489 2467 523 2464 497 
634 744 294 738 625 2617 2618 1021 1022 847 2619 
635 699 298 248 712 2620 504 2539 1320 2540 2621 
636 727 289 617 266 2591 2622 832 2594 2623 591 
637 710 241 243 709 2624 388 2514 1262 2435 2547 
638 664 277 314 665 2625 603 2603 1204 2604 2584 
639 662 261 282 718 2626 538 2598 1188 2558 2498 
640 269 701 306 316 2586 2600 600 595 463 2608 
641 654 651 653 254 1146 1144 1147 2401 2403 2484 
642 640 247 285 696 2507 498 2627 1078 2628 2508 
643 263 268 262 672 569 570 547 2503 2587 2609 
644 741 732 727 289 1353 829 1352 2592 2591 2629 
645 718 282 662 659 2558 2598 1188 1179 1187 2548 
646 681 701 771 316 1233 1290 1289 2630 2631 2608 
647 759 723 267 312 1224 2614 2632 2633 593 2616 
648 313 262 268 715 572 570 571 2634 2611 2610 
649 297 617 289 266 2635 2622 346 590 591 2623 
650 638 635 245 637 1067 2512 2380 1066 2381 1065 
651 675 747 701 269 1267 1266 1265 2478 2586 2468 
652 695 760 27 278 1007 2534 2536 2636 354 2637 
653 694 623 234 286 1012 2477 2638 2639 364 2525 
654 675 269 281 263 2478 576 2500 2501 575 573 
655 278 760 27 237 2637 2534 354 365 363 2538 
656 634 676 283 636 1061 2495 2497 1059 2541 1062 
657 30 29 233 619 37 374 375 2436 2438 2450 
658 702 677 650 252 1143 1142 1128 2582 2382 2509 
659 682 656 258 670 1172 2409 2418 1171 2410 1162 
660 252 702 677 251 2582 1143 2509 509 2515 2583 
661 712 248 720 271 2540 2400 1319 2640 2641 486 
662 722 662 261 300 1201 2626 2642 2643 566 2644 
663 654 257 670 703 2406 2405 1161 1148 1163 2499 
664 728 741 727 266 1238 1352 979 2645 2594 2593 
665 707 655 653 255 1156 1155 1157 2414 2413 2420 
666 243 31 30 630 379 38 378 2430 2443 2431 
667 247 245 283 637 487 489 490 2395 2533 2381 
668 645 273 646 643 2455 2464 1107 1104 1106 2463 
669 723 663 662 300 1199 1195 1200 2615 2644 2646 
670 264 260 258 704 550 541 549 2595 2429 2440 
671 285 247 641 281 498 2385 2602 499 2528 496 
672 745 251 774 667 2647 2648 1228 1229 1227 2492 
673 713 720 638 244 1083 1082 1068 2516 2392 2397 
674 245 270 283 634 436 438 489 2424 2497 2449 
675 258 290 743 682 552 2649 2546 2418 1295 2542 
676 27 100 99 693 2549 107 2550 2612 852 853 
677 773 669 728 259 1237 1240 1241 2650 2651 2531 
678 232 29 30 620 373 37 372 2488 2569 2487 
679 259 746 708 265 2652 1332 2389 555 2653 2654 
680 617 289 727 1370 2622 2591 832 2655 2656 2657 
681 27 99 26 693 2550 2553 34 2612 2658 852 
682 269 700 675 281 2567 1123 2478 576 2500 2527 
683 622 28 27 237 2578 35 2535 2537 363 362 
684 684 760 779 237 1302 1303 1301 2659 2660 2538 
685 304 625 294 242 2661 2619 353 391 480 2662 
686 677 766 652 253 1153 1152 1141 2510 2520 2663 
687 708 773 746 259 1328 1333 1332 2389 2652 2650 
688 701 700 675 269 1235 1123 1265 2586 2478 2567 
689 283 285 247 696 500 498 490 2532 2508 2628 
690 728 669 274 259 1240 2664 2665 2651 528 2531 
691 705 660 260 704 1192 2504 2666 1191 2440 1178 
692 630 31 104 628 2431 2559 877 886 882 2432 
693 312 232 762 276 428 2667 2668 431 2669 429 
694 650 677 652 253 1142 1141 1140 2511 2520 2510 
695 630 103 30 619 876 2551 2443 880 2436 871 
696 289 617 297 1370 2622 2635 346 2657 2670 2655 
697 662 722 723 300 1201 1203 1200 2644 2615 2643 
698 275 28 761 237 369 2671 2672 371 2673 362 
699 686 28 29 270 2465 36 2451 2458 367 366 
700 311 289 741 266 418 2592 2674 588 2593 591 
701 27 100 622 695 2549 859 2535 2536 862 854 
702 654 656 256 655 1159 2452 2447 1154 2446 1160 
703 690 689 232 275 996 2675 2471 2473 376 2676 
704 266 728 274 259 2645 2665 558 557 528 2651 
705 620 103 30 687 872 2551 2569 881 2564 879 
706 663 314 276 665 2521 602 2677 1205 2585 2604 
707 302 288 725 743 465 2678 2605 2679 950 2680 
708 690 29 28 275 2472 36 2588 2473 369 368 
709 102 29 619 686 2560 2450 870 865 874 2451 
710 28 622 761 237 2578 1005 2671 362 2673 2537 
711 239 733 751 302 2681 983 2682 464 2683 2606 
712 678 776 275 277 1218 2574 2684 2685 452 2576 
713 262 290 682 685 551 2542 2417 2572 1244 2686 
714 623 27 28 234 2524 35 2476 2477 361 360 
715 231 612 780 753 2687 953 2688 2689 954 925 
716 268 747 316 717 2470 2469 596 2690 2691 972 
717 620 689 232 690 995 2675 2488 875 2471 996 
718 742 741 766 311 1357 1242 1277 2692 2693 2674 
719 661 260 282 314 2566 543 2597 2523 562 561 
720 640 641 668 285 1084 1090 1089 2627 2601 2602 
721 744 759 267 692 1311 2632 2694 1312 2695 1219 
722 761 690 28 275 1004 2588 2671 2672 369 2473 
723 289 741 732 311 2592 1353 2629 418 2696 2674 
724 642 644 249 673 1100 2474 2475 1102 2544 1101 
725 732 742 613 311 959 958 826 2696 2697 2692 
726 646 675 700 281 1121 1123 1108 2489 2527 2500 
727 762 232 312 688 2667 428 2668 1305 2698 2699 
728 639 247 640 637 2394 2507 1077 1074 1076 2395 
729 734 754 307 236 965 2700 2701 2702 449 2703 
730 32 104 105 629 2555 112 2557 2704 884 885 
731 31 104 32 629 2559 2555 39 2581 2704 885 
732 732 613 1376 311 826 2705 2706 2696 2707 2697 
733 678 776 277 665 1218 2576 2685 1217 2584 1214 
734 690 28 622 761 2588 2578 868 1004 1005 2671 
735 639 698 246 638 1079 2390 2396 1075 2391 1080 
736 275 776 232 276 2574 2708 376 430 429 2575 
737 261 265 708 718 554 2653 2377 2498 1183 2709 
738 776 762 232 276 1225 2667 2708 2575 429 2669 
739 626 286 301 784 2710 359 2711 1028 2712 2713 
740 704 656 258 682 1169 2409 2429 1173 2418 1172 
741 702 774 251 667 1226 2648 2583 1118 2492 1227 
742 623 28 101 686 2476 2577 861 869 864 2465 
743 620 29 102 690 2487 2560 873 875 866 2472 
744 290 264 258 743 553 549 552 2649 2546 2596 
745 655 707 658 255 1156 1168 1167 2420 2375 2414 
746 641 640 247 285 1084 2507 2385 2602 498 2627 
747 781 307 726 1371 2714 2715 1350 2716 2717 2718 
748 622 101 28 690 858 2577 2578 868 2588 867 
749 728 727 617 266 979 832 980 2645 2623 2594 
750 241 271 710 243 474 2589 2624 388 2514 473 
751 307 297 726 1371 451 2719 2715 2718 2717 2720 
752 272 31 242 687 380 387 389 2721 2579 2565 
753 695 26 770 305 2554 2722 857 2723 2724 325 
754 267 723 722 300 2614 1203 2725 567 2643 2615 
755 277 276 314 665 601 602 603 2584 2604 2585 
756 667 644 249 645 1110 2474 2491 1109 2506 1105 
757 30 272 232 620 381 382 372 2569 2488 2726 
758 30 272 620 687 381 2726 2569 2564 881 2721 
759 669 652 766 253 1150 1152 1151 2529 2663 2520 
760 274 741 669 728 2727 1239 2664 2665 1240 1238 
761 725 775 302 743 1349 2607 2605 950 2679 1325 
762 260 264 705 704 550 2728 2666 2440 1191 2595 
763 307 781 734 1371 2714 1351 2701 2718 2729 2716 
764 722 261 267 300 2642 564 2725 2643 567 566 
765 775 264 302 743 2730 583 2607 1325 2679 2596 
766 314 706 315 664 2731 2732 563 2603 2733 1198 
767 701 681 306 316 1233 2734 2600 2608 463 2630 
768 247 640 641 639 2507 1084 2385 2394 1085 1077 
769 282 261 662 300 538 2626 2598 568 2644 566 
770 746 307 297 726 2735 451 2736 978 2719 2715 
771 246 698 639 642 2390 1079 2396 2399 1087 1088 
772 710 764 293 241 1000 2737 2738 2624 477 2739 
773 684 237 279 277 2659 455 2740 2741 454 453 
774 269 285 668 281 598 2601 2568 576 2526 499 
775 662 282 661 659 2598 2597 1186 1187 1185 2548 
776 728 274 741 266 2665 2727 1238 2645 2593 558 
777 314 663 661 664 2521 1194 2523 2603 1196 1197 
778 712 298 248 271 2621 504 2540 2640 486 505 
779 265 708 259 261 2653 2389 555 554 537 2377 
780 235 765 1372 309 2742 2743 2744 445 2745 2746 
781 230 299 729 291 420 2747 2748 340 2749 419 
782 613 230 1376 311 2750 2751 2705 2697 2707 417 
783 698 699 248 720 1256 2539 2398 1081 2400 1318 
784 656 657 256 655 1164 2460 2452 1160 2446 1165 
785 1484 725 733 302 2752 931 2753 2754 2606 2605 
786 286 234 694 757 364 2638 2639 2755 1272 2756 
787 238 681 771 316 2757 1289 2758 462 2631 2630 
788 283 636 696 637 2541 1069 2532 2533 1070 1064 
789 766 677 274 253 1153 2759 2760 2663 516 2510 
790 623 694 693 286 1012 1011 863 2525 2613 2639 
791 648 675 263 716 1122 2501 2482 1131 2570 1133 
792 296 1483 313 763 2761 2762 426 2763 2764 2765 
793 648 280 646 647 2481 2467 1119 1120 1114 2457 
794 302 751 239 310 2683 2682 464 468 467 2766 
795 242 783 744 272 2767 1023 2768 389 2769 2770 
796 688 232 272 620 2699 382 2771 993 2726 2488 
797 272 688 620 687 2771 993 2726 2721 881 992 
798 230 613 730 311 2750 956 2772 417 2773 2697 
799 701 681 668 306 1233 1232 1234 2600 2599 2734 
800 617 746 297 726 977 2736 2635 835 2719 978 
801 300 723 666 312 2615 1208 2774 594 2775 2616 
802 775 751 733 302 1327 983 1348 2607 2606 2683 
803 277 279 684 671 454 2740 2741 2776 1247 2777 
804 672 263 268 716 2503 569 2609 1132 2563 2570 
805 758 680 285 696 1288 2778 2779 1284 2628 1093 
806 298 756 699 673 2780 1258 2620 2781 1255 1257 
807 723 759 666 312 1224 1220 1208 2616 2775 2633 
808 237 684 678 277 2659 1248 2782 453 2685 2741 
809 661 706 314 664 1190 2731 2523 1196 2603 1198 
810 757 284 234 676 2783 439 2756 1269 2518 2784 
811 757 234 694 676 2756 2638 1272 1269 1271 2518 
812 754 722 265 724 1339 2785 2786 961 2787 1345 
813 288 1480 612 231 2788 2789 2790 409 2687 2791 
814 784 626 286 757 1028 2710 2713 1030 2755 1027 
815 234 286 284 757 364 441 439 2756 2783 2755 
816 266 773 728 259 2792 1241 2645 557 2651 2650 
817 771 701 747 316 1290 1266 974 2631 2469 2608 
818 241 32 31 628 385 39 384 2545 2432 2556 
819 743 290 288 612 2649 422 2680 951 2790 2793 
820 27 26 695 278 34 2554 2536 354 2636 355 
821 315 277 314 664 606 603 563 2733 2603 2625 
822 614 1379 738 294 2794 2795 844 2796 2618 2797 
823 26 27 693 286 34 2612 2658 356 2613 357 
824 288 725 1484 302 2678 2752 2798 465 2754 2605 
825 279 277 315 664 454 606 581 2799 2733 2625 
826 632 633 233 631 1045 2422 2444 990 2441 1046 
827 233 619 632 631 2438 989 2444 2441 990 987 
828 760 278 779 237 2637 2800 1303 2538 2660 365 
829 627 779 292 755 1034 2801 2802 1031 2803 1035 
830 242 691 687 629 2804 1041 2579 2580 887 1040 
831 274 766 741 311 2760 1242 2727 589 2674 2693 
832 1484 733 239 302 2753 2681 2805 2754 464 2606 
833 724 722 265 267 1345 2785 2787 2806 565 2725 
834 316 296 268 717 461 597 596 2691 2690 2807 
835 613 742 730 311 958 957 956 2697 2773 2692 
836 743 288 725 612 2680 2678 950 951 928 2790 
837 751 239 310 618 2682 467 2766 982 2808 2809 
838 305 695 26 278 2723 2554 325 358 355 2636 
839 32 241 303 628 385 390 321 2556 2810 2545 
840 259 266 746 265 557 2811 2652 555 2654 556 
841 243 630 631 709 2430 988 2442 2435 1044 1036 
842 301 26 693 286 324 2658 2812 359 2613 356 
843 742 732 741 311 959 1353 1357 2692 2674 2696 
844 758 285 284 696 2779 609 2813 1284 2814 2628 
845 739 292 310 755 2815 466 2816 1032 2817 2803 
846 631 674 243 709 1048 2445 2442 1044 2435 1049 
847 293 309 710 241 444 2818 2738 477 2624 476 
848 277 684 678 671 2741 1248 2685 2776 1216 1247 
849 261 662 722 718 2626 1201 2642 2498 1202 1188 
850 704 264 705 743 2595 2728 1191 1296 1323 2596 
851 1480 612 231 753 2789 2687 2791 2819 2689 925 
852 669 653 652 253 1149 1145 1150 2529 2520 2412 
853 1371 734 307 236 2729 2701 2718 2820 449 2702 
854 266 746 773 259 2811 1333 2792 557 2650 2652 
855 751 733 239 618 983 2681 2682 982 2809 934 
856 707 773 708 259 1236 1328 1182 2434 2389 2650 
857 311 741 274 266 2674 2727 589 588 558 2593 
858 284 283 234 676 440 437 439 2784 2518 2495 
859 734 781 726 1371 1351 1350 838 2729 2717 2716 
860 244 674 713 271 2426 1058 2516 481 2821 2590 
861 715 672 268 716 1253 2609 2611 1254 2563 1132 
862 307 781 754 734 2714 1343 2700 2701 965 1351 
863 693 27 100 623 2612 2549 853 863 860 2524 
864 279 277 664 671 454 2625 2799 2777 1209 2776 
865 648 649 280 647 1124 2407 2481 1120 2457 1125 
866 242 31 32 629 387 39 386 2580 2704 2581 
867 710 621 309 293 999 2822 2818 2738 444 2823 
868 294 614 1379 236 2796 2794 2797 352 2824 2825 
869 699 248 298 673 2539 504 2620 1255 2781 2562 
870 274 669 766 253 2664 1151 2760 516 2663 2529 
871 779 684 279 755 1301 2740 2826 1035 2827 1251 
872 731 681 752 238 1292 1291 907 2828 2829 2757 
873 717 268 747 716 2690 2470 972 1336 1268 2563 
874 774 677 251 299 1273 2515 2648 2830 511 2831 
875 743 780 290 612 952 2832 2649 951 2793 953 
876 264 775 705 743 2730 1326 2728 2596 1323 1325 
877 290 288 302 743 422 465 582 2649 2679 2680 
878 285 283 284 696 500 440 609 2628 2814 2532 
879 628 303 32 767 2810 321 2556 888 2833 2834 
880 314 706 260 315 2731 2835 561 563 560 2732 
881 312 267 759 692 593 2632 2633 2836 1219 2695 
882 626 301 750 784 2711 2837 895 1028 1029 2712 
883 26 693 769 301 2658 856 2838 324 2839 2812 
884 665 664 277 671 1204 2625 2584 1210 2776 1209 
885 763 313 296 715 2764 426 2763 1020 2840 2634 
886 621 710 764 293 999 1000 805 2823 2737 2738 
887 32 304 242 629 322 391 386 2704 2580 2841 
888 240 286 301 626 469 359 394 2842 2711 2710 
889 310 264 751 683 578 2843 2766 2844 1298 2845 
890 235 712 765 309 2846 1003 2742 445 2746 2847 
891 692 762 312 688 1223 2668 2836 1308 2698 1305 
892 244 713 720 271 2516 1083 2397 481 2641 2821 
893 745 250 251 667 2848 507 2647 1229 2492 2849 
894 632 697 270 634 1052 2485 2459 1050 2449 1053 
895 104 31 687 629 2559 2565 878 885 887 2581 
896 731 681 238 287 1292 2757 2828 2850 459 2851 
897 250 249 251 667 501 506 507 2849 2492 2491 
898 678 275 237 277 2684 371 2782 2685 453 452 
899 661 706 260 314 1190 2835 2566 2523 561 2731 
900 685 231 780 753 2852 2688 1293 1017 954 2689 
901 244 720 248 271 2397 2400 485 481 486 2641 
902 726 746 307 781 978 2735 2715 1350 2714 1342 
903 99 26 770 695 2553 2722 793 855 857 2554 
904 271 244 674 243 481 2426 2590 473 2445 433 
905 683 279 315 664 2853 581 2854 1211 2733 2799 
906 297 746 617 266 2736 977 2635 590 2623 2811 
907 773 707 669 259 1236 1158 1237 2650 2531 2434 
908 632 697 686 270 1052 1010 991 2459 2458 2485 
909 1368 738 294 625 2855 2618 2856 2857 2619 847 
910 718 265 708 719 2709 2653 1183 1329 1330 2858 
911 756 298 250 673 2780 503 2859 1257 2860 2781 
912 739 627 292 755 940 2802 2815 1032 2803 1031 
913 710 309 271 241 2818 475 2589 2624 474 476 
914 291 299 729 745 419 2747 2749 2861 1354 2862 
915 762 666 312 276 1222 2775 2668 2669 431 2863 
916 616 238 316 296 2864 462 2865 2866 461 403 
917 615 287 308 1488 2867 460 2868 2869 2870 2871 
918 274 677 251 253 2759 2515 517 516 515 2510 
919 751 775 264 302 1327 2730 2843 2683 583 2607 
920 744 295 294 242 2872 448 2617 2768 480 478 
921 706 264 260 315 2873 550 2835 2732 560 559 
922 1489 310 239 618 2874 467 2875 2876 2809 2808 
923 722 724 723 267 1345 1344 1203 2725 2614 2806 
924 265 746 708 719 2654 1332 2653 2858 1330 1331 
925 781 719 307 754 1341 2877 2714 1343 2700 1340 
926 695 770 748 305 857 944 1317 2723 2878 2724 
927 297 307 746 266 451 2735 2736 590 2811 585 
928 702 774 677 251 1226 1273 1143 2583 2515 2648 
929 681 238 306 316 2757 457 2734 2630 463 462 
930 666 663 723 300 1207 1199 1208 2774 2615 2646 
931 306 680 285 758 2879 2778 599 2880 2779 1288 
932 726 297 617 1365 2719 2635 835 2881 2882 2883 
933 1489 292 310 739 2884 466 2874 2885 2816 2815 
934 647 702 252 645 1116 2582 2454 1115 2456 1117 
935 664 683 279 671 1211 2853 2799 1209 2777 1212 
936 263 672 648 716 2503 1129 2482 2570 1131 1132 
937 777 618 310 739 985 2808 2886 984 2816 937 
938 668 306 285 269 2599 599 2601 2568 598 600 
939 240 286 626 757 469 2710 2842 2887 1027 2755 
940 618 1489 310 739 2876 2874 2808 937 2816 2885 
941 298 712 309 271 2621 2847 446 505 475 2640 
942 299 251 774 745 511 2648 2830 2862 1228 2647 
943 295 294 738 744 448 2618 2888 2872 1021 2617 
944 287 740 615 758 2889 901 2867 2890 969 970 
945 621 1372 765 309 2891 2743 808 2822 2746 2745 
946 301 769 26 1474 2839 2838 324 2892 2893 2894 
947 754 734 614 236 965 841 960 2703 2825 2702 
948 298 712 235 309 2621 2846 442 446 445 2847 
949 289 732 727 1369 2629 829 2591 2895 2896 2897 
950 677 251 299 274 2515 511 2831 2759 518 517 
951 307 297 1371 236 451 2720 2718 449 2820 349 
952 265 261 722 718 554 2642 2785 2709 1202 2498 
953 295 759 267 744 2898 2632 586 2872 2694 1311 
954 705 660 706 260 1192 1189 1193 2666 2835 2504 
955 266 307 746 265 585 2735 2811 556 2654 584 
956 289 732 1376 311 2629 2706 2899 418 2707 2696 
957 750 769 693 301 892 856 1315 2837 2812 2839 
958 253 274 669 259 516 2664 2529 527 2531 528 
959 294 1374 625 304 2900 2901 2619 353 2661 2902 
960 719 307 746 781 2877 2735 1331 1341 1342 2714 
961 736 298 250 756 2903 503 2904 949 2859 2780 
962 272 744 267 692 2769 2694 592 2905 2695 1312 
963 279 278 779 755 456 2800 2826 2827 1035 2906 
964 681 731 778 287 1292 967 1287 2851 2907 2850 
965 231 780 290 685 2688 2832 423 2852 2686 1293 
966 291 298 721 235 443 2908 2909 337 2910 442 
967 721 611 291 235 814 2911 2909 2910 337 2912 
968 26 770 305 1471 2722 2724 325 2913 2914 2915 
969 669 766 741 274 1151 1242 1239 2664 2727 2760 
970 679 283 676 636 2916 2495 1071 1072 1062 2541 
971 771 752 681 238 976 1291 1289 2758 2757 2829 
972 636 679 283 696 1072 2916 2541 1069 2532 1073 
973 776 232 689 275 2708 2675 1282 2574 2676 376 
974 302 264 751 310 583 2843 2683 468 2766 578 
975 265 307 746 719 584 2735 2654 2858 1331 2877 
976 747 616 771 316 973 975 974 2469 2631 2865 
977 735 291 729 745 2917 2749 820 1356 1354 2861 
978 299 729 730 230 2747 955 2918 420 2772 2748 
979 287 284 740 758 472 2919 2889 2890 970 2813 
980 309 711 710 271 2920 997 2818 475 2589 2921 
981 784 286 694 757 2713 2639 1314 1030 1272 2755 
982 679 284 283 696 2922 440 2916 1073 2532 2814 
983 284 306 285 758 610 599 609 2813 2779 2880 
984 670 257 262 714 2405 544 2419 1245 2923 2924 
985 242 304 625 749 391 2661 2662 2925 850 2926 
986 772 759 295 744 1347 2898 2927 1359 2872 1311 
987 618 310 751 777 2808 2766 982 985 986 2886 
988 666 663 300 276 1207 2646 2774 2863 604 2677 
989 248 699 698 673 2539 1256 2398 2562 1103 1255 
990 661 706 660 260 1190 1189 1184 2566 2504 2835 
991 730 742 677 299 957 1274 1275 2918 2831 2928 
992 290 262 313 685 551 572 424 2686 2929 2572 
993 291 298 736 756 443 2903 2930 2931 949 2780 
994 298 248 250 673 504 502 503 2781 2860 2562 
995 691 272 242 687 2932 389 2804 1041 2579 2721 
996 292 310 239 1489 466 467 415 2884 2875 2874 
997 1377 291 611 235 2933 2911 2934 2935 2912 337 
998 305 748 695 278 2878 1317 2723 358 2636 2936 
999 257 262 714 672 544 2923 2924 2502 1252 2587 
1000 738 772 295 744 966 2927 2888 1021 2872 1359 
1001 665 277 678 671 2584 2685 1217 1210 1216 2776 
1002 302 264 290 743 583 553 582 2679 2649 2596 
1003 711 674 710 271 1263 1261 997 2921 2589 2590 
1004 677 774 730 299 1273 1276 1275 2831 2918 2830 
1005 295 307 754 236 450 2700 2937 447 2703 449 
1006 250 249 644 673 501 2474 2938 2860 1101 2544 
1007 272 783 744 692 2770 1023 2769 2905 1312 1310 
1008 313 231 290 685 425 423 424 2929 2686 2852 
1009 611 721 1377 235 814 2939 2934 2912 2935 2910 
1010 99 26 693 769 2553 2658 852 792 856 2838 
1011 264 705 706 260 2728 1193 2873 550 2835 2666 
1012 240 287 615 1488 471 2867 2940 2941 2869 2871 
1013 268 296 313 715 597 426 571 2611 2634 2840 
1014 647 702 650 252 1116 1128 1127 2454 2382 2582 
1015 683 315 706 664 2854 2732 1213 1211 1198 2733 
1016 628 32 105 767 2556 2557 883 888 789 2833 
1017 644 782 250 673 1112 2942 2938 1101 2860 1113 
1018 666 762 776 276 1222 1225 1215 2863 2575 2669 
1019 724 759 723 267 1346 1224 1344 2806 2614 2632 
1020 751 775 705 264 1327 1326 1324 2843 2728 2730 
1021 287 238 731 308 459 2828 2850 460 2943 400 
1022 756 250 736 673 2859 2904 949 1257 1259 2860 
1023 750 301 626 1487 2837 2711 895 2944 2945 2946 
1024 730 299 230 311 2918 420 2772 2773 417 421 
1025 306 238 681 287 457 2757 2734 458 2851 459 
1026 308 1472 731 615 2947 2948 2943 2868 904 2949 
1027 731 287 308 615 2850 460 2943 904 2868 2867 
1028 729 230 291 1373 2748 340 2749 2950 2951 2952 
1029 764 293 241 737 2737 477 2739 802 2953 2954 
1030 676 284 283 679 2784 440 2495 1071 2916 2922 
1031 722 261 265 267 2642 554 2785 2725 565 564 
1032 272 30 31 687 381 38 380 2721 2565 2564 
1033 240 287 740 615 471 2889 2955 2940 901 2867 
1034 257 670 703 714 2405 1163 2499 2924 1246 1245 
1035 239 733 1477 618 2681 2956 2957 2809 2958 934 
1036 265 307 719 754 584 2877 2858 2786 1340 2700 
1037 287 240 308 1488 471 397 460 2871 2870 2941 
1038 268 717 715 716 2690 1337 2611 2563 1254 1336 
1039 778 306 287 758 2959 458 2907 971 2890 2880 
1040 309 1372 235 293 2745 2744 445 444 334 2960 
1041 32 304 629 768 322 2841 2704 2961 889 2962 
1042 306 681 778 287 2734 1287 2959 458 2907 2851 
1043 615 778 287 758 968 2907 2867 969 2890 971 
1044 299 730 729 745 2918 955 2747 2862 1354 1355 
1045 239 288 1484 302 412 2798 2805 464 2754 465 
1046 249 250 248 673 501 502 494 2544 2562 2860 
1047 294 738 614 295 2618 844 2796 448 2963 2888 
1048 714 703 257 672 1246 2499 2924 1252 2502 1138 
1049 680 640 285 696 1091 2627 2778 1093 2628 1078 
1050 238 771 616 316 2758 975 2864 462 2865 2631 
1051 621 765 712 309 808 1003 1002 2822 2847 2746 
1052 286 240 284 757 469 470 441 2755 2783 2887 
1053 303 1366 32 767 2964 2965 321 2834 2833 2966 
1054 759 724 772 295 1346 963 1347 2898 2927 2967 
1055 689 762 232 776 1306 2667 2675 1282 2708 1225 
1056 765 721 712 235 811 1322 1003 2742 2846 2910 
1057 265 754 724 295 2786 961 2787 587 2967 2937 
1058 284 240 287 740 470 471 472 2919 2889 2955 
1059 242 744 295 272 2768 2872 478 389 479 2769 
1060 625 783 242 749 1024 2767 2662 850 2925 1025 
1061 301 750 769 1474 2837 892 2839 2892 2894 2968 
1062 729 613 730 230 823 956 955 2748 2772 2750 
1063 1476 725 288 612 2969 2678 2970 2971 2790 928 
1064 624 313 1483 763 2972 2762 2973 919 2765 2764 
1065 234 697 694 676 2486 1013 2638 2518 1271 1063 
1066 623 697 694 234 1009 1013 1012 2477 2638 2486 
1067 230 729 613 1364 2748 823 2750 2974 2975 2976 
1068 309 621 1372 293 2822 2891 2745 444 2960 2823 
1069 744 267 295 272 2694 586 2872 2769 479 592 
1070 304 32 1363 768 322 2977 2978 2962 2979 2961 
1071 751 705 706 264 1324 1193 1297 2843 2873 2728 
1072 621 711 710 309 998 997 999 2822 2818 2920 
1073 734 1367 614 236 2980 2981 841 2702 2825 2982 
1074 312 666 300 276 2775 2774 594 431 604 2863 
1075 711 713 674 271 1264 1058 1263 2921 2590 2821 
1076 286 694 693 784 2639 1011 2613 2713 1313 1314 
1077 710 764 241 737 1000 2739 2624 1334 2953 802 
1078 614 294 295 236 2796 448 2963 2825 447 352 
1079 238 616 1485 296 2864 2983 2984 403 2985 2866 
1080 250 745 782 667 2848 1230 2942 2849 1111 1229 
1081 681 680 668 306 1231 1092 1232 2734 2599 2879 
1082 1481 731 238 308 2986 2828 2987 2988 400 2943 
1083 267 265 724 295 565 2787 2806 586 2967 587 
1084 752 1481 731 238 2989 2986 907 2829 2828 2987 
1085 672 262 714 715 2587 2923 1252 1253 1018 2610 
1086 312 759 666 692 2633 1220 2775 2836 1221 1219 
1087 306 778 680 758 2959 1286 2879 2880 1288 971 
1088 299 730 742 311 2918 957 2928 421 2692 2773 
1089 278 279 310 755 456 579 607 2906 2817 2827 
1090 1376 230 289 311 2751 343 2899 2707 418 417 
1091 764 1360 621 293 2990 2991 805 2737 2823 2992 
1092 1482 26 769 1474 2993 2838 2994 1496 2894 2893 
1093 718 722 265 719 1202 2785 2709 1329 2858 1338 
1094 713 711 720 271 1264 1335 1083 2821 2641 2921 
1095 251 299 250 745 511 512 507 2647 2848 2862 
1096 721 298 712 235 2908 2621 1322 2910 2846 442 
1097 232 272 312 688 382 427 428 2699 2698 2771 
1098 296 268 717 715 597 2690 2807 2840 1337 2611 
1099 680 668 306 285 1092 2599 2879 2778 599 2601 
1100 290 780 682 685 2832 1294 2542 2686 1244 1293 
1101 743 290 780 682 2649 2832 952 1295 1294 2542 
1102 770 26 1482 1471 2722 2993 2995 2915 1495 2913 
1103 284 287 306 758 472 458 610 2813 2880 2890 
1104 287 731 778 615 2850 967 2907 2867 968 904 
1105 303 241 293 737 390 477 331 2996 2954 2953 
1106 719 722 265 754 1338 2785 2858 1340 2786 1339 
1107 683 751 310 777 1298 2766 2844 1299 2886 986 
1108 737 303 241 628 2996 390 2953 1039 2545 2810 
1109 624 313 763 715 2972 2764 919 1019 1020 2634 
1110 611 291 736 756 2911 2930 947 946 949 2931 
1111 762 312 666 692 2668 2775 1222 1223 1221 2836 
1112 691 242 783 749 2804 2767 1309 1043 1025 2925 
1113 1379 1368 738 294 1429 2855 2795 2797 2618 2856 
1114 262 313 714 715 572 2997 2923 2610 1018 2634 
1115 724 759 267 295 1346 2632 2806 2967 586 2898 
1116 298 756 721 699 2780 945 2908 2620 1321 1258 
1117 232 688 689 620 2699 994 2675 2488 995 993 
1118 764 1375 1360 293 2998 1393 2990 2737 2992 2999 
1119 276 776 666 665 2575 1215 2863 2585 1206 1214 
1120 736 250 291 745 2904 513 2930 1358 2861 2848 
1121 294 1374 1368 625 2900 1432 2856 2619 2857 2901 
1122 299 291 250 745 419 513 512 2862 2848 2861 
1123 305 770 748 1471 2724 944 2878 2914 3000 2915 
1124 1376 230 613 1364 2751 2750 2705 1412 2975 2974 
1125 1483 313 231 296 2762 425 3001 2761 406 426 
1126 735 729 291 1373 820 2749 2917 3002 2951 2950 
1127 275 761 678 237 2672 1279 2684 371 2782 2673 
1128 628 737 303 767 1039 2996 2810 888 2834 799 
1129 754 614 295 236 960 2963 2937 2703 447 2825 
1130 746 728 617 266 981 980 977 2811 2623 2645 
1131 284 679 758 696 2922 1283 2813 2814 1284 1073 
1132 733 1484 239 1477 2753 2805 2681 2956 2957 1534 
1133 765 1362 721 235 3003 3004 811 2742 2910 3005 
1134 748 760 695 278 1316 1007 1317 2936 2636 2637 
1135 304 242 629 749 391 2580 2841 2926 1042 2925 
1136 754 265 307 295 2786 584 2700 2937 450 587 
1137 668 680 640 285 1092 1091 1089 2601 2627 2778 
1138 616 1473 752 238 3006 3007 910 2864 2829 3008 
1139 666 663 276 665 1207 2677 2863 1206 2585 1205 
1140 711 712 720 271 1001 1319 1335 2921 2641 2640 
1141 99 26 769 1482 2553 2838 792 3009 2994 2993 
1142 105 32 629 768 2557 2704 884 790 889 2961 
1143 32 1366 1378 767 2965 1386 3010 2833 3011 2966 
1144 267 312 272 692 593 427 592 2695 2905 2836 
1145 748 760 278 779 1316 2637 2936 1033 2800 1303 
1146 782 736 250 673 1260 2904 2942 1113 2860 1259 
1147 671 279 684 755 2777 2740 1247 1250 1251 2827 
1148 615 740 240 1488 901 2955 2940 2869 2941 3012 
1149 765 1372 1362 235 2743 1399 3003 2742 3005 2744 
1150 240 284 757 740 470 2783 2887 2955 1026 2919 
1151 735 736 291 745 948 2930 2917 1356 2861 1358 
1152 1475 1483 296 763 1523 2761 3013 3014 2763 2765 
1153 305 627 292 1486 3015 2802 416 3016 3017 3018 
1154 301 240 626 1487 394 2842 2711 2946 2945 3019 
1155 1365 297 617 1370 2883 2635 2882 1418 2655 2670 
1156 685 262 313 714 2572 572 2929 1014 2997 2923 
1157 699 721 298 712 1321 2908 2620 1320 2621 1322 
1158 627 292 1478 739 2802 3020 3021 940 3022 2815 
1159 1482 99 26 770 3009 2553 2993 2995 2722 793 
1160 688 762 232 689 1305 2667 2699 994 2675 1306 
1161 768 32 1363 1378 2961 2977 2979 3023 1384 3010 
1162 676 757 284 679 1269 2783 2784 1071 2922 1270 
1163 298 250 291 736 503 513 443 2903 2930 2904 
1164 692 312 272 688 2836 427 2905 1308 2771 2698 
1165 773 728 746 266 1241 981 1333 2792 2811 2645 
1166 681 778 680 306 1287 1286 1231 2734 2879 2959 
1167 272 242 783 691 389 2767 2770 2932 1309 2804 
1168 1371 1367 734 236 1424 2980 2729 2820 2702 2982 
1169 712 711 309 271 1001 2920 2847 2640 475 2921 
1170 304 1374 625 749 2902 2901 2661 2926 850 3024 
1171 1489 1478 292 739 1539 3020 2884 2885 2815 3022 
1172 1376 732 289 1369 2706 2629 2899 1414 2895 2897 
1173 725 1484 1476 288 2752 1533 2969 2678 2970 2798 
1174 738 772 614 295 966 964 844 2888 2963 2927 
1175 761 689 690 275 1280 996 1004 2672 2473 2676 
1176 771 616 752 238 975 910 976 2758 2829 2864 
1177 627 305 748 1486 3015 2878 943 3018 3025 3016 
1178 299 774 730 745 2830 1276 2918 2862 1355 1228 
1179 296 616 1485 717 2866 2983 2985 2807 3026 913 
1180 711 621 712 309 998 1002 1001 2920 2847 2822 
1181 689 678 776 275 1281 1218 1282 2676 2574 2684 
1182 760 761 622 237 1008 1005 1006 2538 2537 2673 
1183 297 726 1371 1365 2719 2717 2720 2883 1422 2881 
1184 684 761 760 237 1278 1008 1302 2659 2538 2673 
1185 1378 105 32 767 3027 2557 3010 3011 2833 789 
1186 105 32 768 1378 2557 2961 790 3027 3023 3010 
1187 231 313 624 685 425 2972 3028 2852 1016 2929 
1188 615 308 1472 1488 2868 2947 2949 2869 1509 2870 
1189 1485 1473 616 238 1518 3006 2983 2984 2864 3008 
1190 737 241 709 628 2953 2547 1038 1039 1037 2545 
1191 670 262 685 714 2419 2572 1243 1245 1014 2923 
1192 745 736 250 782 1358 2904 2848 1230 2942 1260 
1193 757 626 240 740 1027 2842 2887 1026 2955 898 
1194 1367 1379 614 236 1427 2794 2981 2982 2825 2824 
1195 1477 1489 239 618 1538 2875 2957 2958 2809 2876 
1196 740 626 240 1470 898 2842 2955 3029 3030 3031 
1197 310 777 739 755 2886 984 2816 2817 1032 1300 
1198 1370 289 727 1369 2657 2591 2656 1419 2896 2895 
1199 242 691 629 749 2804 1040 2580 2925 1042 1043 
1200 679 757 284 740 1270 2783 2922 1285 2919 1026 
1201 1362 1377 721 235 1404 2939 3004 3005 2910 2935 
1202 685 624 231 753 1016 3028 2852 1017 2689 922 
1203 304 629 768 749 2841 889 2962 2926 851 1042 
1204 624 313 231 1483 2972 425 3028 2973 3001 2762 
1205 717 1475 296 763 3032 3013 2807 916 2763 3014 
1206 288 1480 1476 612 2788 1527 2970 2790 2971 2789 
1207 310 683 777 755 2844 1299 2886 2817 1300 1249 
1208 684 678 761 237 1248 1279 1278 2659 2673 2782 
1209 240 626 1487 1470 2842 2945 3019 3030 1502 3031 
1210 709 710 241 737 1262 2624 2547 1038 2953 1334 
1211 731 1481 1472 308 2986 1513 2948 2943 2947 2988 
1212 1471 748 305 1486 3000 2878 2914 1540 3016 3025 
1213 284 679 740 758 2922 1285 2919 2813 970 1283 
1214 729 230 1373 1364 2748 2952 2950 2976 1409 2974 
1215 752 1473 1481 238 3007 1514 2989 2829 2987 3008 
1216 683 310 279 755 2844 579 2853 1249 2827 2817 
1217 1485 1475 296 717 1519 3013 2985 3026 2807 3032 
1218 611 735 291 1361 817 2917 2911 3033 3034 3035 
1219 768 1363 304 749 2979 2978 2962 851 2926 3036 
1220 671 683 279 755 1212 2853 2777 1250 2827 1249 
1221 689 761 678 275 1280 1279 1281 2676 2684 2672 
1222 692 272 783 691 2905 2770 1310 1307 1309 2932 
1223 1363 1374 304 749 1431 2902 2978 3036 2926 3024 
1224 754 614 724 295 960 962 961 2937 2967 2963 
1225 1377 611 291 1361 2934 2911 2933 1403 3034 3033 
1226 296 717 763 715 2807 916 2763 2840 1020 1337 
1227 621 1360 1372 293 2991 1397 2891 2823 2960 2992 
1228 750 301 1487 1474 2837 2946 2944 2968 1504 2892 
1229 231 1479 1480 753 3037 1529 2791 2689 2819 3038 
1230 313 624 714 715 2972 1015 2997 2634 1018 1019 
1231 1470 240 740 1488 3030 2955 3029 1508 3012 2941 
1232 313 624 685 714 2972 1016 2929 2997 1014 1015 
1233 614 772 724 295 964 963 962 2963 2967 2927 
1234 291 736 735 611 2930 948 2917 2911 817 947 
1235 1373 291 735 1361 2951 2917 3002 1407 3035 3034 
1236 627 292 1486 1478 2802 3017 3018 3021 1542 3020 
1237 1479 231 624 753 3037 3028 3039 3038 922 2689 
1238 272 691 688 687 2932 1304 2771 2721 992 1041 
1239 288 1484 47 239 2798 1532 407 412 411 2805 
1240 624 231 1479 1483 3028 3037 3039 2973 1524 3001 
1241 70 727 732 1369 827 829 825 1455 2897 2896 
1242 238 1485 44 296 2984 1517 398 403 402 2985 
1243 691 692 272 688 1307 2905 2932 1304 2771 1308 
1244 617 72 726 1365 831 833 835 2882 2881 1459 
1245 740 116 626 1470 897 893 898 3029 3031 1549 
1246 738 1368 76 625 2855 1467 843 847 845 2857 
1247 74 734 1367 614 837 2980 1463 839 2981 841 
1248 1362 721 64 765 3004 809 1443 3003 807 811 
1249 1372 8 235 293 1398 332 2744 2960 334 330 
1250 292 239 48 1489 415 410 414 2884 1537 2875 
1251 1376 230 11 289 2751 339 1413 2899 341 343 
1252 1473 1485 44 238 1518 1517 1510 3008 398 2984 
1253 1371 297 13 236 2720 345 1423 2820 347 349 
1254 1366 32 1 303 2965 40 1380 2964 317 321 
1255 2 26 305 1471 33 325 326 1492 2914 2913 
1256 294 1379 14 236 2797 1428 350 352 348 2824 
1257 1377 9 291 235 1402 335 2933 2935 337 333 
1258 1366 1 32 1378 1380 40 2965 1386 3010 1385 
1259 26 2 1482 1471 33 1494 2993 2913 1495 1492 
1260 231 45 1483 296 405 1522 3001 406 2761 401 
1261 26 2 301 1474 33 323 324 2893 2892 1491 
1262 731 1472 118 615 2948 1553 903 904 899 2949 
1263 288 46 1480 231 408 1528 2788 409 2791 404 
1264 1470 740 116 1488 3029 897 1549 1508 1547 3012 
1265 1476 126 725 612 1569 927 2969 2971 928 923 
1266 291 230 10 1373 340 338 336 2951 1408 2952 
1267 2 26 1482 1474 33 2993 1494 1491 1496 2893 
1268 68 613 729 1364 821 823 819 1451 2976 2975 
1269 60 1366 1375 767 1435 1394 1434 786 3040 2966 
1270 1 32 1363 304 40 2977 1383 320 2978 322 
1271 45 1475 1483 296 1515 1523 1522 401 2761 3013 
1272 66 735 611 1361 815 817 813 1447 3033 3035 
1273 132 748 770 1471 941 944 796 1579 2915 3000 
1274 1374 1363 78 749 1431 1469 1468 3024 849 3036 
1275 1363 32 1 1378 2977 40 1383 1384 1385 3010 
1276 1379 74 1367 614 1462 1463 1427 2794 2981 839 
1277 1377 721 64 1362 2939 809 1442 1404 1443 3004 
1278 1485 1475 44 296 1519 1516 1517 2985 402 3013 
1279 1377 291 9 1361 2933 335 1402 1403 1400 3034 
1280 1485 122 1475 717 1558 1561 1519 3026 3032 911 
1281 1471 132 748 1486 1579 941 3000 1540 3025 1578 
1282 768 78 1363 749 787 1469 2979 851 3036 849 
1283 717 122 1475 763 911 1561 3032 916 3014 915 
1284 10 291 1373 1361 336 2951 1408 1401 1407 3034 
1285 297 12 289 1370 344 342 346 2670 2657 1417 
1286 1376 11 230 1364 1413 339 2751 1412 2974 1406 
1287 752 120 1473 616 905 1557 3007 910 3006 909 
1288 308 240 42 1488 397 392 396 2870 1507 2941 
1289 1477 733 128 618 2956 929 1573 2958 933 934 
1290 1480 1476 46 288 1527 1526 1528 2788 408 2970 
1291 1476 1484 47 288 1533 1532 1525 2970 407 2798 
1292 1368 1379 14 294 1429 1428 1425 2856 350 2797 
1293 15 1374 1368 294 1430 1432 1426 351 2856 2900 
1294 8 1362 1372 235 1395 1399 1398 332 2744 3005 
1295 621 62 1360 764 803 1439 2991 805 2990 801 
1296 294 15 1374 304 351 1430 2900 353 2902 319 
1297 1489 239 48 1477 2875 410 1537 1538 1530 2957 
1298 1376 69 613 732 1449 822 2705 2706 826 824 
1299 239 1484 47 1477 2805 1532 411 2957 1531 1534 
1300 41 240 1487 1470 393 3019 1503 1501 1502 3030 
1301 617 727 71 1370 832 828 830 2655 1453 2656 
1302 130 627 1478 739 939 3021 1577 935 3022 940 
1303 1365 617 72 1370 2882 831 1459 1418 1456 2655 
1304 1370 727 70 1369 2656 827 1454 1419 1455 2896 
1305 613 68 1376 1364 821 1450 2705 2975 1412 1451 
1306 732 1376 70 1369 2706 1452 825 2897 1455 1414 
1307 43 1481 238 308 1512 2987 399 395 400 2988 
1308 1489 130 1478 739 1574 1577 1539 2885 3022 935 
1309 240 301 41 1487 394 327 393 3019 1503 2946 
1310 615 1472 118 1488 2949 1553 899 2869 1550 1509 
1311 1368 76 1379 738 1467 1464 1429 2855 2795 843 
1312 127 725 733 1484 926 931 930 1568 2753 2752 
1313 1377 66 611 1361 1444 813 2934 1403 3033 1447 
1314 1368 1374 76 625 1432 1466 1467 2857 845 2901 
1315 1484 126 725 1476 1567 927 2752 1533 2969 1569 
1316 124 1479 624 753 1565 3039 917 921 922 3038 
1317 1470 42 240 1488 1500 392 3030 1508 2941 1507 
1318 734 726 73 1371 838 834 836 2729 1457 2717 
1319 1372 1362 64 765 1399 1443 1440 2743 807 3003 
1320 12 297 1365 1370 344 2883 1415 1417 1418 2670 
1321 13 297 1371 1365 345 2720 1423 1416 1422 2883 
1322 43 1481 1473 238 1512 1514 1511 399 3008 2987 
1323 1373 230 10 1364 2952 338 1408 1409 1405 2974 
1324 1484 733 128 1477 2753 929 1570 1534 1573 2956 
1325 737 60 1375 767 797 1434 3041 799 3040 786 
1326 1371 726 72 1365 2717 833 1458 1422 1459 2881 
1327 65 611 721 1377 812 814 810 1441 2939 2934 
1328 293 1375 7 303 2999 1392 329 331 318 3042 
1329 614 1379 75 738 2794 1461 840 844 842 2795 
1330 292 49 305 1486 413 328 416 3017 3016 1541 
1331 735 66 1373 1361 815 1446 3002 3035 1407 1447 
1332 1473 1481 120 752 1514 1554 1557 3007 905 2989 
1333 615 117 740 1488 900 896 901 2869 3012 1548 
1334 1487 626 116 1470 2945 893 1546 1502 1549 3031 
1335 114 769 750 1474 795 892 891 1545 2968 2894 
1336 13 1367 1371 236 1420 1424 1423 347 2820 2982 
1337 129 1489 618 739 1572 2876 932 936 937 2885 
1338 1486 132 748 131 1578 941 3025 1576 942 151 
1339 9 1377 1362 235 1402 1404 1396 333 3005 2935 
1340 1479 124 1480 753 1565 1563 1529 3038 2819 921 
1341 1482 4 99 770 1497 106 3009 2995 793 794 
1342 769 4 99 1482 791 106 792 2994 3009 1497 
1343 1379 75 74 614 1461 94 1462 2794 839 840 
1344 121 1485 616 717 1556 2983 908 912 913 3026 
1345 1375 1360 62 764 1393 1439 1436 2998 801 2990 
1346 740 117 116 1488 896 136 897 3012 1547 1548 
1347 11 1376 289 1369 1413 2899 341 1410 2895 1414 
1348 8 1372 1360 293 1398 1397 1391 330 2992 2960 
1349 612 1480 125 753 2789 1564 924 925 920 2819 
1350 1375 7 1360 293 1392 1390 1393 2999 2992 329 
1351 1367 734 74 1371 2980 837 1463 1424 1460 2729 
1352 64 65 721 1377 84 810 809 1442 2939 1441 
1353 1482 132 770 1471 1499 796 2995 1495 2915 1579 
1354 231 45 1479 1483 405 1521 3037 3001 1524 1522 
1355 625 1374 77 749 2901 1465 846 850 848 3024 
1356 727 70 71 1370 827 90 828 2656 1453 1454 
1357 78 77 1374 749 97 1465 1468 849 3024 848 
1358 61 60 1375 737 80 1434 1433 798 3041 797 
1359 1478 292 48 1489 3020 414 1536 1539 1537 2884 
1360 1373 68 729 1364 1448 819 2950 1409 2976 1451 
1361 68 69 613 1376 88 822 821 1450 2705 1449 
1362 70 69 1376 732 89 1449 1452 825 2706 824 
1363 3 105 1378 767 113 3027 1388 785 3011 789 
1364 1486 292 49 1478 3017 413 1541 1542 1535 3020 
1365 1360 1372 62 621 1397 1438 1439 2991 803 2891 
1366 768 1363 78 1378 2979 1469 787 3023 1389 1384 
1367 626 115 750 1487 894 890 895 2945 2944 1544 
1368 768 3 105 1378 788 113 790 3023 3027 1388 
1369 617 71 72 1370 830 91 831 2655 1456 1453 
1370 1489 129 130 739 1572 149 1574 2885 935 936 
1371 769 114 1482 1474 795 1498 2994 2894 1496 1545 
1372 120 1485 1473 616 1555 1518 1557 909 3006 2983 
1373 1485 121 122 717 1556 141 1558 3026 911 912 
1374 765 63 1372 621 806 1437 2743 808 2891 804 
1375 126 1476 1480 612 1569 1527 1566 923 2789 2971 
1376 1479 1480 46 231 1529 1528 1520 3037 404 2791 
1377 1379 1367 14 236 1427 1421 1428 2824 348 2982 
1378 1378 1366 60 767 1386 1435 1387 3011 786 2966 
1379 1475 45 44 296 1515 54 1516 3013 402 401 
1380 1368 14 15 294 1425 24 1426 2856 351 350 
1381 725 127 126 1484 926 146 927 2752 1567 1568 
1382 1481 1472 118 731 1513 1553 1551 2986 903 2948 
1383 44 43 1473 238 53 1511 1510 398 3008 399 
1384 731 119 1481 752 902 1552 2986 907 2989 906 
1385 735 67 729 1373 816 818 820 3002 2950 1445 
1386 239 47 48 1477 411 57 410 2957 1530 1531 
1387 748 627 1486 131 943 3018 3025 942 1576 938 
1388 128 127 733 1484 147 930 929 1570 2753 1568 
1389 1372 64 63 765 1440 83 1437 2743 806 807 
1390 1483 1475 122 763 1523 1561 1559 2765 915 3014 
1391 764 61 1375 737 800 1433 2998 802 3041 798 
1392 128 1489 1477 618 1571 1538 1573 933 2958 2876 
1393 119 120 1481 752 139 1554 1552 906 2989 905 
1394 726 72 73 1371 833 92 834 2717 1457 1458 
1395 12 289 1370 1369 342 2657 1417 1411 1419 2895 
1396 116 115 626 1487 135 894 893 1546 2945 1544 
1397 624 1479 124 1483 3039 1565 917 2973 1562 1524 
1398 1487 114 750 1474 1543 891 2944 1504 2968 1545 
1399 1476 47 46 288 1525 56 1526 2970 408 407 
1400 73 74 734 1371 93 837 836 1457 2729 1460 
1401 735 66 67 1373 815 86 816 3002 1445 1446 
1402 1486 130 627 1478 1575 939 3018 1542 3021 1577 
1403 1480 124 125 753 1563 144 1564 2819 920 921 
1404 1379 76 75 738 1464 95 1461 2795 842 843 
1405 4 1482 132 770 1497 1499 152 794 796 2995 
1406 729 67 68 1373 818 87 819 2950 1448 1445 
1407 240 41 42 1470 393 51 392 3030 1500 1501 
1408 63 62 1372 621 82 1438 1437 804 2891 803 
1409 1375 1366 7 303 1394 1381 1392 3042 318 2964 
1410 1471 305 49 1486 2914 328 1493 1540 1541 3016 
1411 305 49 2 1471 328 59 326 2914 1492 1493 
1412 1366 1 7 303 1380 16 1381 2964 318 317 
1413 62 61 1375 764 81 1433 1436 801 2998 800 
1414 291 10 9 1361 336 19 335 3034 1400 1401 
1415 77 76 1374 625 96 1466 1465 846 2901 845 
1416 769 114 4 1482 795 133 791 2994 1497 1498 
1417 1481 43 1472 308 1512 1505 1513 2988 2947 395 
1418 15 1363 1374 304 1382 1431 1430 319 2902 2978 
1419 11 10 230 1364 20 338 339 1406 2974 1405 
1420 125 126 1480 612 145 1566 1564 924 2789 923 
1421 1483 123 624 763 1560 918 2973 2765 919 914 
1422 1367 13 14 236 1420 23 1421 2982 348 347 
1423 768 78 3 1378 787 98 788 3023 1388 1389 
1424 1363 15 1 304 1382 25 1383 2978 320 319 
1425 42 1472 308 1488 1506 2947 396 1507 2870 1509 
1426 1487 301 41 1474 2946 327 1503 1504 1490 2892 
1427 615 118 117 1488 899 137 900 2869 1548 1550 
1428 122 123 1483 763 142 1560 1559 915 2765 914 
1429 65 66 611 1377 85 813 812 1441 2934 1444 
1430 1489 128 129 618 1571 148 1572 2876 932 933 
1431 301 2 41 1474 323 50 327 2892 1490 1491 
1432 1378 60 3 767 1387 79 1388 3011 785 786 
1433 297 13 12 1365 345 22 344 2883 1415 1416 
1434 7 8 1360 293 17 1391 1390 329 2992 330 
1435 8 9 1362 235 18 1396 1395 332 3005 333 
1436 1481 118 119 731 1551 138 1552 2986 902 903 
1437 292 48 49 1478 414 58 413 3020 1535 1536 
1438 750 115 114 1487 890 134 891 2944 1543 1544 
1439 624 124 123 1483 917 143 918 2973 1560 1562 
1440 289 12 11 1369 342 21 341 2895 1410 1411 
1441 1486 627 130 131 3018 939 1575 1576 150 938 
1442 1485 120 121 616 1555 140 1556 2983 908 909 
1443 1479 46 45 231 1520 55 1521 3037 405 404 
1444 43 42 1472 308 52 1506 1505 395 2947 396 
1445 281 643 641 700 2530 1094 2528 2527 1096 1097 
1446 641 643 281 273 1094 2530 2528 2386 497 2463 
1447 242 625 744 783 2662 1022 2768 2767 1023 1024 
1448 242 744 625 294 2768 1022 2662 480 2619 2617 
1449 612 290 231 780 2793 423 2687 953 2688 2832 
1450 612 231 290 288 2687 423 2793 2790 422 409 
1451 784 301 693 286 2712 2812 1313 2713 2613 359 
1452 784 693 301 750 1313 2812 2712 1029 2837 1315 
1453 683 264 706 315 2845 2873 1213 2854 2732 559 
1454 683 706 264 751 1213 2873 2845 1298 2843 1297 
1455 779 237 279 684 2660 455 2826 1301 2740 2659 
1456 279 237 779 278 455 2660 2826 456 2800 365 
1457 291 756 721 298 2931 945 2909 443 2908 2780 
1458 721 756 291 611 945 2931 2909 814 2911 946 
1459 644 250 667 249 2938 2849 1110 2474 2491 501 
1460 644 667 250 782 1110 2849 2938 1112 2942 1111 
1461 311 766 299 274 2693 3043 421 589 518 2760 
1462 311 299 766 742 421 3043 2693 2692 1277 2928 
1463 677 299 766 274 2831 3043 1153 2759 2760 518 
1464 677 766 299 742 1153 3043 2831 1274 2928 1277 
1465 755 278 292 310 2906 608 2803 2817 466 607 
1466 755 292 278 779 2803 608 2906 1035 2800 2801 
1467 779 292 305 627 2801 416 3044 1034 3015 2802 
1468 305 292 779 278 416 2801 3044 358 2800 608 
1469 305 748 779 627 2878 1033 3044 3015 1034 943 
1470 779 748 305 278 1033 2878 3044 2800 358 2936 
1471 316 717 616 296 2691 913 2865 461 2866 2807 
1472 616 717 316 747 913 2691 2865 973 2469 972 
1473 737 293 1375 764 2954 2999 3041 802 2998 2737 
1474 737 1375 293 303 3041 2999 2954 2996 331 3042 
1475 1375 767 303 737 3040 2834 3042 3041 2996 799 
1476 303 767 1375 1366 2834 3040 3042 2964 1394 2966 
1477 279 264 683 315 580 2845 2853 581 2854 559 
1478 279 683 264 310 2853 2845 580 579 578 2844 
1479 276 663 662 314 2677 1195 3045 602 2522 2521 
1480 662 663 276 300 1195 2677 3045 2644 604 2646 
1481 662 282 276 314 2598 605 3045 2522 602 562 
1482 276 282 662 300 605 2598 3045 604 2644 568 
3 2 11 2506
1483 71 1633 727 617 3159 3160 828 830 832 3161 
1484 127 128 1582 3063 147 3162 3163 3164 3165 3166 
1485 745 782 667 3103 1230 1111 1229 3167 3168 3169 
1486 1668 66 65 3064 3170 85 3171 3172 3173 3174 
1487 746 726 617 3153 978 835 977 3175 3176 3177 
1488 756 721 699 3151 945 1321 1258 3178 3179 3180 
1489 704 705 1621 743 1191 3181 3182 1296 3183 1323 
1490 42 3046 41 3048 3184 3185 51 3186 3187 3188 
1491 45 46 3073 3109 55 3189 3190 3191 3192 3193 
1492 780 682 685 1637 1294 1244 1293 3194 3195 3196 
1493 41 3046 2 3048 3185 3197 50 3187 3198 3188 
1494 693 100 186 623 853 3199 3200 863 3201 860 
1495 619 103 102 187 871 110 870 3202 3203 3204 
1496 716 715 672 1612 1254 1253 1132 3205 3206 3207 
1497 187 101 102 686 3208 109 3203 3209 865 864 
1498 629 687 104 188 887 878 885 3210 3211 3212 
1499 629 104 105 188 885 112 884 3210 3213 3211 
1500 43 42 3048 3115 52 3186 3214 3215 3216 3217 
1501 44 3046 43 3048 3218 3219 53 3220 3214 3188 
1502 705 775 751 3147 1326 1327 1324 3221 3222 3223 
1503 706 661 1622 664 1190 3224 3225 1198 3226 1196 
1504 129 1666 128 3071 3227 3228 148 3229 3230 3231 
1505 311 230 3050 3065 417 3232 3233 3234 3235 3236 
1506 307 297 3050 3065 451 3237 3238 3239 3235 3240 
1507 266 3050 297 3065 3241 3237 590 3242 3240 3235 
1508 664 706 683 1625 1198 1213 1211 3243 3244 3245 
1509 694 693 1592 623 1011 3246 3247 1012 3248 863 
1510 278 3051 3078 3113 3249 3250 3251 3252 3253 3254 
1511 1590 3071 130 3088 3255 3256 3257 3258 3259 3260 
1512 243 3049 30 3065 3261 3262 378 3263 3264 3265 
1513 278 3051 27 3078 3249 3266 354 3251 3267 3250 
1514 756 699 3104 3151 1258 3268 3269 3178 3270 3179 
1515 274 3049 251 3065 3271 3272 517 3273 3274 3265 
1516 670 685 682 1616 1243 1244 1171 3275 3276 3277 
1517 309 3050 235 3065 3278 3279 445 3280 3281 3235 
1518 745 729 735 1652 1354 820 1356 3282 3283 3284 
1519 283 3072 3051 3098 3285 3286 3287 3288 3289 3290 
1520 1592 750 784 3156 3291 1029 3292 3293 3294 3295 
1521 26 27 286 3078 34 357 356 3296 3297 3267 
1522 236 3050 294 3065 3298 3299 352 3300 3301 3235 
1523 293 3050 309 3065 3302 3278 444 3303 3280 3235 
1524 131 1677 130 3088 3304 3305 150 3306 3259 3307 
1525 687 103 104 188 879 111 878 3212 3211 3308 
1526 289 311 3050 3065 418 3233 3309 3310 3235 3234 
1527 132 3057 4 3150 3311 3312 152 3313 3314 3315 
1528 303 3050 293 3065 3316 3302 331 3317 3303 3235 
1529 721 756 611 1632 945 946 814 3318 3319 3320 
1530 274 259 3049 3065 528 3321 3271 3273 3265 3322 
1531 307 3050 236 3065 3238 3298 449 3239 3300 3235 
1532 674 1626 711 710 3323 3324 1263 1261 997 3325 
1533 247 3072 283 3098 3326 3285 490 3327 3288 3290 
1534 71 1638 72 3097 3328 3329 91 3330 3331 3332 
1535 694 1592 693 784 3247 3246 1011 1314 1313 3292 
1536 74 73 734 3120 93 836 837 3333 3334 3335 
1537 297 236 307 3050 349 449 451 3237 3238 3298 
1538 671 1625 683 755 3336 3244 1212 1250 1249 3337 
1539 131 132 1656 3088 151 3338 3339 3306 3340 3341 
1540 294 3050 304 3065 3299 3342 353 3301 3343 3235 
1541 100 101 186 623 108 3344 3199 860 3201 861 
1542 69 3074 68 3107 3345 3346 88 3347 3348 3349 
1543 297 266 289 3050 590 591 346 3237 3309 3241 
1544 736 611 756 1606 947 946 949 3350 3351 3352 
1545 42 1470 41 3115 1500 1501 51 3217 3353 3354 
1546 289 3050 266 3065 3309 3241 591 3310 3242 3235 
1547 26 3078 3048 3113 3296 3355 3356 3357 3358 3253 
1548 31 243 30 3065 379 378 38 3359 3264 3263 
1549 27 3051 286 3078 3266 3360 357 3267 3297 3250 
1550 2 3048 3046 3109 3198 3188 3197 3361 3362 3363 
1551 101 1655 623 686 3364 3365 861 864 869 3366 
1552 728 617 1619 746 980 3367 3368 981 3369 977 
1553 671 684 678 1629 1247 1248 1216 3370 3371 3372 
1554 250 251 3049 3065 507 3272 3373 3374 3265 3274 
1555 26 278 27 3078 355 354 34 3296 3267 3251 
1556 309 293 235 3050 444 334 445 3278 3279 3302 
1557 45 3046 44 3048 3375 3218 54 3376 3220 3188 
1558 769 1592 114 750 3377 3378 795 892 891 3291 
1559 729 745 730 3117 1354 1355 955 3379 3380 3381 
1560 26 278 3078 3113 355 3251 3296 3357 3253 3252 
1561 4 132 185 770 152 3382 3383 794 3384 796 
1562 301 3048 26 3078 3385 3356 324 3386 3296 3355 
1563 291 3050 230 3065 3387 3232 340 3388 3236 3235 
1564 688 691 692 1685 1304 1307 1308 3389 3390 3391 
1565 707 669 1617 773 1158 3392 3393 1236 3394 1237 
1566 250 3049 248 3065 3373 3395 502 3374 3396 3265 
1567 265 3049 259 3065 3397 3321 555 3398 3322 3265 
1568 8 3054 1362 3096 3399 3400 1395 3401 3402 3403 
1569 724 614 754 3155 962 960 961 3404 3405 3406 
1570 32 3050 303 3065 3407 3316 321 3408 3317 3235 
1571 697 694 1655 623 1013 3409 3410 1009 3365 1012 
1572 248 3049 271 3065 3395 3411 486 3396 3412 3265 
1573 1364 11 10 3096 1406 20 1405 3413 3414 3415 
1574 190 3070 3 3080 3416 3417 3418 3419 3420 3421 
1575 74 1367 1371 3083 1463 1424 1460 3422 3423 3424 
1576 1362 8 1372 3086 1395 1398 1399 3425 3426 3427 
1577 127 128 733 3147 147 929 930 3428 3429 3430 
1578 670 682 656 1616 1171 1172 1162 3275 3431 3276 
1579 3072 3098 3049 3148 3290 3432 3433 3434 3435 3436 
1580 276 3072 3049 3148 3437 3433 3438 3439 3435 3434 
1581 125 1708 124 3106 3440 3441 144 3442 3443 3444 
1582 32 304 3050 3065 322 3342 3407 3408 3235 3343 
1583 289 266 311 3065 591 588 418 3310 3234 3242 
1584 743 612 725 3142 951 928 950 3445 3446 3447 
1585 291 235 3050 3065 337 3279 3387 3388 3235 3281 
1586 129 618 128 3147 932 933 148 3448 3430 3449 
1587 307 266 297 3065 585 590 451 3239 3240 3242 
1588 3046 3048 45 3109 3188 3376 3375 3362 3191 3363 
1589 744 783 625 1644 1023 1024 1022 3450 3451 3452 
1590 294 304 242 3065 353 391 480 3301 3453 3343 
1591 77 76 1646 3069 96 3454 3455 3456 3457 3458 
1592 693 99 769 3128 852 792 856 3459 3460 3461 
1593 276 3049 3098 3148 3438 3432 3462 3439 3436 3435 
1594 773 1633 728 3136 3463 3464 1241 3465 3466 3467 
1595 230 289 311 3050 343 418 417 3232 3233 3309 
1596 1668 65 3055 3064 3171 3468 3469 3172 3470 3173 
1597 3 1378 78 3080 1388 1389 98 3420 3471 3472 
1598 119 731 118 3127 902 903 138 3473 3474 3475 
1599 1693 75 76 738 3476 95 3477 3478 843 842 
1600 1470 1488 116 3076 1508 1547 1549 3479 3480 3481 
1601 283 3098 3051 3148 3288 3289 3287 3482 3483 3436 
1602 8 1362 9 3096 1395 1396 18 3401 3484 3402 
1603 120 752 119 3127 905 906 139 3485 3473 3486 
1604 271 3049 243 3065 3411 3261 473 3412 3263 3265 
1605 3051 3098 3072 3148 3289 3290 3286 3483 3434 3436 
1606 1364 3074 11 3096 3487 3488 1406 3413 3415 3489 
1607 750 693 1592 784 1315 3246 3291 1029 3292 1313 
1608 1656 132 3057 3088 3338 3311 3490 3340 3491 3341 
1609 262 3051 290 3078 3492 3493 551 3494 3495 3250 
1610 622 101 3143 3146 858 3496 3497 3498 3499 3500 
1611 688 692 762 1685 1308 1223 1305 3389 3501 3390 
1612 1599 711 713 674 3502 1264 3503 3504 1058 1263 
1613 74 1371 73 3083 1460 1457 93 3422 3505 3423 
1614 721 65 64 1631 810 84 809 3506 3507 3508 
1615 230 311 299 3065 417 421 420 3236 3509 3234 
1616 282 3049 276 3072 3510 3438 605 3511 3437 3433 
1617 72 1689 3067 3097 3512 3513 3514 3331 3515 3516 
1618 241 303 293 3065 390 331 477 3517 3303 3317 
1619 70 727 71 3108 827 828 90 3518 3519 3520 
1620 3058 3073 46 3109 3521 3189 3522 3523 3193 3192 
1621 1470 3062 3060 3115 3524 3525 3526 3354 3527 3528 
1622 646 647 645 3101 1114 1115 1107 3529 3530 3531 
1623 122 3073 123 3081 3532 3533 142 3534 3535 3536 
1624 704 743 1621 3144 1296 3183 3182 3537 3538 3539 
1625 621 712 1660 711 1002 3540 3541 998 3542 1001 
1626 290 3078 3051 3113 3495 3250 3493 3543 3254 3253 
1627 281 3051 285 3072 3544 3545 499 3546 3547 3286 
1628 3049 3072 273 3098 3433 3548 3549 3432 3550 3290 
1629 276 3049 232 3098 3438 3551 429 3462 3552 3432 
1630 753 124 125 1708 921 144 920 3553 3440 3441 
1631 125 612 753 1637 924 925 920 3554 3555 3556 
1632 26 3048 305 3113 3356 3557 325 3357 3558 3358 
1633 617 1633 727 728 3161 3160 832 980 979 3464 
1634 775 1648 705 743 3559 3560 1326 1325 1323 3561 
1635 43 3048 3046 3115 3214 3188 3219 3215 3562 3216 
1636 745 1607 782 3103 3563 3564 1230 3167 3169 3565 
1637 619 630 103 3124 880 876 871 3566 3567 3568 
1638 782 745 736 1652 1230 1358 1260 3569 3570 3282 
1639 2150 3070 2169 3080 3571 3572 2178 3573 3574 3421 
1640 67 3064 66 3107 3575 3174 86 3576 3577 3578 
1641 246 3049 273 3098 3579 3549 492 3580 3550 3432 
1642 190 2169 3070 3080 3581 3572 3416 3419 3421 3574 
1643 1666 3063 128 3071 3582 3166 3228 3231 3230 3583 
1644 1710 128 129 1666 3584 148 3585 1907 3227 3228 
1645 273 3049 252 3072 3549 3586 510 3548 3587 3433 
1646 105 188 104 3124 3213 3211 112 3588 3589 3590 
1647 1470 1488 3062 3115 1508 3591 3524 3354 3528 3592 
1648 268 3051 262 3078 3593 3492 570 3594 3494 3250 
1649 267 3049 265 3065 3595 3397 565 3596 3398 3265 
1650 42 41 3046 3115 51 3185 3184 3217 3562 3353 
1651 61 62 3068 3122 81 3597 3598 3599 3600 3601 
1652 1378 3 3070 3080 1388 3417 3602 3472 3421 3420 
1653 116 1487 1470 3076 1546 1502 1549 3480 3479 3603 
1654 769 99 4 185 792 106 791 3604 3383 3605 
1655 281 263 3051 3072 575 3606 3544 3546 3286 3607 
1656 3 78 1680 3080 98 3608 3609 3420 3610 3471 
1657 281 285 247 3072 499 498 496 3546 3326 3547 
1658 671 678 665 1627 1216 1217 1210 3611 3612 3613 
1659 117 118 615 1702 137 899 900 3614 3615 3616 
1660 1706 69 68 3107 3617 88 3618 3619 3348 3347 
1661 286 301 26 3078 359 324 356 3297 3296 3386 
1662 769 114 1592 3150 795 3378 3377 3620 3621 3622 
1663 3046 3048 42 3115 3188 3186 3184 3562 3217 3216 
1664 101 622 100 3128 858 859 108 3623 3624 3625 
1665 298 309 235 3065 446 445 442 3626 3281 3280 
1666 1489 1478 130 3071 1539 1577 1574 3627 3256 3628 
1667 611 735 66 1652 817 815 813 3629 3630 3283 
1668 70 1369 1376 3074 1455 1414 1452 3631 3632 3633 
1669 61 62 1701 764 81 3634 3635 800 3636 801 
1670 2164 3068 3086 3105 3637 3638 3639 3640 3641 3642 
1671 274 259 253 3049 528 527 516 3271 3643 3321 
1672 251 274 253 3049 517 516 515 3272 3643 3271 
1673 767 737 60 1596 799 797 786 3644 3645 3646 
1674 300 276 282 3049 604 605 568 3647 3510 3438 
1675 641 700 643 3102 1096 1097 1094 3648 3649 3650 
1676 1708 3066 124 3106 3651 3652 3441 3444 3443 3653 
1677 773 728 669 3136 1241 1240 1237 3465 3654 3466 
1678 44 43 3046 3115 53 3219 3218 3655 3562 3215 
1679 687 620 103 3143 881 872 879 3656 3657 3658 
1680 241 293 309 3065 477 444 476 3517 3280 3303 
1681 259 265 261 3049 555 554 537 3321 3659 3397 
1682 743 1647 780 612 3660 3661 952 951 953 3662 
1683 3 3070 190 3149 3417 3416 3418 3663 3664 3665 
1684 710 709 674 3095 1262 1049 1261 3666 3667 3668 
1685 755 739 627 1629 1032 940 1031 3669 3670 3671 
1686 619 103 1584 3124 871 3672 3673 3566 3674 3567 
1687 1362 3054 8 3086 3400 3399 1395 3425 3427 3675 
1688 1470 3062 1488 3076 3524 3591 1508 3479 3481 3676 
1689 738 772 744 3155 966 1359 1021 3677 3678 3679 
1690 674 1626 710 3095 3323 3325 1261 3667 3666 3680 
1691 777 739 755 1630 984 1032 1300 3681 3682 3683 
1692 260 3051 258 3072 3684 3685 541 3686 3687 3286 
1693 27 234 286 3051 360 364 357 3266 3360 3688 
1694 127 3141 1705 3142 3689 3690 3691 3692 3693 3694 
1695 1597 710 709 737 3695 1262 3696 3697 1038 1334 
1696 740 3156 626 3158 3698 3699 898 3700 3701 3702 
1697 312 276 300 3049 431 604 594 3703 3647 3438 
1698 254 3049 255 3072 3704 3705 524 3706 3707 3433 
1699 252 3049 254 3072 3586 3704 519 3587 3706 3433 
1700 1470 3060 41 3115 3526 3708 1501 3354 3353 3527 
1701 740 615 758 1602 901 969 970 3709 3710 3711 
1702 253 254 252 3049 520 519 514 3643 3586 3704 
1703 253 255 254 3049 525 524 520 3643 3704 3705 
1704 692 666 762 1628 1221 1222 1223 3712 3713 3714 
1705 690 1684 689 761 3715 3716 996 1004 1280 3717 
1706 614 772 738 3155 964 966 844 3406 3677 3679 
1707 703 672 1612 3131 1138 3206 3718 3719 3720 3721 
1708 123 124 1665 3066 143 3722 3723 3724 3725 3652 
1709 735 67 66 1692 816 86 815 3726 3727 3728 
1710 1371 3067 73 3083 3729 3730 1457 3423 3505 3731 
1711 118 1481 119 3062 1551 1552 138 3732 3733 3734 
1712 753 685 624 1637 1017 1016 922 3555 3735 3195 
1713 1363 1374 78 3080 1431 1468 1469 3736 3471 3737 
1714 675 747 716 3092 1267 1268 1133 3738 3739 3740 
1715 75 1646 76 3069 3741 3454 95 3742 3458 3457 
1716 273 249 252 3049 495 508 510 3549 3586 3743 
1717 291 230 299 3065 340 420 419 3388 3509 3236 
1718 663 661 664 3125 1194 1196 1197 3744 3745 3746 
1719 1367 3052 1371 3083 3747 3748 1424 3424 3423 3749 
1720 258 3051 257 3072 3685 3750 539 3687 3751 3286 
1721 3 78 768 189 98 787 788 3752 3753 3754 
1722 186 100 693 3128 3199 853 3200 3755 3459 3624 
1723 248 244 271 3049 485 481 486 3395 3411 3756 
1724 257 3051 263 3072 3750 3606 546 3751 3607 3286 
1725 767 3 105 189 785 113 789 3757 3758 3752 
1726 269 3051 268 3078 3759 3593 574 3760 3594 3250 
1727 273 246 249 3049 492 493 495 3549 3743 3579 
1728 279 3051 278 3113 3761 3249 456 3762 3252 3254 
1729 45 44 3046 3073 54 3218 3375 3190 3763 3764 
1730 32 242 304 3065 386 391 322 3408 3343 3453 
1731 101 622 3128 3146 858 3625 3623 3500 3765 3498 
1732 768 105 3 189 790 113 788 3753 3752 3758 
1733 625 738 744 1644 847 1021 1022 3451 3450 3766 
1734 313 262 290 3078 572 551 424 3767 3495 3494 
1735 753 612 780 1637 925 953 954 3555 3194 3556 
1736 66 1377 65 3064 1444 1441 85 3174 3173 3768 
1737 45 3073 3046 3109 3190 3763 3375 3191 3362 3192 
1738 251 249 250 3049 506 501 507 3272 3373 3743 
1739 244 243 271 3049 433 473 481 3756 3411 3261 
1740 738 75 614 1643 842 840 844 3769 3770 3771 
1741 99 770 4 3128 793 794 106 3461 3772 3773 
1742 272 30 3049 3065 381 3262 3774 3775 3265 3264 
1743 232 276 312 3049 429 431 428 3551 3703 3438 
1744 622 101 690 3143 858 867 868 3497 3776 3496 
1745 678 1685 689 776 3777 3778 1281 1218 1282 3779 
1746 691 687 629 1686 1041 887 1040 3780 3781 3782 
1747 255 3049 282 3072 3705 3510 535 3707 3511 3433 
1748 249 248 250 3049 494 502 501 3743 3373 3395 
1749 115 1487 116 3076 1544 1546 135 3783 3480 3603 
1750 291 298 235 3065 443 442 337 3388 3281 3626 
1751 1377 66 1361 3064 1444 1447 1403 3768 3784 3174 
1752 688 689 620 1585 994 995 993 3785 3786 3787 
1753 4 114 769 3150 133 795 791 3314 3620 3622 
1754 1487 3060 1470 3076 3788 3526 1502 3603 3479 3789 
1755 276 3098 232 3148 3462 3552 429 3439 3790 3436 
1756 1595 3069 2166 3080 3791 3792 3793 3794 3795 3796 
1757 639 641 642 3104 1085 1086 1087 3797 3798 3799 
1758 1470 3060 3062 3076 3526 3525 3524 3479 3676 3789 
1759 1656 3057 132 3150 3490 3311 3338 3800 3313 3315 
1760 767 60 3 189 786 79 785 3757 3752 3801 
1761 259 255 253 3049 526 525 527 3321 3643 3705 
1762 64 721 1631 765 809 3506 3507 807 3802 811 
1763 259 261 255 3049 537 536 526 3321 3705 3659 
1764 286 3051 284 3078 3360 3803 441 3297 3804 3250 
1765 45 46 1479 3073 55 1520 1521 3190 3805 3189 
1766 673 782 736 1606 1113 1260 1259 3806 3350 3807 
1767 251 253 252 3049 515 514 509 3272 3586 3643 
1768 127 128 1676 1582 147 3808 3809 3163 1866 3162 
1769 234 283 3051 3148 437 3287 3688 3810 3483 3482 
1770 683 664 1625 671 1211 3243 3244 1212 3336 1209 
1771 665 664 671 3126 1204 1209 1210 3811 3812 3813 
1772 1489 3056 1478 3071 3814 3815 1539 3627 3628 3816 
1773 237 27 278 3051 363 354 365 3817 3249 3266 
1774 765 712 1679 621 1003 3818 3819 808 3820 1002 
1775 1622 664 661 3125 3226 1196 3224 3821 3746 3745 
1776 1592 1655 694 623 1784 3409 3247 3248 1012 3365 
1777 755 627 779 1629 1031 1034 1035 3669 3822 3670 
1778 728 1619 773 746 3368 3823 1241 981 1333 3369 
1779 2 41 1474 3060 50 1490 1491 3824 3825 3708 
1780 249 251 252 3049 506 509 508 3743 3586 3272 
1781 1619 746 617 3153 3369 977 3367 3826 3176 3175 
1782 726 734 73 3120 838 836 834 3827 3335 3334 
1783 262 263 257 3051 547 546 544 3492 3750 3606 
1784 1621 660 705 704 3828 1192 3181 3182 1191 1178 
1785 262 257 258 3051 544 539 545 3492 3685 3750 
1786 265 267 261 3049 565 564 554 3397 3659 3595 
1787 703 649 672 3131 1136 1130 1138 3719 3721 3829 
1788 123 3073 3066 3081 3533 3830 3724 3535 3831 3536 
1789 1489 128 1477 3063 1571 1573 1538 3832 3833 3166 
1790 102 619 187 3091 870 3202 3203 3834 3835 3836 
1791 616 752 1651 771 910 3837 3838 975 3839 976 
1792 750 1682 115 3158 3840 3841 890 3842 3843 3844 
1793 231 3048 3078 3113 3845 3355 3846 3847 3253 3358 
1794 678 761 689 1639 1279 1280 1281 3848 3849 3850 
1795 102 187 686 3091 3203 3209 865 3834 3851 3835 
1796 249 246 248 3049 493 484 494 3743 3395 3579 
1797 299 274 251 3065 518 517 511 3509 3274 3273 
1798 734 614 74 3120 841 839 837 3334 3333 3852 
1799 669 653 707 3129 1149 1157 1158 3853 3854 3855 
1800 754 1623 722 724 3856 3857 1339 961 1345 3858 
1801 117 3062 118 3134 3859 3732 137 3860 3861 3862 
1802 743 780 1647 682 952 3661 3660 1295 3863 1294 
1803 184 2282 3057 3150 3864 3865 3866 3867 3315 3868 
1804 733 3142 127 3147 3869 3692 930 3429 3428 3870 
1805 2271 3046 3060 3115 3871 3872 3873 3874 3527 3562 
1806 752 1651 120 616 3837 3875 905 910 909 3838 
1807 748 760 779 3146 1316 1303 1033 3876 3877 3878 
1808 241 32 303 3065 385 321 390 3517 3317 3408 
1809 739 618 129 1630 937 932 936 3683 3879 3880 
1810 616 1664 747 3092 3881 3882 973 3883 3740 3884 
1811 2 49 3048 3109 59 3885 3198 3361 3363 3886 
1812 246 244 248 3049 483 485 484 3579 3395 3756 
1813 1379 1367 74 3083 1427 1463 1462 3887 3422 3424 
1814 128 1666 1582 3063 3228 1843 3162 3166 3165 3582 
1815 64 1362 1372 3086 1443 1399 1440 3888 3426 3425 
1816 1622 661 706 3094 3224 1190 3225 3889 3890 3891 
1817 41 3060 3046 3115 3708 3872 3185 3353 3562 3527 
1818 3077 3116 3057 3150 3892 3893 3894 3895 3315 3896 
1819 127 126 3141 3142 146 3897 3689 3692 3694 3898 
1820 1363 3061 1374 3080 3899 3900 1431 3736 3737 3901 
1821 3051 3072 260 3148 3286 3686 3684 3483 3902 3434 
1822 103 619 1584 187 871 3673 3672 3204 1786 3202 
1823 2 305 26 3048 326 325 33 3198 3356 3557 
1824 190 2150 2169 3080 3903 2178 3581 3419 3574 3573 
1825 301 2 26 3048 323 33 324 3385 3356 3198 
1826 272 31 30 3065 380 38 381 3775 3264 3359 
1827 294 14 15 3050 350 24 351 3299 3904 3905 
1828 750 1592 114 1654 3291 3378 891 3906 3907 1778 
1829 281 263 269 3051 575 573 576 3544 3759 3606 
1830 2 3046 3085 3109 3197 3908 3909 3361 3910 3362 
1831 313 268 262 3078 571 570 572 3767 3494 3594 
1832 268 269 263 3051 574 573 569 3593 3606 3759 
1833 1692 67 66 3107 3728 86 3727 3911 3577 3576 
1834 233 243 244 3049 383 433 432 3912 3756 3261 
1835 313 3078 290 3113 3767 3495 424 3913 3543 3253 
1836 295 236 294 3065 447 352 448 3914 3301 3300 
1837 115 1654 114 3077 3915 3907 134 3916 3917 3918 
1838 233 30 243 3049 375 378 383 3912 3261 3262 
1839 1628 666 762 3126 3714 1222 3713 3919 3920 3921 
1840 77 1680 78 3080 3922 3608 97 3923 3471 3610 
1841 735 729 67 1672 820 818 816 3924 3925 3926 
1842 763 122 123 1636 915 142 914 3927 3928 3929 
1843 1706 3074 69 3107 3930 3345 3617 3619 3347 3349 
1844 273 3072 247 3098 3548 3326 491 3550 3327 3290 
1845 614 3120 754 3155 3852 3931 960 3406 3405 3932 
1846 48 3048 47 3113 3933 3934 57 3935 3936 3358 
1847 672 648 716 3139 1129 1131 1132 3937 3938 3939 
1848 101 187 1655 686 3208 1781 3364 864 3366 3209 
1849 693 186 1592 623 3200 1775 3246 863 3248 3201 
1850 714 1615 672 715 3940 3941 1252 1018 1253 3942 
1851 122 123 1580 3081 142 3943 3944 3534 3945 3535 
1852 1633 71 727 3108 3159 828 3160 3946 3520 3519 
1853 1694 65 64 3105 3947 84 3948 3949 3950 3951 
1854 1617 707 773 3123 3393 1236 3394 3952 3953 3954 
1855 1378 3070 3061 3080 3602 3955 3956 3472 3901 3421 
1856 268 263 262 3051 569 547 570 3593 3492 3606 
1857 240 3048 301 3078 3957 3385 394 3958 3386 3355 
1858 1364 1373 3074 3096 1409 3959 3487 3413 3489 3960 
1859 1663 117 3062 3076 3961 3859 3962 3963 3676 3964 
1860 261 300 282 3049 566 568 538 3659 3510 3647 
1861 692 783 744 1628 1310 1023 1312 3712 3965 3966 
1862 706 705 751 1658 1193 1324 1297 3967 3968 3969 
1863 274 266 259 3065 558 557 528 3273 3322 3242 
1864 116 1488 117 3076 1547 1548 136 3480 3964 3481 
1865 1475 122 1485 3152 1561 1558 1519 3970 3971 3972 
1866 673 736 756 1606 1259 949 1257 3806 3351 3350 
1867 1668 65 66 1632 3171 85 3170 2107 3973 3974 
1868 724 722 723 3125 1345 1203 1344 3975 3976 3977 
1869 258 290 262 3051 552 551 545 3685 3492 3493 
1870 74 1693 75 3083 3978 3476 94 3422 3979 3980 
1871 234 284 286 3051 439 441 364 3688 3360 3803 
1872 2172 3052 3067 3110 3981 3982 3983 3984 3985 3986 
1873 691 688 687 1585 1304 992 1041 3987 3988 3785 
1874 261 282 255 3049 538 535 536 3659 3705 3510 
1875 769 693 1592 750 856 3246 3377 892 3291 1315 
1876 745 782 1607 1652 1230 3564 3563 3282 1982 3569 
1877 105 767 189 3124 789 3757 3758 3588 3989 3990 
1878 290 3051 264 3113 3493 3991 553 3543 3992 3254 
1879 1489 130 129 3071 1574 149 1572 3627 3229 3256 
1880 2274 3056 3046 3084 3993 3994 3995 3996 3997 3998 
1881 279 264 3051 3113 580 3991 3761 3762 3254 3992 
1882 721 611 65 1632 814 812 810 3318 3974 3319 
1883 617 1619 1633 728 3367 2038 3161 980 3464 3368 
1884 102 187 103 3143 3203 3204 110 3999 3657 4000 
1885 267 312 300 3049 593 594 567 3595 3647 3703 
1886 1651 752 120 3127 3837 905 3875 4001 3485 3486 
1887 250 299 251 3065 512 511 507 3374 3274 3509 
1888 261 267 300 3049 564 567 566 3659 3647 3595 
1889 77 625 749 1695 846 850 848 4002 4003 4004 
1890 1478 130 3071 3088 1577 3256 3628 4005 3260 3259 
1891 60 61 1675 737 80 4006 4007 797 4008 798 
1892 1370 1369 70 3097 1419 1455 1454 4009 4010 4011 
1893 743 704 682 3144 1296 1173 1295 3539 4012 3537 
1894 773 1633 1619 728 3463 2038 3823 1241 3368 3464 
1895 239 48 47 3113 410 57 411 4013 3936 3935 
1896 187 102 101 3143 3203 109 3208 4000 3496 3999 
1897 27 3051 237 3148 3266 3817 363 4014 4015 3483 
1898 1655 694 697 3087 3409 1013 3410 4016 4017 4018 
1899 2282 3077 3057 3150 4019 3894 3865 3868 3315 3895 
1900 747 1650 716 3092 4020 4021 1268 3740 3739 4022 
1901 1582 3063 1669 3141 3165 4023 1840 4024 4025 4026 
1902 625 76 738 1644 845 843 847 3451 3766 4027 
1903 764 710 1675 737 1000 4028 4029 802 4008 1334 
1904 776 762 666 3126 1225 1222 1215 4030 3921 3920 
1905 1655 186 101 623 1780 3344 3364 3365 861 3201 
1906 46 1479 3073 3106 1520 3805 3189 4031 4032 4033 
1907 71 3082 1583 3097 4034 4035 4036 3330 4037 4038 
1908 680 681 668 3089 1231 1232 1092 4039 4040 4041 
1909 1 303 32 3050 317 321 40 4042 3407 3316 
1910 1 32 304 3050 40 322 320 4042 3342 3407 
1911 13 297 12 3050 345 344 22 4043 4044 3237 
1912 753 624 124 1665 922 917 921 4045 3722 4046 
1913 626 3156 750 3158 3699 3295 895 3701 3842 3702 
1914 267 272 3049 3065 592 3774 3595 3596 3265 3775 
1915 1373 67 68 3074 1445 87 1448 3959 3346 4047 
1916 1376 69 70 3074 1449 89 1452 3632 3631 3345 
1917 1658 751 706 683 3968 1297 3967 4048 1213 1298 
1918 2172 3053 3052 3110 4049 4050 3981 3984 3986 4051 
1919 281 280 263 3072 577 548 575 3546 3607 4052 
1920 709 737 628 3119 1038 1039 1037 4053 4054 4055 
1921 682 780 1647 1637 1294 3661 3863 3196 2035 3194 
1922 703 714 1615 672 1246 3940 4056 1138 3941 1252 
1923 30 232 3049 3098 372 3551 3262 4057 3432 3552 
1924 231 3048 296 3078 3845 4058 406 3846 4059 3355 
1925 314 3072 276 3148 4060 3437 602 4061 3439 3434 
1926 684 779 760 1639 1301 1303 1302 4062 4063 4064 
1927 294 15 304 3050 351 319 353 3299 3342 3904 
1928 743 1647 612 3142 3660 3662 951 3445 3447 4065 
1929 664 1622 706 1625 3226 3225 1198 3243 3245 2063 
1930 1364 10 1373 3096 1405 1408 1409 3413 3960 3414 
1931 314 282 276 3072 562 605 602 4060 3437 3511 
1932 1610 729 745 1652 4066 1354 4067 1991 3282 3284 
1933 237 278 279 3051 365 456 455 3817 3761 3249 
1934 755 779 684 1629 1035 1301 1251 3669 3372 3822 
1935 769 99 185 3128 792 3605 3604 3460 4068 3461 
1936 246 273 247 3098 492 491 488 3580 3327 3550 
1937 1668 65 1667 3055 3171 4069 1737 3469 4070 3468 
1938 46 45 3048 3109 55 3376 4071 3193 3363 3191 
1939 1379 3052 1367 3083 4072 3747 1427 3887 3424 3749 
1940 1673 69 70 3118 4073 89 4074 4075 4076 4077 
1941 2164 3086 2151 3105 3639 4078 2187 3640 4079 3641 
1942 184 2282 2263 3057 3864 2291 4080 3866 4081 3865 
1943 1626 621 710 764 4082 999 3325 4083 1000 805 
1944 305 2 49 3048 326 59 328 3557 3885 3198 
1945 1364 1376 11 3074 1412 1413 1406 3487 3488 3632 
1946 1606 782 736 1652 3807 1260 3350 1983 3570 3569 
1947 116 117 1589 3076 136 4084 4085 3480 4086 3964 
1948 269 268 316 3078 574 596 595 3760 4087 3594 
1949 296 3048 238 3078 4058 4088 403 4059 4089 3355 
1950 685 1616 670 3135 3277 3275 1243 4090 4091 4092 
1951 1708 3079 3066 3106 4093 4094 3651 3444 3653 4095 
1952 1661 119 120 3075 4096 139 4097 4098 4099 4100 
1953 671 1627 665 3126 3611 3612 1210 3812 3811 4101 
1954 773 669 1617 3136 1237 3392 3394 3465 4102 3654 
1955 234 270 283 3148 370 438 437 3810 3482 4103 
1956 747 717 716 1650 972 1336 1268 4020 4021 4104 
1957 260 315 3051 3148 560 4105 3684 3902 3483 4106 
1958 14 294 236 3050 350 352 348 3905 3298 3299 
1959 1489 3063 1477 3084 3832 3833 1538 4107 4108 4109 
1960 1669 1582 2278 3063 1840 4110 4111 4023 4112 3165 
1961 48 292 49 3048 414 413 58 3933 3885 4113 
1962 118 1472 1481 3062 1553 1513 1551 3732 3734 4114 
1963 694 757 676 3156 1272 1269 1271 4115 4116 4117 
1964 736 735 611 1652 948 817 947 3570 3629 3283 
1965 235 293 8 3050 334 330 332 3279 4118 3302 
1966 625 77 76 1695 846 96 845 4004 4119 4002 
1967 3 1680 190 3080 3609 1798 3418 3420 3419 3610 
1968 244 3049 246 3098 3756 3579 483 4120 3580 3432 
1969 750 3156 1682 3158 3295 4121 3840 3842 3844 3702 
1970 755 684 671 1629 1251 1247 1250 3669 3370 3372 
1971 617 72 1638 726 831 3329 4122 835 4123 833 
1972 2164 3068 3105 3122 3637 3642 3640 4124 4125 3600 
1973 250 248 298 3065 502 504 503 3374 3626 3396 
1974 266 265 259 3065 556 555 557 3242 3322 3398 
1975 2 3085 49 3109 3909 4126 59 3361 3886 3910 
1976 8 3054 3096 3133 3399 3403 3401 4127 4128 4129 
1977 46 3048 231 3113 4071 3845 404 4130 3847 3358 
1978 7 303 1 3050 318 317 16 4131 4042 3316 
1979 15 1 304 3050 25 320 319 3904 3342 4042 
1980 123 3066 1580 3081 3724 4132 3943 3535 3945 3831 
1981 688 620 687 1585 993 881 992 3785 3988 3786 
1982 726 73 1640 3120 834 4133 4134 3827 4135 3335 
1983 125 3079 1708 3106 4136 4093 3440 3442 3444 4095 
1984 725 733 775 3142 931 1348 1349 3446 4137 3869 
1985 693 769 1592 3128 856 3377 3246 3459 4138 3460 
1986 122 1483 123 3073 1559 1560 142 3532 3533 4139 
1987 119 3127 118 3134 3473 3474 138 4140 3861 4141 
1988 749 768 78 1686 851 787 849 4142 4143 4144 
1989 656 1616 682 3144 3431 3276 1172 4145 4012 4146 
1990 75 1646 3069 3083 3741 3457 3742 3979 4147 4148 
1991 247 273 281 3072 491 497 496 3326 3546 3548 
1992 711 1599 1626 674 3502 1940 3324 1263 3323 3504 
1993 2271 3060 3062 3115 3873 3525 4149 3874 3528 3527 
1994 1626 621 711 710 4082 998 3324 3325 997 999 
1995 9 1362 1377 3096 1396 1404 1402 3484 4150 3402 
1996 27 237 28 3148 363 362 35 4014 4151 4015 
1997 299 250 298 3065 512 503 4152 3509 3626 3374 
1998 26 305 278 3113 325 358 355 3357 3252 3558 
1999 131 627 130 1687 938 939 150 4153 4154 4155 
2000 260 258 256 3072 541 540 542 3686 4156 3687 
2001 129 1710 1666 3071 3585 1907 3227 3229 3231 4157 
2002 298 291 299 3065 443 419 4152 3626 3509 3388 
2003 132 1471 1482 3057 1579 1495 1499 3311 4158 4159 
2004 46 231 288 3113 404 409 408 4130 4160 3847 
2005 3086 3105 3068 3122 3641 3642 3638 4161 3600 4125 
2006 3054 3070 3061 3121 4162 3955 4163 4164 4165 4166 
2007 308 3048 240 3078 4167 3957 397 4168 3958 3355 
2008 295 307 236 3065 450 449 447 3914 3300 3239 
2009 756 721 1631 1632 945 3506 4169 3320 1985 3318 
2010 4 769 185 3150 791 3604 3383 3314 4170 3620 
2011 306 3051 269 3078 4171 3759 600 4172 3760 3250 
2012 248 271 298 3065 486 505 504 3396 3626 3412 
2013 14 13 1367 3052 23 1420 1421 4173 3747 4174 
2014 270 3098 283 3148 4175 3288 438 4103 3482 3436 
2015 185 4 770 3128 3383 794 3384 4068 3773 3772 
2016 279 278 310 3113 456 607 579 3762 4176 3252 
2017 763 123 624 1636 914 918 919 3927 4177 3928 
2018 1699 1656 3057 3088 1773 3490 4178 4179 3491 3340 
2019 742 613 730 3117 958 956 957 4180 3380 4181 
2020 305 49 292 3048 328 413 416 3557 4113 3885 
2021 1582 2265 2278 3063 4182 2324 4110 3165 4112 4183 
2022 1487 41 1470 3060 1503 1501 1502 3788 3526 3708 
2023 305 3048 292 3113 3557 4113 416 3558 4184 3358 
2024 767 628 737 1596 888 1039 799 3644 3646 4185 
2025 297 13 236 3050 345 347 349 3237 3298 4043 
2026 311 266 274 3065 588 558 589 3234 3273 3242 
2027 14 236 13 3050 348 347 23 3905 4043 3298 
2028 2285 2278 3063 3141 2353 4112 4186 4187 4026 4188 
2029 1702 740 116 3158 4189 897 4190 4191 4192 3700 
2030 3054 3055 2151 3086 4193 4194 4195 3675 4078 4196 
2031 1616 685 682 1637 3277 1244 3276 2028 3196 3195 
2032 292 3048 48 3113 4113 3933 414 4184 3935 3358 
2033 745 735 736 1652 1356 948 1358 3282 3570 3283 
2034 104 188 103 3124 3211 3308 111 3589 3567 3590 
2035 301 41 2 3048 327 50 323 3385 3198 3187 
2036 258 264 290 3051 549 553 552 3685 3493 3991 
2037 43 308 238 3048 395 400 399 3214 4088 4167 
2038 42 308 43 3048 396 395 52 3186 3214 4167 
2039 691 629 749 1645 1040 1042 1043 4197 4198 4199 
2040 617 726 1638 3153 835 4123 4122 3176 4200 3177 
2041 784 750 626 3156 1029 895 1028 3294 3699 3295 
2042 690 761 622 3146 1004 1005 868 4201 3498 4202 
2043 2263 2279 1699 3057 2334 4203 4204 4081 4178 4205 
2044 1481 119 3062 3075 1552 3733 3734 4206 4207 4100 
2045 678 776 665 1627 1218 1214 1217 3613 3612 4208 
2046 1377 3064 1361 3096 3768 3784 1403 4150 4209 4210 
2047 190 2169 1698 3070 3581 4211 1716 3416 4212 3572 
2048 2284 3056 3071 3088 4213 3816 4214 4215 3260 4216 
2049 3061 3069 3052 3111 4217 4218 4219 4220 4221 4222 
2050 689 1684 690 3143 3716 3715 996 4223 3776 4224 
2051 1478 3071 3056 3088 3628 3816 3815 4005 4216 3260 
2052 2274 3046 3058 3084 3995 4225 4226 3996 4227 3997 
2053 622 3143 690 3146 3497 3776 868 3498 4201 3499 
2054 11 289 230 3050 341 343 339 4228 3232 3309 
2055 672 716 1612 3139 1132 3205 3206 3937 4229 3938 
2056 257 263 280 3072 546 548 533 3751 4052 3607 
2057 286 240 301 3078 469 394 359 3297 3386 3958 
2058 3046 3073 3058 3109 3763 3521 4225 3362 3523 3192 
2059 1692 66 3064 3107 3727 3174 4230 3911 3578 3577 
2060 2156 2166 1646 3069 2220 4231 4232 4233 3457 3792 
2061 49 1478 48 3056 1535 1536 58 4234 4235 3815 
2062 687 103 1585 3143 879 4236 3988 3656 4237 3657 
2063 2286 3057 3077 3116 4238 3894 4239 4240 3892 3893 
2064 755 671 1625 1629 1250 3336 3337 3669 2076 3370 
2065 238 3048 308 3078 4088 4167 400 4089 4168 3355 
2066 1595 1646 2166 3069 1766 4231 3793 3791 3792 3457 
2067 739 777 618 1630 984 985 937 3683 3880 3681 
2068 636 634 676 3087 1059 1061 1062 4241 4242 4243 
2069 691 783 692 1645 1309 1310 1307 4197 4244 4245 
2070 1606 611 756 1632 3352 946 3351 1984 3320 3319 
2071 1360 8 7 3054 1391 17 1390 4246 4247 3399 
2072 1489 3056 3071 3084 3814 3816 3627 4107 4248 3998 
2073 1489 3071 3063 3084 3627 3583 3832 4107 4109 4248 
2074 281 269 285 3051 576 598 499 3544 3545 3759 
2075 1677 1590 130 3088 1849 3257 3305 3307 3259 3258 
2076 233 3049 244 3098 3912 3756 432 4249 4120 3432 
2077 30 3049 233 3098 3262 3912 375 4057 4249 3432 
2078 731 118 1635 615 903 4250 4251 904 4252 899 
2079 189 767 60 1596 3757 786 3801 1793 3645 3644 
2080 1371 1367 13 3110 1424 1420 1423 4253 4254 4255 
2081 2275 3058 3063 3084 4256 4257 4258 4259 4109 4227 
2082 756 1631 721 3151 4169 3506 945 3178 3180 4260 
2083 1371 3067 3052 3110 3729 3982 3748 4253 3986 3985 
2084 293 303 7 3050 331 318 329 3302 4131 3316 
2085 238 296 44 3048 403 402 398 4088 3220 4058 
2086 630 619 3119 3124 880 4261 4262 3568 4263 3566 
2087 78 1374 77 3080 1468 1465 97 3471 3923 3737 
2088 1599 713 711 3140 3503 1264 3502 4264 4265 4266 
2089 747 616 717 1664 973 913 972 3882 4267 3881 
2090 1679 63 64 765 4268 83 4269 3819 807 806 
2091 311 274 299 3065 589 518 421 3234 3509 3273 
2092 258 257 256 3072 539 532 540 3687 4156 3751 
2093 312 267 272 3049 593 592 427 3703 3774 3595 
2094 3052 3067 1371 3083 3982 3729 3748 3749 3423 3731 
2095 715 1615 672 1612 3942 3941 1253 3207 3206 2012 
2096 1481 43 1473 3115 1512 1511 1514 4270 4271 3215 
2097 1667 3055 65 3105 4070 3468 4069 4272 3951 4273 
2098 185 132 1656 770 3382 3338 1770 3384 4274 796 
2099 1606 736 611 1652 3350 947 3352 1983 3629 3570 
2100 673 644 782 3102 1101 1112 1113 4275 4276 4277 
2101 65 3055 64 3105 3468 4278 84 3951 3950 4273 
2102 61 1701 62 3122 3635 3634 81 3599 3601 4279 
2103 44 43 238 3048 53 399 398 3220 4088 3214 
2104 11 10 3096 3132 20 3414 3415 4280 4281 4282 
2105 612 1647 780 1637 3662 3661 953 3556 3194 2035 
2106 102 686 619 3091 865 874 870 3834 3836 3851 
2107 1364 1373 68 3074 1409 1448 1451 3487 3346 3959 
2108 49 1486 1478 3085 1541 1542 1535 4126 4283 4284 
2109 2284 2279 3057 3088 2339 4205 4285 4215 3491 4286 
2110 115 3076 116 3158 3783 3480 135 3843 4192 4287 
2111 289 12 297 3050 342 344 346 3309 3237 4044 
2112 14 1367 1379 3111 1421 1427 1428 4288 4289 4290 
2113 42 240 308 3048 392 397 396 3186 4167 3957 
2114 1583 1638 71 3097 1871 3328 4036 4037 3330 3332 
2115 1488 3062 117 3076 3591 3859 1548 3481 3964 3676 
2116 673 782 1606 3102 1113 3807 3806 4275 4291 4276 
2117 41 240 42 3048 393 392 51 3187 3186 3957 
2118 8 3096 9 3133 3401 3484 18 4127 4292 4128 
2119 3056 3057 2273 3085 4293 4294 4295 4296 4297 4298 
2120 231 3078 313 3113 3846 3767 425 3847 3913 3253 
2121 3061 3070 2173 3080 3955 4299 4300 3901 4301 3421 
2122 60 3070 3 3149 4302 3417 79 4303 3663 3665 
2123 780 685 753 1637 1293 1017 954 3194 3555 3195 
2124 1478 1489 48 3084 1539 1537 1536 4304 4305 4107 
2125 713 1599 674 3095 3503 3504 1058 4306 3667 4307 
2126 1638 71 72 617 3328 91 3329 4122 831 830 
2127 2160 3052 3047 3061 4308 4309 4310 4311 4312 4219 
2128 2159 3054 2151 3086 4313 4195 2234 4314 4078 3675 
2129 232 3098 29 3148 3552 4315 373 3790 4316 3436 
2130 1651 771 752 3127 3839 976 3837 4001 3486 4317 
2131 713 674 633 3095 1058 1047 1057 4306 4318 3667 
2132 1474 2 3060 3116 1491 3824 3825 4319 4320 4321 
2133 768 629 105 1686 889 884 790 4144 4322 3781 
2134 283 284 234 3051 440 439 437 3287 3688 3803 
2135 3054 3055 1362 3096 4193 4323 3400 3403 3402 4324 
2136 1375 3068 61 3086 4325 3598 1433 4326 4327 3638 
2137 4 132 1482 3057 152 1499 1497 3312 4158 3311 
2138 1475 3073 122 3081 4328 3532 1561 4329 3534 3536 
2139 301 240 41 3048 394 393 327 3385 3187 3957 
2140 122 1475 1483 3073 1561 1523 1559 3532 4139 4328 
2141 692 744 759 3155 1312 1311 1219 4330 4331 3678 
2142 738 744 1644 3155 1021 3450 3766 3677 4332 3678 
2143 3052 3061 2162 3069 4219 4333 4334 4218 4335 4217 
2144 231 45 296 3048 405 401 406 3845 4058 3376 
2145 657 658 655 3093 1166 1167 1165 4336 4337 4338 
2146 643 645 644 3101 1104 1105 1099 4339 4340 3530 
2147 44 296 45 3048 402 401 54 3220 3376 4058 
2148 1369 1370 12 3110 1419 1417 1411 4341 4342 4343 
2149 717 715 716 1636 1337 1254 1336 4344 4345 4346 
2150 77 1374 3069 3080 1465 4347 3456 3923 3796 3737 
2151 72 1638 1689 3097 3329 1870 3512 3331 3516 3332 
2152 1483 123 3073 3106 1560 3533 4139 4348 4032 4349 
2153 10 11 230 3050 20 339 338 4350 3232 4228 
2154 3057 3060 2273 3085 4351 4352 4294 4298 4297 4353 
2155 678 671 1629 1627 1216 3370 3371 3613 2077 3611 
2156 63 64 1372 3086 83 1440 1437 4354 3426 3888 
2157 1694 64 1631 765 3948 3507 2103 4355 3802 807 
2158 3046 3056 2273 3085 3994 4295 4356 3908 4297 4296 
2159 3046 2273 3060 3085 4356 4352 3872 3908 4353 4297 
2160 740 1634 3156 3158 4357 4358 3698 3700 3702 4359 
2161 61 3068 1375 3070 3598 4325 1433 4360 4361 4362 
2162 756 699 673 3104 1258 1255 1257 3269 4363 3268 
2163 44 3059 3046 3073 4364 4365 3218 3764 3763 4366 
2164 1631 65 64 1694 3508 84 3507 2103 3948 3947 
2165 117 1663 3062 3134 3961 3962 3859 3860 3862 4367 
2166 724 1623 722 3125 3858 3857 1345 3975 3977 4368 
2167 1373 3064 67 3074 4369 3575 1445 3959 4047 4370 
2168 1379 74 75 3083 1462 94 1461 3887 3979 3422 
2169 756 3104 1606 3151 3269 4371 3351 3178 4372 3270 
2170 705 1658 706 3094 3969 3967 1193 4373 3890 4374 
2171 48 47 3048 3109 57 3934 3933 4375 3363 4376 
2172 32 31 242 3065 39 387 386 3408 3453 3359 
2173 710 1597 709 3095 3695 3696 1262 3666 3668 4377 
2174 314 260 3072 3148 561 3686 4060 4061 3434 3902 
2175 1660 1626 621 711 1951 4082 3541 3542 998 3324 
2176 11 3096 3053 3132 3415 4378 4379 4280 4380 4281 
2177 3066 3079 3058 3106 4094 4381 4382 3653 4383 4095 
2178 777 1630 683 3147 3681 4384 1299 4385 4386 4387 
2179 2269 3071 2279 3088 4388 4389 2333 4390 4286 3260 
2180 1651 616 771 3092 3838 975 3839 4391 4392 3883 
2181 275 232 29 3148 376 373 368 4393 4316 3790 
2182 706 1658 683 1625 3967 4048 1213 3245 3244 2065 
2183 284 3051 306 3078 3803 4171 610 3804 4172 3250 
2184 1668 3055 2153 3064 3469 4394 4395 3172 4396 3470 
2185 1375 1360 7 3121 1393 1390 1392 4397 4398 4399 
2186 646 700 675 3138 1108 1123 1121 4400 4401 4402 
2187 747 771 616 3092 974 975 973 3740 3883 4392 
2188 235 8 9 3050 332 18 333 3279 4403 4118 
2189 712 765 1679 3151 1003 3819 3818 4404 4405 4406 
2190 30 29 232 3098 37 373 372 4057 3552 4315 
2191 705 1648 1621 743 3560 2059 3181 1323 3183 3561 
2192 646 643 700 3101 1106 1097 1108 3529 4407 4339 
2193 1706 1670 69 3074 2147 4408 3617 3930 3345 4409 
2194 1670 3074 2170 3082 4409 4410 4411 4412 4413 4414 
2195 679 740 758 3157 1285 970 1283 4415 4416 4417 
2196 633 632 634 3114 1045 1050 1051 4418 4419 4420 
2197 638 635 637 3100 1067 1065 1066 4421 4422 4423 
2198 2156 3069 1646 3083 4233 3457 4232 4424 4148 4147 
2199 758 1602 615 3145 3710 3711 969 4425 4426 4427 
2200 1635 778 731 615 4428 967 4251 4252 904 968 
2201 2282 2286 3057 3077 2342 4238 3865 4019 3894 4239 
2202 1375 3070 3054 3121 4361 4162 4429 4397 4164 4166 
2203 1375 3054 3070 3086 4429 4162 4361 4326 4430 3675 
2204 101 3128 186 3146 3623 3755 3344 3500 4431 3765 
2205 60 1675 61 3149 4007 4006 80 4303 4432 4433 
2206 1369 3082 70 3097 4434 4435 1455 4011 4010 4038 
2207 76 1693 738 1644 3477 3478 843 4027 3766 2128 
2208 762 689 1685 776 1306 3778 3501 1225 3779 1282 
2209 2286 3060 3057 3116 4436 4351 4238 4240 3893 4320 
2210 737 709 1597 3119 1038 3696 3697 4055 4437 4053 
2211 11 3074 3053 3096 3488 4438 4379 3415 4378 3489 
2212 729 1610 745 3117 4066 4067 1354 3379 3381 4439 
2213 46 45 231 3048 55 405 404 4071 3845 3376 
2214 272 232 312 3049 382 428 427 3774 3703 3551 
2215 1681 60 3 3149 4440 79 4441 4442 3663 4303 
2216 1633 71 1638 617 3159 3328 2049 3161 4122 830 
2217 749 625 783 1645 850 1024 1025 4198 4245 4443 
2218 618 129 1630 3147 932 3879 3880 3449 4387 3448 
2219 1362 3055 3054 3086 4323 4193 3400 3425 3675 4196 
2220 126 125 1683 612 145 4444 4445 923 4446 924 
2221 1625 671 664 3126 3336 1209 3243 4447 3813 3812 
2222 119 118 3062 3134 138 3732 3733 4140 3862 3861 
2223 12 13 3050 3132 22 4043 4044 4448 4449 4450 
2224 1619 1633 773 3136 2038 3463 3823 4451 3465 3467 
2225 123 122 1580 1636 142 3944 3943 3928 1853 3929 
2226 129 130 739 1687 149 935 936 4452 4453 4154 
2227 230 291 10 3050 340 336 338 3232 4350 3387 
2228 275 276 232 3148 430 429 376 4393 3790 3439 
2229 186 101 100 3128 3344 108 3199 3755 3624 3623 
2230 66 1668 1692 3064 3170 1885 3727 3174 4230 3172 
2231 1377 3055 65 3064 4454 3468 1441 3768 3173 3470 
2232 2160 3061 3054 3070 4311 4163 4455 4456 4162 3955 
2233 737 1596 628 3119 3646 4185 1039 4055 4054 4457 
2234 265 266 307 3065 556 585 584 3398 3239 3242 
2235 1619 773 1617 3136 3823 3394 2037 4451 4102 3465 
2236 1615 703 672 1612 4056 1138 3941 2012 3206 3718 
2237 689 620 1585 3143 995 3786 3787 4223 4237 3658 
2238 78 3 1680 189 98 3609 3608 3754 1799 3752 
2239 273 252 280 3072 510 521 523 3548 4052 3587 
2240 3052 3069 1379 3111 4218 4458 4072 4221 4289 4222 
2241 130 131 1687 1677 150 4153 4154 3305 1908 3304 
2242 748 770 695 3146 944 857 1317 3876 4459 4460 
2243 103 687 1585 188 879 3988 4236 3308 1788 3212 
2244 279 310 264 3113 579 578 580 3762 3992 4176 
2245 73 3067 1371 3097 3730 3729 1457 4461 4462 3515 
2246 306 285 269 3051 599 598 600 4171 3759 3545 
2247 705 751 1658 3147 1324 3968 3969 3221 4463 3222 
2248 271 309 298 3065 475 446 505 3412 3626 3280 
2249 9 291 235 3050 335 337 333 4403 3279 3387 
2250 48 3048 49 3109 3933 3885 58 4375 3886 3363 
2251 47 46 3048 3109 56 4071 3934 4376 3363 3193 
2252 700 3101 643 3102 4407 4339 1097 3650 3649 4464 
2253 294 242 295 3065 480 478 448 3301 3914 3453 
2254 1379 75 3069 3083 1461 3742 4458 3887 4147 3979 
2255 763 717 122 1636 916 911 915 3927 3929 4344 
2256 740 757 626 3156 1026 1027 898 3698 3699 4117 
2257 2285 3079 2278 3141 4465 4466 2353 4187 4188 4467 
2258 1592 1682 750 3156 1917 3840 3291 3293 3295 4121 
2259 778 681 680 3127 1287 1231 1286 4468 4469 4470 
2260 1470 42 1488 3115 1500 1507 1508 3354 3592 3217 
2261 1476 1480 46 3058 1527 1528 1526 4471 3522 4472 
2262 1376 1369 11 3053 1414 1410 1413 4473 4379 4474 
2263 691 688 1585 1685 1304 3785 3987 3391 1881 3389 
2264 660 704 1621 3144 1178 3182 3828 4475 3538 3537 
2265 1592 185 769 3150 1774 3604 3377 3621 3620 4170 
2266 1615 714 624 715 3940 1015 4476 3942 1019 1018 
2267 708 658 718 3123 1181 1180 1183 4477 4478 4479 
2268 1375 1360 3054 3086 1393 4246 4429 4326 3675 4480 
2269 1360 1372 8 3086 1397 1398 1391 4480 3427 3426 
2270 638 698 720 3140 1080 1081 1082 4481 4482 4483 
2271 739 755 1630 1629 1032 3682 3683 3671 2079 3669 
2272 118 1635 615 1702 4250 4252 899 3616 3615 1966 
2273 1374 3069 3061 3111 4347 4217 3900 4484 4220 4222 
2274 1629 684 678 1639 3372 1248 3371 2087 3848 4062 
2275 281 273 280 3072 497 523 577 3546 4052 3548 
2276 103 187 1584 3124 3204 1786 3672 3567 3674 4485 
2277 1472 1481 3062 3115 1513 3734 4114 4486 3528 4270 
2278 73 1371 72 3097 1457 1458 92 4461 3331 4462 
2279 71 1370 70 3097 1453 1454 90 3330 4010 4009 
2280 3061 3070 1378 3121 3955 3602 3956 4165 4487 4166 
2281 774 730 745 3117 1276 1355 1228 4488 3381 3380 
2282 696 3145 640 3154 4489 4490 1078 4491 4492 4493 
2283 2271 3059 3046 3115 4494 4365 3871 3874 3562 4495 
2284 2286 3077 3060 3116 4239 4496 4436 4240 4320 3892 
2285 1375 61 62 3086 1433 81 1436 4326 4497 4327 
2286 3079 3141 126 3142 4467 3897 4498 4499 3898 3694 
2287 250 291 299 298 513 419 512 503 4152 443 
2288 660 657 704 3144 1176 1170 1178 4475 3537 4500 
2289 2274 2275 3056 3084 2373 4501 3993 3996 3998 4259 
2290 15 1374 1363 3111 1430 1431 1382 4502 4503 4484 
2291 283 285 284 3051 500 609 440 3287 3803 3545 
2292 664 663 3125 3126 1197 3744 3745 3813 4504 4505 
2293 1617 773 1619 3123 3394 3823 2037 3952 4506 3953 
2294 49 3056 48 3109 4234 4235 58 3886 4375 4507 
2295 689 688 762 1685 994 1305 1306 3778 3501 3389 
2296 1679 63 765 621 4268 806 3819 3820 808 804 
2297 31 241 243 3065 384 388 379 3359 3263 3517 
2298 670 1616 656 3135 3275 3431 1162 4091 4508 4092 
2299 14 13 3052 3112 23 4174 4173 4509 4510 4511 
2300 44 3046 3059 3115 3218 4365 4364 3655 4495 3562 
2301 123 124 3066 3106 143 3652 3724 4349 3653 3443 
2302 14 15 3050 3112 24 3904 3905 4509 4512 4513 
2303 117 118 1663 3134 137 4514 3961 3860 4367 3861 
2304 189 188 105 3124 196 3213 3758 3989 3588 3590 
2305 1685 692 762 1628 3390 1223 3501 2086 3713 3712 
2306 1648 775 733 3142 3559 1348 4515 4516 3869 4137 
2307 654 670 656 3135 1161 1162 1159 4517 4508 4091 
2308 1599 1626 674 3095 1940 3323 3504 4307 3667 3680 
2309 1 7 3050 3133 16 4131 4042 4518 4519 4520 
2310 1482 3057 1471 3085 4158 4159 1495 4521 4522 4298 
2311 764 1675 61 737 4029 4006 800 802 798 4008 
2312 272 30 232 3049 381 372 382 3774 3551 3262 
2313 15 1363 1 3061 1382 1383 25 4523 4524 3899 
2314 1656 184 3057 3150 1771 3866 3490 3800 3315 3867 
2315 1475 3081 122 3152 4329 3534 1561 3970 3972 4525 
2316 64 3055 1362 3086 4278 4323 1443 3888 3425 4196 
2317 116 117 740 1702 136 896 897 4190 4189 3614 
2318 279 3051 315 3148 3761 4105 581 4526 4106 3483 
2319 3061 3069 1374 3080 4217 4347 3900 3901 3737 3796 
2320 1582 1669 1705 3141 1840 1868 1867 4024 3690 4025 
2321 783 744 1628 1644 1023 3965 3966 3452 2090 3450 
2322 66 65 611 1632 85 812 813 3973 3319 3974 
2323 115 3077 3076 3158 3916 4527 3783 3843 4287 4528 
2324 761 1684 689 1639 3717 3716 1280 3850 3849 1924 
2325 187 619 1584 3091 3202 3673 1786 3835 4529 3836 
2326 1681 3 190 3149 4441 3418 1801 4442 3664 3663 
2327 313 231 296 3078 425 406 426 3767 4059 3846 
2328 642 641 3102 3104 1086 3648 4530 3798 4531 3799 
2329 1471 3057 132 3088 4159 3311 1579 4532 3341 3491 
2330 1369 12 11 3053 1411 21 1410 4474 4379 4533 
2331 641 3090 700 3102 4534 4535 1096 3648 3650 4536 
2332 740 626 116 3158 898 893 897 3700 4192 3701 
2333 2165 3067 1689 3082 4537 3513 4538 4539 4540 4541 
2334 3057 3116 4 3150 3893 4542 3312 3315 3314 3896 
2335 279 264 315 3051 580 559 581 3761 4105 3991 
2336 716 3138 1612 3139 4543 4544 3205 3938 4229 4545 
2337 1652 66 611 1632 3630 813 3629 1986 3319 3973 
2338 13 14 3050 3112 23 3905 4043 4511 4512 4509 
2339 710 1675 1626 764 4028 1942 3325 1000 4083 4029 
2340 1487 1474 41 3060 1504 1490 1503 3788 3708 3825 
2341 2275 3063 3056 3084 4258 4546 4501 4259 3998 4109 
2342 624 685 714 1615 1016 1014 1015 4476 3940 4547 
2343 1639 779 760 3146 4064 1303 4063 4548 3878 3877 
2344 1655 686 187 3091 3366 3209 1781 4549 3835 3851 
2345 1665 1580 123 3066 1854 3943 3723 3725 3724 4132 
2346 684 760 761 1639 1302 1008 1278 4062 3850 4063 
2347 1701 3068 61 3149 4550 3598 3635 4551 4432 4552 
2348 781 734 726 3120 1351 838 1350 4553 3827 3334 
2349 1363 1378 1 3121 1384 1385 1383 4554 4555 4487 
2350 2169 2150 2173 3070 2178 2229 2228 3572 4299 3571 
2351 46 3073 3058 3106 3189 3521 3522 4031 4383 4032 
2352 32 241 31 3065 385 384 39 3408 3359 3517 
2353 237 3051 279 3148 3817 3761 455 4015 4526 3483 
2354 2285 3058 3079 3141 4556 4381 4465 4187 4467 4557 
2355 703 3131 1615 3135 3719 4558 4056 4559 4560 4561 
2356 256 255 282 3072 530 535 534 4156 3511 3707 
2357 729 735 1652 1672 820 3283 3284 3926 2006 3924 
2358 271 243 241 3065 473 388 474 3412 3517 3263 
2359 128 1676 1582 1666 3808 1866 3162 3228 1843 1865 
2360 2149 2170 1671 3074 2202 4562 4563 4564 4565 4410 
2361 1663 3062 1703 3076 3962 4566 1862 3963 4567 3676 
2362 2150 2173 3070 3080 2229 4299 3571 3573 3421 4301 
2363 2155 2169 3070 3149 2181 3572 4568 4569 3665 4570 
2364 185 99 4 3128 3605 106 3383 4068 3772 3461 
2365 1682 3077 115 3158 4571 3916 3841 3844 3843 4528 
2366 234 28 270 3148 361 366 370 3810 4103 4151 
2367 49 1478 3056 3085 1535 3815 4234 4126 4296 4283 
2368 680 681 3089 3127 1231 4041 4039 4469 4572 4470 
2369 781 3120 726 3153 4553 3827 1350 4573 3177 4574 
2370 716 648 3138 3139 1131 4575 4543 3938 4545 3939 
2371 69 1706 68 3118 3617 3618 88 4077 4576 4577 
2372 1693 75 738 1643 3476 842 3478 2127 3769 3771 
2373 776 678 1685 1627 1218 3777 3779 4208 2085 3613 
2374 1367 3052 1379 3111 3747 4072 1427 4290 4289 4221 
2375 2285 3063 3058 3141 4186 4257 4556 4187 4557 4026 
2376 103 188 187 3124 3308 195 3204 3567 4485 3590 
2377 190 1680 3 189 1798 3609 3418 197 3752 1799 
2378 735 67 1692 1672 816 3728 3726 3924 1889 3925 
2379 8 3050 293 3133 4118 3302 330 4127 4578 4519 
2380 660 705 706 3094 1192 1193 1189 4579 3890 4373 
2381 293 3050 7 3133 3302 4131 329 4578 4520 4519 
2382 3046 3059 2276 3073 4365 4580 4581 3763 4582 4366 
2383 729 68 67 1672 819 87 818 3926 3925 4583 
2384 14 3052 1367 3111 4173 3747 1421 4288 4290 4221 
2385 1641 73 3067 3083 4584 3730 4585 4586 3731 3505 
2386 1689 3082 3067 3097 4540 4541 3513 3516 3515 4038 
2387 2164 2151 1587 3105 2187 4587 4588 3640 4589 4079 
2388 1375 3054 1360 3121 4429 4246 1393 4397 4399 4164 
2389 639 3089 641 3104 4590 4591 1085 3797 3799 4592 
2390 715 763 624 1636 1020 919 1019 4346 4177 3927 
2391 1607 745 1652 3103 3563 3282 1982 3565 4593 3167 
2392 128 1484 1477 3063 1570 1534 1573 3166 3833 4594 
2393 2271 3046 2273 3060 3871 4356 2368 3873 4352 3872 
2394 1478 48 3056 3084 1536 4235 3815 4304 3998 4305 
2395 779 684 1629 1639 1301 3372 3822 4064 2087 4062 
2396 1369 3053 1376 3074 4474 4473 1414 3633 3632 4438 
2397 668 3089 681 3090 4040 4041 1232 4595 4596 4597 
2398 1375 3070 3068 3086 4361 4362 4325 4326 3638 4430 
2399 684 761 678 1639 1278 1279 1248 4062 3848 3850 
2400 1478 3056 1489 3084 3815 3814 1539 4304 4107 3998 
2401 1373 1361 66 3064 1407 1447 1446 4369 3174 3784 
2402 2263 1699 184 3057 4204 1717 4080 4081 3866 4178 
2403 239 292 48 3113 415 414 410 4013 3935 4184 
2404 2170 1670 1671 3074 4411 1746 4562 4410 4565 4409 
2405 3066 3073 123 3106 3830 3533 3724 3653 4349 4032 
2406 685 670 714 3135 1243 1245 1014 4090 4598 4091 
2407 1621 743 1647 3144 3183 3660 2045 3538 4599 3539 
2408 1367 3052 13 3110 3747 4174 1420 4255 4254 3986 
2409 306 284 285 3051 610 609 599 4171 3545 3803 
2410 15 1 3050 3112 25 4042 3904 4513 4512 4600 
2411 71 70 1696 3082 90 4601 4602 4034 4603 4435 
2412 775 1648 733 3147 3559 4515 1348 3223 3429 4604 
2413 669 653 3129 3130 1149 3855 3853 4605 4606 4607 
2414 2171 3061 2173 3080 4608 4300 2230 4609 4301 3901 
2415 1591 2283 1691 3066 4610 4611 1834 4612 4613 4614 
2416 1611 702 650 3139 4615 1128 4616 4617 4618 4619 
2417 114 1654 1592 3150 3907 1778 3378 3622 3621 4620 
2418 72 1641 73 3067 4621 4584 92 3514 3730 4585 
2419 1703 3062 2264 3076 4566 4622 4623 4567 4624 3676 
2420 8 7 3054 3133 17 4247 3399 4127 4129 4520 
2421 245 244 246 3098 435 483 482 4625 3580 4120 
2422 647 650 702 3139 1127 1128 1116 4626 4619 4618 
2423 271 241 309 3065 474 476 475 3412 3280 3517 
2424 687 629 1686 188 887 3781 3782 3212 1795 3210 
2425 1606 782 1607 3102 3807 3564 1978 4291 4627 4276 
2426 1482 4 3057 3116 1497 3312 4158 4628 3893 4542 
2427 1481 3075 3062 3115 4206 4207 3734 4270 3528 4629 
2428 118 1488 1472 3062 1550 1509 1553 3732 4114 3591 
2429 2158 3054 3047 3096 4630 4631 4632 4633 4634 3403 
2430 783 691 749 1645 1309 1043 1025 4245 4198 4197 
2431 649 672 3131 3139 1130 3721 3829 4635 4636 3937 
2432 2269 1590 2279 3071 4637 4638 2333 4388 4389 3255 
2433 127 1484 128 3063 1568 1570 147 3164 3166 4594 
2434 1360 3054 7 3121 4246 4247 1390 4399 4398 4164 
2435 2159 3068 3054 3086 4639 4640 4313 4314 3675 3638 
2436 1685 691 692 1645 3391 1307 3390 1880 4244 4197 
2437 669 707 1617 3129 1158 3393 3392 3853 4641 3854 
2438 190 3070 1698 3149 3416 4212 1716 3664 4642 3665 
2439 1703 2270 3062 3134 4643 4644 4566 4645 3862 4646 
2440 644 1607 782 3102 4647 3564 1112 4277 4276 4627 
2441 3059 2266 3081 3152 4648 4649 4650 4651 4525 4652 
2442 252 254 280 3072 519 522 521 3587 4052 3706 
2443 1610 1652 745 3103 1991 3282 4067 4653 3167 4593 
2444 2156 1588 2168 3083 4654 4655 2217 4424 4656 4657 
2445 702 650 677 3117 1128 1142 1143 4658 4659 4660 
2446 279 315 277 3148 581 606 454 4526 4661 4106 
2447 1615 624 685 1637 4476 1016 4547 2027 3195 3735 
2448 1379 3069 3052 3083 4458 4218 4072 3887 3749 4147 
2449 1693 1646 75 3083 1899 3741 3476 3980 3979 4148 
2450 740 1602 758 3157 3709 3710 970 4417 4416 4662 
2451 715 716 1636 1612 1254 4345 4346 3207 2014 3205 
2452 67 1373 66 3064 1445 1446 86 3575 3174 4369 
2453 77 76 1695 1646 96 4119 4002 3455 1932 3454 
2454 73 72 3067 3097 92 3514 3730 4461 3515 3331 
2455 99 693 100 3128 852 853 107 3461 3624 3459 
2456 1362 3055 1377 3096 4323 4454 1404 3402 4150 4324 
2457 1371 3052 1367 3110 3748 3747 1424 4253 4255 3986 
2458 2272 2271 3060 3062 2347 3873 4663 4664 3525 4149 
2459 1696 70 71 3108 4601 90 4602 4665 3519 3518 
2460 1377 1362 64 3055 1404 1443 1442 4454 4278 4323 
2461 185 770 1656 3128 3384 4274 1770 4068 4666 3773 
2462 122 1664 121 3081 4667 4668 141 3534 4669 4670 
2463 724 3125 723 3155 3975 3976 1344 3404 4671 4672 
2464 1368 1379 76 3069 1429 1464 1467 4673 3458 4458 
2465 1694 1667 65 3105 1893 4069 3947 3949 3951 4272 
2466 671 1625 1627 3126 3336 2071 3611 3812 4101 4447 
2467 256 254 255 3072 529 524 530 4156 3707 3706 
2468 1631 721 65 1632 3506 810 3508 1985 3974 3318 
2469 10 291 9 3050 336 335 19 4350 4403 3387 
2470 694 784 757 3156 1314 1030 1272 4115 4117 3294 
2471 1599 711 1626 3140 3502 3324 1940 4264 4674 4265 
2472 186 693 1592 3128 3200 3246 1775 3755 4138 3459 
2473 3064 3074 2167 3107 4370 4675 4676 3578 4677 3349 
2474 2159 2151 3054 3055 2234 4195 4313 4678 4193 4194 
2475 742 613 3117 3118 958 4181 4180 4679 4680 4681 
2476 776 1627 762 3126 4208 4682 1225 4030 3920 4101 
2477 2171 2162 3061 3069 2253 4333 4608 4683 4217 4335 
2478 1708 1665 124 3066 2122 3722 3441 3651 3652 3725 
2479 246 247 245 3098 488 487 482 3580 4625 3327 
2480 2274 3058 2275 3084 4226 4256 2373 3996 4259 4227 
2481 1360 8 3054 3086 1391 3399 4246 4480 3675 3427 
2482 61 3068 1701 3122 3598 4550 3635 3599 4279 3600 
2483 1374 1368 76 3069 1432 1467 1466 4347 3458 4673 
2484 1686 629 105 188 3781 884 4322 1795 3213 3210 
2485 769 185 1592 3128 3604 1774 3377 3460 4138 4068 
2486 188 103 187 3143 3308 3204 195 4684 4000 3657 
2487 73 72 726 1641 92 833 834 4584 4685 4621 
2488 737 1675 60 1596 4008 4007 797 3646 3645 1937 
2489 1582 1676 127 1705 1866 3809 3163 1867 3691 1869 
2490 1698 3070 2169 3149 4212 3572 4211 4642 4570 3665 
2491 1375 62 1360 3086 1436 1439 1393 4326 4480 4497 
2492 1686 691 687 1585 3780 1041 3782 1797 3988 3987 
2493 187 101 186 3143 3208 3344 194 4000 4686 3496 
2494 186 1655 1592 623 1780 1784 1775 3201 3248 3365 
2495 1487 3077 115 3116 4687 3916 1544 4688 4689 3892 
2496 11 289 3050 3132 341 3309 4228 4280 4449 4690 
2497 127 1676 128 3147 3809 3808 147 3428 3430 4691 
2498 15 3061 1 3112 4523 4524 25 4513 4600 4692 
2499 3056 3063 2275 3071 4546 4258 4501 3816 4693 3583 
2500 1481 3075 3115 3152 4206 4629 4270 4694 4695 4696 
2501 756 1606 1631 3151 3351 1974 4169 3178 4260 4372 
2502 615 740 117 1702 901 896 900 3615 3614 4189 
2503 2281 2265 1582 3063 2327 4182 4697 4698 3165 4183 
2504 68 3074 67 3107 3346 4047 87 3348 3576 3349 
2505 119 3075 1661 3134 4100 4098 4096 4140 4699 4700 
2506 12 3050 289 3132 4044 3309 342 4448 4690 4449 
2507 187 186 101 1655 194 3344 3208 1781 3364 1780 
2508 664 3125 1625 3126 3745 4701 3243 3813 4447 4504 
2509 771 3090 1651 3092 4702 4703 3839 4392 4391 4704 
2510 1363 3061 1378 3121 3899 3956 1384 4554 4487 4165 
2511 743 682 1647 3144 1295 3863 3660 3539 4599 4012 
2512 1374 3061 1363 3111 3900 3899 1431 4484 4503 4220 
2513 722 754 719 3120 1339 1340 1338 4705 4706 3931 
2514 76 75 1693 1646 95 3476 3477 3454 1899 3741 
2515 62 621 63 3122 803 804 82 3601 4707 4708 
2516 1660 1626 711 3140 1951 3324 3542 4709 4265 4674 
2517 678 689 1685 1639 1281 3778 3777 3848 2089 3849 
2518 306 269 316 3078 600 595 463 4172 4087 3760 
2519 1632 1668 65 1667 2107 3171 3974 2108 4069 1737 
2520 703 1615 714 3135 4056 3940 1246 4559 4598 4560 
2521 732 742 741 3108 959 1357 1353 4710 4711 4712 
2522 120 119 1661 3127 139 4096 4097 3485 4713 3473 
2523 1637 753 125 1708 3555 920 3554 2123 3440 3553 
2524 1611 650 702 3117 4616 1128 4615 4714 4658 4660 
2525 700 701 675 3092 1235 1265 1123 4715 3738 4716 
2526 3064 3074 1373 3096 4370 3959 4369 4210 3960 3489 
2527 1371 3097 3067 3110 4462 3515 3729 4253 3985 4717 
2528 681 771 701 3090 1289 1290 1233 4596 4718 4702 
2529 1631 765 721 3151 3802 811 3506 4260 3180 4406 
2530 745 667 774 3103 1229 1227 1228 3167 4719 3168 
2531 2171 2166 3069 3080 2227 3792 4683 4609 3796 3795 
2532 1652 735 66 1692 3283 815 3630 2105 3727 3726 
2533 2162 3052 2160 3061 4334 4308 2260 4333 4311 4219 
2534 741 742 766 3136 1357 1277 1242 4720 4721 4722 
2535 2160 3054 2173 3070 4455 4723 2258 4456 4299 4162 
2536 2284 2269 2279 3088 2366 2333 2339 4215 4286 4390 
2537 131 1656 1677 3088 3339 2145 3304 3306 3307 3340 
2538 2170 3074 2154 3082 4410 4724 2205 4413 4725 4414 
2539 683 1658 751 3147 4048 3968 1298 4386 3222 4463 
2540 1650 747 1664 3092 4020 3882 2119 4022 3884 3740 
2541 1681 3 60 189 4441 79 4440 1800 3801 3752 
2542 1686 768 78 189 4144 787 4143 1794 3754 3753 
2543 2281 3063 1666 3071 4698 3582 4726 4727 3231 3583 
2544 1635 118 731 3127 4250 903 4251 4728 3475 3474 
2545 1471 3085 3057 3088 4522 4298 4159 4532 3491 4729 
2546 612 125 1683 1637 924 4444 4446 3556 2120 3554 
2547 2172 3052 2152 3067 3981 4730 2239 3983 4731 3982 
2548 1644 783 625 1645 3452 1024 3451 2093 4443 4245 
2549 1690 1642 74 3083 1895 4732 4733 4734 3422 4735 
2550 3047 3053 2163 3096 4736 4737 4738 4634 4739 4378 
2551 712 1660 711 3151 3540 3542 1001 4404 4740 4741 
2552 712 1660 1679 621 3540 2081 3818 1002 3820 3541 
2553 2284 3057 3056 3088 4285 4293 4213 4215 4216 3491 
2554 2 3085 3060 3116 3909 4353 3824 4321 4320 4742 
2555 10 11 3050 3132 20 4228 4350 4282 4449 4280 
2556 2272 3062 3060 3076 4664 3525 4663 4743 3789 3676 
2557 2160 3047 3054 3061 4310 4631 4455 4311 4163 4312 
2558 664 1622 1625 3125 3226 2063 3243 3745 4701 3821 
2559 2173 3054 2159 3070 4723 4313 2249 4299 4744 4162 
2560 1486 1478 3085 3088 1542 4283 4284 4745 4729 4005 
2561 2154 3053 2172 3097 4746 4049 2246 4747 4748 4749 
2562 126 1683 125 3079 4445 4444 145 4498 4136 4750 
2563 636 634 3087 3114 1059 4243 4241 4751 4752 4419 
2564 1655 1592 694 1674 1784 3247 3409 1919 4753 1918 
2565 1655 3087 697 3091 4016 4017 3410 4549 4754 4755 
2566 8 9 3050 3133 18 4403 4118 4127 4519 4292 
2567 3052 3053 3047 3110 4050 4736 4309 3986 4756 4051 
2568 1651 3090 771 3127 4703 4702 3839 4001 4317 4757 
2569 2275 3058 2285 3063 4256 4556 2352 4258 4186 4257 
2570 614 738 1643 3155 844 3769 3770 3406 4758 3677 
2571 1709 118 3127 3134 4759 3474 4760 4761 4141 3861 
2572 2274 3058 3046 3073 4226 4225 3995 4762 3763 3521 
2573 739 130 627 1687 935 939 940 4453 4155 4154 
2574 1675 61 1701 764 4006 3635 1931 4029 3636 800 
2575 725 127 733 3142 926 930 931 3446 3869 3692 
2576 15 1363 3061 3111 1382 3899 4523 4502 4220 4503 
2577 3054 3061 3047 3121 4163 4312 4631 4164 4763 4165 
2578 1593 1656 770 3128 1779 4274 4764 4765 3773 4666 
2579 1682 1654 115 3077 1916 3915 3841 4571 3916 3918 
2580 3047 3061 3052 3111 4312 4219 4309 4766 4221 4220 
2581 121 1485 122 3152 1556 1558 141 4767 3972 3971 
2582 2160 2173 3061 3070 2258 4300 4311 4456 3955 4299 
2583 1597 710 1626 3095 3695 3325 1941 4377 3680 3666 
2584 184 1699 1656 3057 1717 1773 1771 3866 3490 4178 
2585 1647 682 1616 3144 3863 3276 2033 4599 4146 4012 
2586 1475 3073 3081 3152 4328 3536 4329 3970 4525 4768 
2587 2281 1582 1666 3063 4697 1843 4726 4698 3582 3165 
2588 1643 3120 614 3155 4769 3852 3770 4758 3406 3932 
2589 1676 128 1710 1666 3808 3584 2100 1865 1907 3228 
2590 3053 3082 1369 3097 4770 4434 4474 4749 4011 4038 
2591 2151 3086 3055 3105 4078 4196 4194 4079 4273 3641 
2592 1642 1693 74 3083 1897 3978 4732 4735 3422 3980 
2593 1379 75 76 3069 1461 95 1464 4458 3458 3742 
2594 1668 2167 1586 3064 4771 4772 1740 3172 4773 4676 
2595 713 3095 633 3114 4306 4318 1057 4774 4418 4775 
2596 773 746 1619 3153 1333 3369 3823 4776 3826 3175 
2597 3 1681 190 189 4441 1801 3418 3752 197 1800 
2598 2273 3056 2284 3057 4295 4213 2374 4294 4285 4293 
2599 1370 3053 1369 3097 4777 4474 1419 4009 4011 4749 
2600 2153 2167 1668 3064 2196 4771 4395 4396 3172 4676 
2601 690 1684 761 3146 3715 3717 1004 4201 4202 4778 
2602 748 1593 770 3146 4779 4764 944 3876 4460 4780 
2603 3058 3084 3046 3109 4227 3997 4225 3523 3362 4781 
2604 727 728 1633 3108 979 3464 3160 3520 3946 4782 
2605 247 283 245 3098 490 489 487 3327 4625 3288 
2606 2155 1698 2169 3149 4783 4211 2181 4569 4570 4642 
2607 1650 1612 716 3138 2001 3205 4021 4784 4543 4544 
2608 782 1606 1607 1652 3807 1978 3564 3569 1982 1983 
2609 1663 1589 117 3076 1902 4084 3961 3963 3964 4086 
2610 771 3090 681 3127 4702 4596 1289 4317 4470 4757 
2611 712 721 765 3151 1322 811 1003 4404 4406 3180 
2612 2284 3071 2269 3088 4214 4388 2366 4215 4390 3260 
2613 239 47 288 3113 411 407 412 4013 4160 3936 
2614 119 3062 3075 3134 3733 4207 4100 4140 4700 3862 
2615 1707 116 3076 3158 4785 3480 4786 4787 4287 4192 
2616 1644 625 76 1695 3451 845 4027 2130 4119 4004 
2617 1376 3053 11 3074 4473 4379 1413 3632 3488 4438 
2618 2264 2277 1703 3076 2300 4788 4623 4624 4567 4789 
2619 2157 2153 1668 3055 2193 4395 4790 4791 3469 4394 
2620 767 1596 189 3124 3644 1793 3757 3990 3989 4792 
2621 61 3068 62 3086 3598 3597 81 4327 4497 3638 
2622 756 1631 1606 1632 4169 1974 3351 3320 1984 1985 
2623 633 3095 632 3114 4318 4793 1045 4418 4420 4775 
2624 117 118 1702 1663 137 3616 3614 3961 1900 4514 
2625 2284 3056 2269 3071 4213 4794 2366 4214 4388 3816 
2626 742 3136 3118 3137 4722 4795 4679 4796 4797 4798 
2627 706 1658 1622 3094 3967 2057 3225 3890 3889 4374 
2628 105 768 1686 189 790 4144 4322 3758 1794 3753 
2629 632 3087 634 3114 4799 4243 1050 4420 4419 4752 
2630 77 1374 76 3069 1465 1466 96 3456 3458 4347 
2631 3059 3075 2266 3152 4800 4801 4648 4651 4652 4696 
2632 1363 1 3061 3121 1383 4524 3899 4554 4165 4555 
2633 10 3096 3132 3133 3414 4281 4282 4802 4803 4128 
2634 1628 762 1627 3126 3713 4682 2073 3919 4101 3920 
2635 1591 2267 2283 3066 4804 2318 4610 4612 4614 4805 
2636 305 292 278 3113 416 608 358 3558 3252 4184 
2637 116 1707 1702 3158 4785 1905 4190 4192 4191 4787 
2638 2164 3105 1659 3122 3640 4806 4807 4124 4808 4125 
2639 3054 3068 2159 3070 4640 4639 4313 4162 4744 4362 
2640 2154 3074 3053 3082 4724 4438 4746 4725 4770 4414 
2641 626 750 115 3158 895 890 894 3701 3843 3842 
2642 117 1488 118 3062 1548 1550 137 3859 3732 3591 
2643 710 1597 1675 737 3695 1936 4028 1334 4008 3697 
2644 1676 127 1705 3142 3809 3691 1869 4809 3693 3692 
2645 660 1621 705 3094 3828 3181 1192 4579 4373 4810 
2646 240 286 284 3078 469 441 470 3958 3804 3297 
2647 740 615 1602 1702 901 3711 3709 4189 1965 3615 
2648 1487 115 114 3116 1544 134 1543 4688 4811 4689 
2649 722 1623 754 3120 3857 3856 1339 4705 3931 4812 
2650 8 293 7 3133 330 329 17 4127 4520 4578 
2651 1655 1674 694 3087 1919 4753 3409 4016 4018 4813 
2652 1592 750 1682 1654 3291 3840 1917 1778 1916 3906 
2653 1623 3125 724 3155 4368 3975 3858 4814 3404 4672 
2654 660 3094 3093 3144 4579 4815 4816 4475 4817 4818 
2655 12 11 3053 3132 21 4379 4533 4448 4380 4280 
2656 64 1694 1679 765 3948 1894 4269 807 3819 4355 
2657 3063 3071 3056 3084 3583 3816 4546 4109 3998 4248 
2658 717 616 121 1664 913 908 912 4267 4668 3881 
2659 49 3085 3056 3109 4126 4296 4234 3886 4507 3910 
2660 1481 119 3075 3152 1552 4100 4206 4694 4696 4819 
2661 1377 3055 3064 3096 4454 3470 3768 4150 4210 4324 
2662 2274 2273 3046 3056 2369 4356 3995 3993 3994 4295 
2663 666 3126 1628 3155 3921 3919 3714 4820 4821 4822 
2664 703 1612 1615 3131 3718 2012 4056 3719 4558 3720 
2665 1625 683 1630 3147 3244 4384 2078 4823 4387 4386 
2666 747 701 771 3092 1266 1290 974 3740 4392 4716 
2667 287 308 240 3078 460 397 471 4824 3958 4168 
2668 184 1700 2282 3150 1720 4825 3864 3867 3868 4826 
2669 1366 60 1375 3070 1435 1434 1394 4827 4361 4302 
2670 30 233 29 3098 375 374 37 4057 4315 4249 
2671 657 3093 655 3144 4336 4337 1165 4500 4828 4817 
2672 689 690 620 3143 996 875 995 4223 3658 3776 
2673 700 646 3101 3138 1108 3529 4407 4402 4829 4400 
2674 1616 682 1647 1637 3276 3863 2033 2028 2035 3196 
2675 1591 3066 1708 3079 4612 3651 1914 4830 4093 4094 
2676 1700 3077 2282 3150 4831 4019 4825 4826 3868 3895 
2677 1369 12 3053 3110 1411 4533 4474 4341 4051 4342 
2678 1703 2270 2264 3062 4643 2303 4623 4566 4622 4644 
2679 46 3058 1480 3106 3522 4472 1528 4031 4832 4383 
2680 290 264 302 3113 553 583 582 3543 4833 3992 
2681 1369 3053 1370 3110 4474 4777 1419 4341 4343 4051 
2682 60 1366 1378 3070 1435 1386 1387 4302 3602 4827 
2683 1703 3062 1663 3134 4566 3962 1862 4645 4367 3862 
2684 61 1375 60 3070 1433 1434 80 4360 4302 4361 
2685 708 746 773 3153 1332 1333 1328 4834 4776 3175 
2686 756 673 1606 3104 1257 3806 3351 3269 4371 4363 
2687 123 1483 124 3106 1560 1562 143 4349 3443 4348 
2688 10 9 3096 3133 19 3484 3414 4802 4128 4292 
2689 655 3093 658 3123 4337 4338 1167 4835 4479 4836 
2690 712 711 720 3151 1001 1335 1319 4404 4837 4740 
2691 742 3108 3118 3136 4712 4838 4679 4722 4795 4839 
2692 2152 3067 3052 3083 4731 3982 4730 4840 3749 3731 
2693 1670 69 70 1673 4408 89 4841 2148 4074 4073 
2694 296 268 313 3078 597 571 426 4059 3767 3594 
2695 13 3112 3050 3132 4511 4512 4043 4450 4449 4842 
2696 1695 1680 77 3080 1934 3922 4002 4843 3923 3610 
2697 1616 685 1637 3135 3277 3195 2028 4092 4844 4090 
2698 708 3123 718 3153 4477 4478 1183 4834 4845 4846 
2699 767 105 628 3124 789 883 888 3990 4847 3588 
2700 638 635 3100 3140 1067 4423 4421 4481 4848 4849 
2701 767 628 1596 3124 888 4185 3644 3990 4792 4847 
2702 231 313 290 3113 425 424 423 3847 3543 3913 
2703 1361 3064 1373 3096 3784 4369 1407 4209 3960 4210 
2704 3066 3073 2262 3081 3830 4850 4851 3831 4852 3536 
2705 1710 1630 129 3147 2101 3879 3585 4853 3448 4387 
2706 665 1627 776 3126 3612 4208 1214 3811 4030 4101 
2707 123 124 624 1665 143 917 918 3723 4046 3722 
2708 242 31 272 3065 387 380 389 3453 3775 3359 
2709 742 3118 3117 3137 4679 4680 4180 4796 4854 4797 
2710 616 1651 1664 3092 3838 2137 3881 3883 3884 4391 
2711 696 679 758 3154 1073 1283 1284 4491 4855 4856 
2712 776 1685 762 1627 3779 3501 1225 4208 4682 2085 
2713 1629 739 627 1687 3671 940 3670 2095 4155 4453 
2714 2150 190 1697 3080 3903 1715 4857 3573 4858 3419 
2715 1586 3064 2167 3107 4773 4676 4772 4859 4677 3578 
2716 638 3100 698 3140 4421 4860 1080 4481 4483 4848 
2717 69 732 70 3118 824 825 89 4077 4076 4861 
2718 1371 1365 72 3097 1422 1459 1458 4462 3331 4862 
2719 63 1679 64 3105 4268 4269 83 4863 3950 4864 
2720 679 758 1602 3157 1283 3710 4865 4415 4662 4416 
2721 265 307 295 3065 584 450 587 3398 3914 3239 
2722 1377 64 65 3055 1442 84 1441 4454 3468 4278 
2723 1635 118 1709 1663 4250 4759 2117 2118 1864 4514 
2724 646 647 3101 3138 1114 3531 3529 4400 4829 4866 
2725 267 265 295 3065 565 587 586 3596 3914 3398 
2726 660 3093 657 3144 4816 4336 1176 4475 4500 4817 
2727 1630 755 1625 1629 3682 3337 2078 2079 2076 3669 
2728 613 69 68 3118 822 88 821 4681 4576 4077 
2729 2171 3069 3061 3080 4683 4217 4608 4609 3901 3796 
2730 658 3093 718 3123 4338 4867 1180 4479 4478 4836 
2731 717 763 715 1636 916 1020 1337 4344 4346 3927 
2732 655 3123 3129 3144 4835 4868 4869 4828 4870 4871 
2733 63 64 3086 3105 83 3888 4354 4863 3641 3950 
2734 2158 2160 3047 3054 2254 4310 4632 4630 4631 4455 
2735 71 1696 1583 3082 4602 1872 4036 4034 4035 4603 
2736 13 3110 3052 3112 4254 3986 4174 4511 4510 4872 
2737 237 279 277 3148 455 454 453 4015 4661 4526 
2738 2156 1646 1588 3083 4232 1763 4654 4424 4657 4148 
2739 67 3074 3064 3107 4047 4370 3575 3576 3578 3349 
2740 2154 3082 3053 3097 4725 4770 4746 4747 4749 4038 
2741 745 774 1610 3103 1228 4873 4067 3167 4653 4719 
2742 688 689 1585 1685 994 3787 3785 3389 1881 3778 
2743 1638 1619 617 3153 2048 3367 4122 4200 3176 3826 
2744 2281 2275 3063 3071 2350 4258 4698 4727 3583 4693 
2745 188 1585 103 3143 1788 4236 3308 4684 3657 4237 
2746 720 3140 698 3151 4482 4483 1081 4837 4874 4875 
2747 700 3092 675 3138 4715 3738 1123 4402 4401 4876 
2748 2157 1668 1667 3055 4790 1737 4877 4791 4070 3469 
2749 1596 628 3119 3124 4185 4054 4457 4792 4263 4847 
2750 1629 671 1625 1627 3370 3336 2076 2077 2071 3611 
2751 774 745 1610 3117 1228 4067 4873 4488 4439 3381 
2752 1642 74 614 3120 4732 839 4878 4879 3852 3333 
2753 2164 1587 1659 3105 4588 1731 4807 3640 4806 4589 
2754 2171 2173 2150 3080 2230 2229 2226 4609 3573 4301 
2755 679 1602 758 3154 4865 3710 1283 4856 4855 4880 
2756 1702 1634 740 3158 1964 4357 4189 4191 3700 4359 
2757 1477 3063 1484 3084 3833 4594 1534 4108 4881 4109 
2758 2162 3052 3069 3083 4334 4218 4335 4882 4147 3749 
2759 125 3106 1480 3141 3442 4832 1564 4883 4884 4885 
2760 11 12 289 3132 21 342 341 4280 4690 4448 
2761 296 316 268 3078 461 596 597 4059 3594 4087 
2762 624 753 1637 1665 922 3555 3735 4046 2030 4045 
2763 1628 692 783 1645 3712 1310 3966 2092 4245 4244 
2764 1 3050 3112 3133 4042 4512 4600 4518 4886 4519 
2765 2263 2284 2279 3057 2340 2339 2334 4081 4205 4285 
2766 45 1475 44 3073 1515 1516 54 3190 3764 4328 
2767 3075 3081 2266 3152 4887 4649 4801 4696 4652 4525 
2768 1692 3064 1668 3107 4230 3172 1885 3911 4888 3578 
2769 1650 747 717 1664 4020 972 4104 2119 4267 3882 
2770 654 656 3129 3135 1159 4889 4890 4517 4891 4508 
2771 129 739 1630 1687 936 3683 3879 4452 2094 4453 
2772 3076 3077 1678 3158 4527 4892 4893 4287 4894 4528 
2773 66 1692 1668 1632 3727 1885 3170 3973 2107 2106 
2774 1636 716 717 1650 4345 1336 4344 2016 4104 4021 
2775 62 1701 621 3122 3634 4895 803 3601 4708 4279 
2776 127 3142 1676 3147 3692 4809 3809 3428 4691 3870 
2777 2155 3070 3068 3149 4568 4362 4896 4569 4552 3665 
2778 1584 3119 619 3124 4897 4261 3673 3674 3566 4263 
2779 1669 1582 209 2278 1840 1839 1835 4111 2320 4110 
2780 1371 1365 3097 3110 1422 4862 4462 4253 4717 4898 
2781 1625 1658 683 3147 2065 4048 3244 4823 4386 4463 
2782 705 1621 1658 3094 3181 2056 3969 4373 4374 4810 
2783 2161 3052 2172 3053 4899 3981 2247 4900 4049 4050 
2784 2164 1659 3068 3122 4807 4901 3637 4124 3600 4808 
2785 1471 132 1486 3088 1579 1578 1540 4532 4745 3341 
2786 2265 2285 2278 3063 2351 2353 2324 4183 4112 4186 
2787 687 1585 620 3143 3988 3786 881 3656 3658 4237 
2788 1379 3069 1368 3111 4458 4673 1429 4289 4902 4222 
2789 636 3087 676 3157 4241 4242 1062 4903 4904 4905 
2790 1658 706 1622 1625 3967 3225 2057 2065 2063 3245 
2791 1615 1637 685 3135 2027 3195 4547 4560 4090 4844 
2792 2160 2161 3047 3052 2257 4906 4310 4308 4309 4899 
2793 3056 3085 1478 3088 4296 4283 3815 4216 4005 4729 
2794 2149 2154 2170 3074 2224 2205 2202 4564 4410 4724 
2795 770 3128 695 3146 3773 4907 857 4460 4459 3765 
2796 1582 209 2278 2265 1839 2320 4110 4182 2324 2322 
2797 1361 1373 10 3096 1407 1408 1401 4209 3414 3960 
2798 1474 3060 1487 3116 3825 3788 1504 4319 4688 4320 
2799 2149 3053 2154 3074 4908 4746 2224 4564 4724 4438 
2800 2286 2273 3057 3060 2371 4294 4238 4436 4351 4352 
2801 748 627 131 1657 943 938 942 4909 4910 4911 
2802 685 714 1615 3135 1014 3940 4547 4090 4560 4598 
2803 166 1646 2156 2166 1762 4232 2215 2219 2220 4231 
2804 125 1683 1708 3079 4444 1913 3440 4136 4093 4750 
2805 1366 3070 1375 3121 4827 4361 1394 4912 4397 4166 
2806 212 2279 2269 1590 2331 2333 2329 1844 4637 4638 
2807 1474 1482 2 3116 1496 1494 1491 4319 4321 4628 
2808 2151 2164 1587 155 2187 4588 4587 2186 1729 2182 
2809 635 637 3100 3154 1065 4422 4423 4913 4914 4915 
2810 1374 1368 3069 3111 1432 4673 4347 4484 4222 4902 
2811 2268 3060 2286 3077 4916 4436 2362 4917 4239 4496 
2812 1361 9 1377 3096 1400 1402 1403 4209 4150 3484 
2813 2268 3076 3060 3077 4918 3789 4916 4917 4496 4527 
2814 1651 120 1661 3127 3875 4097 2138 4001 4713 3485 
2815 46 1480 1479 3106 1528 1529 1520 4031 4033 4832 
2816 1366 1378 3070 3121 1386 3602 4827 4912 4166 4487 
2817 1586 1668 3064 3107 1740 3172 4773 4859 3578 4888 
2818 748 779 627 1657 1033 1034 943 4909 4911 4919 
2819 114 3077 1654 3150 3917 3918 3907 3622 4620 3895 
2820 1646 166 1595 2166 1762 1764 1766 4231 3793 2219 
2821 121 1662 120 3152 4920 4921 140 4767 4922 4923 
2822 629 768 749 1686 889 851 1042 3781 4142 4144 
2823 632 631 3091 3095 990 4924 4925 4793 4926 4927 
2824 240 284 287 3078 470 472 471 3958 4824 3804 
2825 67 1672 68 3107 3925 4583 87 3576 3348 4928 
2826 1481 120 119 3152 1554 139 1552 4694 4819 4922 
2827 701 3090 771 3092 4718 4702 1290 4716 4392 4704 
2828 72 1689 1641 3067 3512 1755 4621 3514 4585 3513 
2829 1629 627 779 1657 3670 1034 3822 2096 4919 4911 
2830 2272 2271 2273 3060 2347 2368 2367 4663 4352 3873 
2831 632 3095 3087 3114 4793 4929 4799 4420 4752 4775 
2832 1701 61 1675 3149 3635 4006 1931 4551 4433 4432 
2833 125 1480 126 3141 1564 1566 145 4883 3897 4884 
2834 661 3094 1622 3125 3891 3889 3224 3746 3821 4930 
2835 639 3100 3089 3104 4931 4932 4590 3797 4592 4933 
2836 2171 2166 2156 3069 2227 2220 2252 4683 4233 3792 
2837 1645 749 625 1695 4198 850 4443 2129 4004 4003 
2838 3068 3070 3054 3086 4362 4162 4640 3638 3675 4430 
2839 2163 3053 3074 3096 4737 4438 4934 4739 3489 4378 
2840 60 1378 3 3070 1387 1388 79 4302 3417 3602 
2841 3060 3077 1487 3116 4496 4687 3788 4320 4688 3892 
2842 14 3052 3111 3112 4173 4221 4288 4509 4935 4510 
2843 156 1587 2151 3105 1730 4587 2185 4936 4079 4589 
2844 1480 3058 1476 3141 4472 4471 1527 4884 4937 4557 
2845 190 2150 5 2169 3903 2176 198 3581 2175 2178 
2846 640 696 680 3145 1078 1093 1091 4490 4938 4489 
2847 629 691 1686 1645 1040 3780 3781 4199 1883 4197 
2848 741 728 727 3108 1238 979 1352 4711 3520 4782 
2849 2274 2267 3058 3066 2357 4939 4226 4940 4382 4805 
2850 1694 1632 65 1667 2102 3974 3947 1893 4069 2108 
2851 611 1606 1652 1632 3352 1983 3629 3319 1986 1984 
2852 640 3145 3100 3154 4490 4941 4942 4492 4914 4493 
2853 615 1635 778 3145 4252 4428 968 4426 4943 4944 
2854 2163 3074 3064 3096 4934 4370 4945 4739 4210 3489 
2855 677 3117 650 3137 4659 4660 1142 4946 4947 4854 
2856 1633 1696 71 3108 2109 4602 3159 3946 3519 4665 
2857 1610 729 1652 1672 4066 3284 1991 2005 2006 3926 
2858 245 233 244 3098 434 432 435 4625 4120 4249 
2859 1 3112 3061 3121 4600 4692 4524 4555 4165 4948 
2860 184 2282 6 2263 3864 2287 191 4080 2290 2291 
2861 1638 1619 1633 617 2048 2038 2049 4122 3161 3367 
2862 669 3130 3129 3136 4605 4606 3853 3654 4949 4950 
2863 717 121 122 1664 912 141 911 4267 4667 4668 
2864 632 697 3087 3091 1052 4017 4799 4925 4755 4754 
2865 778 3127 680 3145 4468 4469 1286 4943 4938 4951 
2866 715 624 1615 1636 1019 4476 3942 4346 2015 4177 
2867 689 1685 1684 3143 3778 1884 3716 4223 4224 4952 
2868 742 3108 732 3118 4712 4710 959 4679 4861 4838 
2869 1472 3062 1488 3115 4114 3591 1509 4486 3592 3528 
2870 29 3098 270 3148 4315 4175 367 4316 4103 3436 
2871 1484 3063 127 3141 4594 3164 1568 4953 3689 4026 
2872 1482 3057 3085 3116 4158 4298 4521 4628 4742 3893 
2873 3047 3052 2161 3053 4309 4899 4906 4736 4900 4050 
2874 189 60 1681 1596 3801 4440 1800 1793 1802 3645 
2875 675 3092 716 3138 3738 3739 1133 4401 4543 4876 
2876 242 272 295 3065 389 479 478 3453 3914 3775 
2877 635 3140 3114 3154 4849 4954 4955 4913 4956 4957 
2878 665 776 666 3126 1214 1215 1206 3811 3921 4030 
2879 267 295 272 3065 586 479 592 3596 3775 3914 
2880 1706 1672 68 3118 2025 4583 3618 4577 4576 4958 
2881 1580 1691 2283 3066 1831 4611 4959 4132 4614 4613 
2882 1589 1707 116 3076 1903 4785 4085 4086 3480 4786 
2883 619 632 631 3091 989 990 987 3836 4924 4925 
2884 643 646 645 3101 1106 1107 1104 4339 3530 3529 
2885 700 3090 3101 3102 4535 4960 4407 3650 4464 4536 
2886 231 290 288 3113 423 422 409 3847 4160 3543 
2887 257 280 254 3072 533 522 531 3751 3706 4052 
2888 1610 729 1672 3117 4066 3926 2005 4439 4961 3379 
2889 1583 1696 71 1638 1872 4602 4036 1871 3328 1873 
2890 2168 2156 165 1588 2217 2216 2212 4655 1759 4654 
2891 48 3056 3084 3109 4235 3998 4305 4375 4781 4507 
2892 1703 2277 1589 3076 4788 4962 1814 4567 4086 4789 
2893 631 674 709 3095 1048 1049 1044 4927 3668 3667 
2894 634 632 697 3087 1050 1052 1053 4243 4017 4799 
2895 2286 2263 2282 3057 2341 2291 2342 4238 3865 4081 
2896 264 310 302 3113 578 468 583 3992 4833 4176 
2897 1614 1672 729 3117 2004 3926 4963 4964 3379 4961 
2898 1648 1647 1621 743 2058 2045 2059 3561 3183 3660 
2899 1580 2283 2262 3066 4959 2315 4965 4132 4851 4614 
2900 28 29 270 3148 36 367 366 4151 4103 4316 
2901 1670 1706 69 3118 2147 3617 4408 4966 4077 4577 
2902 641 639 640 3089 1085 1077 1084 4591 4967 4590 
2903 1591 2267 3066 3079 4804 4805 4612 4830 4094 4968 
2904 657 660 659 3093 1176 1177 1174 4336 4969 4816 
2905 618 1630 777 3147 3880 3681 985 3449 4385 4387 
2906 659 718 658 3093 1179 1180 1175 4969 4338 4867 
2907 1 3112 3121 3133 4600 4948 4555 4518 4970 4886 
2908 631 632 633 3095 990 1045 1046 4927 4318 4793 
2909 680 3127 3089 3145 4469 4572 4039 4938 4971 4951 
2910 1580 1664 122 3081 1852 4667 3944 3945 3534 4670 
2911 1687 130 1590 3071 4154 3257 1909 4972 3255 3256 
2912 2269 3056 2275 3071 4794 4501 2364 4388 4693 3816 
2913 640 3089 639 3100 4967 4590 1077 4942 4931 4932 
2914 724 772 614 3155 963 964 962 3404 3406 3679 
2915 707 3123 1617 3129 3954 3952 3393 3854 4641 4868 
2916 1683 612 1647 3142 4446 3662 2121 4973 4065 3447 
2917 635 713 3114 3140 1056 4774 4955 4849 4954 4266 
2918 2158 3047 2163 3096 4632 4738 2243 4633 4739 4634 
2919 692 1628 744 3155 3712 3965 1312 4330 3678 4821 
2920 718 3123 3093 3153 4478 4836 4867 4845 4974 4846 
2921 738 1644 1643 3155 3766 2091 3769 3677 4758 4332 
2922 3110 3112 13 3132 4872 4511 4254 4975 4450 4842 
2923 1611 650 3131 3139 4616 4976 4977 4617 4636 4618 
2924 748 779 1657 3146 1033 4919 4909 3876 4978 3877 
2925 766 3136 742 3137 4721 4722 1277 4979 4796 4798 
2926 1647 743 1648 3142 3660 3561 2058 4065 4516 3445 
2927 1689 1638 1583 3097 1870 1871 1752 3516 4037 3332 
2928 3089 3102 641 3104 4980 3648 4591 4592 3799 4531 
2929 156 2151 2157 3105 2185 2190 2189 4936 4981 4079 
2930 2149 159 2167 3107 2198 2194 2199 4982 4677 4983 
2931 2282 2268 2286 3077 2294 2362 2342 4019 4239 4917 
2932 2167 3064 2149 3074 4676 4984 2199 4675 4564 4370 
2933 257 254 256 3072 531 529 532 3751 4156 3706 
2934 1584 3091 619 3119 4529 3836 3673 4897 4261 4985 
2935 3089 3090 641 3102 4597 4534 4591 4980 3648 4536 
2936 683 751 777 3147 1298 986 1299 4386 4385 3222 
2937 726 746 781 3153 978 1342 1350 3177 4573 3175 
2938 656 3129 1616 3144 4889 4986 3431 4145 4146 4870 
2939 1640 1638 726 3153 2050 4123 4134 4987 3177 4200 
2940 733 751 775 3147 983 1327 1348 3429 3223 3222 
2941 694 676 3087 3156 1271 4242 4018 4115 4988 4116 
2942 1660 712 1679 3151 3540 3818 2081 4741 4405 4404 
2943 1706 1671 3074 3107 2146 4565 3930 3619 3349 4989 
2944 71 70 3082 3097 90 4435 4034 3330 4038 4010 
2945 2171 2162 2160 3061 2253 2260 2261 4608 4311 4333 
2946 754 614 734 3120 960 841 965 3931 3334 3852 
2947 681 3090 3089 3127 4596 4597 4041 4470 4572 4757 
2948 645 3101 647 3103 3530 3531 1115 4990 4991 4992 
2949 655 3129 656 3144 4869 4889 1160 4828 4145 4870 
2950 639 637 640 3100 1074 1076 1077 4931 4942 4422 
2951 1699 1677 1656 3088 1850 2145 1773 4179 3340 3307 
2952 722 719 3099 3120 1338 4993 4994 4705 4995 4706 
2953 635 634 636 3114 1054 1059 1060 4955 4751 4419 
2954 2160 2159 2173 3054 2255 2249 2258 4455 4723 4313 
2955 698 638 639 3100 1080 1075 1079 4860 4931 4421 
2956 1677 1687 130 1590 1908 4154 3305 1849 3257 1909 
2957 636 3154 3114 3157 4996 4956 4751 4903 4997 4998 
2958 2272 3060 2268 3076 4663 4916 2361 4743 4918 3789 
2959 2149 3074 1671 3107 4564 4565 4563 4982 4989 3349 
2960 158 1586 1668 2167 1738 1740 1736 2195 4771 4772 
2961 1612 3131 672 3139 3720 3721 3206 4229 3937 4636 
2962 189 1686 105 188 1794 4322 3758 196 3213 1795 
2963 3047 3096 3054 3133 4634 3403 4631 4999 4129 4128 
2964 126 612 1683 3142 923 4446 4445 3898 4973 3447 
2965 1662 121 120 616 4920 140 4921 5000 909 908 
2966 655 3123 707 3129 4835 3954 1156 4869 3854 4868 
2967 2271 3059 3062 3075 4494 5001 4149 5002 4207 4800 
2968 2270 3075 3062 3134 5003 4207 4644 4646 3862 4700 
2969 761 1639 760 3146 3850 4063 1008 4202 3878 4548 
2970 1476 47 1484 3141 1525 1532 1533 4937 4953 5004 
2971 2159 3054 2158 3055 4313 4630 2233 4678 5005 4193 
2972 3059 3115 3075 3152 4495 4629 4800 4651 4696 4695 
2973 713 633 635 3114 1057 1055 1056 4774 4955 4418 
2974 7 3121 3054 3133 4398 4164 4247 4520 4129 4970 
2975 63 621 1679 3122 804 3820 4268 4707 5006 4708 
2976 615 778 758 3145 968 971 969 4426 4425 4943 
2977 741 3108 742 3136 4711 4712 1357 4720 4722 4839 
2978 1486 130 1478 3088 1575 1577 1542 4745 4005 3259 
2979 1708 1591 1691 3066 1914 1834 1915 3651 4613 4612 
2980 1643 738 1693 1644 3769 3478 2127 2091 2128 3766 
2981 2274 3046 2276 3073 3995 4581 2358 4762 4582 3763 
2982 2153 158 1668 2167 2191 1736 4395 2196 4771 2195 
2983 2167 3074 2149 3107 4675 4564 2199 4677 4982 3349 
2984 698 3140 3100 3151 4483 4848 4860 4874 5007 4875 
2985 2271 2276 3046 3059 2355 4581 3871 4494 4365 4580 
2986 700 3090 3092 3101 4535 4704 4715 4407 5008 4960 
2987 737 1675 1596 3119 4008 1937 3646 4055 4457 5009 
2988 2276 3073 3059 3081 4582 4366 4580 5010 4650 3536 
2989 673 3102 1606 3104 4275 4291 3806 4363 4371 4531 
2990 2159 3068 2155 3070 4639 4896 2248 4744 4568 4362 
2991 2162 3069 2156 3083 4335 4233 2251 4882 4424 4147 
2992 60 1681 1675 3149 4440 1929 4007 4303 4433 4442 
2993 1667 1587 156 3105 1734 1730 1732 4272 4936 4589 
2994 711 3140 720 3151 4265 4482 1335 4740 4837 4875 
2995 238 308 287 3078 400 460 459 4089 4824 4168 
2996 3093 3123 655 3144 4836 4835 4337 4817 4828 4871 
2997 3047 3121 3112 3133 4763 4948 5011 4999 4886 4970 
2998 713 1599 3095 3114 3503 4307 4306 4774 4775 5012 
2999 630 709 628 3119 1036 1037 886 4262 4054 4053 
3000 1474 1487 114 3116 1504 1543 1545 4319 4811 4688 
3001 1611 3103 702 3139 5013 5014 4615 4617 4619 5015 
3002 656 655 654 3129 1160 1154 1159 4889 4890 4869 
3003 709 3095 1597 3119 3668 4377 3696 4053 4437 5016 
3004 719 708 718 3153 1330 1183 1329 5017 4845 4834 
3005 2158 3055 3054 3096 5005 4193 4630 4633 3403 4324 
3006 655 707 653 3129 1156 1157 1155 4869 3855 3854 
3007 2276 3059 2266 3081 4580 4648 2356 5010 4649 4650 
3008 733 1648 3142 3147 4515 4516 3869 3429 3870 4604 
3009 630 619 631 3119 880 987 988 4262 5018 4261 
3010 2152 1690 3067 3083 5019 5020 4731 4840 3731 4734 
3011 1703 1581 2270 3134 1817 5021 4643 4645 4646 5022 
3012 65 1631 1632 1694 3508 1985 3974 3947 2102 2103 
3013 1684 1685 689 1639 1884 3778 3716 1924 3849 2089 
3014 1635 1709 118 3127 2117 4759 4250 4728 3474 4760 
3015 707 655 658 3123 1156 1167 1168 3954 4479 4835 
3016 1583 3082 1689 3097 4035 4540 1752 4037 3516 4038 
3017 697 632 686 3091 1052 991 1010 4754 3851 4925 
3018 15 3111 3061 3112 4502 4220 4523 4513 4692 4935 
3019 762 1685 1628 1627 3501 2086 3713 4682 2073 2085 
3020 705 1621 1648 1658 3181 2059 3560 3969 2060 2056 
3021 661 662 3094 3125 1186 5023 3891 3746 4930 5024 
3022 752 771 681 3127 976 1289 1291 3486 4470 4317 
3023 699 720 698 3151 1318 1081 1256 3179 4874 4837 
3024 2163 3053 2149 3074 4737 4908 2223 4934 4564 4438 
3025 1675 1681 60 1596 1929 4440 4007 1937 3645 1802 
3026 2155 3068 1594 3149 4896 5025 5026 4569 5027 4552 
3027 1627 1629 678 1639 2077 3371 3613 2088 3848 2087 
3028 731 778 1635 3127 967 4428 4251 3475 4728 4468 
3029 121 3081 1662 3152 4669 5028 4920 4767 4923 4525 
3030 657 655 656 3144 1165 1160 1164 4500 4145 4828 
3031 628 105 104 3124 883 112 882 4847 3589 3588 
3032 704 656 682 3144 1169 1172 1173 3537 4012 4145 
3033 1621 3094 660 3144 4810 4579 3828 3538 4475 4818 
3034 1607 3101 644 3103 5029 4340 4647 3565 5030 4992 
3035 630 104 103 3124 877 111 876 3568 3567 3589 
3036 2157 2151 3055 3105 2190 4194 4791 4981 4273 4079 
3037 1616 3129 656 3135 4986 4889 3431 4092 4508 4891 
3038 2271 3062 3059 3115 4149 5001 4494 3874 4495 3528 
3039 641 643 642 3102 1094 1095 1086 3648 4530 3649 
3040 1686 749 629 1645 4142 1042 3781 1883 4199 4198 
3041 722 1623 3099 3125 3857 5031 4994 3977 5032 4368 
3042 1583 2165 1689 3082 5033 4538 1752 4035 4540 4539 
3043 1479 1483 45 3073 1524 1522 1521 3805 3190 4139 
3044 638 713 635 3140 1068 1056 1067 4481 4849 4266 
3045 1709 1663 118 3134 1864 4514 4759 4761 3861 4367 
3046 698 3100 639 3104 4860 4931 1079 5034 3797 4933 
3047 1707 3076 1678 3158 4786 4893 1904 4787 4894 4287 
3048 61 3068 3070 3149 3598 4362 4360 4432 3665 4552 
3049 622 695 100 3128 862 854 859 3625 3624 4907 
3050 2283 207 1591 1691 2314 1833 4610 4611 1834 1829 
3051 725 612 126 3142 928 923 927 3446 3898 3447 
3052 668 700 641 3090 1098 1096 1090 4595 4534 4535 
3053 1479 1483 3073 3106 1524 4139 3805 4033 4032 4348 
3054 2274 2275 2273 3056 2373 2372 2369 3993 4295 4501 
3055 2155 1594 1698 3149 5026 1725 4783 4569 4642 5027 
3056 200 2277 2268 3076 2295 2297 2293 5035 4918 4789 
3057 1651 121 616 1664 5036 908 3838 2137 3881 4668 
3058 648 647 646 3138 1120 1114 1119 4575 4400 4866 
3059 310 278 292 3113 607 608 466 4176 4184 3252 
3060 661 663 662 3125 1194 1195 1186 3746 5024 3744 
3061 120 1481 1473 3152 1554 1514 1557 4922 5037 4694 
3062 732 3108 70 3118 4710 3518 825 4861 4076 4838 
3063 68 1672 1706 3107 4583 2025 3618 3348 3619 4928 
3064 1597 1675 1626 710 1936 1942 1941 3695 3325 4028 
3065 1619 1617 1633 3136 2037 2039 2038 4451 3467 4102 
3066 125 126 3079 3141 145 4498 4136 4883 4467 3897 
3067 708 773 3123 3153 1328 3953 4477 4834 4846 4776 
3068 661 662 659 3094 1186 1187 1185 3891 5038 5023 
3069 703 651 3131 3135 1137 5039 3719 4559 4561 5040 
3070 614 1643 1642 3120 3770 2070 4878 3852 4879 4769 
3071 662 718 659 3099 1188 1179 1187 5041 5042 5043 
3072 2264 3062 2272 3076 4622 4664 2346 4624 4743 3676 
3073 1650 1636 716 1612 2016 4345 4021 2001 3205 2014 
3074 1680 1686 78 189 1803 4143 3608 1799 3754 1794 
3075 700 3101 3092 3138 4407 5008 4715 4402 4876 4829 
3076 1485 1473 44 3152 1518 1510 1517 3971 5044 5037 
3077 2169 2173 2155 3070 2228 2250 2181 3572 4568 4299 
3078 66 1652 1692 1632 3630 2105 3727 3973 2106 1986 
3079 1592 1654 185 3150 1778 1769 1774 3621 4170 4620 
3080 1667 2157 3055 3105 4877 4791 4070 4272 4273 4981 
3081 654 651 703 3135 1146 1137 1148 4517 4559 5040 
3082 659 718 3093 3099 1179 4867 4969 5042 5045 5043 
3083 713 1599 3114 3140 3503 5012 4774 4266 4954 4264 
3084 647 702 3103 3139 1116 5014 4991 4626 5015 4619 
3085 2157 1667 156 3105 4877 1732 2189 4981 4936 4272 
3086 2172 2162 2152 3052 2238 2237 2239 3981 4730 4334 
3087 3056 3085 3046 3109 4296 3908 3994 4507 3362 3910 
3088 204 3075 1688 3081 5046 5047 1822 5048 5049 4887 
3089 1611 702 3103 3117 4615 5014 5013 4714 5050 4658 
3090 761 1684 1639 3146 3717 1924 3850 4202 4548 4778 
3091 3055 3086 64 3105 4196 3888 4278 4273 3950 3641 
3092 3062 3075 3059 3115 4207 4800 5001 3528 4495 4629 
3093 635 3114 636 3154 4955 4751 1060 4913 4996 4956 
3094 1663 1703 1589 3076 1862 1814 1902 3963 4086 4567 
3095 1628 1685 692 1645 2086 3390 3712 2092 4244 1880 
3096 3125 3126 723 3155 4504 5051 3976 4672 4671 4822 
3097 699 698 3104 3151 1256 5034 3268 3179 3270 4874 
3098 716 648 675 3138 1131 1122 1133 4543 4401 4575 
3099 1670 69 1673 3118 4408 4073 2148 4966 4075 4077 
3100 644 3101 1607 3102 4340 5029 4647 4277 4627 4464 
3101 3059 3073 44 3152 4366 3764 4364 4651 5044 4768 
3102 3058 3073 3066 3106 3521 3830 4382 4383 3653 4032 
3103 115 3077 114 3116 3916 3917 134 4689 4811 3892 
3104 620 102 103 3143 873 110 872 3658 3657 3999 
3105 1683 1647 612 1637 2121 3662 4446 2120 3556 2035 
3106 1482 3085 2 3116 4521 3909 1494 4628 4321 4742 
3107 1602 1702 615 3145 1965 3615 3711 4427 4426 5052 
3108 276 277 314 3148 601 603 602 3439 4061 4661 
3109 270 245 283 3098 436 489 438 4175 3288 4625 
3110 1660 1599 1626 3140 1950 1940 1951 4709 4674 4264 
3111 1660 1626 1679 621 1951 2082 2081 3541 3820 4082 
3112 2265 1582 210 2281 4182 1838 2323 2327 2325 4697 
3113 1589 117 1702 1663 4084 3614 1901 1902 1900 3961 
3114 2154 2172 2165 3067 2246 2240 2208 5053 4537 3983 
3115 121 122 3081 3152 141 3534 4669 4767 4525 3972 
3116 2154 3067 2165 3082 5053 4537 2208 4725 4539 4541 
3117 1607 1652 1610 3103 1982 1991 1990 3565 4653 4593 
3118 728 3108 741 3136 4782 4711 1238 3466 4720 4839 
3119 125 3079 3106 3141 4136 4095 3442 4883 4885 4467 
3120 1679 765 1631 3151 3819 3802 2104 4405 4260 4406 
3121 1473 3059 44 3152 5054 4364 1510 5037 5044 4651 
3122 664 665 663 3126 1204 1205 1197 3813 4505 3811 
3123 1638 1696 71 1633 1873 4602 3328 2049 3159 2109 
3124 68 1376 1364 3074 1450 1412 1451 3346 3487 3632 
3125 737 1597 1675 3119 3697 1936 4008 4055 5009 4437 
3126 124 1483 1479 3106 1562 1524 1565 3443 4033 4348 
3127 3054 3121 3047 3133 4164 4763 4631 4129 4999 4970 
3128 696 758 3145 3154 1284 4425 4489 4491 4493 4855 
3129 718 3099 719 3153 5043 4993 1329 4845 5017 5055 
3130 102 690 101 3143 866 867 109 3999 3496 3776 
3131 3058 3066 2267 3079 4382 4805 4939 4381 4968 4094 
3132 649 703 651 3131 1136 1137 1134 3829 5039 3719 
3133 1598 3087 632 3095 5056 4799 5057 5058 4793 4929 
3134 3053 3097 1370 3110 4749 4009 4777 4051 4343 4717 
3135 287 284 306 3078 472 610 458 4824 4172 3804 
3136 619 3091 631 3119 3836 4924 987 4261 5018 4985 
3137 1683 3079 126 3142 4750 4498 4445 4973 3898 4499 
3138 119 1661 3127 3134 4096 4713 3473 4140 4141 4699 
3139 1486 132 131 3088 1578 151 1576 4745 3306 3341 
3140 3059 3081 3073 3152 4650 3536 4366 4651 4768 4525 
3141 690 3143 1684 3146 3776 4224 3715 4201 4778 3499 
3142 615 1702 1635 3145 3615 1966 4252 4426 4944 5052 
3143 636 3114 3087 3157 4751 4752 4241 4903 4905 4997 
3144 773 1619 3123 3153 3823 4506 3953 4776 4846 3826 
3145 770 1593 3128 3146 4764 4765 3773 4460 3765 4780 
3146 698 639 642 3104 1079 1087 1088 5034 3798 3797 
3147 118 1635 1702 1663 4250 1966 3616 4514 1900 2118 
3148 2275 2269 2284 3056 2364 2366 2365 4501 4213 4794 
3149 1662 3081 3075 3152 5028 4887 5059 4923 4696 4525 
3150 716 3092 1650 3138 3739 4022 4021 4543 4784 4876 
3151 3053 3096 3047 3132 4378 4634 4736 4380 5060 4281 
3152 2268 1678 3076 3077 5061 4893 4918 4917 4527 4892 
3153 3047 3112 3110 3132 5011 4872 4756 5060 4975 4842 
3154 1627 678 1685 1639 3613 3777 2085 2088 2089 3848 
3155 2167 159 1586 3107 2194 1739 4772 4677 4859 4983 
3156 2271 3062 2270 3075 4149 4644 2345 5002 5003 4207 
3157 1580 3066 2262 3081 4132 4851 4965 3945 4852 3831 
3158 1633 3108 728 3136 3946 4782 3464 3467 3466 4839 
3159 3100 3140 635 3154 4848 4849 4423 4914 4913 4957 
3160 316 296 238 3078 461 403 462 4087 4089 4059 
3161 2158 3064 3055 3096 5062 3470 5005 4633 4324 4210 
3162 669 3129 1617 3136 3853 4641 3392 3654 4102 4949 
3163 120 3075 119 3152 4099 4100 139 4922 4819 4696 
3164 1609 1608 1607 3101 1987 1980 1988 5063 5029 5064 
3165 2164 1587 155 1659 4588 1729 2182 4807 1727 1731 
3166 2173 2159 2155 3070 2249 2248 2250 4299 4568 4744 
3167 1626 621 1701 3122 4082 4895 2083 5065 4279 4708 
3168 1580 1665 123 1636 1854 3723 3943 1853 3928 1855 
3169 2162 2152 3052 3083 2237 4730 4334 4882 3749 4840 
3170 702 677 774 3117 1143 1273 1226 4658 4488 4659 
3171 1614 3117 613 3118 4964 4181 5066 5067 4681 4680 
3172 2166 2150 1697 3080 2221 4857 5068 3795 4858 3573 
3173 689 1585 1685 3143 3787 1881 3778 4223 4952 4237 
3174 669 728 741 3136 1240 1238 1239 3654 4720 3466 
3175 1691 1580 1665 3066 1831 1854 1857 4613 3725 4132 
3176 3061 3112 3047 3121 4692 5011 4312 4165 4763 4948 
3177 1662 3075 120 3152 5059 4099 4921 4923 4922 4696 
3178 3057 3085 3056 3088 4298 4296 4293 3491 4216 4729 
3179 2280 204 1688 3081 2307 1822 5069 5070 5049 5048 
3180 2160 2162 2161 3052 2260 2259 2257 4308 4899 4334 
3181 1628 1644 744 3155 2090 3450 3965 4821 3678 4332 
3182 1702 1602 740 3157 1965 3709 4189 5071 4417 4662 
3183 1708 1691 1665 3066 1915 1857 2122 3651 3725 4613 
3184 1685 1585 691 1645 1881 3987 3391 1880 4197 1882 
3185 1471 1486 3085 3088 1540 4284 4522 4532 4729 4745 
3186 1602 3154 679 3157 4880 4856 4865 4662 4415 4998 
3187 1671 1670 1706 3074 1746 2147 2146 4565 3930 4409 
3188 2163 3047 2161 3053 4738 4906 2244 4737 4900 4736 
3189 2274 2285 2275 3058 2359 2352 2373 4226 4256 4556 
3190 47 3084 1484 3141 5072 4881 1532 5004 4953 5073 
3191 726 1640 73 1641 4134 4133 834 4685 4584 2124 
3192 2149 1671 159 3107 4563 1741 2198 4982 4983 4989 
3193 2156 165 1588 1646 2216 1759 4654 4232 1763 1761 
3194 3046 3084 3056 3109 3997 3998 3994 3362 4507 4781 
3195 1586 1692 1668 3107 1886 1885 1740 4859 4888 3911 
3196 632 3091 1598 3095 4925 5074 5057 4793 5058 4926 
3197 3052 3047 3111 3112 4309 4766 4221 4510 4935 5011 
3198 1593 185 1656 3128 1777 1770 1779 4765 4666 4068 
3199 2273 2284 2286 3057 2374 2343 2371 4294 4238 4285 
3200 1611 3131 650 3137 4977 4976 4616 5075 4947 5076 
3201 1692 1652 735 1672 2105 3283 3726 1889 3924 2006 
3202 681 701 668 3090 1233 1234 1232 4596 4595 4718 
3203 1604 698 3100 3151 5077 4860 5078 5079 5007 4874 
3204 2262 3066 2276 3073 4851 5080 2336 4850 4582 3830 
3205 3052 3110 3047 3112 3986 4756 4309 4510 5011 4872 
3206 627 131 1657 1687 938 4910 4911 4155 2097 4153 
3207 687 1686 1585 188 3782 1797 3988 3212 1788 1795 
3208 2272 2286 2268 3060 2363 2362 2361 4663 4916 4436 
3209 1376 68 69 3074 1450 88 1449 3632 3345 3346 
3210 718 3093 1620 3153 4867 5081 5082 4845 5083 4974 
3211 1665 624 123 1636 4046 918 3723 1855 3928 4177 
3212 759 724 723 3155 1346 1344 1224 4331 4671 3404 
3213 1657 131 1656 1677 4910 3339 1925 2144 2145 3304 
3214 1603 3089 640 3100 5084 4967 5085 5086 4942 4932 
3215 613 742 732 3118 958 959 826 4681 4861 4679 
3216 276 275 277 3148 430 452 601 3439 4661 4393 
3217 162 2165 1583 3082 2207 5033 1748 5087 4035 4539 
3218 12 3053 3110 3132 4533 4051 4342 4448 4975 4380 
3219 1680 1697 190 3080 1804 1715 1798 3610 3419 4858 
3220 1480 3106 3058 3141 4832 4383 4472 4884 4557 4885 
3221 647 3103 3101 3138 4991 4992 3531 4866 4829 5088 
3222 1603 3100 640 3145 5086 4942 5085 5089 4490 4941 
3223 2269 211 1590 3071 2328 1845 4637 4388 3255 5090 
3224 632 3087 1598 3091 4799 5056 5057 4925 5074 4755 
3225 673 642 644 3102 1102 1100 1101 4275 4277 4530 
3226 1611 650 3117 3137 4616 4660 4714 5075 4854 4947 
3227 647 649 650 3139 1125 1126 1127 4626 4618 4635 
3228 1620 3093 718 3099 5081 4867 5082 5091 5043 5045 
3229 1615 715 1636 1612 3942 4346 2015 2012 2014 3207 
3230 718 1620 3099 3153 5082 5091 5043 4845 5055 5083 
3231 676 3156 757 3157 4116 4117 1269 4904 5092 5093 
3232 2281 1582 210 1666 4697 1838 2325 4726 1842 1843 
3233 1660 3140 711 3151 4709 4265 3542 4741 4740 4875 
3234 722 3099 1623 3120 4994 5031 3857 4705 4812 4995 
3235 1641 3067 1690 3083 4585 5020 1757 4586 4734 3731 
3236 3061 3111 3047 3112 4220 4766 4312 4692 5011 4935 
3237 1610 3103 774 3117 4653 4719 4873 4439 4488 5050 
3238 747 675 701 3092 1267 1265 1266 3740 4716 3738 
3239 698 1604 3100 3104 5077 5078 4860 5034 4933 5094 
3240 680 3089 640 3145 4039 4967 1091 4938 4490 4971 
3241 1697 1595 2166 3080 1767 3793 5068 4858 3795 3794 
3242 5 1697 2150 190 1714 4857 2176 198 3903 1715 
3243 1637 125 1683 1708 3554 4444 2120 2123 1913 3440 
3244 635 636 637 3154 1060 1064 1065 4913 4915 4996 
3245 726 3120 1640 3153 3827 4135 4134 3177 4987 4574 
3246 651 654 653 3130 1146 1147 1144 5095 4607 5096 
3247 12 3110 13 3132 4342 4254 22 4448 4450 4975 
3248 162 2154 2165 3082 2203 2208 2207 5087 4539 4725 
3249 2267 207 1591 2283 2316 1833 4804 2318 4610 2314 
3250 3089 3100 1604 3104 4932 5078 5097 4592 5094 4933 
3251 647 3103 3138 3139 4991 5088 4866 4626 4545 5015 
3252 1604 3104 698 3151 5094 5034 5077 5079 4874 3270 
3253 1659 3105 1587 3122 4806 4589 1731 4808 5098 4125 
3254 6 184 2263 1699 191 4080 2290 1718 4204 1717 
3255 1673 70 3108 3118 4074 3518 5099 4075 4838 4076 
3256 1623 3120 1643 3155 4812 4769 2067 4814 4758 3932 
3257 212 1677 2279 1590 1848 5100 2331 1844 4638 1849 
3258 1637 1615 624 1665 2027 4476 3735 2030 4046 2029 
3259 711 713 720 3140 1264 1083 1335 4265 4482 4266 
3260 2158 2160 2161 3047 2254 2257 2256 4632 4906 4310 
3261 1594 3068 1701 3149 5025 4550 1926 5027 4551 4552 
3262 76 1693 1644 1646 3477 2128 4027 3454 2131 1899 
3263 1688 3075 1662 3081 5047 5059 1823 5049 5028 4887 
3264 2274 2273 2271 3046 2369 2368 2370 3995 3871 4356 
3265 1679 1694 1631 765 1894 2103 2104 3819 3802 4355 
3266 130 1486 131 3088 1575 1576 150 3259 3306 4745 
3267 2155 1698 153 2169 4783 1712 2180 2181 2174 4211 
3268 653 669 652 3130 1149 1150 1145 4607 5101 4605 
3269 1 3121 7 3133 4555 4398 16 4518 4520 4970 
3270 131 1657 1687 1677 4910 2097 4153 3304 1908 2144 
3271 1678 3077 1682 3158 4892 4571 2142 4894 3844 4528 
3272 1608 1650 1651 3092 1992 1995 1994 5102 4391 4022 
3273 3047 3132 3096 3133 5060 4281 4634 4999 4128 4803 
3274 1702 740 1634 3157 4189 4357 1964 5071 5103 4417 
3275 2285 3058 2267 3079 4556 4939 2360 4465 4968 4381 
3276 1644 1628 783 1645 2090 3966 3452 2093 4245 2092 
3277 1626 1679 621 3122 2082 3820 4082 5065 4708 5006 
3278 1629 1630 739 1687 2079 3683 3671 2095 4453 2094 
3279 2281 2269 2275 3071 2330 2364 2350 4727 4693 4388 
3280 726 72 1638 1641 833 3329 4123 4685 2125 4621 
3281 651 652 650 3131 1139 1140 1135 5039 4976 5104 
3282 1678 2268 199 3077 5061 2292 1807 4892 5105 4917 
3283 126 1480 1476 3141 1566 1527 1569 3897 4937 4884 
3284 2170 2149 1671 160 2202 4563 4562 2201 1742 2197 
3285 781 719 754 3120 1341 1340 1343 4553 3931 4706 
3286 1692 1672 67 3107 1889 3925 3728 3911 3576 4928 
3287 2271 2266 3059 3075 2354 4648 4494 5002 4800 4801 
3288 28 275 29 3148 369 368 36 4151 4316 4393 
3289 727 70 732 3108 827 825 829 3520 4710 3518 
3290 1620 3120 3099 3153 5106 4995 5091 5083 5055 4574 
3291 2276 2266 2280 3081 2356 2309 2338 5010 5070 4649 
3292 2158 2159 2160 3054 2233 2255 2254 4630 4455 4313 
3293 1584 187 188 3124 1786 195 1787 3674 3590 4485 
3294 721 712 699 3151 1322 1320 1321 3180 3179 4404 
3295 154 2155 2164 3068 2179 2184 2183 5107 3637 4896 
3296 2273 2275 2284 3056 2372 2365 2374 4295 4213 4501 
3297 2171 2160 2173 3061 2261 2258 2230 4608 4300 4311 
3298 61 3070 60 3149 4360 4302 80 4432 4303 3665 
3299 1703 201 1589 2277 1813 1809 1814 4788 4962 2296 
3300 740 757 3156 3157 1026 4117 3698 4417 5093 5092 
3301 154 1594 2155 3068 1724 5026 2179 5107 4896 5025 
3302 201 1703 2264 2277 1813 4623 2298 2296 2300 4788 
3303 1693 1588 1646 3083 1898 1763 1899 3980 4148 4657 
3304 1475 45 1483 3073 1515 1522 1523 4328 4139 3190 
3305 200 2268 1678 3076 2293 5061 1806 5035 4893 4918 
3306 2265 2281 2275 3063 2327 2350 2349 4183 4258 4698 
3307 1636 122 1580 1664 3929 3944 1853 1851 1852 4667 
3308 3091 3095 631 3119 4926 4927 4924 4985 5018 5016 
3309 2163 2149 3064 3074 2223 4984 4945 4934 4370 4564 
3310 1589 2277 200 3076 4962 2295 1810 4086 5035 4789 
3311 1696 1673 70 3108 2111 4074 4601 4665 3518 5099 
3312 772 759 744 3155 1347 1311 1359 3679 3678 4331 
3313 719 3099 3120 3153 4993 4995 4706 5017 4574 5055 
3314 1585 1686 691 1645 1797 3780 3987 1882 4197 1883 
3315 205 2262 2280 3081 2310 2312 2308 5108 5070 4852 
3316 2159 2158 2151 3055 2233 2232 2234 4678 4194 5005 
3317 2277 2264 2272 3076 2300 2346 2348 4789 4743 4624 
3318 1671 2170 160 1670 4562 2201 1742 1746 1744 4411 
3319 2263 2286 2284 3057 2341 2343 2340 4081 4285 4238 
3320 640 3089 1603 3145 4967 5084 5085 4490 5089 4971 
3321 206 1691 2283 1580 1830 4611 2313 1826 4959 1831 
3322 1670 2170 161 3082 4411 2200 1745 4412 5109 4413 
3323 1696 70 1670 3082 4601 4841 1874 4603 4412 4435 
3324 1588 1693 1642 3083 1898 1897 1896 4657 4735 3980 
3325 1701 1626 1675 764 2083 1942 1931 3636 4029 4083 
3326 731 119 752 3127 902 906 907 3475 3486 3473 
3327 2269 2281 211 3071 2330 2326 2328 4388 5090 4727 
3328 1602 3145 758 3154 4427 4425 3710 4880 4855 4493 
3329 3060 3085 3057 3116 4353 4298 4351 4320 3893 4742 
3330 5 1698 190 2169 1711 1716 198 2175 3581 4211 
3331 731 681 778 3127 1292 1287 967 3475 4468 4470 
3332 1484 3084 3063 3141 4881 4109 4594 4953 4026 5073 
3333 699 698 673 3104 1256 1103 1255 3268 4363 5034 
3334 49 1471 1486 3085 1493 1540 1541 4126 4284 4522 
3335 662 659 3094 3099 1187 5038 5023 5041 5110 5042 
3336 740 3156 1634 3157 3698 4358 4357 4417 5103 5093 
3337 648 672 649 3139 1129 1130 1124 3939 4635 3937 
3338 1666 211 2281 3071 1841 2326 4726 3231 4727 5090 
3339 237 277 275 3148 453 452 371 4015 4393 4661 
3340 757 784 626 3156 1030 1028 1027 4117 3699 3294 
3341 2285 2267 2278 3079 2360 2321 2353 4465 4466 4968 
3342 2274 2276 2267 3066 2358 2337 2357 4940 4805 5080 
3343 751 618 777 3147 982 985 986 3222 4385 3449 
3344 2262 3073 2276 3081 4850 4582 2336 4852 5010 3536 
3345 2283 206 1580 2262 2313 1826 4959 2315 4965 2311 
3346 2155 153 1698 1594 2180 1712 4783 5026 1725 1723 
3347 1489 1477 48 3084 1538 1530 1537 4107 4305 4108 
3348 47 1477 1484 3084 1531 1534 1532 5072 4881 4108 
3349 2158 2153 3055 3064 2241 4394 5005 5062 3470 4396 
3350 302 288 290 3113 465 422 582 4833 3543 4160 
3351 2162 2156 2168 3083 2251 2217 2236 4882 4656 4424 
3352 1645 1686 749 1695 1883 4142 4198 2129 4003 2132 
3353 3087 3156 676 3157 4988 4116 4242 4905 4904 5093 
3354 709 631 3095 3119 1044 4927 3668 4053 5016 5018 
3355 1681 190 1698 3149 1801 1716 1805 4442 4642 3664 
3356 730 677 742 3117 1275 1274 957 3380 4180 4659 
3357 663 666 723 3126 1207 1208 1199 4505 5051 3921 
3358 2163 2154 2149 3053 2222 2224 2223 4737 4908 4746 
3359 2166 167 1697 2150 2218 1713 5068 2221 4857 2177 
3360 662 723 722 3125 1200 1203 1201 5024 3977 3976 
3361 719 718 722 3099 1329 1202 1338 4993 4994 5043 
3362 702 645 647 3103 1117 1115 1116 5014 4991 4990 
3363 1636 717 122 1664 4344 911 3929 1851 4667 4267 
3364 676 697 694 3087 1063 1013 1271 4242 4018 4017 
3365 1666 1590 211 3071 1846 1845 1841 3231 5090 3255 
3366 2171 2150 2166 3080 2226 2221 2227 4609 3795 3573 
3367 1645 625 1644 1695 4443 3451 2093 2129 2130 4004 
3368 120 1662 1661 3075 4921 2139 4097 4099 4098 5059 
3369 1699 2279 2263 213 4203 2334 4204 1722 2289 2332 
3370 654 3130 651 3135 5096 5095 1146 4517 5040 5111 
3371 2165 2152 163 3067 2211 2210 2206 4537 5112 4731 
3372 1661 3075 1704 3134 4098 5113 1858 4699 5114 4700 
3373 694 3087 1674 3156 4018 4813 4753 4115 5115 4988 
3374 3047 3110 3053 3132 4756 4051 4736 5060 4380 4975 
3375 1595 1680 1695 3080 1935 1934 1933 3794 4843 3610 
3376 748 695 760 3146 1317 1007 1316 3876 3878 4459 
3377 1482 1471 2 3085 1495 1492 1494 4521 3909 4522 
3378 208 2278 2267 3079 2319 2321 2317 5116 4968 4466 
3379 1671 1586 159 3107 1743 1739 1741 4989 4983 4859 
3380 2157 157 1668 2153 2188 1735 4790 2193 4395 2192 
3381 2158 2161 2163 3047 2256 2244 2243 4632 4738 4906 
3382 2274 2271 2276 3046 2370 2355 2358 3995 4581 3871 
3383 163 1689 2165 3067 1751 4538 2206 5112 4537 3513 
3384 1365 12 1370 3110 1415 1417 1418 4898 4343 4342 
3385 1371 13 1365 3110 1423 1416 1422 4253 4898 4254 
3386 1707 1678 1682 3158 1904 2142 2113 4787 3844 4894 
3387 1695 76 1644 1646 4119 4027 2130 1932 2131 3454 
3388 628 630 3119 3124 886 4262 4054 4847 4263 3568 
3389 1678 199 1700 3077 1807 1721 1808 4892 4831 5105 
3390 184 6 2282 1700 191 2287 3864 1720 4825 1719 
3391 1472 43 1481 3115 1505 1512 1513 4486 4270 3215 
3392 2161 2162 2172 3052 2259 2238 2247 4899 3981 4334 
3393 1682 1674 1634 3156 1920 1956 2112 4121 4358 5115 
3394 3118 3136 1649 3137 4795 5117 5118 4797 5119 4798 
3395 237 275 28 3148 371 369 362 4015 4151 4393 
3396 1674 1682 1592 3156 1920 1917 1918 5115 3293 4121 
3397 1583 162 1689 2165 1748 1750 1752 5033 4538 2207 
3398 677 742 3117 3137 1274 4180 4659 4946 4854 4796 
3399 1611 1610 1614 3117 1998 2003 2002 4714 4964 4439 
3400 2162 2171 2156 3069 2253 2252 2251 4335 4233 4683 
3401 702 774 3103 3117 1226 4719 5014 4658 5050 4488 
3402 680 668 640 3089 1092 1089 1091 4039 4967 4040 
3403 719 3120 781 3153 4706 4553 1341 5017 4573 4574 
3404 1638 72 1689 1641 3329 3512 1870 2125 1755 4621 
3405 2286 2272 2273 3060 2363 2367 2371 4436 4352 4663 
3406 1620 1623 1622 3099 2054 2053 2052 5091 5120 5031 
3407 643 3101 644 3102 4339 4340 1099 3649 4277 4464 
3408 212 2269 211 1590 2329 2328 227 1844 1845 4637 
3409 652 669 766 3136 1150 1151 1152 5121 4721 3654 
3410 1662 121 1664 3081 4920 4668 2141 5028 4670 4669 
3411 3117 3118 1614 3137 4680 5067 4964 4854 5122 4797 
3412 1630 1710 129 1687 2101 3585 3879 2094 4452 1910 
3413 64 1679 1694 3105 4269 1894 3948 3950 3949 4864 
3414 128 618 733 3147 933 934 929 3430 3429 3449 
3415 659 3093 660 3094 4969 4816 1177 5038 4579 4815 
3416 1649 3118 3108 3136 5118 4838 5123 5117 4839 4795 
3417 677 766 742 3137 1153 1277 1274 4946 4796 4979 
3418 163 2152 1690 3067 2210 5019 1753 5112 5020 4731 
3419 184 1656 185 3150 1771 1770 192 3867 4170 3800 
3420 310 292 239 3113 466 415 467 4176 4013 4184 
3421 42 1472 1488 3115 1506 1509 1507 3217 3592 4486 
3422 2158 2163 3064 3096 2243 4945 5062 4633 4210 4739 
3423 121 1662 1651 616 4920 2140 5036 908 3838 5000 
3424 1651 1653 3090 3127 1996 5124 4703 4001 4757 5125 
3425 636 679 3154 3157 1072 4856 4996 4903 4998 4415 
3426 167 1697 1595 2166 1713 1767 1765 2218 3793 5068 
3427 1639 1657 779 3146 1921 4919 4064 4548 3877 4978 
3428 1618 1620 1621 3093 2041 2044 2043 5126 5127 5081 
3429 209 1582 210 2265 1839 1838 225 2322 2323 4182 
3430 2271 2270 2266 3075 2345 2306 2354 5002 4801 5003 
3431 1651 1662 120 616 2140 4921 3875 3838 909 5000 
3432 2168 164 2152 3083 2213 2209 2214 4656 4840 5128 
3433 697 676 634 3087 1063 1061 1053 4017 4243 4242 
3434 7 1366 1375 3121 1381 1394 1392 4398 4397 4912 
3435 1604 3089 1603 3100 5097 5084 1959 5078 5086 4932 
3436 14 1379 1368 3111 1428 1429 1425 4288 4902 4289 
3437 1374 15 1368 3111 1430 1426 1432 4484 4902 4502 
3438 1706 1614 1672 3118 2024 2004 2025 4577 4958 5067 
3439 641 640 668 3089 1084 1089 1090 4591 4040 4967 
3440 1619 1640 1620 3153 2047 2046 2042 3826 5083 4987 
3441 659 658 657 3093 1175 1166 1174 4969 4336 4338 
3442 2280 1688 205 3081 5069 1821 2308 5070 5108 5049 
3443 1605 1653 1603 3089 1970 1969 1967 5129 5084 5130 
3444 1621 3093 3094 3144 5127 4815 4810 3538 4818 4817 
3445 1581 3075 2270 3134 5131 5003 5021 5022 4646 4700 
3446 696 636 679 3154 1069 1072 1073 4491 4856 4996 
3447 619 686 632 3091 874 991 989 3836 4925 3851 
3448 668 641 3089 3090 1090 4591 4040 4595 4597 4534 
3449 2276 2262 2267 3066 2336 2335 2337 5080 4805 4851 
3450 1639 1629 779 1657 2087 3822 4064 1921 4919 2096 
3451 1605 3089 1604 3104 5129 5097 1968 5132 5094 4592 
3452 2267 2262 2283 3066 2335 2315 2318 4805 4614 4851 
3453 674 631 633 3095 1048 1046 1047 3667 4318 4927 
3454 661 660 706 3094 1184 1189 1190 3891 3890 4579 
3455 1361 10 9 3096 1401 19 1400 4209 3484 3414 
3456 2154 2161 2172 3053 2245 2247 2246 4746 4049 4900 
3457 1616 1637 1615 3135 2028 2027 2017 4092 4560 4844 
3458 1667 157 1668 2157 1733 1735 1737 4877 4790 2188 
3459 1709 3127 1661 3134 4760 4713 1860 4761 4699 4141 
3460 1683 1669 3079 3142 1911 5133 4750 4973 4499 5134 
3461 1635 3127 778 3145 4728 4468 4428 4944 4943 4951 
3462 1608 3101 3090 3102 5064 4960 5135 5136 4536 4464 
3463 1678 1654 1682 3077 2143 1916 2142 4892 4571 3918 
3464 62 3086 3068 3122 4497 3638 3597 3601 3600 4161 
3465 1604 1660 1631 3151 1961 1976 1975 5079 4260 4741 
3466 1620 1623 3099 3120 2054 5031 5091 5106 4995 4812 
3467 1640 3120 1620 3153 4135 5106 2046 4987 5083 4574 
3468 1604 1603 1601 3100 1959 1958 1960 5078 5137 5086 
3469 1704 204 2266 3075 1818 2305 5138 5113 4801 5046 
3470 1366 1 1378 3121 1380 1385 1386 4912 4487 4555 
3471 2270 2271 2264 3062 2345 2344 2303 4644 4622 4149 
3472 1589 200 1678 3076 1810 1806 1811 4086 4893 5035 
3473 637 639 638 3100 1074 1075 1066 4422 4421 4931 
3474 1587 156 2151 155 1730 2185 4587 1729 2186 171 
3475 48 1477 47 3084 1530 1531 57 4305 5072 4108 
3476 1650 1664 1651 3092 2119 2137 1995 4022 4391 3884 
3477 1633 1649 1673 3108 2040 2022 2110 3946 5099 5123 
3478 2159 2164 2155 3068 2235 2184 2248 4639 4896 3637 
3479 1703 2270 1581 202 4643 5021 1817 1812 1816 2301 
3480 3130 3131 651 3135 5139 5039 5095 5111 5040 4561 
3481 2272 2268 2277 3076 2361 2297 2348 4743 4789 4918 
3482 2152 164 1690 3083 2209 1754 5019 4840 4734 5128 
3483 633 634 635 3114 1051 1054 1055 4418 4955 4419 
3484 3063 3084 3058 3141 4109 4227 4257 4026 4557 5073 
3485 2272 2264 2271 3062 2346 2344 2347 4664 4149 4622 
3486 29 233 270 3098 374 377 367 4315 4175 4249 
3487 662 3099 3094 3125 5041 5110 5023 5024 4930 5032 
3488 732 741 727 3108 1353 1352 829 4710 3520 4711 
3489 695 3128 622 3146 4907 3625 862 4459 3498 3765 
3490 1653 3089 3127 3145 5130 4572 5125 5140 4951 4971 
3491 1665 1615 624 1636 2029 4476 4046 1855 4177 2015 
3492 1701 1675 1594 3149 1931 1930 1926 4551 5027 4433 
3493 1592 185 186 3128 1774 193 1775 4138 3755 4068 
3494 2156 165 1646 166 2216 1761 4232 2215 1762 181 
3495 2 1471 49 3085 1492 1493 59 3909 4126 4522 
3496 1625 1630 1658 3147 2078 2080 2065 4823 4463 4387 
3497 1650 1608 1609 3138 1992 1987 1993 4784 5141 5142 
3498 653 654 655 3129 1147 1154 1155 3855 4869 4890 
3499 613 732 69 3118 826 824 822 4681 4077 4861 
3500 1580 2262 205 3081 4965 2310 1827 3945 5108 4852 
3501 1641 1640 73 3120 2124 4133 4584 5143 3335 4135 
3502 1618 3129 3123 3144 5144 4868 5145 5146 4871 4870 
3503 1669 2278 208 3079 4111 2319 1836 5133 5116 4466 
3504 3129 3130 1617 3136 4606 5147 4641 4949 4102 4950 
3505 707 658 708 3123 1168 1181 1182 3954 4477 4479 
3506 636 676 679 3157 1062 1071 1072 4903 4415 4904 
3507 1612 1611 1613 3131 2000 2008 2007 3720 5148 4977 
3508 1599 1598 1597 3095 1938 1878 1939 4307 4377 5058 
3509 1624 1628 3126 3155 2074 3919 5149 5150 4822 4821 
3510 748 1657 1593 3146 4909 1922 4779 3876 4780 4978 
3511 1640 1642 1623 3120 2069 2068 2055 4135 4812 4879 
3512 2275 2285 2265 3063 2352 2351 2349 4258 4183 4186 
3513 70 1670 1673 1696 4841 2148 4074 4601 2111 1874 
3514 1609 1607 1610 3103 1988 1990 1989 5151 4653 3565 
3515 630 631 709 3119 988 1044 1036 4262 4053 5018 
3516 1615 3131 1613 3135 4558 5148 2013 4560 5152 4561 
3517 663 723 3125 3126 1199 3976 3744 4505 4504 5051 
3518 1635 1602 1603 3145 1962 1957 1963 4944 5089 4427 
3519 2149 2167 2163 3064 2199 2225 2223 4984 4945 4676 
3520 1649 1614 3118 3137 2011 5067 5118 5119 4797 5122 
3521 1599 1597 1626 3095 1939 1941 1940 4307 3680 4377 
3522 153 2155 154 1594 2180 2179 169 1723 1724 5026 
3523 719 781 746 3153 1341 1342 1331 5017 3175 4573 
3524 647 3138 648 3139 4866 4575 1120 4626 3939 4545 
3525 758 680 696 3145 1288 1093 1284 4425 4489 4938 
3526 2164 1659 154 3068 4807 1726 2183 3637 5107 4901 
3527 656 704 657 3144 1169 1170 1164 4145 4500 3537 
3528 643 644 642 3102 1099 1100 1095 3649 4530 4277 
3529 1634 1682 3156 3158 2112 4121 4358 4359 3702 3844 
3530 1600 1674 1598 3087 1946 1945 1943 5153 5056 4813 
3531 1690 1588 1642 3083 1760 1896 1895 4734 4735 4657 
3532 1607 3101 1608 3102 5029 5064 1980 4627 5136 4464 
3533 700 3090 701 3092 4535 4718 1235 4715 4716 4704 
3534 162 1583 2154 3082 1748 5154 2203 5087 4725 4035 
3535 659 3093 3094 3099 4969 4815 5038 5042 5110 5045 
3536 700 668 701 3090 1098 1234 1235 4535 4718 4595 
3537 1634 1702 1707 3158 1964 1905 2114 4359 4787 4191 
3538 1604 1606 1605 3104 1973 1972 1968 5094 5132 4371 
3539 663 723 662 3125 1199 1200 1195 3744 5024 3976 
3540 245 270 233 3098 436 377 434 4625 4249 4175 
3541 1621 1620 1622 3094 2044 2052 2051 4810 3889 5155 
3542 649 3131 650 3139 3829 4976 1126 4635 4618 4636 
3543 628 104 630 3124 882 877 886 4847 3568 3589 
3544 720 713 638 3140 1083 1068 1082 4482 4481 4266 
3545 707 708 773 3123 1182 1328 1236 3954 3953 4477 
3546 650 3131 652 3137 4976 5104 1140 4947 5156 5076 
3547 1688 1664 1580 3081 1856 1852 1828 5049 3945 4670 
3548 1589 1678 1707 3076 1811 1904 1903 4086 4786 4893 
3549 1619 1620 1618 3123 2042 2041 2036 4506 5145 5157 
3550 650 652 677 3137 1140 1141 1142 4947 4946 5156 
3551 661 659 660 3094 1185 1177 1184 3891 4579 5038 
3552 100 695 99 3128 854 855 107 3624 3461 4907 
3553 1623 1624 3125 3155 2062 5158 4368 4814 4672 5150 
3554 1360 62 1372 3086 1439 1438 1397 4480 3426 4497 
3555 1605 1606 1607 3102 1972 1978 1977 5159 4627 4291 
3556 1365 1370 3097 3110 1418 4009 4862 4898 4717 4343 
3557 662 722 718 3099 1201 1202 1188 5041 5043 4994 
3558 670 654 703 3135 1161 1148 1163 4091 4559 4517 
3559 63 1679 3105 3122 4268 4864 4863 4707 4125 5006 
3560 646 675 648 3138 1121 1122 1119 4400 4575 4401 
3561 202 1703 2270 2264 1812 4643 2301 2299 2303 4623 
3562 2270 1704 2266 3075 5160 5138 2306 5003 4801 5113 
3563 3114 3140 1601 3154 4954 5161 5162 4956 5163 4957 
3564 1621 1647 1618 3144 2045 2034 2043 3538 5146 4599 
3565 1622 1623 1624 3125 2053 2062 2061 3821 5158 4368 
3566 1676 3142 1648 3147 4809 4516 2134 4691 4604 3870 
3567 1653 1605 1608 3090 1970 1979 1981 5124 5135 5164 
3568 2162 2168 2152 3083 2236 2214 2237 4882 4840 4656 
3569 3089 3090 1653 3127 4597 5124 5130 4572 5125 4757 
3570 652 3130 669 3136 5101 4605 1150 5121 3654 4950 
3571 654 3129 653 3130 4890 3855 1147 5096 4607 4606 
3572 1598 3087 1655 3091 5056 4016 1879 5074 4549 4755 
3573 1368 15 14 3111 1426 24 1425 4902 4288 4502 
3574 1584 1598 1655 3091 1877 1879 1790 4529 4549 5074 
3575 1651 3090 1608 3092 4703 5135 1994 4391 5102 4704 
3576 1618 1616 1617 3129 2031 2019 2032 5144 4641 4986 
3577 1597 1596 1675 3119 1876 1937 1936 4437 5009 4457 
3578 1614 1611 3117 3137 2002 4714 4964 5122 4854 5075 
3579 158 1668 157 2153 1736 1735 173 2191 2192 4395 
3580 1643 1628 1624 3155 2075 2074 2066 4758 5150 4821 
3581 208 2267 1591 3079 2317 4804 1832 5116 4830 4968 
3582 1649 1617 1613 3130 2021 2020 2009 5165 5166 5147 
3583 774 667 702 3103 1227 1118 1226 4719 5014 3168 
3584 626 115 116 3158 894 135 893 3701 4192 3843 
3585 1610 1672 1614 3117 2005 2004 2003 4439 4964 4961 
3586 740 679 757 3157 1285 1270 1026 4417 5092 4415 
3587 1365 13 12 3110 1416 22 1415 4898 4342 4254 
3588 1602 1600 1601 3154 1952 1947 1953 4880 5163 5167 
3589 1603 1604 1605 3089 1959 1968 1967 5084 5129 5097 
3590 48 3084 47 3109 4305 5072 57 4375 4376 4781 
3591 770 99 695 3128 793 855 857 3773 4907 3461 
3592 649 651 650 3131 1134 1135 1126 3829 4976 5039 
3593 2163 2161 2154 3053 2244 2245 2222 4737 4746 4900 
3594 730 774 677 3117 1276 1273 1275 3380 4659 4488 
3595 1611 1612 1609 3139 2000 1999 1997 4617 5168 4229 
3596 1710 1676 1630 3147 2100 2099 2101 4853 4387 4691 
3597 1599 1600 1598 3114 1944 1943 1938 5012 5169 5170 
3598 1617 1619 1618 3123 2037 2036 2032 3952 5145 4506 
3599 1598 3095 3091 3119 5058 4926 5074 5171 4985 5016 
3600 1617 1649 1633 3136 2021 2040 2039 4102 3467 5117 
3601 1581 1704 2270 3075 1820 5160 5021 5131 5003 5113 
3602 1596 188 189 3124 1792 196 1793 4792 3989 3590 
3603 2165 2172 2152 3067 2240 2239 2211 4537 4731 3983 
3604 1657 1629 627 1687 2096 3670 4911 2097 4155 2095 
3605 1605 1608 3090 3102 1979 5135 5164 5159 4536 5136 
3606 670 703 714 3135 1163 1246 1245 4091 4598 4559 
3607 288 302 239 3113 465 464 412 4160 4013 4833 
3608 1649 1613 1611 3137 2009 2008 2010 5119 5075 5172 
3609 114 4 3116 3150 133 4542 4811 3622 3896 3314 
3610 1602 1601 1603 3154 1953 1958 1957 4880 5173 5163 
3611 1647 1616 1618 3144 2033 2031 2034 4599 5146 4146 
3612 3087 3095 1598 3114 4929 5058 5056 4752 5169 4775 
3613 1710 1590 1666 3071 1906 1846 1907 4157 3231 3255 
3614 1372 62 63 3086 1438 82 1437 3426 4354 4497 
3615 1 1366 7 3121 1380 1381 16 4555 4398 4912 
3616 1605 1607 1608 3102 1977 1980 1979 5159 5136 4627 
3617 2271 2266 2276 3059 2354 2356 2355 4494 4580 4648 
3618 662 722 3099 3125 1201 4994 5041 5024 5032 3977 
3619 1687 1590 1710 3071 1909 1906 1910 4972 4157 3255 
3620 651 3130 652 3131 5095 5101 1139 5039 5104 5139 
3621 1612 3138 1609 3139 4544 5141 1999 4229 5168 4545 
3622 186 3128 1593 3146 3755 4765 1776 4431 4780 3765 
3623 1658 1630 1676 3147 2080 2099 2098 4463 4691 4387 
3624 620 690 102 3143 875 866 873 3658 3999 3776 
3625 1613 1617 1616 3129 2020 2019 2018 5174 4986 4641 
3626 3114 3154 1600 3157 4956 5167 5170 4997 5175 4998 
3627 1591 1708 1683 3079 1914 1913 1912 4830 4750 4093 
3628 1584 188 1596 3124 1787 1792 1796 3674 4792 3590 
3629 14 3111 15 3112 4288 4502 24 4509 4513 4935 
3630 636 696 637 3154 1069 1070 1064 4996 4915 4491 
3631 1662 120 1661 1651 4921 4097 2139 2140 2138 3875 
3632 1609 1612 1650 3138 1999 2001 1993 5141 4784 4544 
3633 187 186 1684 3143 194 1783 1782 4000 4224 4686 
3634 1605 3090 3089 3102 5164 4597 5129 5159 4980 4536 
3635 1601 1600 1599 3114 1947 1944 1948 5162 5012 5170 
3636 1653 1608 1651 3090 1981 1994 1996 5124 4703 5135 
3637 1620 1640 1623 3120 2046 2055 2054 5106 4812 4135 
3638 1614 1649 1611 3137 2011 2010 2002 5122 5075 5119 
3639 642 3102 673 3104 4530 4275 1102 3798 4363 4531 
3640 1635 1653 1661 3127 1971 2116 2115 4728 4713 5125 
3641 731 752 681 3127 907 1291 1292 3475 4470 3486 
3642 1610 1611 1609 3103 1998 1997 1989 4653 5151 5013 
3643 1638 1640 726 1641 2050 4134 4123 2125 4685 2124 
3644 1596 1597 1584 3119 1876 1875 1796 4457 4897 4437 
3645 1624 1627 1625 3126 2072 2071 2064 5149 4447 4101 
3646 161 2170 2154 3082 2200 2205 2204 5109 4725 4413 
3647 1623 1643 1624 3155 2067 2066 2062 4814 5150 4758 
3648 205 1688 1580 3081 1821 1828 1827 5108 3945 5049 
3649 3100 3145 1603 3154 4941 5089 5086 4914 5173 4493 
3650 1674 1634 3156 3157 1956 4358 5115 5176 5093 5103 
3651 1625 3125 1624 3126 4701 5158 2064 4447 5149 4504 
3652 1581 1703 1663 3134 1817 1862 1863 5022 4367 4645 
3653 1602 1634 1600 3157 1955 1954 1952 4662 5175 5103 
3654 719 746 708 3153 1331 1332 1330 5017 4834 3175 
3655 1624 1625 1622 3125 2064 2063 2061 5158 3821 4701 
3656 1597 3095 1598 3119 4377 5058 1878 4437 5171 5016 
3657 1604 1601 1660 3140 1960 1949 1961 5177 4709 5161 
3658 1613 3129 1616 3135 5174 4986 2018 5152 4092 4891 
3659 720 699 712 3151 1318 1320 1319 4837 4404 3179 
3660 1653 1603 3089 3145 1969 5084 5130 5140 4971 5089 
3661 164 2168 1588 3083 2213 4655 1758 5128 4657 4656 
3662 2153 2163 2167 3064 2242 2225 2196 4396 4676 4945 
3663 1480 125 124 3106 1564 144 1563 4832 3443 3442 
3664 2170 160 1670 161 2201 1744 4411 2200 1745 176 
3665 1660 1601 1599 3140 1949 1948 1950 4709 4264 5161 
3666 302 310 239 3113 468 467 464 4833 4013 4176 
3667 1365 1370 72 3097 1418 1456 1459 4862 3331 4009 
3668 1605 3102 3089 3104 5159 4980 5129 5132 4592 4531 
3669 2153 2157 2158 3055 2193 2231 2241 4394 5005 4791 
3670 733 618 751 3147 934 982 983 3429 3222 3449 
3671 1584 1597 1598 3119 1875 1878 1877 4897 5171 4437 
3672 158 1586 2167 159 1738 4772 2195 174 2194 1739 
3673 1701 3068 1659 3122 4550 4901 1927 4279 4808 3600 
3674 725 126 127 3142 927 146 926 3446 3692 3898 
3675 2158 2163 2153 3064 2243 2242 2241 5062 4396 4945 
3676 43 1472 42 3115 1505 1506 52 3215 3217 4486 
3677 185 1593 186 3128 1777 1776 193 4068 3755 4765 
3678 766 652 3136 3137 1152 5121 4721 4979 4798 5156 
3679 3050 3132 3112 3133 4449 4842 4512 4519 4886 4803 
3680 1608 3092 3090 3101 5102 4704 5135 5064 4960 5008 
3681 1697 1680 1595 3080 1804 1935 1767 4858 3794 3610 
3682 184 185 1654 3150 192 1769 1768 3867 4620 4170 
3683 1598 1674 1655 3087 1945 1919 1879 5056 4016 4813 
3684 1659 1594 154 3068 1728 1724 1726 4901 5107 5025 
3685 1484 127 126 3141 1568 146 1567 4953 3897 3689 
3686 1655 187 1584 3091 1781 1786 1790 4549 4529 3835 
3687 1584 1598 3091 3119 1877 5074 4529 4897 4985 5171 
3688 1615 1612 1613 3131 2012 2007 2013 4558 5148 3720 
3689 114 1482 1474 3116 1498 1496 1545 4811 4319 4628 
3690 717 1636 1650 1664 4344 2016 4104 4267 2119 1851 
3691 1661 1704 1581 3134 1858 1820 1859 4699 5022 5114 
3692 1617 3129 1613 3130 4641 5174 2020 5147 5166 4606 
3693 1670 161 1583 3082 1745 1747 1749 4412 4035 5109 
3694 754 734 781 3120 965 1351 1343 3931 4553 3334 
3695 201 200 1589 2277 216 1810 1809 2296 4962 2295 
3696 1479 1480 124 3106 1529 1563 1565 4033 3443 4832 
3697 1649 1614 1673 3118 2011 2023 2022 5118 4075 5067 
3698 1674 1600 1634 3157 1946 1954 1956 5176 5103 5175 
3699 1704 2270 2266 203 5160 2306 5138 1819 2304 2302 
3700 724 759 772 3155 1346 1347 963 3404 3679 4331 
3701 1609 3103 1611 3139 5151 5013 1997 5168 4617 5015 
3702 1617 3123 1618 3129 3952 5145 2032 4641 5144 4868 
3703 188 187 1585 3143 195 1789 1788 4684 4237 4000 
3704 1613 3131 1611 3137 5148 4977 2008 5172 5075 5076 
3705 2158 2157 2151 3055 2231 2190 2232 5005 4194 4791 
3706 3058 3106 3079 3141 4383 4095 4381 4557 4467 4885 
3707 72 1370 71 3097 1456 1453 91 3331 3330 4009 
3708 1683 1705 1669 3142 2136 1868 1911 4973 5134 3693 
3709 667 645 702 3103 1109 1117 1118 3168 5014 4990 
3710 1642 1643 1623 3120 2070 2067 2068 4879 4812 4769 
3711 159 1671 2149 160 1741 4563 2198 175 2197 1742 
3712 1702 1634 1602 3157 1964 1955 1965 5071 4662 5103 
3713 200 1678 2268 199 1806 5061 2293 215 2292 1807 
3714 114 3116 3077 3150 4811 3892 3917 3622 3895 3896 
3715 1594 1659 1701 3068 1728 1927 1926 5025 4550 4901 
3716 3093 3123 1620 3153 4836 5157 5081 4974 5083 4846 
3717 213 1699 2279 1677 1722 4203 2332 1847 5100 1850 
3718 1618 1616 3129 3144 2031 4986 5144 5146 4870 4146 
3719 205 1580 206 2262 1827 1826 221 2310 2311 4965 
3720 1601 3114 1599 3140 5162 5012 1948 5161 4264 4954 
3721 1653 1651 1661 3127 1996 2138 2116 5125 4713 4001 
3722 2262 2276 2280 3081 2336 2338 2312 4852 5070 5010 
3723 1648 1705 1683 3142 2135 2136 2133 4516 4973 3693 
3724 651 653 652 3130 1144 1145 1139 5095 5101 4607 
3725 1706 1672 1671 3107 2025 1888 2146 3619 4989 4928 
3726 1613 3130 3129 3135 5166 4606 5174 5152 4891 5111 
3727 649 647 648 3139 1125 1120 1124 4635 3939 4626 
3728 164 1588 1690 3083 1758 1760 1754 5128 4734 4657 
3729 1600 3114 1601 3154 5170 5162 1947 5167 5163 4956 
3730 1476 1484 126 3141 1533 1567 1569 4937 3897 4953 
3731 1676 1705 1648 3142 1869 2135 2134 4809 4516 3693 
3732 1604 3100 1601 3140 5078 5137 1960 5177 5161 4848 
3733 1604 3100 3140 3151 5078 4848 5177 5079 4875 5007 
3734 1648 1658 1676 3147 2060 2098 2134 4604 4691 4463 
3735 1624 1628 1627 3126 2074 2073 2072 5149 4101 3919 
3736 5 1697 167 2150 1714 1713 183 2176 2177 4857 
3737 1618 3123 3093 3144 5145 4836 5126 5146 4817 4871 
3738 1662 1664 1688 3081 2141 1856 1823 5028 5049 4670 
3739 1638 1640 1619 3153 2050 2047 2048 4200 3826 4987 
3740 1624 3126 3125 3155 5149 4504 5158 5150 4672 4822 
3741 1482 114 4 3116 1498 133 1497 4628 4542 4811 
3742 1602 1600 3154 3157 1952 5167 4880 4662 4998 5175 
3743 1620 3093 1618 3123 5081 5126 2041 5157 5145 4836 
3744 698 642 673 3104 1088 1102 1103 5034 4363 3798 
3745 1709 1581 1663 3134 1861 1863 1864 4761 4367 5022 
3746 1681 1594 1675 3149 1928 1930 1929 4442 4433 5027 
3747 1699 2263 6 213 4204 2290 1718 1722 229 2289 
3748 161 2154 1583 3082 2204 5154 1747 5109 4035 4725 
3749 1591 1683 1669 3079 1912 1911 1837 4830 5133 4750 
3750 1585 1684 1685 3143 1791 1884 1881 4237 4952 4224 
3751 1626 1701 1679 3122 2083 2084 2082 5065 5006 4279 
3752 1602 1603 3145 3154 1957 5089 4427 4880 4493 5173 
3753 1591 208 207 2267 1832 223 1833 4804 2316 2317 
3754 1649 1617 3130 3136 2021 5147 5165 5117 4950 4102 
3755 1691 2283 207 206 4611 2314 1829 1830 222 2313 
3756 199 2282 6 1700 2288 2287 214 1721 1719 4825 
3757 186 1593 1684 3146 1776 1785 1783 4431 4778 4780 
3758 3129 3130 654 3135 4606 5096 4890 4891 4517 5111 
3759 1593 1639 1684 3146 1923 1924 1785 4780 4778 4548 
3760 209 208 1669 2278 224 1836 1835 2320 4111 2319 
3761 1610 1611 3103 3117 1998 5013 4653 4439 5050 4714 
3762 1679 1659 1587 3122 1890 1731 1891 5006 5098 4808 
3763 167 1595 166 2166 1765 1764 182 2218 2219 3793 
3764 1671 1672 1586 3107 1888 1887 1743 4989 4859 4928 
3765 1622 1658 1621 3094 2057 2056 2051 3889 4810 4374 
3766 1653 3127 1635 3145 5125 4728 1971 5140 4944 4951 
3767 2274 2267 2285 3058 2357 2360 2359 4226 4556 4939 
3768 1601 3100 1603 3154 5137 5086 1958 5163 5173 4914 
3769 1653 1635 1603 3145 1971 1963 1969 5140 5089 4944 
3770 1661 1662 1704 3075 2139 1825 1858 4098 5113 5059 
3771 1649 1673 3108 3118 2022 5099 5123 5118 4838 4075 
3772 766 677 652 3137 1153 1141 1152 4979 5156 4946 
3773 1683 1647 1648 3142 2121 2058 2133 4973 4516 4065 
3774 62 63 3086 3122 82 4354 4497 3601 4161 4707 
3775 1669 208 1591 3079 1836 1832 1837 5133 4830 5116 
3776 1704 3075 1581 3134 5113 5131 1820 5114 5022 4700 
3777 3092 3101 1608 3138 5008 5064 5102 4876 5142 4829 
3778 1473 1485 120 3152 1518 1555 1557 5037 4922 3971 
3779 663 665 666 3126 1205 1206 1207 4505 3921 3811 
3780 680 758 778 3145 1288 971 1286 4938 4943 4425 
3781 1649 3130 1613 3137 5165 5166 2009 5119 5172 5178 
3782 1613 1616 1615 3135 2018 2017 2013 5152 4560 4092 
3783 1621 3093 1620 3094 5127 5081 2044 4810 5155 4815 
3784 3112 3132 3047 3133 4842 5060 5011 4886 4999 4803 
3785 201 1703 202 2264 1813 1812 217 2298 2299 4623 
3786 1667 1694 1587 3105 1893 1892 1734 4272 4589 3949 
3787 1709 1661 1581 3134 1860 1859 1861 4761 5022 4699 
3788 1670 1673 1706 3118 2148 2026 2147 4966 4577 4075 
3789 1600 3087 1598 3114 5153 5056 1943 5170 5169 4752 
3790 1602 1635 1702 3145 1962 1966 1965 4427 5052 4944 
3791 3087 3114 1600 3157 4752 5170 5153 4905 5175 4997 
3792 1611 3131 1612 3139 4977 3720 2000 4617 4229 4636 
3793 63 3105 3086 3122 4863 3641 4354 4707 4161 4125 
3794 622 761 760 3146 1005 1008 1006 3498 3878 4202 
3795 2154 161 1583 162 2204 1747 5154 2203 1748 177 
3796 1606 3102 1605 3104 4291 5159 1972 4371 5132 4531 
3797 1704 1581 2270 203 1820 5021 5160 1819 2302 1815 
3798 1650 3092 1608 3138 4022 5102 1992 4784 5142 4876 
3799 1609 3138 3103 3139 5141 5088 5151 5168 5015 4545 
3800 1622 3099 1623 3125 5120 5031 2053 3821 4368 5032 
3801 1653 3089 1605 3090 5130 5129 1970 5124 5164 4597 
3802 1621 1618 3093 3144 2043 5126 5127 3538 4817 5146 
3803 1660 1604 3140 3151 1961 5177 4709 4741 4875 5079 
3804 766 669 741 3136 1151 1239 1242 4721 4720 3654 
3805 1584 1596 3119 3124 1796 4457 4897 3674 4263 4792 
3806 1619 1620 3123 3153 2042 5157 4506 3826 4846 5083 
3807 1660 1679 1631 3151 2081 2104 1976 4741 4260 4405 
3808 1620 1622 3094 3099 2052 3889 5155 5091 5110 5120 
3809 760 695 622 3146 1007 862 1006 3878 3498 4459 
3810 1654 3077 1700 3150 3918 4831 1772 4620 4826 3895 
3811 1659 155 2164 154 1727 2182 4807 1726 2183 170 
3812 1601 3140 3100 3154 5161 4848 5137 5163 4914 4957 
3813 1698 5 153 2169 1711 168 1712 4211 2174 2175 
3814 1651 1662 121 1664 2140 4920 5036 2137 4668 2141 
3815 652 3131 3130 3137 5104 5139 5101 5156 5178 5076 
3816 1599 1598 3095 3114 1938 5058 4307 5012 4775 5169 
3817 1659 1679 1701 3122 1890 2084 1927 4808 4279 5006 
3818 1649 3108 1633 3136 5123 3946 2040 5117 3467 4839 
3819 1609 1608 3101 3138 1987 5064 5063 5141 4829 5142 
3820 1609 3101 1607 3103 5063 5029 1988 5151 3565 4992 
3821 3130 3131 1613 3137 5139 5148 5166 5178 5172 5076 
3822 652 3130 3136 3137 5101 4950 5121 5156 4798 5178 
3823 3101 3103 1609 3138 4992 5151 5063 4829 5141 5088 
3824 203 1581 2270 202 1815 5021 2302 218 2301 1816 
3825 2279 213 1677 212 2332 1847 5100 2331 1848 228 
3826 1674 3087 1600 3157 4813 5153 1946 5176 5175 4905 
3827 1654 1678 1700 3077 2143 1808 1772 3918 4831 4892 
3828 2281 210 211 1666 2325 226 2326 4726 1841 1842 
3829 2152 163 1690 164 2210 1753 5019 2209 1754 179 
3830 1696 1670 1583 3082 1874 1749 1872 4603 4035 4412 
3831 1586 1672 1692 3107 1887 1889 1886 4859 3911 4928 
3832 679 676 757 3157 1071 1269 1270 4415 5092 4904 
3833 2157 1667 157 156 4877 1733 2188 2189 172 1732 
3834 1635 1661 1709 3127 2115 1860 2117 4728 4760 4713 
3835 1679 1587 3105 3122 1891 4589 4864 5006 4125 5098 
3836 2266 1704 203 204 5138 1819 2304 2305 219 1818 
3837 1628 1643 1644 3155 2075 2091 2090 4821 4332 4758 
3838 121 120 1485 3152 140 1555 1556 4767 3971 4922 
3839 1674 3156 3087 3157 5115 4988 4813 5176 4905 5093 
3840 1620 3094 3093 3099 5155 4815 5081 5091 5045 5110 
3841 1634 1707 1682 3158 2114 2113 2112 4359 3844 4787 
3842 2168 165 164 1588 2212 180 2213 4655 1758 1759 
3843 1622 3094 3099 3125 3889 5110 5120 3821 5032 4930 
3844 1613 3131 3130 3135 5148 5139 5166 5152 5111 4561 
3845 1649 3136 3130 3137 5117 4950 5165 5119 5178 4798 
3846 1673 1696 1633 3108 2111 2109 2110 5099 3946 4665 
3847 1654 1700 184 3150 1772 1720 1768 4620 3867 4826 
3848 187 1684 1585 3143 1782 1791 1789 4000 4237 4224 
3849 1587 1694 1679 3105 1892 1894 1891 4589 4864 3949 
3850 1614 1706 1673 3118 2024 2026 2023 5067 4075 4577 
3851 1681 1698 1594 3149 1805 1725 1928 4442 5027 4642 
3852 2280 205 1688 204 2308 1821 5069 2307 1822 220 
3853 163 1689 162 2165 1751 1750 178 2206 2207 4538 
3854 1639 1593 1657 3146 1923 1922 1921 4548 4978 4780 
3855 1641 1642 1640 3120 2126 2069 2124 5143 4135 4879 
3856 3156 694 1592 1674 4115 3247 3293 5115 1918 4753 
3857 3156 1592 694 784 3293 3247 4115 3294 1314 3292 
3858 3133 10 3050 3132 4802 4350 4519 4803 4449 4282 
3859 3133 3050 10 9 4519 4350 4802 4292 19 4403 
3860 3072 285 283 3051 3547 500 3285 3286 3287 3545 
3861 3072 283 285 247 3285 500 3547 3326 498 490 
3862 128 3071 1489 129 3230 3627 1571 148 1572 3229 
3863 1489 3071 128 3063 3627 3230 1571 3832 3166 3583 
3864 1641 163 3067 1689 1756 5112 4585 1755 3513 1751 
3865 3067 163 1641 1690 5112 1756 4585 5020 1757 1753 
3866 3074 70 1670 69 3631 4841 4409 3345 4408 89 
3867 3074 1670 70 3082 4409 4841 3631 4414 4435 4412 
3868 754 3155 1623 724 3405 4814 3856 961 3858 3404 
3869 1623 3155 754 3120 4814 3405 3856 4812 3931 3932 
3870 3147 705 1648 1658 3221 3560 4604 4463 2060 3969 
3871 3147 1648 705 775 4604 3560 3221 3223 1326 3559 
3872 3113 46 47 288 4130 56 3936 4160 407 408 
3873 3113 47 46 3048 3936 56 4130 3358 4071 3934 
3874 3097 2172 3110 3053 4748 3984 4717 4749 4051 4049 
3875 3097 3110 2172 3067 4717 3984 4748 3515 3983 3985 
3876 3148 27 234 28 4014 360 3810 4151 361 35 
3877 3148 234 27 3051 3810 360 4014 3483 3266 3688 
3878 132 3150 185 1656 3313 4170 3382 3338 1770 3800 
3879 185 3150 132 4 4170 3313 3382 3383 152 3314 
3880 3080 1363 1378 78 3736 1384 3472 3471 1389 1469 
3881 3080 1378 1363 3061 3472 1384 3736 3901 3899 3956 
3882 1630 683 755 777 4384 1249 3682 3681 1300 1299 
3883 1630 755 683 1625 3682 1249 4384 2078 3244 3337 
3884 2 3060 3046 41 3824 3872 3197 50 3185 3708 
3885 3046 3060 2 3085 3872 3824 3197 3908 3909 4353 
3886 750 1654 115 1682 3906 3915 890 3840 3841 1916 
3887 115 1654 750 114 3915 3906 890 134 891 3907 
3888 3141 47 3058 1476 5004 5179 4557 4937 4471 1525 
3889 3141 3058 47 3084 4557 5179 5004 5073 5072 4227 
3890 46 3058 47 1476 3522 5179 56 1526 1525 4471 
3891 3141 1582 127 1705 4024 3163 3689 3690 3691 1867 
3892 3141 127 1582 3063 3689 3163 4024 4026 3165 3164 
3893 264 260 3051 258 550 3684 3991 549 3685 541 
3894 264 3051 260 315 3991 3684 550 559 560 4105 
3895 644 3103 645 667 5030 4990 1105 1110 1109 3168 
3896 645 3103 644 3101 4990 5030 1105 3530 4340 4992 
3897 3086 2164 2159 3068 3639 2235 4314 3638 4639 3637 
3898 3086 2159 2164 2151 4314 2235 3639 4078 2187 2234 
3899 3155 666 723 759 4820 1208 4671 4331 1224 1220 
3900 3155 723 666 3126 4671 1208 4820 4822 3921 5051 
3901 3082 1369 3074 3053 4434 3633 4414 4770 4438 4474 
3902 3082 3074 1369 70 4414 3633 4434 4435 1455 3631 
3903 3141 2278 1669 3079 4188 4111 4025 4467 5133 4466 
3904 3141 1669 2278 3063 4025 4111 4188 4026 4112 4023 
3905 128 1710 3147 1676 3584 4853 3430 3808 4691 2100 
3906 3147 1710 128 129 4853 3584 3430 3448 148 3585 
3907 3077 1487 3076 3060 4687 3603 4527 4496 3789 3788 
3908 3077 3076 1487 115 4527 3603 4687 3916 1544 3783 
3909 1656 770 748 1593 4274 944 5180 1779 4779 4764 
3910 748 770 1656 132 944 4274 5180 941 3338 796 
3911 748 1657 1656 1593 4909 1925 5180 4779 1779 1922 
3912 3103 782 644 1607 3169 1112 5030 3565 4647 3564 
3913 3103 644 782 667 5030 1112 3169 3168 1111 1110 
3914 640 3154 637 696 4492 4915 1076 1078 1070 4491 
3915 637 3154 640 3100 4915 4492 1076 4422 4942 4914 
3916 613 3117 729 730 4181 3379 823 956 955 3380 
3917 729 3117 613 1614 3379 4181 823 4963 5066 4964 
3918 3115 44 1473 3059 3655 1510 4271 4495 5054 4364 
3919 3115 1473 44 43 4271 1510 3655 3215 53 1511 
3920 3143 3146 186 1684 3499 4431 4686 4224 1783 4778 
3921 186 3146 3143 101 4431 3499 4686 3344 3496 3500 
3922 260 282 3072 256 543 3511 3686 542 4156 534 
3923 3072 282 260 314 3511 543 3686 4060 561 562 
3924 3088 1699 2279 3057 4179 4203 4286 3491 4205 4178 
3925 3088 2279 1699 1677 4286 4203 4179 3307 1850 5100 
3926 1655 686 697 623 3366 1010 3410 3365 1009 869 
3927 697 686 1655 3091 1010 3366 3410 4754 4549 3851 
3928 116 1702 1589 117 4190 1901 4085 136 4084 3614 
3929 1589 1702 116 1707 1901 4190 4085 1903 4785 1905 
3930 74 1693 1643 75 3978 2127 5181 94 3771 3476 
3931 1643 1693 74 1642 2127 3978 5181 2070 4732 1897 
3932 1643 614 74 75 3770 839 5181 3771 94 840 
3933 74 614 1643 1642 839 3770 5181 4732 2070 4878 
3934 3142 775 743 1648 4137 1325 3445 4516 3561 3559 
3935 3142 743 775 725 3445 1325 4137 3446 1349 950 
3936 3152 1475 44 1485 3970 1516 5044 3971 1517 1519 
3937 3152 44 1475 3073 5044 1516 3970 4768 4328 3764 
3938 3088 1590 2279 1677 3258 4638 4286 3307 5100 1849 
3939 3088 2279 1590 3071 4286 4638 3258 3260 3255 4389 
3940 77 1680 1686 78 3922 1803 5182 97 4143 3608 
3941 1686 1680 77 1695 1803 3922 5182 2132 4002 1934 
3942 1686 749 77 78 4142 848 5182 4143 97 849 
3943 77 749 1686 1695 848 4142 5182 4002 2132 4003 
3944 3155 692 666 759 4330 1221 4820 4331 1220 1219 
3945 3155 666 692 1628 4820 1221 4330 4821 3712 3714 
3946 753 1708 1665 124 3553 2122 4045 921 3722 3441 
3947 1665 1708 753 1637 2122 3553 4045 2030 3555 2123 
3948 2266 3081 204 2280 4649 5048 2305 2309 2307 5070 
3949 204 3081 2266 3075 5048 4649 2305 5046 4801 4887 
3950 1662 204 3075 1688 1824 5046 5059 1823 5047 1822 
3951 1662 3075 204 1704 5059 5046 1824 1825 1818 5113 
3952 1695 3080 3069 1595 4843 3796 5183 1933 3791 3794 
3953 3069 3080 1695 77 3796 4843 5183 3456 4002 3923 
3954 3069 1646 1695 1595 3457 1932 5183 3791 1933 1766 
3955 1695 1646 3069 77 1932 3457 5183 4002 3456 3455 
3956 3115 3152 1473 1481 4695 5037 4271 4270 1514 4694 
3957 1473 3152 3115 3059 5037 4695 4271 5054 4495 4651 
3958 621 1701 764 1626 4895 3636 805 4082 4083 2083 
3959 621 764 1701 62 805 3636 4895 803 3634 801 
3960 3097 2154 3067 2172 4747 5053 3515 4748 3983 2246 
3961 3097 3067 2154 3082 3515 5053 4747 4038 4725 4541 
3962 1672 3118 613 68 4958 4681 5184 4583 821 4576 
3963 613 3118 1672 1614 4681 4958 5184 5066 2004 5067 
3964 613 729 1672 68 823 3926 5184 821 4583 819 
3965 1672 729 613 1614 3926 823 5184 2004 5066 4963 
3966 3083 1641 74 1690 4586 5185 3422 4734 4733 1757 
3967 3083 74 1641 73 3422 5185 4586 3505 4584 93 
3968 1642 74 1641 1690 4732 5185 2126 1895 1757 4733 
3969 129 1687 3071 130 4452 4972 3229 149 3256 4154 
3970 3071 1687 129 1710 4972 4452 3229 4157 3585 1910 
3971 3073 2274 3066 2276 4762 4940 3830 4582 5080 2358 
3972 3073 3066 2274 3058 3830 4940 4762 3521 4226 4382 
3973 3077 199 2282 2268 5105 2288 4019 4917 2294 2292 
3974 3077 2282 199 1700 4019 2288 5105 4831 1721 4825 
3975 3142 1669 3141 1705 5134 4025 3694 3693 3690 1868 
3976 3142 3141 1669 3079 3694 4025 5134 4499 5133 4467 
3977 238 306 3078 287 457 4172 4089 459 4824 458 
3978 238 3078 306 316 4089 4172 457 462 463 4087 
3979 1606 3151 1604 1631 4372 5079 1973 1974 1975 4260 
3980 1604 3151 1606 3104 5079 4372 1973 5094 4371 3270 
3981 314 315 3148 277 563 4106 4061 603 4661 606 
3982 3148 315 314 260 4106 563 4061 3902 561 560 
3983 3058 47 3109 46 5179 4376 3523 3522 3193 56 
3984 3058 3109 47 3084 3523 4376 5179 4227 5072 4781 
3985 1656 748 131 1657 5180 942 3339 1925 4910 4909 
3986 131 748 1656 132 942 5180 3339 151 3338 941 
3987 74 1641 3120 1642 5185 5143 3333 4732 4879 2126 
3988 74 3120 1641 73 3333 5143 5185 93 4584 3335 
$EndElements
