$MeshFormat
4.1 0 8
$EndMeshFormat
$PhysicalNames
1
3 1 "Resonator"
$EndPhysicalNames
$Entities
2 3 3 1
1 0.022 -5.388445916248354e-18 0.043 0 
2 0.022 -5.388445916248354e-18 -0.043 0 
1 -0.0220001 -0.0220001 0.04299989999999999 0.0220001 0.0220001 0.0430001 0 2 1 -1 
2 0.0219999 -1.000000000053884e-07 -0.0430001 0.0220001 9.999999999461156e-08 0.0430001 0 2 2 -1 
3 -0.0220001 -0.0220001 -0.0430001 0.0220001 0.0220001 -0.04299989999999999 0 2 2 -2 
1 -0.0220001 -0.0220001 -0.0430001 0.0220001 0.0220001 0.0430001 0 4 -1 -2 3 2 
2 -0.0220001 -0.0220001 0.04299989999999999 0.0220001 0.0220001 0.0430001 0 1 1 
3 -0.0220001 -0.0220001 -0.0430001 0.0220001 0.0220001 -0.04299989999999999 0 1 3 
1 -0.0220001 -0.0220001 -0.0430001 0.0220001 0.0220001 0.0430001 1 1 3 1 2 -3 
$EndEntities
$Nodes
9 1441 1 1441
0 1 0 1
1
0.022 -5.388445916248354e-18 0.043
0 2 0 1
2
0.022 -5.388445916248354e-18 -0.043
1 1 0 27
3
4
5
6
7
8
9
10
11
12
13
14
15
16
17
18
19
20
21
22
23
24
25
26
27
28
29
0.02144841406800011 0.004895460547038925 0.043
0.01982131509385321 0.009545442260586295 0.043
0.01720029261429664 0.01371677564089216 0.043
0.01371677564089211 0.01720029261429668 0.043
0.00954544226058624 0.01982131509385324 0.043
0.00489546054703887 0.02144841406800013 0.043
-5.238768291279549e-17 0.022 0.043
-0.004895460547038972 0.0214484140680001 0.043
-0.009545442260586347 0.01982131509385318 0.043
-0.0137167756408922 0.0172002926142966 0.043
-0.01720029261429672 0.01371677564089206 0.043
-0.01982131509385327 0.009545442260586165 0.043
-0.02144841406800015 0.004895460547038776 0.043
-0.022 -1.633951415257992e-16 0.043
-0.02144841406800008 -0.004895460547039094 0.043
-0.01982131509385313 -0.009545442260586469 0.043
-0.01720029261429652 -0.01371677564089231 0.043
-0.01371677564089195 -0.0172002926142968 0.043
-0.009545442260586106 -0.0198213150938533 0.043
-0.004895460547038749 -0.02144841406800016 0.043
1.522780674300358e-16 -0.022 0.043
0.004895460547039046 -0.02144841406800009 0.043
0.00954544226058638 -0.01982131509385317 0.043
0.01371677564089221 -0.0172002926142966 0.043
0.0172002926142967 -0.01371677564089208 0.043
0.01982131509385324 -0.009545442260586229 0.043
0.02144841406800012 -0.004895460547038903 0.043
1 2 0 17
30
31
32
33
34
35
36
37
38
39
40
41
42
43
44
45
46
0.022 -5.388445916248354e-18 -0.03822222222222222
0.022 -5.388445916248354e-18 -0.03344444444444444
0.022 -5.388445916248354e-18 -0.02866666666666667
0.022 -5.388445916248354e-18 -0.02388888888888889
0.022 -5.388445916248354e-18 -0.01911111111111111
0.022 -5.388445916248354e-18 -0.01433333333333333
0.022 -5.388445916248354e-18 -0.009555555555555553
0.022 -5.388445916248354e-18 -0.004777777777777777
0.022 -5.388445916248354e-18 0
0.022 -5.388445916248354e-18 0.004777777777777777
0.022 -5.388445916248354e-18 0.009555555555555553
0.022 -5.388445916248354e-18 0.01433333333333333
0.022 -5.388445916248354e-18 0.01911111111111111
0.022 -5.388445916248354e-18 0.02388888888888888
0.022 -5.388445916248354e-18 0.02866666666666665
0.022 -5.388445916248354e-18 0.03344444444444443
0.022 -5.388445916248354e-18 0.03822222222222221
1 3 0 27
47
48
49
50
51
52
53
54
55
56
57
58
59
60
61
62
63
64
65
66
67
68
69
70
71
72
73
0.02144841406800011 0.004895460547038925 -0.043
0.01982131509385321 0.009545442260586295 -0.043
0.01720029261429664 0.01371677564089216 -0.043
0.01371677564089211 0.01720029261429668 -0.043
0.00954544226058624 0.01982131509385324 -0.043
0.00489546054703887 0.02144841406800013 -0.043
-5.238768291279549e-17 0.022 -0.043
-0.004895460547038972 0.0214484140680001 -0.043
-0.009545442260586347 0.01982131509385318 -0.043
-0.0137167756408922 0.0172002926142966 -0.043
-0.01720029261429672 0.01371677564089206 -0.043
-0.01982131509385327 0.009545442260586165 -0.043
-0.02144841406800015 0.004895460547038776 -0.043
-0.022 -1.633951415257992e-16 -0.043
-0.02144841406800008 -0.004895460547039094 -0.043
-0.01982131509385313 -0.009545442260586469 -0.043
-0.01720029261429652 -0.01371677564089231 -0.043
-0.01371677564089195 -0.0172002926142968 -0.043
-0.009545442260586106 -0.0198213150938533 -0.043
-0.004895460547038749 -0.02144841406800016 -0.043
1.522780674300358e-16 -0.022 -0.043
0.004895460547039046 -0.02144841406800009 -0.043
0.00954544226058638 -0.01982131509385317 -0.043
0.01371677564089221 -0.0172002926142966 -0.043
0.0172002926142967 -0.01371677564089208 -0.043
0.01982131509385324 -0.009545442260586229 -0.043
0.02144841406800012 -0.004895460547038903 -0.043
2 1 0 551
74
75
76
77
78
79
80
81
82
83
84
85
86
87
88
89
90
91
92
93
94
95
96
97
98
99
100
101
102
103
104
105
106
107
108
109
110
111
112
113
114
115
116
117
118
119
120
121
122
123
124
125
126
127
128
129
130
131
132
133
134
135
136
137
138
139
140
141
142
143
144
145
146
147
148
149
150
151
152
153
154
155
156
157
158
159
160
161
162
163
164
165
166
167
168
169
170
171
172
173
174
175
176
177
178
179
180
181
182
183
184
185
186
187
188
189
190
191
192
193
194
195
196
197
198
199
200
201
202
203
204
205
206
207
208
209
210
211
212
213
214
215
216
217
218
219
220
221
222
223
224
225
226
227
228
229
230
231
232
233
234
235
236
237
238
239
240
241
242
243
244
245
246
247
248
249
250
251
252
253
254
255
256
257
258
259
260
261
262
263
264
265
266
267
268
269
270
271
272
273
274
275
276
277
278
279
280
281
282
283
284
285
286
287
288
289
290
291
292
293
294
295
296
297
298
299
300
301
302
303
304
305
306
307
308
309
310
311
312
313
314
315
316
317
318
319
320
321
322
323
324
325
326
327
328
329
330
331
332
333
334
335
336
337
338
339
340
341
342
343
344
345
346
347
348
349
350
351
352
353
354
355
356
357
358
359
360
361
362
363
364
365
366
367
368
369
370
371
372
373
374
375
376
377
378
379
380
381
382
383
384
385
386
387
388
389
390
391
392
393
394
395
396
397
398
399
400
401
402
403
404
405
406
407
408
409
410
411
412
413
414
415
416
417
418
419
420
421
422
423
424
425
426
427
428
429
430
431
432
433
434
435
436
437
438
439
440
441
442
443
444
445
446
447
448
449
450
451
452
453
454
455
456
457
458
459
460
461
462
463
464
465
466
467
468
469
470
471
472
473
474
475
476
477
478
479
480
481
482
483
484
485
486
487
488
489
490
491
492
493
494
495
496
497
498
499
500
501
502
503
504
505
506
507
508
509
510
511
512
513
514
515
516
517
518
519
520
521
522
523
524
525
526
527
528
529
530
531
532
533
534
535
536
537
538
539
540
541
542
543
544
545
546
547
548
549
550
551
552
553
554
555
556
557
558
559
560
561
562
563
564
565
566
567
568
569
570
571
572
573
574
575
576
577
578
579
580
581
582
583
584
585
586
587
588
589
590
591
592
593
594
595
596
597
598
599
600
601
602
603
604
605
606
607
608
609
610
611
612
613
614
615
616
617
618
619
620
621
622
623
624
0.02044430507749361 -0.008125908558331736 4.039627705537674e-06
0.01953085884251593 0.01012647781184145 6.984627423110151e-05
-0.01631076005608541 -0.01476343816300283 0.03315266559541795
-0.01720029261429672 0.01371677564089206 0.0345387734421974
-0.02170057897401245 -0.00361730178346358 -0.03337646058638163
-0.009545442260586347 0.01982131509385318 -0.03453877344219721
0.0003283563810593218 -0.02199754945640577 -0.03217156040543609
0.02044360269360017 -0.008127675492182485 0.0191111111111111
0.02044360269360275 0.008127675492175988 0.01911111111111111
0.01956926784791303 0.01005205232261737 -0.01994374908159567
0.02044360269360184 -0.00812767549217829 -0.01911111111111111
0.0001684658054440476 -0.02199935497400767 0.03353049108362405
-0.0007549635546345417 0.02198704232113027 0.03303120402593568
0.009697605928966993 0.01974731473508396 -0.03416285612147089
0.01715360616859761 -0.0137751150780184 -0.03384070847634515
0.01725450716218666 0.01364851576509509 0.03318910455910888
0.01696111274447994 -0.01401144726532703 0.03354397827197103
0.02044360269360337 -0.008127675492174424 -0.009555555555555553
0.01596917457057371 -0.01513226564446124 -0.004736836906890723
0.01596859565438153 -0.01513287655493387 0.004842349367851488
0.009166323762347007 -0.0199994627098788 4.28853210182184e-05
0.009166008019236225 -0.01999960742092947 -0.009625969433688111
0.001011677258955148 -0.02197672653339694 -0.004796420516625509
0.001014172974471463 -0.02197661150354739 0.004894927315731483
-0.007308838095847713 -0.02075044302391361 5.138186520480675e-05
-0.007307990263475854 -0.02075074163274513 -0.009666536313437626
-0.01457662354192608 -0.01647792602595868 -0.004809631660254721
-0.01457628414561827 -0.01647822625485515 0.004933413802558559
-0.01970944541220822 -0.009774342000522808 7.714570866648729e-05
-0.01970968375007918 -0.009773861390047676 0.009824487871690088
-0.02194055481831491 -0.001616185095995629 0.004949421980623502
-0.02194090002816001 -0.001611491841210449 -0.004811584627423537
-0.02092915370078384 0.006780156736312657 7.830196854666932e-05
-0.02092827353540327 0.006782873051100034 -0.009681291145333767
-0.01683051739061647 0.01416805153732003 -0.00479723674161682
-0.01683298584927825 0.01416511868633645 0.004938745983108818
-0.01027199648816578 0.01945471891719615 6.926223004165982e-05
-0.01026930360756376 0.01945614050668009 0.009782766942582975
-0.01027047834930748 0.01945552041134871 -0.009657270798773043
-0.002213027277692788 0.02188841040980792 0.004939410666113531
-0.02194005693318216 -0.001622929995016786 0.0147159507572087
-0.01457260982004406 -0.016481475754093 -0.01455182187251213
-0.01456368208137818 -0.01648936518585673 0.01469626401887753
-0.01682521169136052 0.01417435189138837 0.01454404885621799
-0.002216320720333305 0.02188807717604772 0.01465299786895901
0.006184502143358697 0.02111283811425626 0.009828587985349274
-0.02194123724534135 -0.001606893942874109 -0.01457251840568237
-0.02092522844236967 0.006792261378557461 -0.01944735320248403
0.006179553851186959 0.02111428696878681 0.0001182171619067141
0.006153100890090401 0.0211220110178072 0.01950542556191612
-0.007289466511776374 -0.02075725603189619 -0.01941625535465616
-0.01456783844470124 -0.01648569328384719 -0.02430725717336872
0.01361304086867493 0.01728250902814132 0.004954957947171997
0.01361222306282195 0.01728315316393332 -0.004713205794084463
0.006177945941057657 0.02111475749208049 -0.009560177071457995
0.01364078809797484 0.01726061702449098 -0.01439078523761241
0.006187745021191794 0.02111188792014386 -0.0192367933225883
0.01364513784891536 0.01725717859570612 -0.02407014206337801
0.01943461373010585 0.01030998492538089 -0.02925351460031872
-0.02194153827335114 -0.001602778275079561 -0.02434055292665618
-0.02093658232615295 0.00675718288195753 -0.02722635252725071
-0.01688825191202019 0.01409918250666139 -0.02162386846052063
-0.002219469435165646 0.02188775811786958 0.02436715643271986
0.01925094233319435 0.01064900085848553 -0.009585590420141052
0.01929003971611613 0.01057801341229355 0.009525340393968448
0.01520281812763878 0.01590202254362437 0.01655361415603898
0.01290585499497826 0.01781681528356274 0.02608923801684067
-0.002209203177710417 0.02188879670789589 -0.004772225425023612
-0.01684697606403119 0.01414847686141374 -0.01316672424616287
-0.0209241879479205 0.006795466041420452 0.009540388974668329
-0.01028364472960674 0.01944856424200079 -0.01756513268056544
-0.002196874937113488 0.02189003747166008 -0.01449306247837754
-0.007298766638217109 -0.02075398770262835 0.009788978841953226
0.001066724391778368 -0.02197412339712292 0.01452439442096606
0.001032595150971265 -0.02197575362198509 -0.01451287153566309
0.009221249348935636 -0.01997419736672175 -0.0193311820478293
-0.01971004246598138 -0.00977313798066981 -0.009690244903978663
-0.01972029488435472 -0.009752434038438451 -0.01873470027408861
-0.01027935631407202 0.01945083118451105 0.01945800889093425
-0.01025779757355971 0.01946220925126108 0.02758837778318118
0.009187381857473162 -0.01998979776298332 0.00952540227649594
0.009253579921567423 -0.01995923993129909 0.01933234987359445
0.00111496074526633 -0.0219717287106981 0.02434534050240721
0.009345727590916487 -0.01991625908137324 0.02765456946517429
-0.007723389244654967 -0.02059973928416444 0.0285401373665803
0.02044472803625056 -0.008124844338431993 0.009559858395543352
0.01597601313090447 -0.01512504560129219 -0.01439141185547428
-0.01683351081535941 0.01416449482435494 0.02271374033174318
-0.02100829611848608 0.006530811143954669 0.02889868946061888
0.01604116940091622 -0.01505592522069332 0.0145966793220848
0.01608075668645999 -0.01501363594839279 0.02421477533230916
0.009533265926782842 -0.01982717430117669 -0.03454620033445708
-3.661590445153431e-05 0.02199996952896847 -0.03394352936556817
0.009317002993091591 0.01992971287366484 0.03467800929692055
-0.01713150929070988 0.01380258633091353 -0.03459926466267493
-0.009823264562305976 -0.01968510790772922 -0.03401308827691966
-0.01718719754774823 -0.01373318027460054 -0.0345350806315529
-0.02089835520021867 0.006874499976397797 0.0186126065349909
-0.02166844181047117 -0.003805079434942841 0.03291432526344479
-0.01982131509383649 -0.009545442260621019 0.02607845603941981
-0.007071986370900007 -0.02083235485416386 0.01916600337896802
-0.002148982981908922 0.02189479098195427 -0.02422518906609445
0.001025397649263354 -0.0219760906364368 -0.02269402110783807
0.0205247837272418 -0.007920432623913313 -0.02828767191060724
0.01598448544785298 -0.01511609159033433 -0.02389260201654904
0.02052478372724179 0.007920432623913318 0.02828767191060737
0.02052478372724177 -0.007920432623913386 0.02828767191060716
-0.02196713400480436 -0.001202091350508603 0.02265549529013725
-0.01403779726798261 -0.01693931072573556 0.02260802892676818
0.01618200922751549 0.01490444824073013 -0.03479551541782572
-0.01981785533855862 -0.009552623188421259 -0.02783033827830422
0.005446954477767693 0.02131503429312574 -0.02748878864919743
0.005280602721635658 0.02135685451784167 0.0276664041963989
-0.01959793494467286 -0.009996046513715821 0.01758134558979224
-0.009545442260586087 -0.01982131509385331 0.0365003331930424
-0.006430952864366793 -0.02103907900209257 -0.02637977274818238
-0.02144841406800015 0.004895460547038776 0.03673600837597467
-0.0213865785896786 0.005158900680135322 -0.03598508646024987
0.00954544226058638 -0.01982131509385317 0.03697728993516698
-0.009545442260586338 0.01982131509385319 0.03700206869500587
0.008591685653106751 -0.02025297355052338 -0.02608557690661986
-0.0111883690614009 0.01894255520635712 -0.02626576168127569
0.02081613472602621 -0.007119588124879529 -0.0358462889712616
0.0208161347260262 -0.007119588124879567 0.03584628897126155
0.02081613472602924 0.007119588124870666 0.03584628897125748
0.02074947122313296 0.007311596539770041 -0.036423514552177
0.01777358510897056 0.01296532577200357 0.02395622081037842
0.01695347958590783 0.01402068222056995 -0.002321679759926684
0.01361263196955842 0.01728283110087454 0.0001208760765437633
0.01695381130331861 0.01402028110600733 0.002512402110701549
0.01699345896517731 0.01397219926850583 -0.02200694557248684
0.01364296308176827 0.01725889794713173 -0.01923046365049521
0.01699169812724806 0.01397434058381557 -0.01716726715960404
0.01658260635415055 -0.01445742599854089 -0.0288666552464471
0.01297449358863503 -0.01776689382302006 -0.02921940117550306
0.01368225642096189 -0.01722776419710483 -0.03419345440540111
-0.01521322905452272 -0.01589206285334367 0.02788034726109306
-0.01103344886775166 -0.01903320798191176 0.02557408314667424
-0.01236631254039732 -0.01819544762167757 0.03084640148099912
0.01255364232261462 -0.01806671150032177 -0.02498908946158445
0.009064976210311949 -0.02004560316644222 -0.03031588862053847
0.01100647613095762 0.01904881841948891 0.01319110107069413
0.01442445382526985 0.01661129530899556 0.01075428605160549
0.01008233765330812 0.01955368168516316 0.007391772966260632
0.0213016517121358 0.00549905758606528 -0.01195946187673719
0.0213016517121358 0.00549905758606528 -0.007181684098959418
0.02131174410688335 0.005459813469590563 0.007151559085873116
0.02131174410688335 0.005459813469590563 0.01192933686365089
-0.008643183524842977 -0.02023104986291821 0.03252023527981135
-0.01317312906344085 -0.01762012118794675 0.03482649939423017
-0.02184274580205512 0.002625729579907927 -0.02578345272695345
-0.02194058713782165 0.001615746281956126 -0.03030140655681617
-0.02184429389336299 -0.002612819224589479 -0.02885850675651891
-0.005938410646184028 0.02118337270118449 -0.02938198125414583
-0.001094064099905955 0.02197277915388258 -0.02908435921583131
-0.004913307791748259 0.02144433273719529 -0.03424115140388269
-0.02183280430493697 0.002707149087569028 0.02577709237537806
-0.0218565723736498 -0.002508035899944113 0.02778491027679102
-0.02195526471211313 0.001402266529957751 0.03090650736203183
0.01950236721131366 0.01018124123842853 -0.02459863184095719
0.01690069129076355 0.01408426902236354 -0.02666182833184836
0.02134902225000396 0.005312179305034389 -0.03134897952238158
0.02134902225000396 0.005312179305034389 -0.0265712017446038
0.01099231045734254 0.01905699637428201 0.01802951985897755
0.006168803221718371 0.02111743040267251 0.0146670067736327
0.01678960223942318 0.01421651351921265 0.007240149170570226
0.0194117622158453 0.01035294584528871 0.004797593334099778
0.01939266054959065 0.01038868214974116 -0.004757872072954972
0.01676305175570517 0.01424781021194309 -0.007149398107112757
-0.01037621259029082 0.01939933535668401 -0.03040226756173645
-0.006830092525030247 0.02091291075148378 -0.02524547537368507
-0.02117666437322007 0.005962288656547222 -0.03160571949375029
-0.0219859323011353 0.0007866262453639171 -0.03468077352331575
0.01677482786113829 0.01423394359371915 -0.01198818782887673
0.01941239981339136 0.0103517502619143 -0.01476466975086836
-0.02199296851736327 0.0005561796420834868 0.03482516681970972
-0.02124409689439702 0.005717372398354918 0.03281734891829678
-0.01593705304273529 -0.01516609179429696 -0.02942116890246081
-0.01382923087113555 -0.01711000799277521 -0.03427408445423628
-0.01230002194951241 -0.01824032510788974 -0.02916017272514419
0.02138368411492845 0.005170885192397585 -0.02191631898524228
-0.0173285081643639 -0.01355443856445458 0.024343242483094
-0.0182534540284632 -0.01228052995724454 0.02961556081741888
0.02137380282653686 0.005211578717847856 -0.002353965751773338
0.01495989674799147 0.01613076220423059 -0.02943282874060186
0.01316442019735177 0.01762662874368087 -0.0344791857696483
0.01173759414309957 0.01860722665342352 -0.02911649909242445
0.02138368411492845 0.005170885192397585 -0.0171385412074645
0.01990456288810544 0.00937061237238291 0.01431822575253978
0.02160739756725993 0.004137676929192233 0.01672222222222222
0.02137380282653686 0.005211578717847856 0.002423812026004439
-0.006355420507553612 0.02106201866327553 0.02597776710795052
-0.005649240871510336 0.02126231590339249 0.03030979090455843
-0.001488044771153475 0.02194961782717509 0.02869918022932777
0.01745066127300036 0.01339680637820094 0.01303947727500371
0.0129474110953861 -0.01778663953441101 0.02593467239874173
0.01652853228244833 -0.014519215563799 0.0288793768021401
0.01348069592987467 -0.01738593791678379 0.03059927386857265
0.0179558689852472 0.01271167844875875 -0.03202451500907222
-0.02118675204862971 -0.005926342685829488 0.01614864817350047
-0.02124257872874251 -0.005723010479911442 0.02011842043996474
-0.02195460385220785 -0.001412575552889265 0.01868572302367297
-0.008155256309245042 -0.02043261594927382 -0.03019643051255103
-0.01074339981035929 -0.01919842078179276 -0.02534351496077555
0.00967171285593536 0.0197600093732856 0.02279733178937839
0.01408690824800686 0.01689849153067327 0.02132142608643982
0.005330360115973124 -0.02134449017976402 0.02599995498379075
0.004869783477765228 -0.0214542585255162 0.03059253027439916
0.000641861924695021 -0.02199063467182397 0.02893791579301562
-0.009903247761907364 0.01964499131499621 0.03229522323909352
-0.005262811377514998 0.02136124566603499 0.03501663636047077
-0.02130660685373771 -0.005479827039264745 0.02436697566477854
-0.02094249085799593 -0.006738848318723068 0.02949639065143229
0.00761274350227798 0.02064088506747044 -0.03082582238533416
0.009759279971796984 0.01971690783140405 -0.02577946535628772
0.02168511432883079 0.0037088834634614 -0.03493397949831072
0.02014789701457747 0.008835284143137681 -0.03283851457624786
-0.01971091269951386 -0.009771382734912352 0.02182990081460602
-0.01380221692675283 0.01713180690723713 0.02515105905746219
-0.01701837410239088 0.01394184144620327 0.02862625688697029
-0.01402637447931231 0.01694877042637891 0.03106357561268928
0.01356790350811013 -0.017317967386348 0.03526063410356901
0.009445704218308672 -0.01986903801949721 0.03231592970017064
0.004544521288944385 -0.02152550408827471 -0.02912856865602798
0.004885115754424153 -0.02145077257503508 -0.02438979900722896
0.000676962047601137 -0.021989582133049 -0.02743279075663708
-0.003841737635875005 -0.02166197248491239 0.03103531422510218
-0.003374673399680778 -0.02173963153886208 0.02644273893449375
0.01860580718257448 -0.01173984408264692 -0.02609013696357814
0.01906527190850749 -0.01097795094972988 -0.0310641901934762
0.01116153835033705 0.01895837708386335 0.03038362365688062
0.01365191002249099 0.01725182172229385 0.03393355692801471
0.01522351935597517 0.01588220571640631 0.02963917128797477
-0.01930204314671666 0.01055609446539242 0.02580621489618103
-0.01943922798558485 0.01030128221749383 0.03171873145140815
0.01362651023931013 0.01727189099948168 -0.009551995515848434
0.00504881478311905 -0.02141283421889215 -0.03335888036994658
0.01824217496244216 0.01229727826145478 0.01783236263357504
-0.01701052704637812 0.01395141460943795 -0.02811156656159778
-0.01935728098874183 0.01045445707451584 -0.03091280859496282
-0.01926540321167991 0.01062281690943572 -0.02442511049388567
0.01159746408823512 0.01869488771622062 0.03883900464846028
0.01558713794491156 0.01552549936994937 0.03809455227955444
0.004977546273889235 -0.02142951313239037 0.03525389050939552
0.01606097696238784 -0.01503479361393587 0.01940572732719698
0.01290627376631785 -0.01781651193328413 0.02177356260295181
0.01288280674424764 -0.01783348789189506 0.01696451459783963
-0.01424565639408471 0.01676488216187854 -0.02394481507089816
-0.01439127157271797 0.01664005115738169 -0.03043251317197531
0.0116989843607841 -0.01863152610298279 -0.03877310016722854
0.01552990916118559 -0.01558274434896895 -0.03842035423817258
0.002445024779389958 0.02186371088878027 -0.03847176468278408
0.004960070107221219 0.02143356490487409 -0.03405319274351953
0.007345939832886838 0.02073733753333842 -0.03858142806073545
0.01285323788837606 -0.01785481099829438 0.01206104079929037
0.009220493548573103 -0.01997454627070967 0.01442887607504519
0.01860802874102309 -0.01173632252339968 -0.03842035423817258
0.007259761808039885 -0.02076766377064414 -0.03877310016722854
0.002626300295714797 -0.0218426771884018 -0.03758578020271804
-0.01924092863860515 0.01066708325289083 -0.01630703872432344
-0.01686763199540446 0.01412384476223127 -0.01739529635334175
-0.01925649496198724 0.01063895679937465 -0.02053561083150233
0.01008004622919858 0.0195548630273193 0.002536587554539352
0.006182028039718034 0.0211135626864852 0.004973402573627994
0.01865108447346202 0.01166777819311732 0.03809455227955444
0.01542158852424902 -0.01568995243424119 0.03827198913598552
0.01852627997187075 -0.01186494628744103 0.03827198913598552
0.002027929078221298 0.021906334783658 -0.01202661977491777
-0.002203039144762579 0.02188941795769462 -0.009632643951700576
0.002021760113690619 0.02190690498547638 -0.0071662012482408
0.01177625349997546 0.01858278379318652 -0.03858142806073545
0.002020680588327466 0.02190700458666033 0.002528813914010122
0.002023247698271477 0.02190676764726917 0.007383999325731402
0.002022594237999211 0.02190682798920036 -0.002327004131558452
-0.002211115236137742 0.0218886036423642 8.359262054495609e-05
-0.01862234650639915 -0.01171359084976095 -0.03876754031577645
-0.02009098156172221 -0.008963953362581597 -0.03395577060896727
-0.02097147191126289 -0.006648109947579956 -0.03818823029319082
-0.002481410463318756 0.02185961120680174 -0.03847176468278408
-0.007266139363013738 0.02076543326678406 -0.0387693867210986
0.00202159957762233 0.02190691980055063 0.01224079292715415
-0.002214674005280602 0.02188824385487183 0.009796204267536274
0.01007958356833985 0.01955510151057399 -0.002297494316088874
-0.006358547813980226 0.02106107475171501 0.007361088804348256
-0.006360005359967557 0.02106063464905994 0.002504336448077599
-0.01027065007246054 0.01945542975852927 0.004926014586312318
-0.02184114263994173 0.00263903167501245 0.007244905477645919
-0.02092667222432889 0.006787811842965445 0.004809345471607496
-0.0218421064956969 0.002631042346796305 0.002513861974585085
-0.02122518011020251 -0.005787203926721766 -0.01665360933988549
-0.01971517139295607 -0.009762787355379943 -0.01421247258903364
-0.02122213846008266 -0.005798347969989425 -0.01213138165483052
-0.002299999464005699 -0.02187944246240231 -0.03758578020271804
-0.0138217356986201 0.01711606328211867 -0.01536592846336415
-0.0138467311309713 0.01709584853075711 -0.01959450057054303
0.002087692250978295 0.02190072010380492 0.03801560201296784
-0.002838019244290061 0.02181617855558208 0.03801560201296784
-0.002379496541759229 -0.0218709395364661 0.03826524554181203
0.002546904296655303 -0.02185207721255988 0.03826524554181203
-0.01923483788116363 0.01067806216901516 0.00723956747888857
-0.01923874246411172 0.01067102564890481 0.002508523975827744
-0.0192378127039009 0.0106727017371249 -0.002359467386535072
-0.01923712006426766 0.01067395014195544 -0.007239263943475294
-0.02092871366216199 0.006781514907985813 -0.004801494588393546
-0.006358165611846035 0.02106119013855434 -0.002351481597490976
-0.01380814920722057 0.01712702587932692 0.002504004106575239
-0.01380665700427724 0.01712822881579535 -0.002363987255787584
-0.01683175168382674 0.01416658516559286 7.075462074600247e-05
0.01864322344969854 -0.01168033472999 0.02625122362145817
0.01898876571588154 -0.01110976041989033 0.0309158250912891
-0.004886222142063094 -0.02145052058059227 -0.03309232434117788
-0.007411985521088544 -0.02071382317765539 -0.03850654413845983
-0.006351412663443046 0.02106322760591679 -0.0120751666385753
-0.006357343874432351 0.0210614381954846 -0.007214748111898331
-0.01027123742655449 0.01945511967908052 -0.004794004284365688
-0.01170470568333747 0.01862793238302221 -0.0387693867210986
-0.006358540765823031 0.02106107687962243 -0.01602909757947149
-0.01027706212800436 0.01945204344065523 -0.01361120173966924
0.01282981205359343 -0.01787165136940257 -0.01686129695165179
0.01280510230774813 -0.01788936429524826 -0.0120086906445812
0.009193637462863179 -0.01998692147884307 -0.0144785757407587
-0.0138059887113274 0.01712876748930583 -0.007227253770194932
-0.02184182497280835 0.00263337841131982 -0.002366641329438438
-0.02194072754872692 -0.001613838477833344 6.891867659998552e-05
-0.01554892622353925 -0.01556376860837161 -0.03876754031577645
-0.01183541084849457 -0.01854516244327175 -0.03850654413845983
0.01858389947998186 -0.01177449277539928 0.02166294322171013
0.01856838199123318 -0.01179894869162702 0.01685389521659796
-0.01747343208614148 -0.01336709284515527 -0.01664326107330037
-0.0174664109324645 -0.01337626588918913 -0.0121210333882454
-0.01380696387430816 0.01712798145064238 0.007360756462845897
-0.006360132286776545 0.02106059631859227 0.01221788240577099
-0.01976426953136331 -0.009663004185636264 0.03303349542943136
-0.02093091273284875 0.006774724508780409 -0.02333685286486737
-0.02184165403516963 0.002634795819026206 -0.007246437886378652
-0.0192433209308456 0.01066276697449962 -0.01142400769574832
-0.02092675151536984 0.006787567385593018 -0.0145643221739089
-0.01381594228690543 0.01712074001685962 -0.01141199752246795
0.002005311413708239 0.02190841678748265 0.01707921171543757
-0.02184154802808994 0.00263567443676955 0.01212816986593851
-0.02194030613493853 -0.001619557564638717 0.009832686368916099
0.006178749900601214 0.02111452224573931 -0.004720979954775641
-0.002172930259361185 0.02189242732288844 -0.019359125772236
-0.006335500317189059 0.02106801926453689 -0.02089516087332995
-0.02122153080220666 -0.005800571558992592 -0.007250914765701097
-0.02194106875719074 -0.001609192900875544 -0.009692051516552953
-0.02191695370974676 -0.001909748696770717 0.0379571626317224
-0.02094249085800181 -0.006738848318704811 0.0379571626317224
-0.0182534540284739 -0.01228052995722863 0.03807633279770897
-0.003196921886433432 -0.02176648089269469 -0.01208970392455036
0.001022136320720353 -0.02197624256650495 -0.009654646026144298
-0.003207280640492932 -0.0217649569467325 -0.007231478415031564
0.001028996413914571 -0.02197592242387452 -0.01860344632175058
0.005220185613774438 -0.02137170236920172 -0.02101260157783368
0.005223685348277948 -0.02137084723126779 -0.0169220267917462
-0.01506312683052594 -0.01603440707003192 0.03807633279770897
-0.02192501696040704 -0.001814836435016488 -0.03818823029319082
-0.01555634918610411 0.01555634918610398 0.0387693867210987
-0.01862793238302231 0.01170470568333731 0.0387693867210987
-0.02122135362097214 -0.005801219741886413 -0.002367219459378525
-0.02122073304154136 -0.005803489396874489 0.002513283844644998
-0.02122572278581914 -0.005785213238901211 -0.02153762660037239
-0.02194138785584607 -0.001604836116035022 -0.01945653566616928
-0.02122080379794013 -0.005803230666562346 0.007386954926156791
-0.01970956458260864 -0.009774101696011716 0.004950816790178288
0.01009500640977776 0.0195471441798168 -0.0119754811545352
0.01007883898236292 0.01955548528591407 -0.007136691432771229
-0.01683874957171533 0.01415826659097281 -0.008981980493889846
-0.02121991153132722 -0.005806492452646961 0.0122702193144494
0.00104044942687512 -0.02197538315911955 0.009709660868348777
-0.003175180375757296 -0.02176966305622128 0.01215668663145965
-0.003201207837557788 -0.0217658509684496 0.007341953078842355
-0.01113814031293369 -0.01897213299472153 -0.01698403861358414
-0.007298729114420435 -0.02075400089896672 -0.01454139583404689
-0.01114660588651939 -0.01896716049414385 -0.01210917909297488
-0.02184078576121541 0.00264198359811153 -0.0170099358040832
-0.02184137784569438 0.002637084337219933 -0.01212690477550807
0.0051941471973586 -0.02137804562845191 -0.0120694204846756
0.005183972357343294 -0.02138051520890693 -0.007211194975156807
-0.02184053787940082 0.002644031985142781 -0.0218939530645701
-0.003187207853384983 -0.02176790541368924 -0.01696456344515963
-0.01456998417797939 -0.01648379692465999 0.009814838910718042
-0.01746254274617843 -0.0133813153627695 0.01226037594528381
-0.01746765655994859 -0.01337463922144014 0.007378950837124323
-0.003190772496885788 -0.02176738318845692 -0.02105513823124711
-0.01457022428497461 -0.01648358469161172 -0.01942953952294043
-0.01113539433822374 -0.01897374483153641 -0.02186175626401244
-0.01746749349082391 -0.01337485219163279 0.002505279755612523
0.002056972047339514 0.02190362677723632 -0.02173099119434137
0.002033012589269681 0.02190586359429527 -0.01686492790048292
-0.01114450517916388 -0.01896839487968314 0.007361196322255889
-0.01113725358007406 -0.01897265354907235 0.01224262143041538
-0.007303802582070191 -0.02075221597425549 0.004920180353579016
-0.01114910771817338 -0.01896568999769233 0.002492397833881679
0.009299678587152903 -0.01993780274191842 0.02349345966938436
0.006182845647602341 0.02111332327460376 -0.01439848519702315
0.005281021365394015 -0.0213567510014574 0.02183884518800082
-0.017467631229747 -0.01337467230333391 -0.002366242975794117
-0.01457645384454515 -0.01647807614128072 6.189107115191911e-05
0.01010200508457723 0.01954352816845453 -0.02165346769298315
0.01009954223182406 0.01954480101478657 -0.01681378928010036
-0.01747149726881615 -0.01336962165454766 -0.02152097872372867
-0.01970974394828863 -0.009773739995155375 -0.004806549597656085
-0.003206489440600045 -0.02176507352313151 0.002473154590468145
-0.01923190792350701 0.01068333831822939 0.01204221891544316
-0.01682909940353863 0.01416973582201926 0.0097413974196634
-0.01114930303422912 -0.01896557517848929 -0.002379124897524953
-0.01457461678905455 -0.01647970101222134 -0.009680726766383423
-0.01114891558203293 -0.01896580294489805 -0.007238083986846174
-0.01380226476217098 0.01713176836858744 0.01216340789940049
0.01281027798486569 -0.01788565844330215 0.00718387582217371
0.009176854082285184 -0.01999463300869625 0.004784143798757079
0.01280085773384872 -0.0178924017749928 0.00244261734443485
-0.01746803973454123 -0.01337413876974845 -0.007249938282116689
-0.002217895083486791 0.02188791770357896 0.01951007715083944
0.002003735576643494 0.02190856096914841 0.02193629099731799
-0.007308414181186872 -0.02075059233265949 -0.004807577224116413
-0.003207725278578428 -0.02176489142029358 -0.002372519325710351
0.005185355126716895 -0.02138017989189592 0.002468906318374847
0.001012925118346174 -0.02197666905389949 4.925339955298702e-05
0.005184141129864737 -0.02138047428720057 -0.002376767597803642
0.00109084322564299 -0.02197293929034231 0.01943486746168663
0.005257576354674129 -0.02136253474835726 0.01692837214728025
0.005222170123455449 -0.0213712175413964 0.012024898348731
0.02160739756725969 -0.004137676929193456 -0.01672222222222222
0.02160739756725969 -0.004137676929193456 -0.0215
0.02160739756726008 -0.004137676929191422 -0.007166666666666668
0.02160739756726008 -0.004137676929191422 -0.01194444444444444
0.02160757635303945 -0.004136743181244199 0.002390908702741654
0.02160757635303945 -0.004136743181244199 -0.002386869075036116
0.005196613075573044 -0.02137744635223729 0.007210164796113708
0.009166165891077186 -0.01999953506602724 -0.004791542056334946
0.012801058743245 -0.01789225796404665 -0.007181403170289417
0.01280119998005919 -0.01789215691498743 -0.002346975792936253
-0.01026857851974496 0.01945652320389829 0.02352319333705771
-0.006367088384582363 0.02105849437882291 0.02191258266182705
0.02160768401284034 -0.004136180798906639 0.01194659586443834
0.02160768401284034 -0.004136180798906639 0.007168818086660561
0.01596888511539901 -0.01513257110246596 5.27562304803858e-05
-0.01380669077378672 0.01712820159494372 0.01700102887357612
-0.01027433030377093 0.01945348649494518 0.01462038791675861
-0.01753883831603597 -0.01328115772528692 -0.02606879772583647
-0.01862022419755715 -0.01171696423279969 -0.03118270945492856
-0.006365573669580498 0.0210589522972332 0.01705550337994663
0.02160739756725927 -0.004137676929195682 0.02149999999999999
0.02160739756725927 -0.004137676929195682 0.01672222222222221
0.02160739756725993 0.004137676929192233 0.02149999999999999
0.01854047558866007 -0.01184275157834108 0.002423194497778516
0.01854070211520163 -0.01184239693116886 -0.002366398639592593
-0.01859861893818926 0.01175122859925837 -0.03879963233133746
-0.01551741836783304 0.01559518282026978 -0.03879963233133746
0.0204436026936026 -0.008127675492176365 -0.01433333333333333
0.02044395390463761 -0.0081267920328413 -0.004775757963925008
0.0204445165637967 -0.008125376451133953 0.004781949011624445
0.01854019033944962 -0.01184319813973315 -0.007146196231223138
0.01751737706338598 0.01330945155966837 0.02857266268474365
0.01553033318680375 0.01558232174956165 0.02502272941360954
0.01854078381397532 -0.01184226902090266 0.007201103881697424
-0.01921482330064979 0.01071403591205507 0.02066317343336704
-0.0209540303209254 0.006702880970876538 0.0237556479978049
0.01597259425869586 -0.01512865600927842 -0.009564124381182502
0.02044416541393343 -0.008126259934787234 0.01433548475332723
-0.01367374162393055 0.01723452320204969 -0.03456901905243608
0.007146687575324901 0.02080684639008749 0.03883900464846028
0.01854286658831851 -0.01183900750434009 -0.01197348370551492
0.01854286658831739 -0.01183900750434184 -0.01675126148329269
-0.007398602057293753 -0.02071860727939522 0.02385307037277416
-0.003032504208134353 -0.02178999582899564 0.02175567194068762
-0.02183652828536509 0.002676944609522273 0.0166642786460998
-0.02091130891252889 0.006834995213223627 0.01407649775482962
0.01600492877524921 -0.01509444450449236 0.00971951434496815
-0.01381170623140849 0.01712415752605868 0.02108587461133872
0.01598024991651466 -0.01512056918921153 -0.01914200693601166
0.01854618266114732 -0.01183381209498268 -0.02150185656383007
0.01283481844807913 -0.01786805628502574 -0.02161189203218917
-0.01682936197502853 0.01416942396547805 0.01862889459398059
-0.0030564197537141 -0.02178665413249832 0.01684519889996704
-0.007185483342467105 -0.02079348044785018 0.01447749111046062
-0.01103362710802674 -0.01903310465586257 0.01693113369892277
-0.01921168483634531 0.01071966257626329 0.01657832769560445
0.004402871898008795 0.02155492331347352 0.03385460666142812
0.01856919891912344 -0.01179766296780955 0.01207826885881408
0.02162805171529927 -0.004028322107322145 -0.02608828039974807
0.02162805171529927 -0.004028322107322145 -0.03086605817752584
0.02162805171529926 -0.004028322107322184 0.03086605817752579
0.02162805171529926 -0.004028322107322184 0.02608828039974802
0.02162805171529927 0.004028322107322134 0.02608828039974813
0.02162805171529927 0.004028322107322134 0.0308660581775259
-0.0137167756408922 0.0172002926142966 0.03577042106860163
-0.01717244449255393 -0.01375162354597282 0.02009468725828022
0.02048445529867716 -0.008024156723076709 -0.02369939151085917
-0.02097026721305327 -0.006651908975109558 -0.03060339943234293
-0.02125468765343656 -0.005677873964333063 -0.0260854456024802
0.02048445529867633 -0.008024156723078837 0.02369939151085913
-0.00274308302765467 -0.02182831865956223 -0.02453689692801023
-0.003088703184585252 -0.02178210073977101 -0.02927566657680924
0.001674271020902706 0.02193619877163237 -0.02585698885764594
0.002726760887720613 0.02183036360350411 -0.0307161590073828
0.02048445529867762 0.008024156723075548 0.02369939151085924
-0.004813303054032421 -0.02146700057553552 0.03501541213833322
0.02170201562035859 -0.00360867261104575 -0.0394231444856308
0.02035489557914106 -0.008347348439011243 -0.0394231444856308
0.01499340053152516 0.01609962547704948 -0.03889775770891286
0.0181999883742056 0.01235962876379306 -0.03889775770891286
0.02035489557914106 -0.008347348439011262 0.03942314448563077
0.02170201562035859 -0.003608672611045769 0.03942314448563077
0.02170201562035936 0.003608672611041115 0.03942314448562874
0.02035489557914283 0.008347348439006945 0.03942314448562874
0.02170201562035859 -0.00360867261104575 -0.03464536670785302
0.02170201562035859 -0.003608672611045769 0.034645366707853
0.02170201562035936 0.003608672611041115 0.03464536670785096
0.01931460588770975 0.01053309068613992 0.02612194636049289
0.01910553425437472 0.01090772940876855 0.03073838823485812
-0.01982131509385327 0.009545442260586165 0.03563739090908603
0.02031611902580658 0.008441285904959009 -0.0397117572760885
0.02168511432883079 0.0037088834634614 -0.0397117572760885
-0.007266139363013495 -0.02076543326678415 0.0397501665965212
-0.02072035381497074 0.007393709338513877 -0.03949254323012494
-0.01973801152339566 0.009716527214097645 -0.0352921755614624
-0.01170470568333723 -0.01862793238302236 0.0397501665965212
-0.01965412331853802 -0.009885111864804563 0.01370291673074116
0.005818236435552095 0.02121669448288338 -0.02336279098589286
0.01170470568333748 -0.0186279323830222 0.03998864496758349
-0.02186166861765135 0.00246321847427262 0.03986800418798733
-0.02076543326678413 0.007266139363013548 0.03986800418798733
-0.006861656724942156 -0.02090257560658628 -0.02289801405141927
0.007266139363013782 -0.02076543326678405 0.03998864496758349
-0.007266139363013734 0.02076543326678407 0.04000103434750293
-0.02184610639190574 0.002597621125863994 -0.03949254323012494
-0.02180986870804021 0.002886109308056166 0.02063405091256408
-0.01170470568333747 0.01862793238302221 0.04000103434750293
-0.01073898763135259 0.01920088916310013 -0.02191544718092057
0.00228465240995804 0.02188105032592523 0.03034880411116729
0.001553415239887368 0.02194508831361782 0.02601678031455938
0.008907558160736895 -0.02011604850891669 -0.02270837947722458
-0.01976932755195183 -0.009652651871047569 -0.02328251927619641
-0.01738662751378595 -0.01347980651555731 0.01613880480433488
-0.01430250915015236 -0.01671640607337019 0.01865214647282285
0.01885196041018945 0.01134035222965537 -0.03560951498500136
0.005718057575573763 0.02124391248246009 0.02358591487915751
0.009263896616144037 0.01995445362532873 0.02687782110661978
-0.01073287889927869 -0.01920430447929365 0.0208870161528681
0.007333601193737997 0.02074170420990533 0.03117220674665973
0.01655345400778873 0.01449079571355635 0.02025491748320869
0.01926107670774841 0.01063065962479429 0.02153366596074476
0.01927431751469314 -0.0106066339779778 -0.03484349872380338
0.01931321225166897 0.01053564580469482 0.03451769676518318
0.01920037856957273 -0.01073990050163837 0.03469513362161629
0.02067433729573567 -0.007521421234191911 -0.03206698044093442
0.02067433729573565 -0.007521421234191966 0.03206698044093435
0.02067433729573727 0.007521421234187512 0.03206698044093242
2 2 0 79
625
626
627
628
629
630
631
632
633
634
635
636
637
638
639
640
641
642
643
644
645
646
647
648
649
650
651
652
653
654
655
656
657
658
659
660
661
662
663
664
665
666
667
668
669
670
671
672
673
674
675
676
677
678
679
680
681
682
683
684
685
686
687
688
689
690
691
692
693
694
695
696
697
698
699
700
701
702
703
0.01264406205890139 -0.002885924654728311 0.043
-0.01152057771338457 0.002772410198605804 0.043
9.161473407720936e-17 -0.01296922767407984 0.043
0.005945681828816784 0.01104146332649546 0.043
-0.01013975049889112 -0.008086181192772924 0.043
-0.005627136996696681 0.01168487037508435 0.043
-0.007187996671705433 -0.01492602888728743 0.043
-0.001931088136119319 -0.0032216505076742 0.043
0.006046565612623093 -0.007034654147463584 0.043
0.005690186250757869 0.001398832017909397 0.043
0.01261532164564126 0.005418246574147072 0.043
-0.001195320867262842 0.005483120268931036 0.043
0.007149918767004573 -0.01413964002837314 0.043
-0.01587041082653221 -0.003714803313688437 0.043
-6.39049588296778e-05 0.01546131793793504 0.043
-0.01267145136120668 0.01030075386214323 0.043
0.0118757274346549 -0.01016119074108957 0.043
-0.006035419317505221 -0.005653915850223562 0.043
-0.006725832924751943 -0.0002246201545341975 0.043
-0.01083016410613784 -0.00265688549708356 0.043
-0.001563204501691081 0.001130734880628418 0.043
-0.006357949290323705 0.004127765233768421 0.043
-0.003411228931979761 0.008583995322007695 0.043
-0.008573857355040624 0.00722864028684508 0.043
-0.0009655440680596138 -0.008095439090877017 0.043
-0.005069875249445515 -0.01052770443342638 0.043
0.009280501737229023 0.008229854950321266 0.043
0.01316604864326668 0.01130926959422188 0.043
0.009831228734854446 0.01412087797039607 0.043
0.01621831836974724 0.007481844417366683 0.043
-0.008663873585298278 -0.01150610504003018 0.043
-0.00359399833585267 -0.01394762828068363 0.043
-0.01369549426995839 -0.0004711965575413166 0.043
-0.01300508066271166 -0.005900492253230681 0.043
-0.009149294178951682 0.01099281211861379 0.043
-0.01209601453729562 0.006536582030374518 0.043
0.01730766082282063 0.002709123287073536 0.043
0.01262969185227133 0.00126616095970938 0.043
0.01732203102945069 -0.001442962327364155 0.043
-0.01192826306989154 -0.01264323690353486 0.043
-0.01498053279637212 -0.008815811726679695 0.043
-0.01676028885669228 0.00138620509930282 0.043
-0.01567094640361892 0.006158926229595985 0.043
0.005420571187927827 0.01624493869724779 0.043
-0.009671956318794443 0.01444258149469048 0.043
-0.005261298771867827 0.01656664222154223 0.043
0.002447730273519569 -0.01720882087103996 0.043
-0.002447730273519329 -0.01720882087104 0.043
0.01623268857637732 -0.006215683457657269 0.043
0.002940888434993553 0.01325139063221525 0.043
-0.0006296129130462598 0.01047221910343304 0.043
0.002375180480776971 0.008262291797713248 0.043
-0.002845520977763179 0.0135730941565097 0.043
0.009152753948199565 0.003408539296028234 0.043
0.005817934039787327 0.006220147672202429 0.043
0.002247432691747514 0.003440976143420217 0.043
0.003023282806311592 -0.01000194091077171 0.043
0.002057738738251887 -0.005128152327568892 0.043
0.01043334720394839 -0.01566996632133487 0.043
0.00602268965702181 -0.01779402704818661 0.043
0.003574959383502332 -0.01355443385122649 0.043
-0.01045238615629869 -0.01606316075079212 0.043
-0.01784586296019267 -0.006630122787137453 0.043
-0.0189352054132661 -0.0018574016568443 0.043
-0.002479682752934325 0.01845486600296757 0.043
-0.01624638322752998 0.009923098061364698 0.043
-0.01319411350104944 0.01375052323821992 0.043
-0.006041728609372091 -0.01818722147764379 0.043
0.002415777794104596 0.01845486600296758 0.043
0.01584852126425407 -0.0098533165008379 0.043
0.01279625153777356 -0.01368074167769308 0.043
0.01225989474677815 -0.006523557697908942 0.043
0.00916712415482963 -0.0007435463184094571 0.043
0.005868375931690481 -0.002817911064777094 0.043
0.001879549057319275 -0.000911409244882401 0.043
0.009345313835762242 -0.004960289401095948 0.043
0.008961146523638996 -0.008597922444276578 0.043
0.006598242189813833 -0.01058714708791836 0.043
0.009512823100829737 -0.01215041538473136 0.043
2 3 0 79
704
705
706
707
708
709
710
711
712
713
714
715
716
717
718
719
720
721
722
723
724
725
726
727
728
729
730
731
732
733
734
735
736
737
738
739
740
741
742
743
744
745
746
747
748
749
750
751
752
753
754
755
756
757
758
759
760
761
762
763
764
765
766
767
768
769
770
771
772
773
774
775
776
777
778
779
780
781
782
0.01264406205890139 -0.002885924654728311 -0.043
-0.01152057771338457 0.002772410198605804 -0.043
9.161473407720936e-17 -0.01296922767407984 -0.043
0.005945681828816784 0.01104146332649546 -0.043
-0.01013975049889112 -0.008086181192772924 -0.043
-0.005627136996696681 0.01168487037508435 -0.043
-0.007187996671705433 -0.01492602888728743 -0.043
-0.001931088136119319 -0.0032216505076742 -0.043
0.006046565612623093 -0.007034654147463584 -0.043
0.005690186250757869 0.001398832017909397 -0.043
0.01261532164564126 0.005418246574147072 -0.043
-0.001195320867262842 0.005483120268931036 -0.043
0.007149918767004573 -0.01413964002837314 -0.043
-0.01587041082653221 -0.003714803313688437 -0.043
-6.39049588296778e-05 0.01546131793793504 -0.043
-0.01267145136120668 0.01030075386214323 -0.043
0.0118757274346549 -0.01016119074108957 -0.043
-0.01083016410613784 -0.00265688549708356 -0.043
-0.006725832924751944 -0.0002246201545341975 -0.043
-0.00603541931750522 -0.005653915850223562 -0.043
-0.006357949290323704 0.004127765233768421 -0.043
-0.001563204501691081 0.001130734880628419 -0.043
-0.008573857355040624 0.007228640286845079 -0.043
-0.003411228931979762 0.008583995322007695 -0.043
-0.005069875249445515 -0.01052770443342638 -0.043
-0.0009655440680596139 -0.008095439090877017 -0.043
0.009831228734854446 0.01412087797039607 -0.043
0.01316604864326668 0.01130926959422188 -0.043
0.009280501737229023 0.008229854950321266 -0.043
0.01621831836974724 0.007481844417366683 -0.043
-0.003593998335852671 -0.01394762828068363 -0.043
-0.008663873585298278 -0.01150610504003018 -0.043
-0.01300508066271166 -0.005900492253230681 -0.043
-0.01369549426995839 -0.0004711965575413162 -0.043
-0.01209601453729562 0.006536582030374518 -0.043
-0.009149294178951682 0.01099281211861379 -0.043
0.01730766082282063 0.002709123287073536 -0.043
0.01732203102945069 -0.001442962327364155 -0.043
0.01262969185227133 0.001266160959709381 -0.043
-0.01498053279637212 -0.008815811726679695 -0.043
-0.01192826306989154 -0.01264323690353486 -0.043
-0.01567094640361892 0.006158926229595985 -0.043
-0.01676028885669228 0.00138620509930282 -0.043
0.005420571187927827 0.01624493869724779 -0.043
-0.005261298771867827 0.01656664222154223 -0.043
-0.009671956318794443 0.01444258149469048 -0.043
-0.002447730273519329 -0.01720882087104 -0.043
0.002447730273519568 -0.01720882087103996 -0.043
0.01623268857637732 -0.00621568345765727 -0.043
0.002375180480776971 0.008262291797713248 -0.043
-0.0006296129130462598 0.01047221910343304 -0.043
0.002940888434993553 0.01325139063221525 -0.043
-0.00284552097776318 0.0135730941565097 -0.043
0.005817934039787327 0.006220147672202429 -0.043
0.009152753948199565 0.003408539296028234 -0.043
0.002247432691747514 0.003440976143420217 -0.043
0.002057738738251888 -0.005128152327568892 -0.043
0.003023282806311593 -0.01000194091077171 -0.043
0.00602268965702181 -0.01779402704818661 -0.043
0.01043334720394839 -0.01566996632133487 -0.043
0.003574959383502332 -0.01355443385122649 -0.043
-0.01045238615629869 -0.01606316075079212 -0.043
-0.0189352054132661 -0.0018574016568443 -0.043
-0.01784586296019267 -0.006630122787137453 -0.043
-0.002479682752934325 0.01845486600296757 -0.043
-0.01319411350104944 0.01375052323821992 -0.043
-0.01624638322752998 0.009923098061364698 -0.043
0.002415777794104596 0.01845486600296758 -0.043
-0.006041728609372091 -0.01818722147764379 -0.043
0.01279625153777356 -0.01368074167769308 -0.043
0.01584852126425407 -0.0098533165008379 -0.043
0.01225989474677815 -0.006523557697908942 -0.043
0.00916712415482963 -0.0007435463184094567 -0.043
0.001879549057319275 -0.0009114092448824014 -0.043
0.005868375931690481 -0.002817911064777094 -0.043
0.009345313835762242 -0.004960289401095948 -0.043
0.008961146523638996 -0.008597922444276578 -0.043
0.006598242189813833 -0.01058714708791836 -0.043
0.009512823100829737 -0.01215041538473136 -0.043
3 1 0 659
783
784
785
786
787
788
789
790
791
792
793
794
795
796
797
798
799
800
801
802
803
804
805
806
807
808
809
810
811
812
813
814
815
816
817
818
819
820
821
822
823
824
825
826
827
828
829
830
831
832
833
834
835
836
837
838
839
840
841
842
843
844
845
846
847
848
849
850
851
852
853
854
855
856
857
858
859
860
861
862
863
864
865
866
867
868
869
870
871
872
873
874
875
876
877
878
879
880
881
882
883
884
885
886
887
888
889
890
891
892
893
894
895
896
897
898
899
900
901
902
903
904
905
906
907
908
909
910
911
912
913
914
915
916
917
918
919
920
921
922
923
924
925
926
927
928
929
930
931
932
933
934
935
936
937
938
939
940
941
942
943
944
945
946
947
948
949
950
951
952
953
954
955
956
957
958
959
960
961
962
963
964
965
966
967
968
969
970
971
972
973
974
975
976
977
978
979
980
981
982
983
984
985
986
987
988
989
990
991
992
993
994
995
996
997
998
999
1000
1001
1002
1003
1004
1005
1006
1007
1008
1009
1010
1011
1012
1013
1014
1015
1016
1017
1018
1019
1020
1021
1022
1023
1024
1025
1026
1027
1028
1029
1030
1031
1032
1033
1034
1035
1036
1037
1038
1039
1040
1041
1042
1043
1044
1045
1046
1047
1048
1049
1050
1051
1052
1053
1054
1055
1056
1057
1058
1059
1060
1061
1062
1063
1064
1065
1066
1067
1068
1069
1070
1071
1072
1073
1074
1075
1076
1077
1078
1079
1080
1081
1082
1083
1084
1085
1086
1087
1088
1089
1090
1091
1092
1093
1094
1095
1096
1097
1098
1099
1100
1101
1102
1103
1104
1105
1106
1107
1108
1109
1110
1111
1112
1113
1114
1115
1116
1117
1118
1119
1120
1121
1122
1123
1124
1125
1126
1127
1128
1129
1130
1131
1132
1133
1134
1135
1136
1137
1138
1139
1140
1141
1142
1143
1144
1145
1146
1147
1148
1149
1150
1151
1152
1153
1154
1155
1156
1157
1158
1159
1160
1161
1162
1163
1164
1165
1166
1167
1168
1169
1170
1171
1172
1173
1174
1175
1176
1177
1178
1179
1180
1181
1182
1183
1184
1185
1186
1187
1188
1189
1190
1191
1192
1193
1194
1195
1196
1197
1198
1199
1200
1201
1202
1203
1204
1205
1206
1207
1208
1209
1210
1211
1212
1213
1214
1215
1216
1217
1218
1219
1220
1221
1222
1223
1224
1225
1226
1227
1228
1229
1230
1231
1232
1233
1234
1235
1236
1237
1238
1239
1240
1241
1242
1243
1244
1245
1246
1247
1248
1249
1250
1251
1252
1253
1254
1255
1256
1257
1258
1259
1260
1261
1262
1263
1264
1265
1266
1267
1268
1269
1270
1271
1272
1273
1274
1275
1276
1277
1278
1279
1280
1281
1282
1283
1284
1285
1286
1287
1288
1289
1290
1291
1292
1293
1294
1295
1296
1297
1298
1299
1300
1301
1302
1303
1304
1305
1306
1307
1308
1309
1310
1311
1312
1313
1314
1315
1316
1317
1318
1319
1320
1321
1322
1323
1324
1325
1326
1327
1328
1329
1330
1331
1332
1333
1334
1335
1336
1337
1338
1339
1340
1341
1342
1343
1344
1345
1346
1347
1348
1349
1350
1351
1352
1353
1354
1355
1356
1357
1358
1359
1360
1361
1362
1363
1364
1365
1366
1367
1368
1369
1370
1371
1372
1373
1374
1375
1376
1377
1378
1379
1380
1381
1382
1383
1384
1385
1386
1387
1388
1389
1390
1391
1392
1393
1394
1395
1396
1397
1398
1399
1400
1401
1402
1403
1404
1405
1406
1407
1408
1409
1410
1411
1412
1413
1414
1415
1416
1417
1418
1419
1420
1421
1422
1423
1424
1425
1426
1427
1428
1429
1430
1431
1432
1433
1434
1435
1436
1437
1438
1439
1440
1441
0.0007498124614357948 0.007850495167076588 -0.0143689876422286
0.0007498124614357948 0.007850495167076588 -0.0290287621319294
-0.01024501956999302 -0.003144336398690939 0.01861550658941269
0.004414756316691637 0.01151543855667114 -0.01070404425263405
-0.002915131393820047 0.01151543855667114 -0.01070404425263405
-0.003712399074592988 0.002877953635293697 -0.01203138360326514
-0.002915131393820047 0.01151543855667114 -0.01803393103182316
-0.002915131393820047 0.01151543855667114 -0.003374156076461077
-0.002915131393820047 0.01151543855667114 0.01128561981022358
-0.01024501956999302 0.004185551311820745 0.003955731634050608
0.004414756316691637 0.01151543855667114 -0.003374156076461077
-0.01024501956999302 -0.003144336398690939 -0.01070404425263405
-0.01024501956999302 -0.003144336398690939 -0.003374156076461077
-0.002915131393820047 -0.003144336398690939 -0.003374156076461077
-0.01024501956999302 0.004185551311820745 -0.003374156076461077
-0.002915131393820047 -0.01047422364354134 0.003955731634050608
-0.01024501956999302 -0.003144336398690939 0.01128561981022358
-0.002915131393820047 -0.01047422364354134 -0.01803393103182316
0.004414756316691637 0.01151543855667114 -0.01803393103182316
0.004414756316691637 0.004185551311820745 -0.01803393103182316
-0.002915131393820047 -0.01047422364354134 -0.003374156076461077
-0.002915131393820047 0.01151543855667114 0.01861550658941269
0.01174464449286461 -0.003144336398690939 -0.01070404425263405
0.01174464449286461 -0.003144336398690939 -0.003374156076461077
0.004414756316691637 -0.003144336398690939 -0.003374156076461077
0.01174464449286461 -0.003144336398690939 0.01128561981022358
0.01174464449286461 -0.003144336398690939 0.003955731634050608
0.004414756316691637 -0.003144336398690939 0.003955731634050608
-0.01024501956999302 -0.003144336398690939 -0.02536381781101227
-0.01024501956999302 0.004185551311820745 -0.02536381781101227
-0.01024501956999302 -0.003144336398690939 -0.01803393103182316
-0.01024501956999302 -0.003144336398690939 -0.03269370645284653
-0.002915131393820047 -0.01047422364354134 0.01128561981022358
0.004414756316691637 0.01151543855667114 -0.02536381781101227
0.004414756316691637 0.01151543855667114 -0.03269370645284653
-0.002915131393820047 -0.01047422364354134 -0.02536381781101227
0.01174464449286461 0.004185551311820745 0.03327528014779091
-0.002915131393820047 0.01151543855667114 0.03327528014779091
0.004414756316691637 0.004185551311820745 0.03327528014779091
0.002838759771800576 -0.006847120399312967 0.02861725413966943
-0.002915131393820047 0.01151543855667114 -0.03269370645284653
0.004414756316691637 0.004185551311820745 -0.03269370645284653
0.004414756316691637 -0.003144336398690939 -0.03269370645284653
0.01634593108034055 -0.008640389432984551 -0.0394231444856308
0.01451466680162626 -0.01196815290955399 -0.03842035423817258
0.01078418124264463 -0.008459725738354669 -0.03326720746459584
0.008145241875673269 -0.006652763569890256 -0.03784685322642326
0.01261544552135892 -0.005131962261785234 -0.03426999771205406
0.01192468502339874 0.007247768118600819 -0.03097361052658262
0.0125821137699123 0.005748573925795393 -0.03455861050251176
0.01029838277210357 0.009544999776275436 -0.03374461093533612
0.01609468626455758 -0.005634590368561466 0.01042273910288347
0.0168723222464323 -0.001572168199345472 0.01280947657177845
0.0168723222464323 -0.001572168199345472 0.008031698794000678
-0.01876942631850169 -0.003759941374315639 0.03795716263172239
-0.01652880418714021 -0.008723991794144488 -0.03876754031577645
-0.01878549490027233 -0.003666052548576009 -0.03818823029319082
-0.006580075481906533 -0.006809280021116138 0.007620675722137094
-0.006580075481906533 -0.006809280021116138 0.01128561981022358
-0.002915131393820047 -0.01047422364354134 0.007620675722137094
0.0007498124614357948 -0.006809280021116138 0.003955731634050608
0.0007498124614357948 -0.006809280021116138 0.007620675722137094
-0.002915131626650691 -0.003144336398690939 0.007620675722137094
0.006790540039519322 -0.01157189955428487 -0.001665635377721429
0.006790540039519322 -0.01157189955428487 0.001999308477534413
0.004414756316691637 -0.003144336398690939 0.0002907877787947655
0.0007498124614357948 -0.006809280021116138 -0.003374156076461077
0.0007498124614357948 -0.006809280021116138 0.0002907877787947655
0.00312559618426348 -0.01523684317671007 -0.001665635377721429
0.0167300983924638 -0.00500275638980392 -0.0394231444856308
0.008529409187796514 -0.003015130526709625 -0.03784685322642326
-0.002915131393820047 -0.01047422364354134 -0.02169887442141771
-0.006580075481906533 -0.006809280021116138 -0.01803393103182316
-0.006580075481906533 -0.006809280021116138 -0.02169887442141771
-0.008741484919260646 -0.01347995846369426 -0.02483553749219049
-0.01240642900734713 -0.009815014841269065 -0.02117059410259594
-0.008741484919260646 -0.01347995846369426 -0.02117059410259594
-0.006580075481906533 -0.006809280021116138 0.0002907877787947655
-0.01024501956999302 -0.003144336398690939 0.003955731866881251
-0.01241065185780564 -0.009811281326773042 0.0007796288630487411
-0.01241065185780564 -0.009811281326773042 0.008109516806391069
-0.008745707769719158 -0.01347622494919824 0.004444572718304583
-0.008658502970446513 -0.0119883456264274 0.01889075498419035
-0.004565029412363345 -0.01255803255469452 0.02148042354590995
-0.008984204407323993 -0.01187203784142769 0.0235778219779965
-0.01558708663538843 0.005482854024066701 -0.001647927053957204
-0.01353776848030475 0.009176801424570388 -0.004085696409038948
-0.01558664655269815 0.00548421218146039 -0.006527723610897422
0.004766632963391467 -0.01639820098762826 -0.03877310016722854
0.0001641781905297067 -0.0174833885652428 -0.03758578020271804
0.002582284389063716 0.006018023239448667 -0.02353134658187628
0.004414756316691637 0.004185551311820745 -0.02536381874233484
0.002582284389063716 0.006018023239448667 -0.03086123429238796
0.002582284389063716 0.009682966861873865 -0.02719628997147083
0.004414756316691637 0.007850494934245944 -0.0290287621319294
0.004414756316691637 0.007850494934245944 -0.02169887442141771
-0.0124043508256856 -0.009816850792273834 0.01665588530414511
-0.01024501956999302 -0.003144336398690939 0.01495056319981813
-0.0124043508256856 -0.009816850792273834 0.01299094191455055
-0.01492147725733294 -0.00657019145620338 0.01443348270000791
-0.01492147725733294 -0.00657019145620338 0.01809842608960247
-0.004804673609708008 0.01764131651589412 0.04000103434750293
-0.0004094342567321098 0.01872418012953266 0.03801560201296784
-0.001489518176324862 0.01348837824730309 0.03813764007389545
-0.001835047474227295 0.01675124043890071 0.03315324208686329
-0.006230286827203193 0.01566837682526217 0.03513867442139839
-0.01353926519267621 0.005510079212831999 0.02066462346057794
-0.006580075481906533 0.004185551078990102 0.01861550658941269
-0.009874321104589728 0.01283996669051304 0.02066462346057794
-0.009874321104589728 0.01283996669051304 0.02799451023976705
-0.002915131393820047 0.01151543855667114 0.0259453933686018
-0.006580075481906533 0.004185551078990102 0.0259453933686018
-0.0009412681214243913 -0.01622498863276321 -0.01627340128374313
-0.005111560828647951 -0.01561248263814323 -0.01385023367263039
-0.005102298952798211 -0.01561573983771876 -0.01872509319323966
-0.003313765234206518 -0.0001331913816986208 -0.00770276983986311
-0.006580075481906533 -0.003144336398690939 -0.007039100164547563
-0.006978709322293004 -0.0001331913816986208 -0.0113677139279496
-0.003313765234206518 -0.00379813500412382 -0.01503265731754415
-0.006580075481906533 -0.006809280021116138 -0.0143689876422286
-0.002915131393820047 -0.006809280021116138 -0.01070404355414212
0.001632211228683456 0.01631486276272898 0.005701918486065147
-0.002564079335756418 0.01670192448323953 0.008112515238168555
0.001634685374769325 0.0163141383354637 0.01055710389778643
0.00901389859268328 0.007069086314725191 0.004455344790611302
0.0007498124614357948 0.004185551078990102 0.007620675722137094
0.005348954737427439 0.01439897379240623 0.008120288878697788
0.00901389859268328 0.01439897379240623 0.0007904009353554599
0.0007498124614357948 0.01151543855667114 0.003955731866881251
0.004414756316691637 0.004185551078990102 0.0002907877787947655
0.001503612788622312 -0.01442323768666032 0.03107387261164674
0.001976860258533453 -0.01440942455500553 0.02648129732103832
-0.002442314736427195 -0.01372342984173871 0.02857869575312487
-0.003650495363545273 -0.007466650796042945 0.03580862706983472
-0.002174618449952428 -0.0108865746433002 0.03580862706983472
0.001419379885900334 -0.009908174036696402 0.03580862706983472
-0.01196171375615306 0.009023124850312906 0.0310869848042049
-0.01005771200405838 0.0126161070987816 0.03390702679499415
-0.01353900270963563 0.009175334999078598 0.004447238808579713
-0.01558460375895676 0.005490508676620599 0.006748060304359468
-0.01353511563067677 0.00917995160160456 0.009249890245134298
-0.0009504792096742922 -0.01622541757354436 0.004425329474891045
0.003136125231826557 -0.01523201070326233 0.006740566955273274
0.003136125231826557 -0.01523201070326233 0.01040551104335976
-0.0009504792096742922 -0.01622541757354436 0.008090273562977531
-0.01110844681089651 0.01506103447799821 0.04000103434750293
-0.007793291377513364 0.01090809620940719 0.03813764007389545
-0.0149358719877517 0.01200876475151764 0.0387693867210987
0.007357243603227739 -0.008504155570201269 0.03580862706983472
0.009899936258140257 -0.01042928383232 0.03108061620582023
0.01441842008956742 -0.0120863190032083 0.03827198913598551
0.01205551575574225 -0.01407554364685008 0.03827198913598551
0.004994339269402574 -0.01049338021384305 0.03580862706983472
-0.002915131393820047 0.01151543855667114 0.003955731866881251
-0.002564079335756418 0.01670192448323953 0.0007826272948262269
0.001100864519499424 0.01670192448323953 0.0007826272948262269
0.0007498124614357948 0.01151543855667114 -0.003374156076461077
-0.006088053853056169 -0.003182993453182569 -0.03784685322642326
-0.01019238503444207 -0.005615258795731931 -0.03784685322642326
-0.01088279864168879 -0.0001859631000425673 -0.03784685322642326
0.004626549017130957 0.01769551540579994 0.03883900464846027
0.003200935799635772 0.01572257571516799 0.03397664472235573
-0.01557168738510584 0.001865081788853429 0.0186140565622018
-0.01557168738510584 0.001865081788853429 0.01494911317260724
-0.01609253825158759 -0.002383633196853862 0.01666572867331069
-0.01609253825158759 -0.002383633196853862 0.01300078528371614
0.001515275217498368 0.0112784509415833 0.03813764007389545
0.007631342410954188 0.01548558810008015 0.03883900464846027
0.008079700404778123 -0.003144336398690939 -0.003374156076461077
0.01174464449286461 -0.003144336398690939 -0.007039100164547563
0.008079700404778123 -0.003144336398690939 -0.007039100164547563
0.004414756316691637 0.004185551078990102 -0.003374156076461077
0.008079700404778123 0.004185551078990102 -0.007039100164547563
0.008079700404778123 0.004185551078990102 -0.003374156076461077
0.005297155083939298 0.01631486276272898 -0.001627969457277181
-0.01019238503444207 -0.005615258795731931 0.03080775329470634
-0.003703129899096221 -0.004995728399001953 0.02361638036454106
-0.01322525527748827 -0.01142480967788788 0.03807633279770897
-0.006736000142142419 -0.0108052792811579 0.03088495986754369
-0.01327788981303922 -0.008953887280846886 0.02588408609241532
0.001632211228683456 0.01631486276272898 -0.001627969457277181
0.01609447478517911 -0.005635122478511338 0.001979885630878073
0.0168723222464323 -0.001572168199345472 0.004366754705914192
0.01609468626455758 -0.005634590368561466 0.00675779501479698
-0.0009242035010208397 -0.01622417352033213 0.01290500711559482
-0.00758628962864151 0.01575309273446877 0.04000103434750293
0.01551734210449037 0.003716838506801307 0.006740536014009528
0.01563775166769027 0.003491070706575254 0.002012788954140855
0.009013489689756793 0.01439929586030223 -0.007708625023359256
0.005296351128874647 0.01631509802437582 -0.01013211066204602
0.009027772207333237 0.01438802779058106 -0.01254741474512323
-0.006586464483689877 0.01548882390396611 0.03043182896548605
-0.002567300414492847 0.01670159833727036 0.02882121829025538
-0.002567300414492847 0.01670159833727036 0.02149133151106628
-0.006586464483689877 0.01548882390396611 0.02310194218629694
0.005299629230025167 0.0163141383354637 0.003227215954444099
0.002582284389063716 0.009682966861873865 -0.03086123429238796
0.004414756316691637 0.007850494934245944 -0.03269370645284653
0.004414756316691637 0.01151543855667114 -0.0290287621319294
-0.007217854553602307 0.007143924377638474 -0.03784685322642326
-0.002055226130541445 0.00849927941280109 -0.03784685322642326
-0.004271134195258364 0.01160015446587775 -0.03784685322642326
-0.00511198474483388 -0.01561233333372748 -0.001661387105628135
-0.008745877467873064 -0.01347607483475001 -0.004091893868357899
-0.005111560828647951 -0.01561248263814323 -0.006520346194949352
0.01385662007362307 -0.009138606476812406 0.0007340966456952057
0.01385690953171916 -0.00913830102157609 -0.0040554964916759
0.01045548412760581 -0.01157189955428487 -0.001665635377721429
-0.004271134195258364 0.01160015446587775 0.03813764007389545
-0.007217854553602307 0.007143924377638474 0.03813764007389545
-0.002055226130541445 0.00849927941280109 0.03813764007389545
0.001241834090286159 0.000481950402073273 -0.03784685322642326
-0.002915131626650691 0.0005206074565649033 -0.03269370645284653
0.001241834090286159 -0.003182993453182569 -0.03784685322642326
-0.002915131626650691 -0.003144336398690939 -0.03269370645284653
0.004414756316691637 0.0005206074565649033 -0.03269370645284653
-0.006580075481906533 -0.006809280021116138 0.01495056319981813
-0.008739406737599115 -0.01348179441469903 0.01299094191455055
-0.00467304212909342 -0.01575665132281695 -0.02587179527959733
-0.006369197978063012 -0.01507966577563528 -0.02968845304396597
0.008079700404778123 -0.003144336398690939 0.007620675722137094
0.004414756549522281 -0.006809280021116138 0.01128561981022358
0.006801069087082399 -0.01156706708083713 0.006740566955273274
0.01046601317516889 -0.01156706708083713 0.01040551104335976
0.00518021907275421 0.007613507319158103 0.03813764007389545
0.008515038981166449 0.004801898942983909 0.03813764007389545
0.005052471283724753 0.002792191664865071 0.03813764007389545
-0.006580075481906533 -0.006809280021116138 -0.02536381781101227
-0.002915131626650691 0.0005206074565649033 -0.02169887442141771
0.0007498124614357948 -0.003144336165860295 -0.02169887442141771
0.0007498124614357948 -0.006809280021116138 -0.0290287621319294
0.004414756316691637 0.0005206074565649033 -0.02536381874233484
-0.002915131626650691 -0.003144336398690939 -0.0290287621319294
0.008341592346893707 -0.01698340716477491 -0.03877310016722854
0.01320737815834582 0.00209277565591037 -0.02829129767086771
0.01320737815834582 0.00209277565591037 -0.03306907544864549
0.01320737815834582 -0.001572168199345472 -0.03306907544864549
0.01320737815834582 -0.001572168199345472 -0.02829129767086771
0.004772721130293236 -0.0163952713839665 0.03998864496758349
0.006192101016193478 -0.01333421774658307 0.03279727203741821
8.423290272206958e-05 -0.01748429132404375 0.03826524554181202
-0.0009000853242768586 -0.01622297617711971 0.01781548015631539
-3.818581100973554e-05 -0.008660672021427151 0.01995143697494651
0.006790382167963931 -0.0115719719098102 -0.006500062755074594
0.01019196544363267 -0.00913830102157609 -0.0040554964916759
0.001609717724714398 0.004834335790375891 0.03813764007389545
-0.01702901497544264 0.007729827271139277 -0.03949254323012494
-0.01645357815153159 0.003965655439370564 -0.03949254323012494
-0.01432604350204722 0.008287498264759668 -0.03879963233133746
-0.01490148032595828 0.01205167009652838 -0.03879963233133746
0.0168723222464323 -0.001572168199345472 -0.01729646657076147
0.01609412359323322 -0.005636005945434615 -0.01490757768187258
0.0168723222464323 -0.001572168199345472 -0.01251868879298369
0.01389290694689041 -0.009100130809692131 0.01294114956615419
0.01385662007362307 -0.009138606476812406 0.008063984589037534
0.003169224263873688 -0.01521673178742021 0.01530898484190901
-0.006593563940992913 0.01548507873693365 -0.001652446923209708
-0.0102585080290794 0.01182013511450845 0.002012496932046134
-0.006580075481906533 0.007850494934245944 0.0002907877787947655
-0.006580075481906533 0.007850494934245944 0.007620675722137094
-0.006593563940992913 0.01548507873693365 0.00567744102013262
0.006534677027016465 -0.01279515761693784 -0.0209632665241861
0.006534677027016465 -0.01279515761693784 -0.02462820991378065
0.01019962088227231 -0.005465270139256794 -0.0209632665241861
0.0007498124614357948 -0.003144336165860295 -0.01803393103182316
-0.01562665784423955 0.001693237372631865 0.02375709802501579
-0.01626443691593532 0.004651610671280237 0.03594934473030944
-0.01088279864168879 -0.0001859631000425673 0.03080775329470634
0.003153058977557795 -0.01522421050513154 -0.02234749992942078
0.003153058977557795 -0.01522421050513154 -0.01868255653982623
-0.01595673069023209 -0.00347470791681689 0.02576491592642874
-0.01503316733191475 -0.006344889329655979 0.02234698131441625
-0.002562167285765232 0.01670211763228352 -0.00773813483882883
0.0007498124614357948 0.01151543855667114 -0.007039100164547563
0.00110277656949061 0.01670211763228352 -0.004073190750742344
-0.002562167285765232 0.01670211763228352 -0.004073190750742344
-0.002915131393820047 0.01151543855667114 -0.007039100164547563
0.0007498124614357948 0.01151543855667114 -0.01070404425263405
0.004414756316691637 0.01151543855667114 -0.007039100164547563
0.00110277656949061 0.01670211763228352 -0.00773813483882883
0.01609447478517911 -0.005635122478511338 -0.00168505822437777
0.01609412359323399 -0.005636005945432681 -0.006464855816008315
0.0168723222464323 -0.001572168199345472 -0.004075966927119427
0.01242917950514674 -0.001971062090178772 -0.01857252107146713
0.01386456497035879 -0.009130213994512637 -0.01729832313459154
0.008079700404778123 0.0005206074565649033 -0.0143689876422286
0.01242917950514674 -0.005636005945434615 -0.02590240878197882
0.01320737815834582 0.00209277565591037 -0.02096140996035602
0.01439866543657838 0.0101613474074386 -0.03889775770891286
0.01668239643438711 0.006364921556958556 -0.0397117572760885
0.008515038981166449 0.004801898942983909 -0.03784685322642326
0.01732203102945069 -0.001442962327364158 -0.03822222222222222
-0.002532057187864485 0.0167051147693127 -0.0211295600489588
-0.002556003165466767 0.01670273801416561 -0.01626349675510035
-0.006599388061713393 0.01548200139933596 -0.0177995318561943
0.01241937988590029 -0.003423560199656486 0.02625307151427916
0.01164118123270037 -0.007487397945747726 0.02386418262539027
0.01168177174952117 -0.007383776511613177 0.0284524630251383
0.0139127005896623 -0.009078986173541862 0.01775019757126637
0.01609412359323239 -0.005636005945436712 0.01519836546066734
0.007291702132332593 -0.004995728399001953 0.01995143697494651
0.009459758229130286 -0.01093037817385288 0.0264160147359893
-0.01609312840766718 -0.002375615170782524 -0.01630322471875276
-0.01558664655269815 0.001819268326204548 -0.01385761108857846
-0.01558664655269815 0.001819268326204548 -0.01019266769898391
-0.01024501956999302 -0.003144336398690939 -0.0143689876422286
-0.01609312840766718 -0.002375615170782524 -0.01263828132915821
-0.01705993271460341 0.007598107204591004 0.03986800418798733
-0.01558708663538843 0.005482854024066701 0.002017016801298639
-0.006597243853946035 0.0154831348705911 0.01903675774017347
0.00312559618426348 -0.01523684317671007 0.001999308477534413
-0.002915131393820047 -0.01047422364354134 0.0002907877787947655
-0.0009504792096742922 -0.01622541757354436 0.0007603856196352031
-0.006592804871563762 0.01548547948400993 -0.00651571343761706
-0.002565726057076676 0.01670175786635943 0.01663425222918585
-0.01214140841898781 -0.01004182356221325 0.02061176775809043
-0.009870171542590284 0.01284489522402976 0.01657977772281534
-0.009870171542590284 0.01284489522402976 0.01291483433322078
-0.002915131393820047 0.01151543855667114 0.01495056319981813
-0.006597243853946035 0.0154831348705911 0.01537181435057891
0.01192468502339874 0.01091271174102602 -0.03097361052658262
0.01192468502339874 0.01091271174102602 -0.02730866620566549
0.004414756549522281 0.004185551078990102 0.01128561981022358
-0.002915131393820047 0.0005206074565649033 0.01128561981022358
-0.0009517270674324495 -0.01622547508846914 -0.004085288296543293
-0.007051750227610474 0.01522899688151413 -0.02214984635654943
0.001609717724714398 0.00849927941280109 -0.03784685322642326
0.001609717724714398 0.004834335790375891 -0.03784685322642326
0.0007498124614357948 0.01151543855667114 -0.03269370645284653
0.0007498124614357948 0.007850494934245944 -0.03269370645284653
-0.002915131393820047 0.01151543855667114 -0.0143689876422286
-0.006599388061713393 0.01548200139933596 -0.01413458846659974
-0.002556003165466767 0.01670273801416561 -0.0125985533655058
0.002838277129643352 -0.01536359859703236 -0.02572469735881606
0.006503220984899194 -0.01169865497460716 -0.02938964167973319
0.00697401112173724 -0.01148575534993381 -0.0336199533936518
0.003309067266481397 -0.01515069897235901 -0.02995500907273467
0.006143843366909369 0.01370873055014775 0.01391961698313128
0.001618984748135177 0.01631872478723917 0.01539552268606985
-0.006580075481906533 -0.003144336398690939 -0.003374156076461077
-0.01024501956999302 -0.003144336398690939 -0.007039100164547563
-0.01024501956999302 0.0005206074565649033 -0.003374156076461077
-0.01024501956999302 0.0005206074565649033 -0.007039100164547563
-0.006580075481906533 0.0005206074565649033 -0.003374156076461077
0.005301250668941715 0.0163136632384075 -0.01863536217720573
0.001108940689789075 0.01670273801416561 -0.01626349675510035
0.005296351128874647 0.01631509802437582 -0.01379705405164058
0.01267884268076977 0.007069086314725191 0.008120288878697788
-0.01190674329701936 0.009194969266534469 0.0186140565622018
0.01609412359323368 0.002491669546742525 0.01519836546066734
0.0168723222464323 -0.001572168199345472 0.01758725434955623
0.01199201208230233 0.01078374543964426 -0.01898884005670941
0.009027772207333237 0.01438802779058106 -0.01621235813471778
0.01183284932494299 0.01108221970757834 -0.01380976072598211
-0.01353511563067677 0.005515007746348718 0.01291483433322078
-0.01353511563067677 0.005515007746348718 0.01657977772281534
0.004930855397229665 0.01641523642489844 -0.03009124755102198
0.004930855397229665 0.01641523642489844 -0.02642630323010485
0.007056181122829315 0.01563137664587756 -0.0334282812871587
0.007056181122829315 0.01563137664587756 -0.02976333696624158
0.01029838277210357 0.01320994339870064 -0.03374461093533612
0.009029947082803498 0.01438630857618863 -0.02838192425811227
0.01551734210449037 0.003716838506801307 0.01040548010209601
0.01267884268076977 0.007069086314725191 0.004455344790611302
0.01174464449286461 -0.003144336398690939 0.007620675722137094
0.01183284932494299 0.01108221970757834 -0.01014481733638755
0.004414756316691637 0.01151543855667114 -0.0143689876422286
-0.008743870606932051 -0.01347784969881717 -0.01629287645216764
-0.002915131393820047 -0.01047422364354134 -0.01070404355414212
-0.008743870606932051 -0.01347784969881717 -0.008962988974486602
-0.006580075481906533 0.004185551078990102 0.01128561981022358
-0.006580075481906533 0.004185551078990102 0.01495056319981813
-0.01865941244726618 0.0005903286166751695 0.03986800418798733
-0.01088279864168879 0.003478980755213275 -0.03418190890550613
-0.01581579907983581 0.004672225995978034 -0.03067445213563107
-0.01368826443035145 0.008994068821367138 -0.0299815412368436
-0.007051750227610474 0.01522899688151413 -0.02947973406706111
-0.002532057187864485 0.0167051147693127 -0.02845944775947049
-0.002915131393820047 0.01151543855667114 -0.02536381874233484
0.0007498124614357948 0.007850494934245944 0.03327528014779091
0.006865879654891614 0.01205763209274279 0.03397664472235573
-0.006580075481906533 0.007850494934245944 -0.003374156076461077
-0.002915131393820047 0.004185551078990102 -0.003374156076461077
-0.003313765234206518 0.00719669609598242 -0.00770276983986311
-0.006978709322293004 0.003531752473557221 -0.00770276983986311
0.005230660964657365 -0.005089495273077262 -0.03784685322642326
0.002207378158345864 -0.008056782036385386 -0.03784685322642326
0.008660305655834947 0.01100118329769174 0.02968225908231579
0.004847679519163648 0.01277120291483121 0.03047084217209491
0.004995361800579105 0.01466612692011694 0.02235237230312668
0.001182735663907805 0.0164361465372564 0.0231409553929058
0.0007498124614357948 0.007850494934245944 0.0259453933686018
0.01320737815834582 0.00209277565591037 -0.01618363218257824
0.001182735663907805 0.0164361465372564 0.03047084217209491
0.0168723222464323 -0.001572168199345472 -0.007740911015205913
0.01609412359323399 -0.005636005945432681 -0.0101297999040948
0.01385662007362307 -0.009138606476812406 0.004399040500951048
0.01046601317516889 -0.01156706708083713 0.006740566955273274
0.01671572818583525 0.006268917349508869 0.03942314448562874
0.0168723222464323 0.00209277565591037 0.03335986229611767
0.0162803896094454 -0.001467018406529411 0.03456078455952623
0.01732203102945069 -0.001442962327364158 0.03822222222222221
0.0167300983924638 -0.005002756389803939 0.03942314448563077
0.012194353275883 0.0006498133285462173 0.03813764007389545
0.01730766082282063 0.002709123287073533 -0.03822222222222222
0.008529409187796514 0.0006498133285462173 -0.03784685322642326
-0.002565726057076676 0.01670175786635943 0.01296930883959129
-0.0009412681214243913 -0.01622498863276321 -0.008943513806062085
0.009029947082803498 0.01438630857618863 -0.02471697993719514
0.01199201208230233 0.007118801817219056 -0.01898884005670941
0.01192468502339874 0.007247768118600819 -0.02364372281607094
0.01730766082282063 0.002709123287073533 0.03822222222222221
0.01217998306925294 0.004801898942983909 0.03813764007389545
0.0134737313102517 0.006378843072466714 0.01391961698313128
0.004414756549522281 0.004185551078990102 0.01495056319981813
0.006143843366909369 0.01370873055014775 0.01758456037272584
0.005052471283724753 0.002792191664865071 -0.03784685322642326
0.00518021907275421 0.007613507319158103 -0.03784685322642326
-0.0009448668722783466 -0.01622515713998907 -0.02402891945942517
0.01246977002196672 -0.005532384511302126 -0.03049068918172688
0.01106384552816614 0.01297295578361279 -0.03889775770891286
0.01634593108034055 -0.00864038943298457 0.03942314448563077
-0.001293387506380363 -0.01623588654997355 -0.02876768910822418
-0.003429820145323056 -0.0184617891718466 -0.03758578020271804
-0.008505630617005704 -0.01730556839750833 -0.03850654413845983
0.004414756316691637 0.007850494934245944 -0.0143689876422286
0.01183284932494299 0.007417276085153139 -0.01380976072598211
0.01549779341302948 0.003752332229897297 -0.01014481733638755
0.008079700404778123 0.004185551078990102 -0.01070404425263405
0.01183284932494299 0.01108221970757834 -0.006479873248301064
0.002582284389063716 0.002353079384192824 -0.03086123429238796
-0.004747603554278612 0.002353079384192824 -0.03086123429238796
-0.0009448668722783466 -0.01622515713998907 -0.02036397606983061
-0.005106949016018578 -0.01561410567308484 0.0105372993260884
-0.004993558882360027 -0.0156532892488526 0.0152258115945958
-0.00511198474483388 -0.01561233333372748 0.002003556749627707
-0.0149773516600361 -0.006459098894369308 0.01055505384095683
-0.01610607678739869 -0.002173213874599771 0.02063550093977497
-0.002915131393820047 0.0005206074565649033 0.01495056319981813
-0.01497723249110062 -0.006459339199606873 0.005681382759445033
-0.01497723249110062 -0.006459339199606873 -0.001648505183897295
-0.01005116447078414 -0.01210370195907094 -0.02994944922128259
-0.006580075481906533 -0.006809280021116138 -0.0290287621319294
-0.01371610855887062 -0.00843875833664574 -0.03361439354219972
-0.01240642900734713 -0.009815014841269065 -0.02850048181310762
0.01232524974392143 0.01100118329769174 0.02968225908231579
0.008079700404778123 0.004185551311820745 0.03327528014779091
0.0105308237429781 0.01205763209274279 0.03397664472235573
-0.01609278719415396 -0.002380260747343284 0.0007876329520812124
-0.01609295979907652 -0.002377914119950694 -0.004092870351942307
0.01182744724891339 -0.006983354262096267 0.03223177155546549
0.007741410915350984 -0.004866522527020639 0.03580862706983472
0.008845163160840696 0.007613507319158103 0.03813764007389545
-0.008745707769719158 -0.01347622494919824 0.008109516806391069
-0.005106949016018578 -0.01561410567308484 0.006872355238001917
0.004414756549522281 -0.006809280021116138 -0.0143689876422286
-0.004804673609708012 0.01764131651589412 -0.0387693867210986
-0.007586289628641514 0.01575309273446877 -0.0387693867210986
0.0004538358178406285 -0.005034385453493584 0.03580862706983472
0.004442662692211835 -0.006940887273388275 0.03580862706983472
-0.01659450976192787 -0.0005163346181685181 0.03795716263172239
-0.01648449589069236 0.003833935372822291 0.03986800418798733
0.006046169846683999 -0.01340318016530603 0.02397480200663194
-0.01110844681089651 0.01506103447799821 -0.0387693867210986
0.0007498124614357948 0.004185551078990102 0.0002907877787947655
-0.006580075481906533 0.007850494934245944 -0.007039100164547563
-0.003313765234206518 0.00719669609598242 -0.0113677139279496
0.01549779341302948 0.003752332229897297 -0.006479873248301064
0.01563775166769027 0.003491070706575254 -0.001652154901114988
0.01197280757960378 0.01082095818425629 -0.001652154901114988
-0.001489518176324862 0.01348837824730309 -0.03784685322642326
-0.006230286827203197 0.01566837682526216 -0.03361623994752187
0.004414756316691637 0.004185551078990102 -0.007039100164547563
0.002582284389063716 0.002353079384192824 -0.00887157185934484
0.006247228477150202 0.002353079384192824 -0.01253651594743133
0.002582284389063716 0.009682966861873865 -0.01253651594743133
0.008347680513795476 -0.01698047756111316 0.03998864496758349
-0.01609278719415396 0.001284683107912558 0.0007876329520812124
-0.01609278719415396 0.001284683107912558 0.004452576807337055
-0.01024501956999302 0.004185551311820745 0.0002907877787947655
-0.01024501956999302 0.0005206074565649033 0.0002907877787947655
-0.01366347402331967 -0.01090968073368673 -0.03876754031577645
-0.006580075481906533 -0.003144336165860295 0.003955731634050608
-0.01024501956999302 0.0005206074565649033 0.007620675722137094
-0.01240881469501854 -0.009812906076391971 -0.01262793306257309
-0.01241082155595955 -0.009811131212324808 -0.007756837956444385
-0.0149775310179872 -0.006458737189680375 -0.01019714457830636
-0.006580075481906533 -0.006809280021116138 -0.007039100164547563
-0.008366719466145759 -0.01737367199057037 0.0397501665965212
0.01609412359323368 0.006156613401998367 0.02619319562945101
0.0168723222464323 0.00209277565591037 0.02858208451833989
0.0161347141100532 0.006052991967867032 0.03078147602919914
-0.002915131393820047 -0.006809280021116138 0.0002907877787947655
-0.006580075481906533 0.0005206074565649033 0.0002907877787947655
-0.01024501956999302 0.0005206074565649033 -0.02536381781101227
-0.01609327892167208 0.001291386518370592 -0.02485218536883423
-0.01609327892167208 -0.00237355733688525 -0.02485218536883423
-0.01024501956999302 -0.003144336398690939 -0.02169887442141771
-0.01609327892167208 -0.00237355733688525 -0.02118724197923967
-0.01024501956999302 0.0005206074565649033 -0.02169887442141771
0.005052471283724753 -0.0008727521903907709 -0.03784685322642326
0.0168723222464323 -0.001572168199345472 0.0007018108506583499
0.01174464449286461 -0.003144336398690939 0.0002907877787947655
0.008079700404778123 0.004185551078990102 0.0002907877787947655
0.0003511786210493243 0.00719669609598242 -0.0113677139279496
0.0003511786210493243 -0.0001331913816986208 -0.00770276983986311
0.0003511786210493243 0.00719669609598242 -0.00770276983986311
0.0007498124614357948 -0.003144336398690939 -0.003374156076461077
0.0007498124614357948 -0.006809280021116138 -0.01070404355414212
0.0007498124614357948 -0.003144336398690939 0.0002907877787947655
0.0007498124614357948 0.004185551078990102 -0.003374156076461077
0.009013489689756793 0.01439929586030223 -0.00404368093527277
-0.01609278719415396 -0.002380260747343284 0.00811752089542354
-0.01241082155595955 -0.009811131212324808 -0.004091893868357899
-0.006580075481906533 -0.006809280021116138 -0.003374156076461077
-0.008745707769719158 -0.01347622494919824 0.0007796288630487411
-0.009874058621549149 0.0128402786215038 0.008112182896666199
0.006092243681358532 -0.0133816897403431 0.02813591180242186
0.008079700404778123 -0.003144336398690939 0.0002907877787947655
0.008079700404778123 -0.003144336398690939 0.003955731634050608
0.005296351128874647 0.01631509802437582 -0.006467166573959536
0.01199201208230233 0.01078374543964426 -0.02265378344630397
0.004414756316691637 0.01151543855667114 -0.02169887442141771
0.009029947082803498 0.01438630857618863 -0.02105203654760058
-0.003313765234206518 0.00719669609598242 -0.01503265731754415
-0.001082659466192126 0.009682966861873865 -0.01253651594743133
-0.001082659466192126 0.009682966861873865 -0.01620145933702588
-0.001481293306578597 0.005364224401185142 -0.01320018562274687
-0.001082659466192126 0.009682966861873865 -0.03086123429238796
0.001265911541973823 0.01641523642489844 -0.03009124755102198
-0.001475873649135791 0.0167577040428198 -0.03331861790920735
0.004414756316691637 0.007850494934245944 -0.01803393103182316
-0.01436043516384064 0.00824459291974893 0.0387693867210987
0.01070449668071887 -0.01499418252113313 -0.03877310016722854
-0.01024501956999302 0.0005206074565649033 -0.0290287621319294
-0.006580075481906533 0.004185551078990102 -0.03269370645284653
-0.006580075481906533 0.007850494934245944 -0.0290287621319294
0.001636306813685873 0.0163136632384075 -0.01863536217720573
0.001132886667391358 0.0167051147693127 -0.0211295600489588
0.0007498124614357948 0.01151543855667114 -0.01803393103182316
-0.01305771519826261 -0.003429569856189688 -0.03784685322642326
-0.01609327892167208 -0.00237355733688525 -0.02851712968975136
-0.01024501956999302 -0.003144336398690939 -0.0290287621319294
-0.01597279927200274 -0.00338081909107726 -0.03303508351961408
-5.026043164060605e-05 0.01873064373345176 -0.03847176468278408
0.01049911220721602 -0.01155178816499502 0.01530898484190901
-0.004747603554278612 0.002353079384192824 -0.02719628997147083
-0.004747603554278612 0.006018023239448667 -0.02719628997147083
-0.006592217500691903 0.01548578953167562 0.01053419337640328
-0.007793291377513364 0.01090809620940719 -0.03784685322642326
-0.01609295979907652 0.001287029735305148 -0.004092870351942307
-0.01558460375895676 0.001825564821364757 0.01041300439244595
0.001631407273618805 0.01631509802437582 -0.01013211066204602
-0.01503143745427582 -0.006348479793556099 -0.03026202236557537
-0.01498265722717387 -0.006448385218564695 -0.01838431565295588
-0.01240881469501854 -0.009812906076391971 -0.01629287645216764
-0.008716508120849226 -0.009035182642989184 -0.03784685322642326
-0.0100341420661495 -0.01141472215321008 -0.0333533973648831
-0.009981507530598548 -0.01388564455025107 -0.03850654413845983
0.01475911480091758 0.008575438541912159 0.02861575047908466
0.01449957582752563 0.008917033538457918 0.0332321923534499
0.007291702132332593 -0.001330784543746111 0.03094626714373017
-0.005122509784996464 -0.008056782036385386 -0.03784685322642326
-0.001457565696909978 -0.01172172565881058 -0.03418190890550613
-0.01590409615468114 -0.005945630313857883 0.03795716263172239
0.005782337541848105 -0.008641988213532039 -0.03784685322642326
0.001241834090286159 0.000481950402073273 0.03813764007389545
0.004264473011279223 -0.002724144190701785 0.03580862706983472
0.003626758044246107 -0.001330784543746111 0.03094626714373017
-0.002915131626650691 0.0005206074565649033 0.003955731634050608
0.007429226857575254 0.01224038216433736 0.02128586369989555
-0.002915131393820047 -0.006809280021116138 -0.003374156076461077
-0.01558512400618135 0.005488906345189103 -0.02240558550674815
-0.01558512400618135 0.001823962489933261 -0.01874064211715359
-0.01559080094807298 0.001806423241633296 -0.02996002949004862
-0.01581579907983581 0.001007282140722192 -0.0343393964565482
-0.0186284947081054 0.0007220486832234425 -0.03949254323012494
-0.01218759710972683 -0.01432960458094398 -0.03876754031577645
0.01628038960944693 0.005652569718345705 0.03456078455952419
0.01019962088227231 -0.009130213994512637 -0.02829315423469778
0.00518021907275421 0.0112784509415833 -0.03784685322642326
0.007821643878891889 0.01539438903078971 -0.03858142806073545
0.01385690953171916 -0.00913830102157609 -0.007720440579762386
0.005301250668941715 0.0163136632384075 -0.02230030556680028
0.001132886667391358 0.0167051147693127 -0.02479450343855336
0.01386032881188454 -0.009134690999991563 -0.01254772805405417
0.0007498124614357948 0.01151543855667114 -0.0290287621319294
-0.004340908970791995 -0.002037355100353582 0.03580862706983472
-0.01027968756931209 0.008513215248353721 -0.01259905392471401
-0.009881053728925619 0.01283195770904244 -0.01193538424939846
-0.009881053728925619 0.01283195770904244 -0.01560032763899301
0.0124291795051472 0.006156613401998367 0.02619319562945101
0.0110941707128311 0.008575438541912159 0.02861575047908466
-0.00505156403276274 -0.01270012626541438 -0.03418190890550613
0.001618984748135177 0.01631872478723917 0.0190604660756644
-0.005102298952798211 -0.01561573983771876 -0.02239003658283421
0.008187454161148041 0.01104672598448235 0.01040548010209601
0.002371556348875479 -0.01257094292754835 -0.03243263342914131
-0.01498265722717387 -0.006448385218564695 -0.01471937226336133
0.01174464449286461 0.0005206074565649033 0.02228044997900724
-0.006978709322293004 -0.0001331913816986208 -0.01503265731754415
-0.0135666357410066 0.009142366909241067 -0.02349384313576645
-0.01559080094807298 0.005471367096889138 -0.02629508516913149
0.002582284389063716 0.006018023239448667 -0.01620145933702588
0.002582284389063716 0.009682966861873865 -0.01620145933702588
0.01160009449550172 0.01234498954579527 0.03809455227955444
0.008764235649891353 0.009821557024423565 0.0188633088502619
0.008079700404778123 0.0005206074565649033 0.02228044997900724
-0.01353900270963563 0.009175334999078598 0.0007822949533238706
-0.0102585080290794 0.01182013511450845 -0.001652446923209708
-0.00987282439221826 0.01284174504699559 -0.007750640497125434
-0.00987282439221826 0.01284174504699559 -0.004085696409038948
-0.001082659466192126 0.009682966861873865 -0.02353134658187628
-0.006580075481906533 0.007850494934245944 -0.02169887442141771
0.0003511786210493243 0.003531752473557221 -0.01503265731754415
-0.002915131626650691 0.0005206074565649033 -0.01803393103182316
-0.01498265722717387 -0.006448385218564695 -0.02204925904255044
-0.01503143745427582 -0.006348479793556099 -0.02659707804465824
0.008717415371811239 0.002792191664865071 0.03813764007389545
-0.0135459978170121 0.009167014086617246 -0.01926527102858757
-0.006592804871563762 0.01548547948400993 -0.01018065752570355
-0.004772721130292997 -0.01639527138396657 0.0397501665965212
-0.003353341244392755 -0.01333421774658314 0.03255879366635592
-0.0149775310179872 -0.006458737189680375 -0.00653220049021987
-0.009901691652920116 0.01280731053166627 -0.01982889974617189
-0.01240642900734713 -0.009815014841269065 -0.02483553749219049
-0.004747603554278612 0.006018023239448667 -0.01986640272662044
-0.002915131626650691 0.004185551311820745 -0.02169887442141771
0.0007498124614357948 0.007850494934245944 -0.01803393103182316
0.008515038981166449 0.008466842565409107 -0.03784685322642326
-0.006978709322293004 0.003531752473557221 -0.01869760070713871
-0.01145823546559985 0.007243152586981988 -0.03418190890550613
0.002189070206120052 0.0167577040428198 -0.03331861790920735
0.003125438312708089 -0.0152369155322354 -0.01382995023275563
0.003125438312708089 -0.0152369155322354 -0.006500062755074594
0.01045548412760581 -0.01157189955428487 0.001999308477534413
-0.01609295979907652 -0.002377914119950694 -0.007757814440028793
-0.01071669431569696 0.01156405325908893 -0.02581478974614398
0.01493491440391396 0.009533381169621082 0.03809455227955444
-0.01002332034226496 0.01265901244379234 -0.03364648555776073
0.00217542567893098 0.01348837824730309 -0.03784685322642326
0.004816850485068658 0.0176043163365095 -0.03858142806073545
-3.818581100973554e-05 0.002334159078679088 0.02361638036454106
0.0007498124614357948 0.01151543855667114 -0.0143689876422286
-0.0135459978170121 0.005502070231361403 -0.01560032763899301
-0.009842596379738604 -0.01395374814331312 0.0397501665965212
-0.00572017021862793 0.001169391935120049 -0.03784685322642326
-0.0135459978170121 0.009167014086617246 -0.008270440161311971
0.006563019003548085 -0.01276507443211733 0.01294114956615419
0.01613471411005319 -0.00186744065604632 0.03078147602919903
0.0007498124614357948 0.01151543855667114 -0.02169887442141771
0.01048294692090012 -0.01155926688270634 -0.01501761315023167
-0.0135459978170121 0.005502070231361403 -0.01193538424939846
0.01045532625605042 -0.0115719719098102 -0.01016500684316108
0.004414756549522281 -0.006809280021116138 -0.007039100164547563
-0.003552910698346465 0.003478980755213275 0.03813764007389545
0.001108940689789075 0.01670273801416561 -0.0125985533655058
0.00401612270913581 -0.0001331913816986208 -0.0113677139279496
-3.818581100973554e-05 0.002334159078679088 0.03094626714373017
$EndNodes
$Elements
1 6136 1 6136
3 1 4 6136
1 88 619 827 828 
2 619 196 826 830 
3 827 826 720 829 
4 828 830 829 825 
5 619 827 828 830 
6 619 830 826 827 
7 827 828 830 829 
8 827 829 830 826 
9 132 272 290 831 
10 272 183 612 833 
11 290 612 199 832 
12 831 833 832 824 
13 272 290 831 833 
14 272 833 612 290 
15 290 831 833 832 
16 290 832 833 612 
17 159 834 510 511 
18 834 808 835 836 
19 510 835 41 40 
20 511 836 40 39 
21 834 510 511 836 
22 834 836 835 510 
23 510 511 836 40 
24 510 40 836 835 
25 638 837 687 688 
26 837 172 421 420 
27 687 421 18 17 
28 688 420 17 16 
29 837 687 688 420 
30 837 420 421 687 
31 687 688 420 17 
32 687 17 420 421 
33 170 838 349 350 
34 838 717 767 839 
35 349 767 62 351 
36 350 839 351 78 
37 838 349 350 839 
38 838 839 767 349 
39 349 350 839 351 
40 349 351 839 767 
41 798 840 842 843 
42 840 799 841 845 
43 842 841 815 844 
44 843 845 844 810 
45 840 842 843 845 
46 840 845 841 842 
47 842 843 845 844 
48 842 844 845 841 
49 807 846 848 849 
50 846 94 847 851 
51 848 847 810 850 
52 849 851 850 803 
53 846 848 849 851 
54 846 851 847 848 
55 848 849 851 850 
56 848 850 851 847 
57 196 852 826 830 
58 852 704 775 853 
59 826 775 720 829 
60 830 853 829 825 
61 852 826 830 853 
62 852 853 775 826 
63 826 830 853 829 
64 826 829 853 775 
65 818 854 856 857 
66 854 800 855 859 
67 856 855 813 858 
68 857 859 858 125 
69 854 856 857 859 
70 854 859 855 856 
71 856 857 859 858 
72 856 858 859 855 
73 795 860 861 862 
74 860 798 840 864 
75 861 840 799 863 
76 862 864 863 101 
77 860 861 862 864 
78 860 864 840 861 
79 861 862 864 863 
80 861 863 864 840 
81 785 865 866 867 
82 865 174 541 540 
83 866 541 156 301 
84 867 540 301 158 
85 865 866 867 540 
86 865 540 541 866 
87 866 867 540 301 
88 866 301 540 541 
89 797 868 869 870 
90 868 106 375 377 
91 869 375 108 376 
92 870 377 376 107 
93 868 869 870 377 
94 868 377 375 869 
95 869 870 377 376 
96 869 376 377 375 
97 165 331 310 871 
98 331 68 332 751 
99 310 332 80 872 
100 871 751 872 706 
101 331 310 871 751 
102 331 751 332 310 
103 310 871 751 872 
104 310 872 751 332 
105 784 873 875 876 
106 873 802 874 878 
107 875 874 824 877 
108 876 878 877 816 
109 873 875 876 878 
110 873 878 874 875 
111 875 876 878 877 
112 875 877 878 874 
113 116 879 881 610 
114 879 785 880 883 
115 881 880 799 882 
116 610 883 882 187 
117 879 881 610 883 
118 879 883 880 881 
119 881 610 883 882 
120 881 882 883 880 
121 639 884 885 886 
122 884 193 284 888 
123 885 284 86 887 
124 886 888 887 820 
125 884 885 886 888 
126 884 888 284 885 
127 885 886 888 887 
128 885 887 888 284 
129 161 889 891 892 
130 889 785 890 894 
131 891 890 804 893 
132 892 894 893 820 
133 889 891 892 894 
134 889 894 890 891 
135 891 892 894 893 
136 891 893 894 890 
137 800 895 896 897 
138 895 148 423 454 
139 896 423 99 447 
140 897 454 447 124 
141 895 896 897 454 
142 895 454 423 896 
143 896 897 454 447 
144 896 447 454 423 
145 788 898 900 901 
146 898 796 899 903 
147 900 899 794 902 
148 901 903 902 800 
149 898 900 901 903 
150 898 903 899 900 
151 900 901 903 902 
152 900 902 903 899 
153 122 337 345 904 
154 337 119 346 906 
155 345 346 113 905 
156 904 906 905 791 
157 337 345 904 906 
158 337 906 346 345 
159 345 904 906 905 
160 345 905 906 346 
161 126 907 909 910 
162 907 810 908 912 
163 909 908 791 911 
164 910 912 911 793 
165 907 909 910 912 
166 907 912 908 909 
167 909 910 912 911 
168 909 911 912 908 
169 85 913 282 300 
170 913 822 914 915 
171 282 914 156 301 
172 300 915 301 158 
173 913 282 300 915 
174 913 915 914 282 
175 282 300 915 301 
176 282 301 915 914 
177 629 650 655 916 
178 650 627 656 918 
179 655 656 631 917 
180 916 918 917 822 
181 650 655 916 918 
182 650 918 656 655 
183 655 916 918 917 
184 655 917 918 656 
185 162 307 308 919 
186 307 161 293 892 
187 308 293 77 920 
188 919 892 920 820 
189 307 308 919 892 
190 307 892 293 308 
191 308 919 892 920 
192 308 920 892 293 
193 109 479 373 921 
194 479 117 478 923 
195 373 478 143 922 
196 921 923 922 792 
197 479 373 921 923 
198 479 923 478 373 
199 373 921 923 922 
200 373 922 923 478 
201 798 924 925 842 
202 924 97 504 927 
203 925 504 154 926 
204 842 927 926 815 
205 924 925 842 927 
206 924 927 504 925 
207 925 842 927 926 
208 925 926 927 504 
209 640 928 929 930 
210 928 193 888 562 
211 929 888 820 920 
212 930 562 920 77 
213 928 929 930 562 
214 928 562 888 929 
215 929 930 562 920 
216 929 920 562 888 
217 641 931 933 703 
218 931 822 932 935 
219 933 932 90 934 
220 703 935 934 637 
221 931 933 703 935 
222 931 935 932 933 
223 933 703 935 934 
224 933 934 935 932 
225 791 936 905 911 
226 936 790 937 939 
227 905 937 113 938 
228 911 939 938 793 
229 936 905 911 939 
230 936 939 937 905 
231 905 911 939 938 
232 905 938 939 937 
233 711 722 723 940 
234 722 705 721 942 
235 723 721 708 941 
236 940 942 941 814 
237 722 723 940 942 
238 722 942 721 723 
239 723 940 942 941 
240 723 941 942 721 
241 639 886 885 943 
242 886 820 887 944 
243 885 887 86 554 
244 943 944 554 167 
245 886 885 943 944 
246 886 944 887 885 
247 885 943 944 554 
248 885 554 944 887 
249 785 945 880 947 
250 945 171 946 542 
251 880 946 799 948 
252 947 542 948 114 
253 945 880 947 542 
254 945 542 946 880 
255 880 947 542 948 
256 880 948 542 946 
257 639 674 886 943 
258 674 628 949 950 
259 886 949 820 944 
260 943 950 944 167 
261 674 886 943 950 
262 674 950 949 886 
263 886 943 950 944 
264 886 944 950 949 
265 807 951 953 954 
266 951 806 952 956 
267 953 952 805 955 
268 954 956 955 793 
269 951 953 954 956 
270 951 956 952 953 
271 953 954 956 955 
272 953 955 956 952 
273 122 904 345 957 
274 904 791 905 911 
275 345 905 113 938 
276 957 911 938 793 
277 904 345 957 911 
278 904 911 905 345 
279 345 957 911 938 
280 345 938 911 905 
281 629 958 916 960 
282 958 785 959 962 
283 916 959 822 961 
284 960 962 961 76 
285 958 916 960 962 
286 958 962 959 916 
287 916 960 962 961 
288 916 961 962 959 
289 790 963 937 939 
290 963 122 345 957 
291 937 345 113 938 
292 939 957 938 793 
293 963 937 939 957 
294 963 957 345 937 
295 937 939 957 938 
296 937 938 957 345 
297 799 880 948 882 
298 880 785 947 883 
299 948 947 114 273 
300 882 883 273 187 
301 880 948 882 883 
302 880 883 947 948 
303 948 882 883 273 
304 948 273 883 947 
305 74 527 502 964 
306 527 159 511 966 
307 502 511 39 965 
308 964 966 965 809 
309 527 502 964 966 
310 527 966 511 502 
311 502 964 966 965 
312 502 965 966 511 
313 154 504 497 926 
314 504 97 443 927 
315 497 443 147 967 
316 926 927 967 815 
317 504 497 926 927 
318 504 927 443 497 
319 497 926 927 967 
320 497 967 927 443 
321 630 968 669 670 
322 968 193 604 601 
323 669 604 12 11 
324 670 601 11 10 
325 968 669 670 601 
326 968 601 604 669 
327 669 670 601 11 
328 669 11 601 604 
329 640 928 691 659 
330 928 193 604 968 
331 691 604 12 669 
332 659 968 669 630 
333 928 691 659 968 
334 928 968 604 691 
335 691 659 968 669 
336 691 669 968 604 
337 809 969 965 970 
338 969 138 220 240 
339 965 220 39 264 
340 970 240 264 75 
341 969 965 970 240 
342 969 240 220 965 
343 965 970 240 264 
344 965 264 240 220 
345 128 440 972 439 
346 440 127 971 309 
347 972 971 786 973 
348 439 309 973 129 
349 440 972 439 309 
350 440 309 971 972 
351 972 439 309 973 
352 972 973 309 971 
353 820 974 975 893 
354 974 153 265 977 
355 975 265 136 976 
356 893 977 976 804 
357 974 975 893 977 
358 974 977 265 975 
359 975 893 977 976 
360 975 976 977 265 
361 119 337 978 906 
362 337 122 957 904 
363 978 957 793 911 
364 906 904 911 791 
365 337 978 906 904 
366 337 904 957 978 
367 978 906 904 911 
368 978 911 904 957 
369 817 979 980 981 
370 979 784 875 876 
371 980 875 824 877 
372 981 876 877 816 
373 979 980 981 876 
374 979 876 875 980 
375 980 981 876 877 
376 980 877 876 875 
377 126 217 910 909 
378 217 119 978 906 
379 910 978 793 911 
380 909 906 911 791 
381 217 910 909 906 
382 217 906 978 910 
383 910 909 906 911 
384 910 911 906 978 
385 715 724 983 727 
386 724 705 982 726 
387 983 982 823 984 
388 727 726 984 709 
389 724 983 727 726 
390 724 726 982 983 
391 983 727 726 984 
392 983 984 726 982 
393 98 490 480 985 
394 490 99 482 987 
395 480 482 100 986 
396 985 987 986 803 
397 490 480 985 987 
398 490 987 482 480 
399 480 985 987 986 
400 480 986 987 482 
401 93 988 512 486 
402 988 806 989 990 
403 512 989 92 507 
404 486 990 507 94 
405 988 512 486 990 
406 988 990 989 512 
407 512 486 990 507 
408 512 507 990 989 
409 820 991 992 993 
410 991 630 648 647 
411 992 648 626 646 
412 993 647 646 636 
413 991 992 993 647 
414 991 647 648 992 
415 992 993 647 646 
416 992 646 647 648 
417 119 217 978 337 
418 217 126 910 336 
419 978 910 793 957 
420 337 336 957 122 
421 217 978 337 336 
422 217 336 910 978 
423 978 337 336 957 
424 978 957 336 910 
425 711 994 940 996 
426 994 824 995 998 
427 940 995 814 997 
428 996 998 997 825 
429 994 940 996 998 
430 994 998 995 940 
431 940 996 998 997 
432 940 997 998 995 
433 785 879 880 999 
434 879 116 881 1000 
435 880 881 799 841 
436 999 1000 841 815 
437 879 880 999 1000 
438 879 1000 881 880 
439 880 999 1000 841 
440 880 841 1000 881 
441 818 1001 857 1002 
442 1001 189 277 276 
443 857 277 125 253 
444 1002 276 253 169 
445 1001 857 1002 276 
446 1001 276 277 857 
447 857 1002 276 253 
448 857 253 276 277 
449 810 1003 844 1005 
450 1003 808 1004 1006 
451 844 1004 815 926 
452 1005 1006 926 154 
453 1003 844 1005 1006 
454 1003 1006 1004 844 
455 844 1005 1006 926 
456 844 926 1006 1004 
457 628 1007 651 679 
458 1007 821 1008 1009 
459 651 1008 635 678 
460 679 1009 678 634 
461 1007 651 679 1009 
462 1007 1009 1008 651 
463 651 679 1009 678 
464 651 678 1009 1008 
465 818 1010 1012 1013 
466 1010 811 1011 1015 
467 1012 1011 802 1014 
468 1013 1015 1014 825 
469 1010 1012 1013 1015 
470 1010 1015 1011 1012 
471 1012 1013 1015 1014 
472 1012 1014 1015 1011 
473 716 762 1016 764 
474 762 68 331 751 
475 1016 331 165 871 
476 764 751 871 706 
477 762 1016 764 751 
478 762 751 331 1016 
479 1016 764 751 871 
480 1016 871 751 331 
481 31 32 1018 1019 
482 32 33 1017 1020 
483 1018 1017 824 998 
484 1019 1020 998 825 
485 32 1018 1019 1020 
486 32 1020 1017 1018 
487 1018 1019 1020 998 
488 1018 998 1020 1017 
489 193 884 284 601 
490 884 639 885 689 
491 284 885 86 370 
492 601 689 370 10 
493 884 284 601 689 
494 884 689 885 284 
495 284 601 689 370 
496 284 370 689 885 
497 192 1021 1022 317 
498 1021 627 918 1023 
499 1022 918 822 913 
500 317 1023 913 85 
501 1021 1022 317 1023 
502 1021 1023 918 1022 
503 1022 317 1023 913 
504 1022 913 1023 918 
505 785 959 866 999 
506 959 822 914 1025 
507 866 914 156 1024 
508 999 1025 1024 815 
509 959 866 999 1025 
510 959 1025 914 866 
511 866 999 1025 1024 
512 866 1024 1025 914 
513 807 846 1026 1027 
514 846 94 505 507 
515 1026 505 95 506 
516 1027 507 506 92 
517 846 1026 1027 507 
518 846 507 505 1026 
519 1026 1027 507 506 
520 1026 506 507 505 
521 821 1007 1028 1009 
522 1007 628 676 679 
523 1028 676 636 680 
524 1009 679 680 634 
525 1007 1028 1009 679 
526 1007 679 676 1028 
527 1028 1009 679 680 
528 1028 680 679 676 
529 705 738 1030 1031 
530 738 719 1029 1032 
531 1030 1029 191 592 
532 1031 1032 592 168 
533 738 1030 1031 1032 
534 738 1032 1029 1030 
535 1030 1031 1032 592 
536 1030 592 1032 1029 
537 84 499 1034 498 
538 499 33 1033 34 
539 1034 1033 805 1035 
540 498 34 1035 35 
541 499 1034 498 34 
542 499 34 1033 1034 
543 1034 498 34 1035 
544 1034 1035 34 1033 
545 159 531 555 834 
546 531 93 544 1037 
547 555 544 163 1036 
548 834 1037 1036 808 
549 531 555 834 1037 
550 531 1037 544 555 
551 555 834 1037 1036 
552 555 1036 1037 544 
553 155 329 496 1038 
554 329 154 497 926 
555 496 497 147 967 
556 1038 926 967 815 
557 329 496 1038 926 
558 329 926 497 496 
559 496 1038 926 967 
560 496 967 926 497 
561 790 1039 1041 936 
562 1039 110 1040 1043 
563 1041 1040 792 1042 
564 936 1043 1042 791 
565 1039 1041 936 1043 
566 1039 1043 1040 1041 
567 1041 936 1043 1042 
568 1041 1042 1043 1040 
569 818 854 1045 1012 
570 854 800 1044 1047 
571 1045 1044 178 1046 
572 1012 1047 1046 802 
573 854 1045 1012 1047 
574 854 1047 1044 1045 
575 1045 1012 1047 1046 
576 1045 1046 1047 1044 
577 12 691 13 431 
578 691 640 690 930 
579 13 690 14 432 
580 431 930 432 77 
581 691 13 431 930 
582 691 930 690 13 
583 13 431 930 432 
584 13 432 930 690 
585 162 1048 919 1049 
586 1048 785 894 1050 
587 919 894 820 992 
588 1049 1050 992 626 
589 1048 919 1049 1050 
590 1048 1050 894 919 
591 919 1049 1050 992 
592 919 992 1050 894 
593 818 1051 1045 854 
594 1051 149 548 1052 
595 1045 548 178 1044 
596 854 1052 1044 800 
597 1051 1045 854 1052 
598 1051 1052 548 1045 
599 1045 854 1052 1044 
600 1045 1044 1052 548 
601 628 674 949 676 
602 674 639 886 675 
603 949 886 820 993 
604 676 675 993 636 
605 674 949 676 675 
606 674 675 886 949 
607 949 676 675 993 
608 949 993 675 886 
609 785 1053 1054 962 
610 1053 172 286 406 
611 1054 286 173 256 
612 962 406 256 76 
613 1053 1054 962 406 
614 1053 406 286 1054 
615 1054 962 406 256 
616 1054 256 406 286 
617 141 1055 1057 1058 
618 1055 787 1056 1059 
619 1057 1056 793 939 
620 1058 1059 939 790 
621 1055 1057 1058 1059 
622 1055 1059 1056 1057 
623 1057 1058 1059 939 
624 1057 939 1059 1056 
625 786 1060 1061 1062 
626 1060 787 1056 1055 
627 1061 1056 793 1057 
628 1062 1055 1057 141 
629 1060 1061 1062 1055 
630 1060 1055 1056 1061 
631 1061 1062 1055 1057 
632 1061 1057 1055 1056 
633 74 1063 526 522 
634 1063 806 1064 989 
635 526 1064 91 528 
636 522 989 528 92 
637 1063 526 522 989 
638 1063 989 1064 526 
639 526 522 989 528 
640 526 528 989 1064 
641 806 1063 1064 1065 
642 1063 74 526 503 
643 1064 526 91 500 
644 1065 503 500 37 
645 1063 1064 1065 503 
646 1063 503 526 1064 
647 1064 1065 503 500 
648 1064 500 503 526 
649 84 1066 547 1034 
650 1066 802 1046 1068 
651 547 1046 178 1067 
652 1034 1068 1067 805 
653 1066 547 1034 1068 
654 1066 1068 1046 547 
655 547 1034 1068 1067 
656 547 1067 1068 1046 
657 84 499 1069 1066 
658 499 33 1020 1070 
659 1069 1020 825 1014 
660 1066 1070 1014 802 
661 499 1069 1066 1070 
662 499 1070 1020 1069 
663 1069 1066 1070 1014 
664 1069 1014 1070 1020 
665 183 1071 612 833 
666 1071 714 1072 1073 
667 612 1072 199 832 
668 833 1073 832 824 
669 1071 612 833 1073 
670 1071 1073 1072 612 
671 612 833 1073 832 
672 612 832 1073 1072 
673 2 30 741 574 
674 30 31 1074 582 
675 741 1074 704 852 
676 574 582 852 196 
677 30 741 574 582 
678 30 582 1074 741 
679 741 574 582 852 
680 741 852 582 1074 
681 175 1075 416 417 
682 1075 789 1076 1077 
683 416 1076 145 390 
684 417 1077 390 144 
685 1075 416 417 1077 
686 1075 1077 1076 416 
687 416 417 1077 390 
688 416 390 1077 1076 
689 43 1078 518 559 
690 1078 822 1079 1080 
691 518 1079 81 567 
692 559 1080 567 180 
693 1078 518 559 1080 
694 1078 1080 1079 518 
695 518 559 1080 567 
696 518 567 1080 1079 
697 808 1081 1082 1083 
698 1081 164 400 1084 
699 1082 400 81 1079 
700 1083 1084 1079 822 
701 1081 1082 1083 1084 
702 1081 1084 400 1082 
703 1082 1083 1084 1079 
704 1082 1079 1084 400 
705 107 450 1086 1087 
706 450 120 1085 1089 
707 1086 1085 813 1088 
708 1087 1089 1088 794 
709 450 1086 1087 1089 
710 450 1089 1085 1086 
711 1086 1087 1089 1088 
712 1086 1088 1089 1085 
713 640 930 1090 690 
714 930 77 587 432 
715 1090 587 190 598 
716 690 432 598 14 
717 930 1090 690 432 
718 930 432 587 1090 
719 1090 690 432 598 
720 1090 598 432 587 
721 785 962 867 959 
722 962 76 212 961 
723 867 212 158 915 
724 959 961 915 822 
725 962 867 959 961 
726 962 961 212 867 
727 867 959 961 915 
728 867 915 961 212 
729 639 884 677 689 
730 884 193 968 601 
731 677 968 630 670 
732 689 601 670 10 
733 884 677 689 601 
734 884 601 968 677 
735 677 689 601 670 
736 677 670 601 968 
737 109 374 921 373 
738 374 106 1091 361 
739 921 1091 792 922 
740 373 361 922 143 
741 374 921 373 361 
742 374 361 1091 921 
743 921 373 361 922 
744 921 922 361 1091 
745 153 508 265 977 
746 508 152 509 1092 
747 265 509 136 976 
748 977 1092 976 804 
749 508 265 977 1092 
750 508 1092 509 265 
751 265 977 1092 976 
752 265 976 1092 509 
753 798 1093 924 1094 
754 1093 94 492 851 
755 924 492 97 1095 
756 1094 851 1095 803 
757 1093 924 1094 851 
758 1093 851 492 924 
759 924 1094 851 1095 
760 924 1095 851 492 
761 629 960 664 665 
762 960 76 429 422 
763 664 429 20 19 
764 665 422 19 18 
765 960 664 665 422 
766 960 422 429 664 
767 664 665 422 19 
768 664 19 422 429 
769 110 378 1039 388 
770 378 141 1058 387 
771 1039 1058 790 1096 
772 388 387 1096 112 
773 378 1039 388 387 
774 378 387 1058 1039 
775 1039 388 387 1096 
776 1039 1096 387 1058 
777 118 517 1097 488 
778 517 152 1092 509 
779 1097 1092 804 976 
780 488 509 976 136 
781 517 1097 488 509 
782 517 509 1092 1097 
783 1097 488 509 976 
784 1097 976 509 1092 
785 182 1098 255 210 
786 1098 785 1054 962 
787 255 1054 173 256 
788 210 962 256 76 
789 1098 255 210 962 
790 1098 962 1054 255 
791 255 210 962 256 
792 255 256 962 1054 
793 117 513 1099 1100 
794 513 152 1092 1102 
795 1099 1092 804 1101 
796 1100 1102 1101 791 
797 513 1099 1100 1102 
798 513 1102 1092 1099 
799 1099 1100 1102 1101 
800 1099 1101 1102 1092 
801 132 1103 831 1104 
802 1103 817 980 981 
803 831 980 824 877 
804 1104 981 877 816 
805 1103 831 1104 981 
806 1103 981 980 831 
807 831 1104 981 877 
808 831 877 981 980 
809 810 1003 908 844 
810 1003 808 1105 1004 
811 908 1105 791 1106 
812 844 1004 1106 815 
813 1003 908 844 1004 
814 1003 1004 1105 908 
815 908 844 1004 1106 
816 908 1106 1004 1105 
817 96 491 1107 425 
818 491 98 985 490 
819 1107 985 803 987 
820 425 490 987 99 
821 491 1107 425 490 
822 491 490 985 1107 
823 1107 425 490 987 
824 1107 987 490 985 
825 195 244 605 1108 
826 244 175 417 1075 
827 605 417 144 1077 
828 1108 1075 1077 789 
829 244 605 1108 1075 
830 244 1075 417 605 
831 605 1108 1075 1077 
832 605 1077 1075 417 
833 817 1109 980 1111 
834 1109 715 1110 983 
835 980 1110 824 1112 
836 1111 983 1112 823 
837 1109 980 1111 983 
838 1109 983 1110 980 
839 980 1111 983 1112 
840 980 1112 983 1110 
841 117 549 1099 513 
842 549 161 891 545 
843 1099 891 804 1092 
844 513 545 1092 152 
845 549 1099 513 545 
846 549 545 891 1099 
847 1099 513 545 1092 
848 1099 1092 545 891 
849 787 1113 1114 1115 
850 1113 789 1077 1076 
851 1114 1077 144 390 
852 1115 1076 390 145 
853 1113 1114 1115 1076 
854 1113 1076 1077 1114 
855 1114 1115 1076 390 
856 1114 390 1076 1077 
857 152 545 1092 508 
858 545 161 891 292 
859 1092 891 804 977 
860 508 292 977 153 
861 545 1092 508 292 
862 545 292 891 1092 
863 1092 508 292 977 
864 1092 977 292 891 
865 194 1116 1117 214 
866 1116 818 1013 1119 
867 1117 1013 825 1118 
868 214 1119 1118 165 
869 1116 1117 214 1119 
870 1116 1119 1013 1117 
871 1117 214 1119 1118 
872 1117 1118 1119 1013 
873 161 892 891 292 
874 892 820 893 974 
875 891 893 804 977 
876 292 974 977 153 
877 892 891 292 974 
878 892 974 893 891 
879 891 292 974 977 
880 891 977 974 893 
881 70 69 323 763 
882 69 68 331 762 
883 323 331 165 1016 
884 763 762 1016 716 
885 69 323 763 762 
886 69 762 331 323 
887 323 763 762 1016 
888 323 1016 762 331 
889 139 215 1120 237 
890 215 119 906 238 
891 1120 906 791 1121 
892 237 238 1121 123 
893 215 1120 237 238 
894 215 238 906 1120 
895 1120 237 238 1121 
896 1120 1121 238 906 
897 795 1122 1123 1124 
898 1122 796 899 1126 
899 1123 899 794 1125 
900 1124 1126 1125 797 
901 1122 1123 1124 1126 
902 1122 1126 899 1123 
903 1123 1124 1126 1125 
904 1123 1125 1126 899 
905 130 469 463 1127 
906 469 128 341 1129 
907 463 341 145 1128 
908 1127 1129 1128 801 
909 469 463 1127 1129 
910 469 1129 341 463 
911 463 1127 1129 1128 
912 463 1128 1129 341 
913 126 1130 909 907 
914 1130 808 1105 1003 
915 909 1105 791 908 
916 907 1003 908 810 
917 1130 909 907 1003 
918 1130 1003 1105 909 
919 909 907 1003 908 
920 909 908 1003 1105 
921 117 553 1099 549 
922 553 171 1131 532 
923 1099 1131 804 891 
924 549 532 891 161 
925 553 1099 549 532 
926 553 532 1131 1099 
927 1099 549 532 891 
928 1099 891 532 1131 
929 171 945 1131 532 
930 945 785 890 889 
931 1131 890 804 891 
932 532 889 891 161 
933 945 1131 532 889 
934 945 889 890 1131 
935 1131 532 889 891 
936 1131 891 889 890 
937 82 1132 263 520 
938 1132 808 835 1133 
939 263 835 41 42 
940 520 1133 42 43 
941 1132 263 520 1133 
942 1132 1133 835 263 
943 263 520 1133 42 
944 263 42 1133 835 
945 83 248 206 1134 
946 248 137 247 1136 
947 206 247 129 1135 
948 1134 1136 1135 801 
949 248 206 1134 1136 
950 248 1136 247 206 
951 206 1134 1136 1135 
952 206 1135 1136 247 
953 171 945 946 553 
954 945 785 880 1138 
955 946 880 799 1137 
956 553 1138 1137 117 
957 945 946 553 1138 
958 945 1138 880 946 
959 946 553 1138 1137 
960 946 1137 1138 880 
961 817 1139 981 1141 
962 1139 185 1140 287 
963 981 1140 816 1142 
964 1141 287 1142 87 
965 1139 981 1141 287 
966 1139 287 1140 981 
967 981 1141 287 1142 
968 981 1142 287 1140 
969 183 1143 272 258 
970 1143 817 1103 1144 
971 272 1103 132 234 
972 258 1144 234 131 
973 1143 272 258 1144 
974 1143 1144 1103 272 
975 272 258 1144 234 
976 272 234 1144 1103 
977 126 239 1130 1146 
978 239 138 1145 969 
979 1130 1145 808 1147 
980 1146 969 1147 809 
981 239 1130 1146 969 
982 239 969 1145 1130 
983 1130 1146 969 1147 
984 1130 1147 969 1145 
985 137 1148 247 1136 
986 1148 786 973 1149 
987 247 973 129 1135 
988 1136 1149 1135 801 
989 1148 247 1136 1149 
990 1148 1149 973 247 
991 247 1136 1149 1135 
992 247 1135 1149 973 
993 115 1150 1152 448 
994 1150 800 1151 896 
995 1152 1151 803 987 
996 448 896 987 99 
997 1150 1152 448 896 
998 1150 896 1151 1152 
999 1152 448 896 987 
1000 1152 987 896 1151 
1001 117 1137 1100 1099 
1002 1137 799 1153 1154 
1003 1100 1153 791 1101 
1004 1099 1154 1101 804 
1005 1137 1100 1099 1154 
1006 1137 1154 1153 1100 
1007 1100 1099 1154 1101 
1008 1100 1101 1154 1153 
1009 638 837 688 1155 
1010 837 172 420 249 
1011 688 420 16 597 
1012 1155 249 597 190 
1013 837 688 1155 249 
1014 837 249 420 688 
1015 688 1155 249 597 
1016 688 597 249 420 
1017 812 1156 1157 1158 
1018 1156 705 1030 1031 
1019 1157 1030 191 592 
1020 1158 1031 592 168 
1021 1156 1157 1158 1031 
1022 1156 1031 1030 1157 
1023 1157 1158 1031 592 
1024 1157 592 1031 1030 
1025 175 244 1160 1075 
1026 244 195 1159 1108 
1027 1160 1159 823 1161 
1028 1075 1108 1161 789 
1029 244 1160 1075 1108 
1030 244 1108 1159 1160 
1031 1160 1075 1108 1161 
1032 1160 1161 1108 1159 
1033 820 949 1162 944 
1034 949 628 1007 950 
1035 1162 1007 821 1163 
1036 944 950 1163 167 
1037 949 1162 944 950 
1038 949 950 1007 1162 
1039 1162 944 950 1163 
1040 1162 1163 950 1007 
1041 796 1126 1165 898 
1042 1126 797 1164 1167 
1043 1165 1164 790 1166 
1044 898 1167 1166 788 
1045 1126 1165 898 1167 
1046 1126 1167 1164 1165 
1047 1165 898 1167 1166 
1048 1165 1166 1167 1164 
1049 711 760 996 729 
1050 760 712 1168 761 
1051 996 1168 825 1169 
1052 729 761 1169 706 
1053 760 996 729 761 
1054 760 761 1168 996 
1055 996 729 761 1169 
1056 996 1169 761 1168 
1057 140 1170 614 1172 
1058 1170 821 1171 1174 
1059 614 1171 186 1173 
1060 1172 1174 1173 804 
1061 1170 614 1172 1174 
1062 1170 1174 1171 614 
1063 614 1172 1174 1173 
1064 614 1173 1174 1171 
1065 35 34 1035 1175 
1066 34 33 1033 1070 
1067 1035 1033 805 1068 
1068 1175 1070 1068 802 
1069 34 1035 1175 1070 
1070 34 1070 1033 1035 
1071 1035 1175 1070 1068 
1072 1035 1068 1070 1033 
1073 821 1162 1171 1174 
1074 1162 820 1176 893 
1075 1171 1176 186 1173 
1076 1174 893 1173 804 
1077 1162 1171 1174 893 
1078 1162 893 1176 1171 
1079 1171 1174 893 1173 
1080 1171 1173 893 1176 
1081 110 378 358 1039 
1082 378 141 348 1058 
1083 358 348 113 937 
1084 1039 1058 937 790 
1085 378 358 1039 1058 
1086 378 1058 348 358 
1087 358 1039 1058 937 
1088 358 937 1058 348 
1089 115 448 1152 481 
1090 448 99 987 482 
1091 1152 987 803 986 
1092 481 482 986 100 
1093 448 1152 481 482 
1094 448 482 987 1152 
1095 1152 481 482 986 
1096 1152 986 482 987 
1097 37 36 500 1177 
1098 36 35 501 1035 
1099 500 501 91 1178 
1100 1177 1035 1178 805 
1101 36 500 1177 1035 
1102 36 1035 501 500 
1103 500 1177 1035 1178 
1104 500 1178 1035 501 
1105 93 1037 1179 484 
1106 1037 808 1147 1006 
1107 1179 1147 809 1180 
1108 484 1006 1180 154 
1109 1037 1179 484 1006 
1110 1037 1006 1147 1179 
1111 1179 484 1006 1180 
1112 1179 1180 1006 1147 
1113 198 581 1181 580 
1114 581 4 654 3 
1115 1181 654 635 661 
1116 580 3 661 1 
1117 581 1181 580 3 
1118 581 3 654 1181 
1119 1181 580 3 661 
1120 1181 661 3 654 
1121 45 1182 583 1184 
1122 1182 819 1183 1186 
1123 583 1183 197 1185 
1124 1184 1186 1185 625 
1125 1182 583 1184 1186 
1126 1182 1186 1183 583 
1127 583 1184 1186 1185 
1128 583 1185 1186 1183 
1129 714 1187 1072 1073 
1130 1187 31 289 1018 
1131 1072 289 199 832 
1132 1073 1018 832 824 
1133 1187 1072 1073 1018 
1134 1187 1018 289 1072 
1135 1072 1073 1018 832 
1136 1072 832 1018 289 
1137 31 1074 1019 1018 
1138 1074 704 853 1188 
1139 1019 853 825 998 
1140 1018 1188 998 824 
1141 1074 1019 1018 1188 
1142 1074 1188 853 1019 
1143 1019 1018 1188 998 
1144 1019 998 1188 853 
1145 785 945 890 1138 
1146 945 171 1131 553 
1147 890 1131 804 1099 
1148 1138 553 1099 117 
1149 945 890 1138 553 
1150 945 553 1131 890 
1151 890 1138 553 1099 
1152 890 1099 553 1131 
1153 119 354 906 238 
1154 354 118 1189 412 
1155 906 1189 791 1121 
1156 238 412 1121 123 
1157 354 906 238 412 
1158 354 412 1189 906 
1159 906 238 412 1121 
1160 906 1121 412 1189 
1161 96 424 425 1107 
1162 424 148 423 1190 
1163 425 423 99 987 
1164 1107 1190 987 803 
1165 424 425 1107 1190 
1166 424 1190 423 425 
1167 425 1107 1190 987 
1168 425 987 1190 423 
1169 87 287 1142 260 
1170 287 185 1140 288 
1171 1142 1140 816 1191 
1172 260 288 1191 131 
1173 287 1142 260 288 
1174 287 288 1140 1142 
1175 1142 260 288 1191 
1176 1142 1191 288 1140 
1177 83 254 1192 233 
1178 254 33 1070 236 
1179 1192 1070 802 1193 
1180 233 236 1193 132 
1181 254 1192 233 236 
1182 254 236 1070 1192 
1183 1192 233 236 1193 
1184 1192 1193 236 1070 
1185 819 1182 1195 1186 
1186 1182 45 1194 1184 
1187 1195 1194 635 662 
1188 1186 1184 662 625 
1189 1182 1195 1186 1184 
1190 1182 1184 1194 1195 
1191 1195 1186 1184 662 
1192 1195 662 1184 1194 
1193 139 1196 1198 1120 
1194 1196 808 1197 1105 
1195 1198 1197 804 1101 
1196 1120 1105 1101 791 
1197 1196 1198 1120 1105 
1198 1196 1105 1197 1198 
1199 1198 1120 1105 1101 
1200 1198 1101 1105 1197 
1201 149 1051 548 608 
1202 1051 818 1045 1116 
1203 548 1045 178 213 
1204 608 1116 213 194 
1205 1051 548 608 1116 
1206 1051 1116 1045 548 
1207 548 608 1116 213 
1208 548 213 1116 1045 
1209 48 49 733 577 
1210 49 50 731 576 
1211 733 731 714 1071 
1212 577 576 1071 183 
1213 49 733 577 576 
1214 49 576 731 733 
1215 733 577 576 1071 
1216 733 1071 576 731 
1217 82 262 1132 311 
1218 262 138 1145 268 
1219 1132 1145 808 1196 
1220 311 268 1196 139 
1221 262 1132 311 268 
1222 262 268 1145 1132 
1223 1132 311 268 1196 
1224 1132 1196 268 1145 
1225 713 759 1199 757 
1226 759 715 1110 753 
1227 1199 1110 824 1200 
1228 757 753 1200 707 
1229 759 1199 757 753 
1230 759 753 1110 1199 
1231 1199 757 753 1200 
1232 1199 1200 753 1110 
1233 818 1051 1201 1116 
1234 1051 149 427 608 
1235 1201 427 176 298 
1236 1116 608 298 194 
1237 1051 1201 1116 608 
1238 1051 608 427 1201 
1239 1201 1116 608 298 
1240 1201 298 608 427 
1241 808 1145 836 1147 
1242 1145 138 220 969 
1243 836 220 39 965 
1244 1147 969 965 809 
1245 1145 836 1147 969 
1246 1145 969 220 836 
1247 836 1147 969 965 
1248 836 965 969 220 
1249 33 499 1020 556 
1250 499 84 1069 564 
1251 1020 1069 825 1202 
1252 556 564 1202 177 
1253 499 1020 556 564 
1254 499 564 1069 1020 
1255 1020 556 564 1202 
1256 1020 1202 564 1069 
1257 138 239 240 969 
1258 239 126 203 1146 
1259 240 203 75 970 
1260 969 1146 970 809 
1261 239 240 969 1146 
1262 239 1146 203 240 
1263 240 969 1146 970 
1264 240 970 1146 203 
1265 183 576 1071 1203 
1266 576 50 731 730 
1267 1071 731 714 732 
1268 1203 730 732 707 
1269 576 1071 1203 730 
1270 576 730 731 1071 
1271 1071 1203 730 732 
1272 1071 732 730 731 
1273 28 694 673 578 
1274 694 641 696 1204 
1275 673 696 625 1185 
1276 578 1204 1185 197 
1277 694 673 578 1204 
1278 694 1204 696 673 
1279 673 578 1204 1185 
1280 673 1185 1204 696 
1281 96 493 1107 491 
1282 493 97 1095 477 
1283 1107 1095 803 985 
1284 491 477 985 98 
1285 493 1107 491 477 
1286 493 477 1095 1107 
1287 1107 491 477 985 
1288 1107 985 477 1095 
1289 818 1001 1002 1205 
1290 1001 189 276 569 
1291 1002 276 169 384 
1292 1205 569 384 80 
1293 1001 1002 1205 569 
1294 1001 569 276 1002 
1295 1002 1205 569 384 
1296 1002 384 569 276 
1297 80 366 384 1206 
1298 366 66 385 772 
1299 384 385 169 1207 
1300 1206 772 1207 710 
1301 366 384 1206 772 
1302 366 772 385 384 
1303 384 1206 772 1207 
1304 384 1207 772 385 
1305 137 1148 1209 1210 
1306 1148 786 1208 1211 
1307 1209 1208 802 1068 
1308 1210 1211 1068 805 
1309 1148 1209 1210 1211 
1310 1148 1211 1208 1209 
1311 1209 1210 1211 1068 
1312 1209 1068 1211 1208 
1313 137 1148 1210 1212 
1314 1148 786 1211 1061 
1315 1210 1211 805 955 
1316 1212 1061 955 793 
1317 1148 1210 1212 1061 
1318 1148 1061 1211 1210 
1319 1210 1212 1061 955 
1320 1210 955 1061 1211 
1321 784 875 1213 1214 
1322 875 824 998 995 
1323 1213 998 825 997 
1324 1214 995 997 814 
1325 875 1213 1214 995 
1326 875 995 998 1213 
1327 1213 1214 995 997 
1328 1213 997 995 998 
1329 818 1051 854 1201 
1330 1051 149 1052 427 
1331 854 1052 800 1215 
1332 1201 427 1215 176 
1333 1051 854 1201 427 
1334 1051 427 1052 854 
1335 854 1201 427 1215 
1336 854 1215 427 1052 
1337 72 575 752 774 
1338 575 196 852 826 
1339 752 852 704 775 
1340 774 826 775 720 
1341 575 752 774 826 
1342 575 826 852 752 
1343 752 774 826 775 
1344 752 775 826 852 
1345 146 551 444 1216 
1346 551 174 550 1217 
1347 444 550 147 967 
1348 1216 1217 967 815 
1349 551 444 1216 1217 
1350 551 1217 550 444 
1351 444 1216 1217 967 
1352 444 967 1217 550 
1353 31 1187 1074 1018 
1354 1187 714 742 1073 
1355 1074 742 704 1188 
1356 1018 1073 1188 824 
1357 1187 1074 1018 1073 
1358 1187 1073 742 1074 
1359 1074 1018 1073 1188 
1360 1074 1188 1073 742 
1361 97 924 1095 477 
1362 924 798 1094 1218 
1363 1095 1094 803 985 
1364 477 1218 985 98 
1365 924 1095 477 1218 
1366 924 1218 1094 1095 
1367 1095 477 1218 985 
1368 1095 985 1218 1094 
1369 149 428 1052 427 
1370 428 148 895 426 
1371 1052 895 800 1215 
1372 427 426 1215 176 
1373 428 1052 427 426 
1374 428 426 895 1052 
1375 1052 427 426 1215 
1376 1052 1215 426 895 
1377 187 882 594 273 
1378 882 799 1219 948 
1379 594 1219 103 442 
1380 273 948 442 114 
1381 882 594 273 948 
1382 882 948 1219 594 
1383 594 273 948 442 
1384 594 442 948 1219 
1385 785 1220 947 883 
1386 1220 181 275 274 
1387 947 275 114 273 
1388 883 274 273 187 
1389 1220 947 883 274 
1390 1220 274 275 947 
1391 947 883 274 273 
1392 947 273 274 275 
1393 799 1153 1154 841 
1394 1153 791 1101 1106 
1395 1154 1101 804 1221 
1396 841 1106 1221 815 
1397 1153 1154 841 1106 
1398 1153 1106 1101 1154 
1399 1154 841 1106 1221 
1400 1154 1221 1106 1101 
1401 80 872 366 1206 
1402 872 706 750 734 
1403 366 750 66 772 
1404 1206 734 772 710 
1405 872 366 1206 734 
1406 872 734 750 366 
1407 366 1206 734 772 
1408 366 772 734 750 
1409 820 892 920 974 
1410 892 161 293 292 
1411 920 293 77 294 
1412 974 292 294 153 
1413 892 920 974 292 
1414 892 292 293 920 
1415 920 974 292 294 
1416 920 294 292 293 
1417 799 863 1219 1222 
1418 863 101 457 461 
1419 1219 457 103 438 
1420 1222 461 438 102 
1421 863 1219 1222 461 
1422 863 461 457 1219 
1423 1219 1222 461 438 
1424 1219 438 461 457 
1425 192 1021 317 600 
1426 1021 627 1023 671 
1427 317 1023 85 372 
1428 600 671 372 24 
1429 1021 317 600 671 
1430 1021 671 1023 317 
1431 317 600 671 372 
1432 317 372 671 1023 
1433 822 959 914 915 
1434 959 785 866 867 
1435 914 866 156 301 
1436 915 867 301 158 
1437 959 914 915 867 
1438 959 867 866 914 
1439 914 915 867 301 
1440 914 301 867 866 
1441 799 845 1153 841 
1442 845 810 908 844 
1443 1153 908 791 1106 
1444 841 844 1106 815 
1445 845 1153 841 844 
1446 845 844 908 1153 
1447 1153 841 844 1106 
1448 1153 1106 844 908 
1449 66 65 385 772 
1450 65 64 399 765 
1451 385 399 169 1207 
1452 772 765 1207 710 
1453 65 385 772 765 
1454 65 765 399 385 
1455 385 772 765 1207 
1456 385 1207 765 399 
1457 148 895 423 1190 
1458 895 800 896 1151 
1459 423 896 99 987 
1460 1190 1151 987 803 
1461 895 423 1190 1151 
1462 895 1151 896 423 
1463 423 1190 1151 987 
1464 423 987 1151 896 
1465 93 1037 484 544 
1466 1037 808 1006 1036 
1467 484 1006 154 328 
1468 544 1036 328 163 
1469 1037 484 544 1036 
1470 1037 1036 1006 484 
1471 484 544 1036 328 
1472 484 328 1036 1006 
1473 795 861 1223 862 
1474 861 799 1222 863 
1475 1223 1222 102 461 
1476 862 863 461 101 
1477 861 1223 862 863 
1478 861 863 1222 1223 
1479 1223 862 863 461 
1480 1223 461 863 1222 
1481 170 1224 1226 251 
1482 1224 818 1225 857 
1483 1226 1225 814 1227 
1484 251 857 1227 125 
1485 1224 1226 251 857 
1486 1224 857 1225 1226 
1487 1226 251 857 1227 
1488 1226 1227 857 1225 
1489 819 1228 1229 1230 
1490 1228 140 1170 304 
1491 1229 1170 821 1163 
1492 1230 304 1163 167 
1493 1228 1229 1230 304 
1494 1228 304 1170 1229 
1495 1229 1230 304 1163 
1496 1229 1163 304 1170 
1497 104 1231 434 397 
1498 1231 795 1223 1232 
1499 434 1223 102 433 
1500 397 1232 433 105 
1501 1231 434 397 1232 
1502 1231 1232 1223 434 
1503 434 397 1232 433 
1504 434 433 1232 1223 
1505 197 578 579 1185 
1506 578 28 29 673 
1507 579 29 1 663 
1508 1185 673 663 625 
1509 578 579 1185 673 
1510 578 673 29 579 
1511 579 1185 673 663 
1512 579 663 673 29 
1513 197 1204 1185 1233 
1514 1204 641 696 931 
1515 1185 696 625 1234 
1516 1233 931 1234 822 
1517 1204 1185 1233 931 
1518 1204 931 696 1185 
1519 1185 1233 931 1234 
1520 1185 1234 931 696 
1521 628 674 668 950 
1522 674 639 693 943 
1523 668 693 8 537 
1524 950 943 537 167 
1525 674 668 950 943 
1526 674 943 693 668 
1527 668 950 943 537 
1528 668 537 943 693 
1529 628 1235 1007 950 
1530 1235 819 1229 1230 
1531 1007 1229 821 1163 
1532 950 1230 1163 167 
1533 1235 1007 950 1230 
1534 1235 1230 1229 1007 
1535 1007 950 1230 1163 
1536 1007 1163 1230 1229 
1537 101 864 1236 464 
1538 864 798 842 1237 
1539 1236 842 815 1216 
1540 464 1237 1216 146 
1541 864 1236 464 1237 
1542 864 1237 842 1236 
1543 1236 464 1237 1216 
1544 1236 1216 1237 842 
1545 116 455 1000 465 
1546 455 101 1236 464 
1547 1000 1236 815 1216 
1548 465 464 1216 146 
1549 455 1000 465 464 
1550 455 464 1236 1000 
1551 1000 465 464 1216 
1552 1000 1216 464 1236 
1553 802 1047 1046 1068 
1554 1047 800 1044 1238 
1555 1046 1044 178 1067 
1556 1068 1238 1067 805 
1557 1047 1046 1068 1238 
1558 1047 1238 1044 1046 
1559 1046 1068 1238 1067 
1560 1046 1067 1238 1044 
1561 54 768 353 748 
1562 768 718 1239 756 
1563 353 1239 79 1240 
1564 748 756 1240 709 
1565 768 353 748 756 
1566 768 756 1239 353 
1567 353 748 756 1240 
1568 353 1240 756 1239 
1569 632 649 1241 682 
1570 649 627 918 681 
1571 1241 918 822 1242 
1572 682 681 1242 633 
1573 649 1241 682 681 
1574 649 681 918 1241 
1575 1241 682 681 1242 
1576 1241 1242 681 918 
1577 172 837 1243 249 
1578 837 638 657 1155 
1579 1243 657 626 1244 
1580 249 1155 1244 190 
1581 837 1243 249 1155 
1582 837 1155 657 1243 
1583 1243 249 1155 1244 
1584 1243 1244 1155 657 
1585 822 1245 914 1025 
1586 1245 155 470 1038 
1587 914 470 156 1024 
1588 1025 1038 1024 815 
1589 1245 914 1025 1038 
1590 1245 1038 470 914 
1591 914 1025 1038 1024 
1592 914 1024 1038 470 
1593 79 389 1240 1246 
1594 389 56 749 769 
1595 1240 749 709 739 
1596 1246 769 739 719 
1597 389 1240 1246 769 
1598 389 769 749 1240 
1599 1240 1246 769 739 
1600 1240 739 769 749 
1601 810 1247 908 912 
1602 1247 790 936 939 
1603 908 936 791 911 
1604 912 939 911 793 
1605 1247 908 912 939 
1606 1247 939 936 908 
1607 908 912 939 911 
1608 908 911 939 936 
1609 797 1248 1164 1167 
1610 1248 787 1059 1249 
1611 1164 1059 790 1166 
1612 1167 1249 1166 788 
1613 1248 1164 1167 1249 
1614 1248 1249 1059 1164 
1615 1164 1167 1249 1166 
1616 1164 1166 1249 1059 
1617 137 1250 241 1212 
1618 1250 806 1251 956 
1619 241 1251 75 1252 
1620 1212 956 1252 793 
1621 1250 241 1212 956 
1622 1250 956 1251 241 
1623 241 1212 956 1252 
1624 241 1252 956 1251 
1625 823 1253 984 1254 
1626 1253 718 756 1239 
1627 984 756 709 1240 
1628 1254 1239 1240 79 
1629 1253 984 1254 1239 
1630 1253 1239 756 984 
1631 984 1254 1239 1240 
1632 984 1240 1239 756 
1633 807 1255 953 1256 
1634 1255 786 1211 1258 
1635 953 1211 805 1257 
1636 1256 1258 1257 783 
1637 1255 953 1256 1258 
1638 1255 1258 1211 953 
1639 953 1256 1258 1257 
1640 953 1257 1258 1211 
1641 31 582 1019 1074 
1642 582 196 830 852 
1643 1019 830 825 853 
1644 1074 852 853 704 
1645 582 1019 1074 852 
1646 582 852 830 1019 
1647 1019 1074 852 853 
1648 1019 853 852 830 
1649 192 600 596 1259 
1650 600 24 25 684 
1651 596 25 26 683 
1652 1259 684 683 637 
1653 600 596 1259 684 
1654 600 684 25 596 
1655 596 1259 684 683 
1656 596 683 684 25 
1657 192 1021 600 1259 
1658 1021 627 671 685 
1659 600 671 24 684 
1660 1259 685 684 637 
1661 1021 600 1259 685 
1662 1021 685 671 600 
1663 600 1259 685 684 
1664 600 684 685 671 
1665 799 840 841 863 
1666 840 798 842 864 
1667 841 842 815 1236 
1668 863 864 1236 101 
1669 840 841 863 864 
1670 840 864 842 841 
1671 841 863 864 1236 
1672 841 1236 864 842 
1673 104 1231 1260 1261 
1674 1231 795 1124 1263 
1675 1260 1124 797 1262 
1676 1261 1263 1262 792 
1677 1231 1260 1261 1263 
1678 1231 1263 1124 1260 
1679 1260 1261 1263 1262 
1680 1260 1262 1263 1124 
1681 717 838 767 736 
1682 838 170 349 1264 
1683 767 349 62 743 
1684 736 1264 743 708 
1685 838 767 736 1264 
1686 838 1264 349 767 
1687 767 736 1264 743 
1688 767 743 1264 349 
1689 798 860 840 1265 
1690 860 795 861 1263 
1691 840 861 799 1266 
1692 1265 1263 1266 792 
1693 860 840 1265 1263 
1694 860 1263 861 840 
1695 840 1265 1263 1266 
1696 840 1266 1263 861 
1697 115 403 481 1267 
1698 403 150 487 1269 
1699 481 487 100 1268 
1700 1267 1269 1268 794 
1701 403 481 1267 1269 
1702 403 1269 487 481 
1703 481 1267 1269 1268 
1704 481 1268 1269 487 
1705 820 1162 1176 944 
1706 1162 821 1171 1163 
1707 1176 1171 186 616 
1708 944 1163 616 167 
1709 1162 1176 944 1163 
1710 1162 1163 1171 1176 
1711 1176 944 1163 616 
1712 1176 616 1163 1171 
1713 800 1150 1151 902 
1714 1150 115 1152 1267 
1715 1151 1152 803 1270 
1716 902 1267 1270 794 
1717 1150 1151 902 1267 
1718 1150 1267 1152 1151 
1719 1151 902 1267 1270 
1720 1151 1270 1267 1152 
1721 22 692 590 21 
1722 692 631 1271 686 
1723 590 1271 188 593 
1724 21 686 593 20 
1725 692 590 21 686 
1726 692 686 1271 590 
1727 590 21 686 593 
1728 590 593 686 1271 
1729 717 766 767 839 
1730 766 60 61 430 
1731 767 61 62 351 
1732 839 430 351 78 
1733 766 767 839 430 
1734 766 430 61 767 
1735 767 839 430 351 
1736 767 351 430 61 
1737 82 1272 520 572 
1738 1272 819 1273 1274 
1739 520 1273 43 560 
1740 572 1274 560 179 
1741 1272 520 572 1274 
1742 1272 1274 1273 520 
1743 520 572 1274 560 
1744 520 560 1274 1273 
1745 796 1122 1275 1276 
1746 1122 795 860 1263 
1747 1275 860 798 1265 
1748 1276 1263 1265 792 
1749 1122 1275 1276 1263 
1750 1122 1263 860 1275 
1751 1275 1276 1263 1265 
1752 1275 1265 1263 860 
1753 811 1277 1279 1280 
1754 1277 812 1278 1282 
1755 1279 1278 133 1281 
1756 1280 1282 1281 813 
1757 1277 1279 1280 1282 
1758 1277 1282 1278 1279 
1759 1279 1280 1282 1281 
1760 1279 1281 1282 1278 
1761 704 776 853 1188 
1762 776 713 1283 1199 
1763 853 1283 825 998 
1764 1188 1199 998 824 
1765 776 853 1188 1199 
1766 776 1199 1283 853 
1767 853 1188 1199 998 
1768 853 998 1199 1283 
1769 174 541 550 1217 
1770 541 156 495 1024 
1771 550 495 147 967 
1772 1217 1024 967 815 
1773 541 550 1217 1024 
1774 541 1024 495 550 
1775 550 1217 1024 967 
1776 550 967 1024 495 
1777 74 1063 502 503 
1778 1063 806 1284 1065 
1779 502 1284 39 38 
1780 503 1065 38 37 
1781 1063 502 503 1065 
1782 1063 1065 1284 502 
1783 502 503 1065 38 
1784 502 38 1065 1284 
1785 104 362 360 1261 
1786 362 106 361 1091 
1787 360 361 143 922 
1788 1261 1091 922 792 
1789 362 360 1261 1091 
1790 362 1091 361 360 
1791 360 1261 1091 922 
1792 360 922 1091 361 
1793 809 1285 1286 970 
1794 1285 806 956 1251 
1795 1286 956 793 1252 
1796 970 1251 1252 75 
1797 1285 1286 970 1251 
1798 1285 1251 956 1286 
1799 1286 970 1251 1252 
1800 1286 1252 1251 956 
1801 807 1255 1288 954 
1802 1255 786 1287 1061 
1803 1288 1287 788 1289 
1804 954 1061 1289 793 
1805 1255 1288 954 1061 
1806 1255 1061 1287 1288 
1807 1288 954 1061 1289 
1808 1288 1289 1061 1287 
1809 796 1290 903 898 
1810 1290 807 1291 1288 
1811 903 1291 800 901 
1812 898 1288 901 788 
1813 1290 903 898 1288 
1814 1290 1288 1291 903 
1815 903 898 1288 901 
1816 903 901 1288 1291 
1817 796 1292 1293 1165 
1818 1292 810 912 1247 
1819 1293 912 793 939 
1820 1165 1247 939 790 
1821 1292 1293 1165 1247 
1822 1292 1247 912 1293 
1823 1293 1165 1247 939 
1824 1293 939 1247 912 
1825 127 202 356 1294 
1826 202 126 336 910 
1827 356 336 122 957 
1828 1294 910 957 793 
1829 202 356 1294 910 
1830 202 910 336 356 
1831 356 1294 910 957 
1832 356 957 910 336 
1833 795 1231 1223 861 
1834 1231 104 434 1295 
1835 1223 434 102 1222 
1836 861 1295 1222 799 
1837 1231 1223 861 1295 
1838 1231 1295 434 1223 
1839 1223 861 1295 1222 
1840 1223 1222 1295 434 
1841 127 202 1294 201 
1842 202 126 910 203 
1843 1294 910 793 1252 
1844 201 203 1252 75 
1845 202 1294 201 203 
1846 202 203 910 1294 
1847 1294 201 203 1252 
1848 1294 1252 203 910 
1849 106 362 868 1091 
1850 362 104 1260 1261 
1851 868 1260 797 1262 
1852 1091 1261 1262 792 
1853 362 868 1091 1261 
1854 362 1261 1260 868 
1855 868 1091 1261 1262 
1856 868 1262 1261 1260 
1857 48 577 733 588 
1858 577 183 1071 612 
1859 733 1071 714 1072 
1860 588 612 1072 199 
1861 577 733 588 612 
1862 577 612 1071 733 
1863 733 588 612 1072 
1864 733 1072 612 1071 
1865 795 1296 1297 862 
1866 1296 100 986 472 
1867 1297 986 803 1298 
1868 862 472 1298 101 
1869 1296 1297 862 472 
1870 1296 472 986 1297 
1871 1297 862 472 1298 
1872 1297 1298 472 986 
1873 26 27 339 695 
1874 27 28 340 694 
1875 339 340 90 933 
1876 695 694 933 641 
1877 27 339 695 694 
1878 27 694 340 339 
1879 339 695 694 933 
1880 339 933 694 340 
1881 117 479 1100 923 
1882 479 109 1299 921 
1883 1100 1299 791 1042 
1884 923 921 1042 792 
1885 479 1100 923 921 
1886 479 921 1299 1100 
1887 1100 923 921 1042 
1888 1100 1042 921 1299 
1889 85 913 281 282 
1890 913 822 1300 914 
1891 281 1300 157 280 
1892 282 914 280 156 
1893 913 281 282 914 
1894 913 914 1300 281 
1895 281 282 914 280 
1896 281 280 914 1300 
1897 806 1285 956 1301 
1898 1285 809 1286 1302 
1899 956 1286 793 912 
1900 1301 1302 912 810 
1901 1285 956 1301 1302 
1902 1285 1302 1286 956 
1903 956 1301 1302 912 
1904 956 912 1302 1286 
1905 141 343 347 1057 
1906 343 128 415 1303 
1907 347 415 122 957 
1908 1057 1303 957 793 
1909 343 347 1057 1303 
1910 343 1303 415 347 
1911 347 1057 1303 957 
1912 347 957 1303 415 
1913 83 204 1304 1134 
1914 204 131 1191 1306 
1915 1304 1191 816 1305 
1916 1134 1306 1305 801 
1917 204 1304 1134 1306 
1918 204 1306 1191 1304 
1919 1304 1134 1306 1305 
1920 1304 1305 1306 1191 
1921 94 1093 847 851 
1922 1093 798 843 1094 
1923 847 843 810 850 
1924 851 1094 850 803 
1925 1093 847 851 1094 
1926 1093 1094 843 847 
1927 847 851 1094 850 
1928 847 850 1094 843 
1929 711 777 725 994 
1930 777 713 759 1199 
1931 725 759 715 1110 
1932 994 1199 1110 824 
1933 777 725 994 1199 
1934 777 1199 759 725 
1935 725 994 1199 1110 
1936 725 1110 1199 759 
1937 806 1065 1064 952 
1938 1065 37 500 1177 
1939 1064 500 91 1178 
1940 952 1177 1178 805 
1941 1065 1064 952 1177 
1942 1065 1177 500 1064 
1943 1064 952 1177 1178 
1944 1064 1178 1177 500 
1945 172 1053 232 1243 
1946 1053 785 1048 1050 
1947 232 1048 162 1049 
1948 1243 1050 1049 626 
1949 1053 232 1243 1050 
1950 1053 1050 1048 232 
1951 232 1243 1050 1049 
1952 232 1049 1050 1048 
1953 787 1249 1113 1308 
1954 1249 788 1307 1310 
1955 1113 1307 789 1309 
1956 1308 1310 1309 783 
1957 1249 1113 1308 1310 
1958 1249 1310 1307 1113 
1959 1113 1308 1310 1309 
1960 1113 1309 1310 1307 
1961 785 1098 865 867 
1962 1098 182 615 211 
1963 865 615 174 540 
1964 867 211 540 158 
1965 1098 865 867 211 
1966 1098 211 615 865 
1967 865 867 211 540 
1968 865 540 211 615 
1969 787 1060 1249 1308 
1970 1060 786 1287 1258 
1971 1249 1287 788 1310 
1972 1308 1258 1310 783 
1973 1060 1249 1308 1258 
1974 1060 1258 1287 1249 
1975 1249 1308 1258 1310 
1976 1249 1310 1258 1287 
1977 784 979 875 1311 
1978 979 817 980 1111 
1979 875 980 824 1112 
1980 1311 1111 1112 823 
1981 979 875 1311 1111 
1982 979 1111 980 875 
1983 875 1311 1111 1112 
1984 875 1112 1111 980 
1985 175 570 1160 228 
1986 570 185 1312 571 
1987 1160 1312 823 1313 
1988 228 571 1313 166 
1989 570 1160 228 571 
1990 570 571 1312 1160 
1991 1160 228 571 1313 
1992 1160 1313 571 1312 
1993 786 1060 1287 1061 
1994 1060 787 1249 1056 
1995 1287 1249 788 1289 
1996 1061 1056 1289 793 
1997 1060 1287 1061 1056 
1998 1060 1056 1249 1287 
1999 1287 1061 1056 1289 
2000 1287 1289 1056 1249 
2001 137 1148 1136 1209 
2002 1148 786 1149 1208 
2003 1136 1149 801 1314 
2004 1209 1208 1314 802 
2005 1148 1136 1209 1208 
2006 1148 1208 1149 1136 
2007 1136 1209 1208 1314 
2008 1136 1314 1208 1149 
2009 162 308 250 1049 
2010 308 77 587 1315 
2011 250 587 190 1244 
2012 1049 1315 1244 626 
2013 308 250 1049 1315 
2014 308 1315 587 250 
2015 250 1049 1315 1244 
2016 250 1244 1315 587 
2017 83 248 1134 1192 
2018 248 137 1136 1209 
2019 1134 1136 801 1314 
2020 1192 1209 1314 802 
2021 248 1134 1192 1209 
2022 248 1209 1136 1134 
2023 1134 1192 1209 1314 
2024 1134 1314 1209 1136 
2025 798 860 1094 864 
2026 860 795 1297 862 
2027 1094 1297 803 1298 
2028 864 862 1298 101 
2029 860 1094 864 862 
2030 860 862 1297 1094 
2031 1094 864 862 1298 
2032 1094 1298 862 1297 
2033 98 480 467 985 
2034 480 100 472 986 
2035 467 472 101 1298 
2036 985 986 1298 803 
2037 480 467 985 986 
2038 480 986 472 467 
2039 467 985 986 1298 
2040 467 1298 986 472 
2041 88 209 828 827 
2042 209 165 1118 1316 
2043 828 1118 825 829 
2044 827 1316 829 720 
2045 209 828 827 1316 
2046 209 1316 1118 828 
2047 828 827 1316 829 
2048 828 829 1316 1118 
2049 705 1156 942 982 
2050 1156 812 1317 1319 
2051 942 1317 814 1318 
2052 982 1319 1318 823 
2053 1156 942 982 1319 
2054 1156 1319 1317 942 
2055 942 982 1319 1318 
2056 942 1318 1319 1317 
2057 31 235 289 1018 
2058 235 132 290 831 
2059 289 290 199 832 
2060 1018 831 832 824 
2061 235 289 1018 831 
2062 235 831 290 289 
2063 289 1018 831 832 
2064 289 832 831 290 
2065 175 462 1075 1321 
2066 462 130 1320 1127 
2067 1075 1320 789 1322 
2068 1321 1127 1322 801 
2069 462 1075 1321 1127 
2070 462 1127 1320 1075 
2071 1075 1321 1127 1322 
2072 1075 1322 1127 1320 
2073 194 1116 214 297 
2074 1116 818 1119 1205 
2075 214 1119 165 310 
2076 297 1205 310 80 
2077 1116 214 297 1205 
2078 1116 1205 1119 214 
2079 214 297 1205 310 
2080 214 310 1205 1119 
2081 704 779 775 853 
2082 779 712 780 1168 
2083 775 780 720 829 
2084 853 1168 829 825 
2085 779 775 853 1168 
2086 779 1168 780 775 
2087 775 853 1168 829 
2088 775 829 1168 780 
2089 798 1218 864 1094 
2090 1218 98 467 985 
2091 864 467 101 1298 
2092 1094 985 1298 803 
2093 1218 864 1094 985 
2094 1218 985 467 864 
2095 864 1094 985 1298 
2096 864 1298 985 467 
2097 170 838 1226 1264 
2098 838 717 1323 736 
2099 1226 1323 814 941 
2100 1264 736 941 708 
2101 838 1226 1264 736 
2102 838 736 1323 1226 
2103 1226 1264 736 941 
2104 1226 941 736 1323 
2105 812 1277 1278 1317 
2106 1277 811 1279 1325 
2107 1278 1279 133 1324 
2108 1317 1325 1324 814 
2109 1277 1278 1317 1325 
2110 1277 1325 1279 1278 
2111 1278 1317 1325 1324 
2112 1278 1324 1325 1279 
2113 806 1063 1284 1285 
2114 1063 74 502 964 
2115 1284 502 39 965 
2116 1285 964 965 809 
2117 1063 1284 1285 964 
2118 1063 964 502 1284 
2119 1284 1285 964 965 
2120 1284 965 964 502 
2121 717 838 1323 839 
2122 838 170 1226 350 
2123 1323 1226 814 1326 
2124 839 350 1326 78 
2125 838 1323 839 350 
2126 838 350 1226 1323 
2127 1323 839 350 1326 
2128 1323 1326 350 1226 
2129 166 352 1327 229 
2130 352 54 768 353 
2131 1327 768 718 1239 
2132 229 353 1239 79 
2133 352 1327 229 353 
2134 352 353 768 1327 
2135 1327 229 353 1239 
2136 1327 1239 353 768 
2137 808 1081 1083 1328 
2138 1081 164 1084 319 
2139 1083 1084 822 1245 
2140 1328 319 1245 155 
2141 1081 1083 1328 319 
2142 1081 319 1084 1083 
2143 1083 1328 319 1245 
2144 1083 1245 319 1084 
2145 175 244 227 1160 
2146 244 195 243 1159 
2147 227 243 79 1254 
2148 1160 1159 1254 823 
2149 244 227 1160 1159 
2150 244 1159 243 227 
2151 227 1160 1159 1254 
2152 227 1254 1159 243 
2153 784 1329 1330 1214 
2154 1329 811 1277 1325 
2155 1330 1277 812 1317 
2156 1214 1325 1317 814 
2157 1329 1330 1214 1325 
2158 1329 1325 1277 1330 
2159 1330 1214 1325 1317 
2160 1330 1317 1325 1277 
2161 820 888 887 974 
2162 888 193 284 283 
2163 887 284 86 266 
2164 974 283 266 153 
2165 888 887 974 283 
2166 888 283 284 887 
2167 887 974 283 266 
2168 887 266 283 284 
2169 111 359 357 1331 
2170 359 110 358 1043 
2171 357 358 113 905 
2172 1331 1043 905 791 
2173 359 357 1331 1043 
2174 359 1043 358 357 
2175 357 1331 1043 905 
2176 357 905 1043 358 
2177 823 982 1332 984 
2178 982 705 738 726 
2179 1332 738 719 739 
2180 984 726 739 709 
2181 982 1332 984 726 
2182 982 726 738 1332 
2183 1332 984 726 739 
2184 1332 739 726 738 
2185 105 396 1333 408 
2186 396 106 868 377 
2187 1333 868 797 870 
2188 408 377 870 107 
2189 396 1333 408 377 
2190 396 377 868 1333 
2191 1333 408 377 870 
2192 1333 870 377 868 
2193 117 1137 478 923 
2194 1137 799 1334 1266 
2195 478 1334 143 922 
2196 923 1266 922 792 
2197 1137 478 923 1266 
2198 1137 1266 1334 478 
2199 478 923 1266 922 
2200 478 922 1266 1334 
2201 128 1335 343 341 
2202 1335 787 1055 1115 
2203 343 1055 141 342 
2204 341 1115 342 145 
2205 1335 343 341 1115 
2206 1335 1115 1055 343 
2207 343 341 1115 342 
2208 343 342 1115 1055 
2209 184 516 565 1336 
2210 516 170 350 1226 
2211 565 350 78 1326 
2212 1336 1226 1326 814 
2213 516 565 1336 1226 
2214 516 1226 350 565 
2215 565 1336 1226 1326 
2216 565 1326 1226 350 
2217 105 397 1333 396 
2218 397 104 1260 362 
2219 1333 1260 797 868 
2220 396 362 868 106 
2221 397 1333 396 362 
2222 397 362 1260 1333 
2223 1333 396 362 868 
2224 1333 868 362 1260 
2225 118 517 405 1189 
2226 517 152 514 1102 
2227 405 514 111 1331 
2228 1189 1102 1331 791 
2229 517 405 1189 1102 
2230 517 1102 514 405 
2231 405 1189 1102 1331 
2232 405 1331 1102 514 
2233 151 402 475 1337 
2234 402 115 459 1338 
2235 475 459 125 858 
2236 1337 1338 858 813 
2237 402 475 1337 1338 
2238 402 1338 459 475 
2239 475 1337 1338 858 
2240 475 858 1338 459 
2241 72 71 330 774 
2242 71 70 324 773 
2243 330 324 88 827 
2244 774 773 827 720 
2245 71 330 774 773 
2246 71 773 324 330 
2247 330 774 773 827 
2248 330 827 773 324 
2249 811 1329 1015 1325 
2250 1329 784 1213 1214 
2251 1015 1213 825 997 
2252 1325 1214 997 814 
2253 1329 1015 1325 1214 
2254 1329 1214 1213 1015 
2255 1015 1325 1214 997 
2256 1015 997 1214 1213 
2257 127 242 971 309 
2258 242 137 1148 247 
2259 971 1148 786 973 
2260 309 247 973 129 
2261 242 971 309 247 
2262 242 247 1148 971 
2263 971 309 247 973 
2264 971 973 247 1148 
2265 35 218 1035 36 
2266 218 137 1210 219 
2267 1035 1210 805 1177 
2268 36 219 1177 37 
2269 218 1035 36 219 
2270 218 219 1210 1035 
2271 1035 36 219 1177 
2272 1035 1177 219 1210 
2273 814 941 1339 1340 
2274 941 708 735 1341 
2275 1339 735 710 1207 
2276 1340 1341 1207 169 
2277 941 1339 1340 1341 
2278 941 1341 735 1339 
2279 1339 1340 1341 1207 
2280 1339 1207 1341 735 
2281 84 498 1034 525 
2282 498 35 1035 501 
2283 1034 1035 805 1178 
2284 525 501 1178 91 
2285 498 1034 525 501 
2286 498 501 1035 1034 
2287 1034 525 501 1178 
2288 1034 1178 501 1035 
2289 140 1228 530 306 
2290 1228 819 1342 1343 
2291 530 1342 200 529 
2292 306 1343 529 89 
2293 1228 530 306 1343 
2294 1228 1343 1342 530 
2295 530 306 1343 529 
2296 530 529 1343 1342 
2297 790 1058 937 963 
2298 1058 141 348 347 
2299 937 348 113 345 
2300 963 347 345 122 
2301 1058 937 963 347 
2302 1058 347 348 937 
2303 937 963 347 345 
2304 937 345 347 348 
2305 819 1183 1186 1344 
2306 1183 197 1185 1233 
2307 1186 1185 625 1234 
2308 1344 1233 1234 822 
2309 1183 1186 1344 1233 
2310 1183 1233 1185 1186 
2311 1186 1344 1233 1234 
2312 1186 1234 1233 1185 
2313 811 1010 1325 1015 
2314 1010 818 1225 1013 
2315 1325 1225 814 997 
2316 1015 1013 997 825 
2317 1010 1325 1015 1013 
2318 1010 1013 1225 1325 
2319 1325 1015 1013 997 
2320 1325 997 1013 1225 
2321 806 1285 1284 1251 
2322 1285 809 965 970 
2323 1284 965 39 264 
2324 1251 970 264 75 
2325 1285 1284 1251 970 
2326 1285 970 965 1284 
2327 1284 1251 970 264 
2328 1284 264 970 965 
2329 706 729 1345 1169 
2330 729 711 940 996 
2331 1345 940 814 997 
2332 1169 996 997 825 
2333 729 1345 1169 996 
2334 729 996 940 1345 
2335 1345 1169 996 997 
2336 1345 997 996 940 
2337 159 834 511 966 
2338 834 808 836 1147 
2339 511 836 39 965 
2340 966 1147 965 809 
2341 834 511 966 1147 
2342 834 1147 836 511 
2343 511 966 1147 965 
2344 511 965 1147 836 
2345 798 1093 843 925 
2346 1093 94 847 485 
2347 843 847 810 1005 
2348 925 485 1005 154 
2349 1093 843 925 485 
2350 1093 485 847 843 
2351 843 925 485 1005 
2352 843 1005 485 847 
2353 818 1346 1225 1013 
2354 1346 706 1345 1169 
2355 1225 1345 814 997 
2356 1013 1169 997 825 
2357 1346 1225 1013 1169 
2358 1346 1169 1345 1225 
2359 1225 1013 1169 997 
2360 1225 997 1169 1345 
2361 181 1220 230 231 
2362 1220 785 1048 1053 
2363 230 1048 162 232 
2364 231 1053 232 172 
2365 1220 230 231 1053 
2366 1220 1053 1048 230 
2367 230 231 1053 232 
2368 230 232 1053 1048 
2369 172 1053 1347 406 
2370 1053 785 958 962 
2371 1347 958 629 960 
2372 406 962 960 76 
2373 1053 1347 406 962 
2374 1053 962 958 1347 
2375 1347 406 962 960 
2376 1347 960 962 958 
2377 165 1016 871 1118 
2378 1016 716 764 1348 
2379 871 764 706 1169 
2380 1118 1348 1169 825 
2381 1016 871 1118 1348 
2382 1016 1348 764 871 
2383 871 1118 1348 1169 
2384 871 1169 1348 764 
2385 716 781 764 1348 
2386 781 712 761 1168 
2387 764 761 706 1169 
2388 1348 1168 1169 825 
2389 781 764 1348 1168 
2390 781 1168 761 764 
2391 764 1348 1168 1169 
2392 764 1169 1168 761 
2393 640 928 930 691 
2394 928 193 562 604 
2395 930 562 77 431 
2396 691 604 431 12 
2397 928 930 691 604 
2398 928 604 562 930 
2399 930 691 604 431 
2400 930 431 604 562 
2401 822 1233 932 1080 
2402 1233 197 621 623 
2403 932 621 90 383 
2404 1080 623 383 180 
2405 1233 932 1080 623 
2406 1233 623 621 932 
2407 932 1080 623 383 
2408 932 383 623 621 
2409 116 881 1000 455 
2410 881 799 841 863 
2411 1000 841 815 1236 
2412 455 863 1236 101 
2413 881 1000 455 863 
2414 881 863 841 1000 
2415 1000 455 863 1236 
2416 1000 1236 863 841 
2417 640 659 660 929 
2418 659 630 648 991 
2419 660 648 626 992 
2420 929 991 992 820 
2421 659 660 929 991 
2422 659 991 648 660 
2423 660 929 991 992 
2424 660 992 991 648 
2425 632 1349 699 1241 
2426 1349 821 1009 1351 
2427 699 1009 634 1350 
2428 1241 1351 1350 822 
2429 1349 699 1241 1351 
2430 1349 1351 1009 699 
2431 699 1241 1351 1350 
2432 699 1350 1351 1009 
2433 639 677 886 675 
2434 677 630 991 647 
2435 886 991 820 993 
2436 675 647 993 636 
2437 677 886 675 647 
2438 677 647 991 886 
2439 886 675 647 993 
2440 886 993 647 991 
2441 171 946 542 543 
2442 946 799 948 1334 
2443 542 948 114 413 
2444 543 1334 413 143 
2445 946 542 543 1334 
2446 946 1334 948 542 
2447 542 543 1334 413 
2448 542 413 1334 948 
2449 181 603 1220 275 
2450 603 171 945 542 
2451 1220 945 785 947 
2452 275 542 947 114 
2453 603 1220 275 542 
2454 603 542 945 1220 
2455 1220 275 542 947 
2456 1220 947 542 945 
2457 790 1247 936 1041 
2458 1247 810 908 1352 
2459 936 908 791 1042 
2460 1041 1352 1042 792 
2461 1247 936 1041 1352 
2462 1247 1352 908 936 
2463 936 1041 1352 1042 
2464 936 1042 1352 908 
2465 140 279 530 1172 
2466 279 139 617 1198 
2467 530 617 200 1353 
2468 1172 1198 1353 804 
2469 279 530 1172 1198 
2470 279 1198 617 530 
2471 530 1172 1198 1353 
2472 530 1353 1198 617 
2473 798 1275 843 1094 
2474 1275 796 1292 1354 
2475 843 1292 810 850 
2476 1094 1354 850 803 
2477 1275 843 1094 1354 
2478 1275 1354 1292 843 
2479 843 1094 1354 850 
2480 843 850 1354 1292 
2481 181 1220 231 285 
2482 1220 785 1053 1054 
2483 231 1053 172 286 
2484 285 1054 286 173 
2485 1220 231 285 1054 
2486 1220 1054 1053 231 
2487 231 285 1054 286 
2488 231 286 1054 1053 
2489 806 990 951 989 
2490 990 94 846 507 
2491 951 846 807 1027 
2492 989 507 1027 92 
2493 990 951 989 507 
2494 990 507 846 951 
2495 951 989 507 1027 
2496 951 1027 507 846 
2497 116 881 455 456 
2498 881 799 863 1219 
2499 455 863 101 457 
2500 456 1219 457 103 
2501 881 455 456 1219 
2502 881 1219 863 455 
2503 455 456 1219 457 
2504 455 457 1219 863 
2505 812 1355 1278 1282 
2506 1355 121 453 1356 
2507 1278 453 133 1281 
2508 1282 1356 1281 813 
2509 1355 1278 1282 1356 
2510 1355 1356 453 1278 
2511 1278 1282 1356 1281 
2512 1278 1281 1356 453 
2513 799 881 882 1219 
2514 881 116 610 456 
2515 882 610 187 594 
2516 1219 456 594 103 
2517 881 882 1219 456 
2518 881 456 610 882 
2519 882 1219 456 594 
2520 882 594 456 610 
2521 78 225 1326 246 
2522 225 134 1357 245 
2523 1326 1357 814 1358 
2524 246 245 1358 191 
2525 225 1326 246 245 
2526 225 245 1357 1326 
2527 1326 246 245 1358 
2528 1326 1358 245 1357 
2529 822 1084 1079 1080 
2530 1084 164 400 382 
2531 1079 400 81 567 
2532 1080 382 567 180 
2533 1084 1079 1080 382 
2534 1084 382 400 1079 
2535 1079 1080 382 567 
2536 1079 567 382 400 
2537 812 1330 1317 1319 
2538 1330 784 1214 1311 
2539 1317 1214 814 1318 
2540 1319 1311 1318 823 
2541 1330 1317 1319 1311 
2542 1330 1311 1214 1317 
2543 1317 1319 1311 1318 
2544 1317 1318 1311 1214 
2545 706 751 872 750 
2546 751 68 332 67 
2547 872 332 80 366 
2548 750 67 366 66 
2549 751 872 750 67 
2550 751 67 332 872 
2551 872 750 67 366 
2552 872 366 67 332 
2553 148 895 426 454 
2554 895 800 1215 897 
2555 426 1215 176 458 
2556 454 897 458 124 
2557 895 426 454 897 
2558 895 897 1215 426 
2559 426 454 897 458 
2560 426 458 897 1215 
2561 717 737 766 1359 
2562 737 705 746 1030 
2563 766 746 60 602 
2564 1359 1030 602 191 
2565 737 766 1359 1030 
2566 737 1030 746 766 
2567 766 1359 1030 602 
2568 766 602 1030 746 
2569 819 1182 1273 1274 
2570 1182 45 44 561 
2571 1273 44 43 560 
2572 1274 561 560 179 
2573 1182 1273 1274 561 
2574 1182 561 44 1273 
2575 1273 1274 561 560 
2576 1273 560 561 44 
2577 717 766 839 1359 
2578 766 60 430 602 
2579 839 430 78 246 
2580 1359 602 246 191 
2581 766 839 1359 602 
2582 766 602 430 839 
2583 839 1359 602 246 
2584 839 246 602 430 
2585 796 1290 1292 1354 
2586 1290 807 848 849 
2587 1292 848 810 850 
2588 1354 849 850 803 
2589 1290 1292 1354 849 
2590 1290 849 848 1292 
2591 1292 1354 849 850 
2592 1292 850 849 848 
2593 77 930 587 1315 
2594 930 640 1090 660 
2595 587 1090 190 1244 
2596 1315 660 1244 626 
2597 930 587 1315 660 
2598 930 660 1090 587 
2599 587 1315 660 1244 
2600 587 1244 660 1090 
2601 64 398 399 765 
2602 398 170 252 1360 
2603 399 252 169 1207 
2604 765 1360 1207 710 
2605 398 399 765 1360 
2606 398 1360 252 399 
2607 399 765 1360 1207 
2608 399 1207 1360 252 
2609 193 888 562 283 
2610 888 820 920 974 
2611 562 920 77 294 
2612 283 974 294 153 
2613 888 562 283 974 
2614 888 974 920 562 
2615 562 283 974 294 
2616 562 294 974 920 
2617 127 440 971 1294 
2618 440 128 972 1303 
2619 971 972 786 1061 
2620 1294 1303 1061 793 
2621 440 971 1294 1303 
2622 440 1303 972 971 
2623 971 1294 1303 1061 
2624 971 1061 1303 972 
2625 193 884 968 888 
2626 884 639 677 886 
2627 968 677 630 991 
2628 888 886 991 820 
2629 884 968 888 886 
2630 884 886 677 968 
2631 968 888 886 991 
2632 968 991 886 677 
2633 170 1264 252 1360 
2634 1264 708 1341 735 
2635 252 1341 169 1207 
2636 1360 735 1207 710 
2637 1264 252 1360 735 
2638 1264 735 1341 252 
2639 252 1360 735 1207 
2640 252 1207 735 1341 
2641 819 1182 1274 1361 
2642 1182 45 561 584 
2643 1274 561 179 624 
2644 1361 584 624 198 
2645 1182 1274 1361 584 
2646 1182 584 561 1274 
2647 1274 1361 584 624 
2648 1274 624 584 561 
2649 62 349 63 743 
2650 349 170 398 1264 
2651 63 398 64 744 
2652 743 1264 744 708 
2653 349 63 743 1264 
2654 349 1264 398 63 
2655 63 743 1264 744 
2656 63 744 1264 398 
2657 194 1116 213 1117 
2658 1116 818 1045 1013 
2659 213 1045 178 1362 
2660 1117 1013 1362 825 
2661 1116 213 1117 1013 
2662 1116 1013 1045 213 
2663 213 1117 1013 1362 
2664 213 1362 1013 1045 
2665 708 1264 744 735 
2666 1264 170 398 1360 
2667 744 398 64 765 
2668 735 1360 765 710 
2669 1264 744 735 1360 
2670 1264 1360 398 744 
2671 744 735 1360 765 
2672 744 765 1360 398 
2673 817 1143 1363 1141 
2674 1143 183 1203 259 
2675 1363 1203 707 1364 
2676 1141 259 1364 87 
2677 1143 1363 1141 259 
2678 1143 259 1203 1363 
2679 1363 1141 259 1364 
2680 1363 1364 259 1203 
2681 91 1064 1178 528 
2682 1064 806 952 989 
2683 1178 952 805 1365 
2684 528 989 1365 92 
2685 1064 1178 528 989 
2686 1064 989 952 1178 
2687 1178 528 989 1365 
2688 1178 1365 989 952 
2689 130 595 1366 462 
2690 595 185 1140 570 
2691 1366 1140 816 1367 
2692 462 570 1367 175 
2693 595 1366 462 570 
2694 595 570 1140 1366 
2695 1366 462 570 1367 
2696 1366 1367 570 1140 
2697 160 538 1368 534 
2698 538 91 1178 528 
2699 1368 1178 805 1365 
2700 534 528 1365 92 
2701 538 1368 534 528 
2702 538 528 1178 1368 
2703 1368 534 528 1365 
2704 1368 1365 528 1178 
2705 185 570 1312 1140 
2706 570 175 1160 1367 
2707 1312 1160 823 1369 
2708 1140 1367 1369 816 
2709 570 1312 1140 1367 
2710 570 1367 1160 1312 
2711 1312 1140 1367 1369 
2712 1312 1369 1367 1160 
2713 795 1231 1124 1232 
2714 1231 104 1260 397 
2715 1124 1260 797 1333 
2716 1232 397 1333 105 
2717 1231 1124 1232 397 
2718 1231 397 1260 1124 
2719 1124 1232 397 1333 
2720 1124 1333 397 1260 
2721 799 845 1266 1153 
2722 845 810 1352 908 
2723 1266 1352 792 1042 
2724 1153 908 1042 791 
2725 845 1266 1153 908 
2726 845 908 1352 1266 
2727 1266 1153 908 1042 
2728 1266 1042 908 1352 
2729 795 1122 1124 1263 
2730 1122 796 1126 1276 
2731 1124 1126 797 1262 
2732 1263 1276 1262 792 
2733 1122 1124 1263 1276 
2734 1122 1276 1126 1124 
2735 1124 1263 1276 1262 
2736 1124 1262 1276 1126 
2737 629 642 916 644 
2738 642 632 1241 643 
2739 916 1241 822 1370 
2740 644 643 1370 626 
2741 642 916 644 643 
2742 642 643 1241 916 
2743 916 644 643 1370 
2744 916 1370 643 1241 
2745 817 1143 1141 1144 
2746 1143 183 259 258 
2747 1141 259 87 260 
2748 1144 258 260 131 
2749 1143 1141 1144 258 
2750 1143 258 259 1141 
2751 1141 1144 258 260 
2752 1141 260 258 259 
2753 787 1249 1372 1113 
2754 1249 788 1371 1307 
2755 1372 1371 142 1373 
2756 1113 1307 1373 789 
2757 1249 1372 1113 1307 
2758 1249 1307 1371 1372 
2759 1372 1113 1307 1373 
2760 1372 1373 1307 1371 
2761 819 1272 1229 1342 
2762 1272 82 1374 618 
2763 1229 1374 821 1375 
2764 1342 618 1375 200 
2765 1272 1229 1342 618 
2766 1272 618 1374 1229 
2767 1229 1342 618 1375 
2768 1229 1375 618 1374 
2769 627 672 1023 671 
2770 672 22 371 23 
2771 1023 371 85 372 
2772 671 23 372 24 
2773 672 1023 671 23 
2774 672 23 371 1023 
2775 1023 671 23 372 
2776 1023 372 23 371 
2777 809 1147 1302 1180 
2778 1147 808 1003 1006 
2779 1302 1003 810 1005 
2780 1180 1006 1005 154 
2781 1147 1302 1180 1006 
2782 1147 1006 1003 1302 
2783 1302 1180 1006 1005 
2784 1302 1005 1006 1003 
2785 818 1225 1376 1002 
2786 1225 814 1339 1340 
2787 1376 1339 710 1207 
2788 1002 1340 1207 169 
2789 1225 1376 1002 1340 
2790 1225 1340 1339 1376 
2791 1376 1002 1340 1207 
2792 1376 1207 1340 1339 
2793 118 1189 412 1097 
2794 1189 791 1121 1101 
2795 412 1121 123 1377 
2796 1097 1101 1377 804 
2797 1189 412 1097 1101 
2798 1189 1101 1121 412 
2799 412 1097 1101 1377 
2800 412 1377 1101 1121 
2801 8 693 369 537 
2802 693 639 885 943 
2803 369 885 86 554 
2804 537 943 554 167 
2805 693 369 537 943 
2806 693 943 885 369 
2807 369 537 943 554 
2808 369 554 943 885 
2809 170 1224 251 252 
2810 1224 818 857 1002 
2811 251 857 125 253 
2812 252 1002 253 169 
2813 1224 251 252 1002 
2814 1224 1002 857 251 
2815 251 252 1002 253 
2816 251 253 1002 857 
2817 137 242 1148 1212 
2818 242 127 971 1294 
2819 1148 971 786 1061 
2820 1212 1294 1061 793 
2821 242 1148 1212 1294 
2822 242 1294 971 1148 
2823 1148 1212 1294 1061 
2824 1148 1061 1294 971 
2825 172 1053 1243 1347 
2826 1053 785 1050 958 
2827 1243 1050 626 644 
2828 1347 958 644 629 
2829 1053 1243 1347 958 
2830 1053 958 1050 1243 
2831 1243 1347 958 644 
2832 1243 644 958 1050 
2833 822 931 1242 935 
2834 931 641 701 703 
2835 1242 701 633 702 
2836 935 703 702 637 
2837 931 1242 935 703 
2838 931 703 701 1242 
2839 1242 935 703 702 
2840 1242 702 703 701 
2841 819 1182 1361 1195 
2842 1182 45 584 1194 
2843 1361 584 198 1181 
2844 1195 1194 1181 635 
2845 1182 1361 1195 1194 
2846 1182 1194 584 1361 
2847 1361 1195 1194 1181 
2848 1361 1181 1194 584 
2849 802 1193 874 878 
2850 1193 132 831 1104 
2851 874 831 824 877 
2852 878 1104 877 816 
2853 1193 874 878 1104 
2854 1193 1104 831 874 
2855 874 878 1104 877 
2856 874 877 1104 831 
2857 818 1346 1376 1225 
2858 1346 706 734 1345 
2859 1376 734 710 1339 
2860 1225 1345 1339 814 
2861 1346 1376 1225 1345 
2862 1346 1345 734 1376 
2863 1376 1225 1345 1339 
2864 1376 1339 1345 734 
2865 791 1120 1121 1101 
2866 1120 139 237 1198 
2867 1121 237 123 1377 
2868 1101 1198 1377 804 
2869 1120 1121 1101 1198 
2870 1120 1198 237 1121 
2871 1121 1101 1198 1377 
2872 1121 1377 1198 237 
2873 808 1083 1004 1328 
2874 1083 822 1025 1245 
2875 1004 1025 815 1038 
2876 1328 1245 1038 155 
2877 1083 1004 1328 1245 
2878 1083 1245 1025 1004 
2879 1004 1328 1245 1038 
2880 1004 1038 1245 1025 
2881 104 1295 437 434 
2882 1295 799 1219 1222 
2883 437 1219 103 438 
2884 434 1222 438 102 
2885 1295 437 434 1222 
2886 1295 1222 1219 437 
2887 437 434 1222 438 
2888 437 438 1222 1219 
2889 632 1241 699 682 
2890 1241 822 1350 1242 
2891 699 1350 634 698 
2892 682 1242 698 633 
2893 1241 699 682 1242 
2894 1241 1242 1350 699 
2895 699 682 1242 698 
2896 699 698 1242 1350 
2897 820 929 920 992 
2898 929 640 930 660 
2899 920 930 77 1315 
2900 992 660 1315 626 
2901 929 920 992 660 
2902 929 660 930 920 
2903 920 992 660 1315 
2904 920 1315 660 930 
2905 82 262 263 1132 
2906 262 138 221 1145 
2907 263 221 41 835 
2908 1132 1145 835 808 
2909 262 263 1132 1145 
2910 262 1145 221 263 
2911 263 1132 1145 835 
2912 263 835 1145 221 
2913 800 854 897 859 
2914 854 818 1378 857 
2915 897 1378 124 460 
2916 859 857 460 125 
2917 854 897 859 857 
2918 854 857 1378 897 
2919 897 859 857 460 
2920 897 460 857 1378 
2921 126 239 909 1130 
2922 239 138 1379 1145 
2923 909 1379 791 1105 
2924 1130 1145 1105 808 
2925 239 909 1130 1145 
2926 239 1145 1379 909 
2927 909 1130 1145 1105 
2928 909 1105 1145 1379 
2929 785 880 890 999 
2930 880 799 1154 841 
2931 890 1154 804 1221 
2932 999 841 1221 815 
2933 880 890 999 841 
2934 880 841 1154 890 
2935 890 999 841 1221 
2936 890 1221 841 1154 
2937 711 729 940 723 
2938 729 706 1345 728 
2939 940 1345 814 941 
2940 723 728 941 708 
2941 729 940 723 728 
2942 729 728 1345 940 
2943 940 723 728 941 
2944 940 941 728 1345 
2945 175 1160 227 228 
2946 1160 823 1254 1313 
2947 227 1254 79 229 
2948 228 1313 229 166 
2949 1160 227 228 1313 
2950 1160 1313 1254 227 
2951 227 228 1313 229 
2952 227 229 1313 1254 
2953 118 354 1189 355 
2954 354 119 906 346 
2955 1189 906 791 905 
2956 355 346 905 113 
2957 354 1189 355 346 
2958 354 346 906 1189 
2959 1189 355 346 905 
2960 1189 905 346 906 
2961 717 839 1323 1359 
2962 839 78 1326 246 
2963 1323 1326 814 1358 
2964 1359 246 1358 191 
2965 839 1323 1359 246 
2966 839 246 1326 1323 
2967 1323 1359 246 1358 
2968 1323 1358 246 1326 
2969 132 236 1193 831 
2970 236 33 1070 1017 
2971 1193 1070 802 874 
2972 831 1017 874 824 
2973 236 1193 831 1017 
2974 236 1017 1070 1193 
2975 1193 831 1017 874 
2976 1193 874 1017 1070 
2977 786 1255 1211 1061 
2978 1255 807 953 954 
2979 1211 953 805 955 
2980 1061 954 955 793 
2981 1255 1211 1061 954 
2982 1255 954 953 1211 
2983 1211 1061 954 955 
2984 1211 955 954 953 
2985 706 1346 872 1169 
2986 1346 818 1205 1013 
2987 872 1205 80 1380 
2988 1169 1013 1380 825 
2989 1346 872 1169 1013 
2990 1346 1013 1205 872 
2991 872 1169 1013 1380 
2992 872 1380 1013 1205 
2993 128 439 1129 469 
2994 439 129 1135 474 
2995 1129 1135 801 1127 
2996 469 474 1127 130 
2997 439 1129 469 474 
2998 439 474 1135 1129 
2999 1129 469 474 1127 
3000 1129 1127 474 1135 
3001 160 539 546 1368 
3002 539 84 547 1034 
3003 546 547 178 1067 
3004 1368 1034 1067 805 
3005 539 546 1368 1034 
3006 539 1034 547 546 
3007 546 1368 1034 1067 
3008 546 1067 1034 547 
3009 796 1290 898 1293 
3010 1290 807 1288 954 
3011 898 1288 788 1289 
3012 1293 954 1289 793 
3013 1290 898 1293 954 
3014 1290 954 1288 898 
3015 898 1293 954 1289 
3016 898 1289 954 1288 
3017 126 1146 910 203 
3018 1146 809 1286 970 
3019 910 1286 793 1252 
3020 203 970 1252 75 
3021 1146 910 203 970 
3022 1146 970 1286 910 
3023 910 203 970 1252 
3024 910 1252 970 1286 
3025 638 837 657 658 
3026 837 172 1243 1347 
3027 657 1243 626 644 
3028 658 1347 644 629 
3029 837 657 658 1347 
3030 837 1347 1243 657 
3031 657 658 1347 644 
3032 657 644 1347 1243 
3033 181 1220 285 274 
3034 1220 785 1054 883 
3035 285 1054 173 291 
3036 274 883 291 187 
3037 1220 285 274 883 
3038 1220 883 1054 285 
3039 285 274 883 291 
3040 285 291 883 1054 
3041 140 614 278 1172 
3042 614 186 613 1173 
3043 278 613 123 1377 
3044 1172 1173 1377 804 
3045 614 278 1172 1173 
3046 614 1173 613 278 
3047 278 1172 1173 1377 
3048 278 1377 1173 613 
3049 159 834 535 510 
3050 834 808 1082 835 
3051 535 1082 81 519 
3052 510 835 519 41 
3053 834 535 510 835 
3054 834 835 1082 535 
3055 535 510 835 519 
3056 535 519 835 1082 
3057 809 1146 1286 1302 
3058 1146 126 910 907 
3059 1286 910 793 912 
3060 1302 907 912 810 
3061 1146 1286 1302 907 
3062 1146 907 910 1286 
3063 1286 1302 907 912 
3064 1286 912 907 910 
3065 808 835 1133 1082 
3066 835 41 42 519 
3067 1133 42 43 518 
3068 1082 519 518 81 
3069 835 1133 1082 519 
3070 835 519 42 1133 
3071 1133 1082 519 518 
3072 1133 518 519 42 
3073 165 871 310 1118 
3074 871 706 872 1169 
3075 310 872 80 1380 
3076 1118 1169 1380 825 
3077 871 310 1118 1169 
3078 871 1169 872 310 
3079 310 1118 1169 1380 
3080 310 1380 1169 872 
3081 110 1039 358 1043 
3082 1039 790 937 936 
3083 358 937 113 905 
3084 1043 936 905 791 
3085 1039 358 1043 936 
3086 1039 936 937 358 
3087 358 1043 936 905 
3088 358 905 936 937 
3089 115 402 1267 1338 
3090 402 151 1381 1337 
3091 1267 1381 794 1088 
3092 1338 1337 1088 813 
3093 402 1267 1338 1337 
3094 402 1337 1381 1267 
3095 1267 1338 1337 1088 
3096 1267 1088 1337 1381 
3097 129 206 1135 205 
3098 206 83 1134 204 
3099 1135 1134 801 1306 
3100 205 204 1306 131 
3101 206 1135 205 204 
3102 206 204 1134 1135 
3103 1135 205 204 1306 
3104 1135 1306 204 1134 
3105 795 1122 860 1297 
3106 1122 796 1275 1354 
3107 860 1275 798 1094 
3108 1297 1354 1094 803 
3109 1122 860 1297 1354 
3110 1122 1354 1275 860 
3111 860 1297 1354 1094 
3112 860 1094 1354 1275 
3113 799 1295 1219 948 
3114 1295 104 437 414 
3115 1219 437 103 442 
3116 948 414 442 114 
3117 1295 1219 948 414 
3118 1295 414 437 1219 
3119 1219 948 414 442 
3120 1219 442 414 437 
3121 808 1132 1382 1133 
3122 1132 82 1272 520 
3123 1382 1272 819 1273 
3124 1133 520 1273 43 
3125 1132 1382 1133 520 
3126 1132 520 1272 1382 
3127 1382 1133 520 1273 
3128 1382 1273 520 1272 
3129 818 1119 1205 1013 
3130 1119 165 310 1118 
3131 1205 310 80 1380 
3132 1013 1118 1380 825 
3133 1119 1205 1013 1118 
3134 1119 1118 310 1205 
3135 1205 1013 1118 1380 
3136 1205 1380 1118 310 
3137 806 988 989 1063 
3138 988 93 512 521 
3139 989 512 92 522 
3140 1063 521 522 74 
3141 988 989 1063 521 
3142 988 521 512 989 
3143 989 1063 521 522 
3144 989 522 521 512 
3145 50 51 730 344 
3146 51 52 747 327 
3147 730 747 707 1364 
3148 344 327 1364 87 
3149 51 730 344 327 
3150 51 327 747 730 
3151 730 344 327 1364 
3152 730 1364 327 747 
3153 788 901 900 1383 
3154 901 800 902 855 
3155 900 902 794 1088 
3156 1383 855 1088 813 
3157 901 900 1383 855 
3158 901 855 902 900 
3159 900 1383 855 1088 
3160 900 1088 855 902 
3161 812 1355 1384 1385 
3162 1355 121 335 407 
3163 1384 335 135 314 
3164 1385 407 314 134 
3165 1355 1384 1385 407 
3166 1355 407 335 1384 
3167 1384 1385 407 314 
3168 1384 314 407 335 
3169 786 1149 1208 1258 
3170 1149 801 1314 1387 
3171 1208 1314 802 1386 
3172 1258 1387 1386 783 
3173 1149 1208 1258 1387 
3174 1149 1387 1314 1208 
3175 1208 1258 1387 1386 
3176 1208 1386 1387 1314 
3177 138 268 1379 1145 
3178 268 139 1120 1196 
3179 1379 1120 791 1105 
3180 1145 1196 1105 808 
3181 268 1379 1145 1196 
3182 268 1196 1120 1379 
3183 1379 1145 1196 1105 
3184 1379 1105 1196 1120 
3185 806 988 1063 1285 
3186 988 93 521 1179 
3187 1063 521 74 964 
3188 1285 1179 964 809 
3189 988 1063 1285 1179 
3190 988 1179 521 1063 
3191 1063 1285 1179 964 
3192 1063 964 1179 521 
3193 628 653 1388 950 
3194 653 6 316 315 
3195 1388 316 89 305 
3196 950 315 305 167 
3197 653 1388 950 315 
3198 653 315 316 1388 
3199 1388 950 315 305 
3200 1388 305 315 316 
3201 808 1132 1197 1390 
3202 1132 82 1389 1374 
3203 1197 1389 804 1174 
3204 1390 1374 1174 821 
3205 1132 1197 1390 1374 
3206 1132 1374 1389 1197 
3207 1197 1390 1374 1174 
3208 1197 1174 1374 1389 
3209 797 1391 1262 1392 
3210 1391 109 921 379 
3211 1262 921 792 1040 
3212 1392 379 1040 110 
3213 1391 1262 1392 379 
3214 1391 379 921 1262 
3215 1262 1392 379 1040 
3216 1262 1040 379 921 
3217 193 928 888 968 
3218 928 640 929 659 
3219 888 929 820 991 
3220 968 659 991 630 
3221 928 888 968 659 
3222 928 659 929 888 
3223 888 968 659 991 
3224 888 991 659 929 
3225 820 949 993 1162 
3226 949 628 676 1007 
3227 993 676 636 1028 
3228 1162 1007 1028 821 
3229 949 993 1162 1007 
3230 949 1007 676 993 
3231 993 1162 1007 1028 
3232 993 1028 1007 676 
3233 784 1311 875 1214 
3234 1311 823 1112 1318 
3235 875 1112 824 995 
3236 1214 1318 995 814 
3237 1311 875 1214 1318 
3238 1311 1318 1112 875 
3239 875 1214 1318 995 
3240 875 995 1318 1112 
3241 806 1250 952 956 
3242 1250 137 1210 1212 
3243 952 1210 805 955 
3244 956 1212 955 793 
3245 1250 952 956 1212 
3246 1250 1212 1210 952 
3247 952 956 1212 955 
3248 952 955 1212 1210 
3249 787 1248 1059 1393 
3250 1248 797 1164 869 
3251 1059 1164 790 1394 
3252 1393 869 1394 108 
3253 1248 1059 1393 869 
3254 1248 869 1164 1059 
3255 1059 1393 869 1394 
3256 1059 1394 869 1164 
3257 789 1395 1396 1161 
3258 1395 784 1330 1311 
3259 1396 1330 812 1319 
3260 1161 1311 1319 823 
3261 1395 1396 1161 1311 
3262 1395 1311 1330 1396 
3263 1396 1161 1311 1319 
3264 1396 1319 1311 1330 
3265 807 1290 1291 849 
3266 1290 796 903 1354 
3267 1291 903 800 1151 
3268 849 1354 1151 803 
3269 1290 1291 849 1354 
3270 1290 1354 903 1291 
3271 1291 849 1354 1151 
3272 1291 1151 1354 903 
3273 162 919 308 1049 
3274 919 820 920 992 
3275 308 920 77 1315 
3276 1049 992 1315 626 
3277 919 308 1049 992 
3278 919 992 920 308 
3279 308 1049 992 1315 
3280 308 1315 992 920 
3281 785 889 1048 894 
3282 889 161 307 892 
3283 1048 307 162 919 
3284 894 892 919 820 
3285 889 1048 894 892 
3286 889 892 307 1048 
3287 1048 894 892 919 
3288 1048 919 892 307 
3289 800 901 1047 855 
3290 901 788 1397 1383 
3291 1047 1397 802 1398 
3292 855 1383 1398 813 
3293 901 1047 855 1383 
3294 901 1383 1397 1047 
3295 1047 855 1383 1398 
3296 1047 1398 1383 1397 
3297 151 1399 435 1337 
3298 1399 811 1279 1280 
3299 435 1279 133 1281 
3300 1337 1280 1281 813 
3301 1399 435 1337 1280 
3302 1399 1280 1279 435 
3303 435 1337 1280 1281 
3304 435 1281 1280 1279 
3305 819 1228 1342 1229 
3306 1228 140 530 1170 
3307 1342 530 200 1375 
3308 1229 1170 1375 821 
3309 1228 1342 1229 1170 
3310 1228 1170 530 1342 
3311 1342 1229 1170 1375 
3312 1342 1375 1170 530 
3313 82 1272 572 618 
3314 1272 819 1274 1342 
3315 572 1274 179 585 
3316 618 1342 585 200 
3317 1272 572 618 1342 
3318 1272 1342 1274 572 
3319 572 618 1342 585 
3320 572 585 1342 1274 
3321 151 609 435 1399 
3322 609 184 566 1400 
3323 435 566 133 1279 
3324 1399 1400 1279 811 
3325 609 435 1399 1400 
3326 609 1400 566 435 
3327 435 1399 1400 1279 
3328 435 1279 1400 566 
3329 819 1401 1186 1195 
3330 1401 634 697 678 
3331 1186 697 625 662 
3332 1195 678 662 635 
3333 1401 1186 1195 678 
3334 1401 678 697 1186 
3335 1186 1195 678 662 
3336 1186 662 678 697 
3337 164 1084 270 382 
3338 1084 822 932 1080 
3339 270 932 90 383 
3340 382 1080 383 180 
3341 1084 270 382 1080 
3342 1084 1080 932 270 
3343 270 382 1080 383 
3344 270 383 1080 932 
3345 56 55 389 749 
3346 55 54 353 748 
3347 389 353 79 1240 
3348 749 748 1240 709 
3349 55 389 749 748 
3350 55 748 353 389 
3351 389 749 748 1240 
3352 389 1240 748 353 
3353 142 333 334 1402 
3354 333 121 335 1355 
3355 334 335 135 1384 
3356 1402 1355 1384 812 
3357 333 334 1402 1355 
3358 333 1355 335 334 
3359 334 1402 1355 1384 
3360 334 1384 1355 335 
3361 796 903 1354 899 
3362 903 800 1151 902 
3363 1354 1151 803 1270 
3364 899 902 1270 794 
3365 903 1354 899 902 
3366 903 902 1151 1354 
3367 1354 899 902 1270 
3368 1354 1270 902 1151 
3369 56 389 524 769 
3370 389 79 536 1246 
3371 524 536 168 1032 
3372 769 1246 1032 719 
3373 389 524 769 1246 
3374 389 1246 536 524 
3375 524 769 1246 1032 
3376 524 1032 1246 536 
3377 786 1255 1287 1258 
3378 1255 807 1288 1256 
3379 1287 1288 788 1310 
3380 1258 1256 1310 783 
3381 1255 1287 1258 1256 
3382 1255 1256 1288 1287 
3383 1287 1258 1256 1310 
3384 1287 1310 1256 1288 
3385 787 1114 1403 1115 
3386 1114 144 391 390 
3387 1403 391 112 386 
3388 1115 390 386 145 
3389 1114 1403 1115 390 
3390 1114 390 391 1403 
3391 1403 1115 390 386 
3392 1403 386 390 391 
3393 137 1250 1210 219 
3394 1250 806 952 1065 
3395 1210 952 805 1177 
3396 219 1065 1177 37 
3397 1250 1210 219 1065 
3398 1250 1065 952 1210 
3399 1210 219 1065 1177 
3400 1210 1177 1065 952 
3401 100 1296 471 472 
3402 1296 795 1223 862 
3403 471 1223 102 461 
3404 472 862 461 101 
3405 1296 471 472 862 
3406 1296 862 1223 471 
3407 471 472 862 461 
3408 471 461 862 1223 
3409 785 945 1048 889 
3410 945 171 533 532 
3411 1048 533 162 307 
3412 889 532 307 161 
3413 945 1048 889 532 
3414 945 532 533 1048 
3415 1048 889 532 307 
3416 1048 307 532 533 
3417 181 603 230 1220 
3418 603 171 533 945 
3419 230 533 162 1048 
3420 1220 945 1048 785 
3421 603 230 1220 945 
3422 603 945 533 230 
3423 230 1220 945 1048 
3424 230 1048 945 533 
3425 822 1084 932 1300 
3426 1084 164 270 269 
3427 932 270 90 271 
3428 1300 269 271 157 
3429 1084 932 1300 269 
3430 1084 269 270 932 
3431 932 1300 269 271 
3432 932 271 269 270 
3433 791 1105 1101 1106 
3434 1105 808 1197 1004 
3435 1101 1197 804 1221 
3436 1106 1004 1221 815 
3437 1105 1101 1106 1004 
3438 1105 1004 1197 1101 
3439 1101 1106 1004 1221 
3440 1101 1221 1004 1197 
3441 97 924 445 927 
3442 924 798 1237 842 
3443 445 1237 146 1216 
3444 927 842 1216 815 
3445 924 445 927 842 
3446 924 842 1237 445 
3447 445 927 842 1216 
3448 445 1216 842 1237 
3449 631 656 1271 917 
3450 656 627 1404 918 
3451 1271 1404 188 1405 
3452 917 918 1405 822 
3453 656 1271 917 918 
3454 656 918 1404 1271 
3455 1271 917 918 1405 
3456 1271 1405 918 1404 
3457 785 1098 1054 883 
3458 1098 182 255 563 
3459 1054 255 173 291 
3460 883 563 291 187 
3461 1098 1054 883 563 
3462 1098 563 255 1054 
3463 1054 883 563 291 
3464 1054 291 563 255 
3465 795 1406 1296 1223 
3466 1406 150 487 476 
3467 1296 487 100 471 
3468 1223 476 471 102 
3469 1406 1296 1223 476 
3470 1406 476 487 1296 
3471 1296 1223 476 471 
3472 1296 471 476 487 
3473 116 611 879 610 
3474 611 182 1098 563 
3475 879 1098 785 883 
3476 610 563 883 187 
3477 611 879 610 563 
3478 611 563 1098 879 
3479 879 610 563 883 
3480 879 883 563 1098 
3481 155 1245 470 468 
3482 1245 822 914 1300 
3483 470 914 156 280 
3484 468 1300 280 157 
3485 1245 470 468 1300 
3486 1245 1300 914 470 
3487 470 468 1300 280 
3488 470 280 1300 914 
3489 795 1232 1406 1223 
3490 1232 105 418 433 
3491 1406 418 150 476 
3492 1223 433 476 102 
3493 1232 1406 1223 433 
3494 1232 433 418 1406 
3495 1406 1223 433 476 
3496 1406 476 433 418 
3497 130 473 1127 1366 
3498 473 131 1306 1191 
3499 1127 1306 801 1305 
3500 1366 1191 1305 816 
3501 473 1127 1366 1191 
3502 473 1191 1306 1127 
3503 1127 1366 1191 1305 
3504 1127 1305 1191 1306 
3505 789 1373 1077 1407 
3506 1373 142 367 334 
3507 1077 367 144 368 
3508 1407 334 368 135 
3509 1373 1077 1407 334 
3510 1373 334 367 1077 
3511 1077 1407 334 368 
3512 1077 368 334 367 
3513 164 1084 319 269 
3514 1084 822 1245 1300 
3515 319 1245 155 468 
3516 269 1300 468 157 
3517 1084 319 269 1300 
3518 1084 1300 1245 319 
3519 319 269 1300 468 
3520 319 468 1300 1245 
3521 115 1150 448 446 
3522 1150 800 896 897 
3523 448 896 99 447 
3524 446 897 447 124 
3525 1150 448 446 897 
3526 1150 897 896 448 
3527 448 446 897 447 
3528 448 447 897 896 
3529 811 1010 1280 1408 
3530 1010 818 856 857 
3531 1280 856 813 858 
3532 1408 857 858 125 
3533 1010 1280 1408 857 
3534 1010 857 856 1280 
3535 1280 1408 857 858 
3536 1280 858 857 856 
3537 812 1396 1409 1410 
3538 1396 789 1309 1411 
3539 1409 1309 783 1386 
3540 1410 1411 1386 802 
3541 1396 1409 1410 1411 
3542 1396 1411 1309 1409 
3543 1409 1410 1411 1386 
3544 1409 1386 1411 1309 
3545 817 1143 1412 1363 
3546 1143 183 1071 1203 
3547 1412 1071 714 732 
3548 1363 1203 732 707 
3549 1143 1412 1363 1203 
3550 1143 1203 1071 1412 
3551 1412 1363 1203 732 
3552 1412 732 1203 1071 
3553 121 1355 453 407 
3554 1355 812 1278 1385 
3555 453 1278 133 224 
3556 407 1385 224 134 
3557 1355 453 407 1385 
3558 1355 1385 1278 453 
3559 453 407 1385 224 
3560 453 224 1385 1278 
3561 796 1292 1165 1276 
3562 1292 810 1247 1352 
3563 1165 1247 790 1041 
3564 1276 1352 1041 792 
3565 1292 1165 1276 1352 
3566 1292 1352 1247 1165 
3567 1165 1276 1352 1041 
3568 1165 1041 1352 1247 
3569 152 513 514 1102 
3570 513 117 483 1100 
3571 514 483 111 1331 
3572 1102 1100 1331 791 
3573 513 514 1102 1100 
3574 513 1100 483 514 
3575 514 1102 1100 1331 
3576 514 1331 1100 483 
3577 801 1322 1314 1387 
3578 1322 789 1411 1309 
3579 1314 1411 802 1386 
3580 1387 1309 1386 783 
3581 1322 1314 1387 1309 
3582 1322 1309 1411 1314 
3583 1314 1387 1309 1386 
3584 1314 1386 1309 1411 
3585 788 1307 1310 1413 
3586 1307 789 1309 1396 
3587 1310 1309 783 1409 
3588 1413 1396 1409 812 
3589 1307 1310 1413 1396 
3590 1307 1396 1309 1310 
3591 1310 1413 1396 1409 
3592 1310 1409 1396 1309 
3593 715 1109 1110 753 
3594 1109 817 980 1363 
3595 1110 980 824 1200 
3596 753 1363 1200 707 
3597 1109 1110 753 1363 
3598 1109 1363 980 1110 
3599 1110 753 1363 1200 
3600 1110 1200 1363 980 
3601 705 1156 738 1031 
3602 1156 812 1414 1158 
3603 738 1414 719 1032 
3604 1031 1158 1032 168 
3605 1156 738 1031 1158 
3606 1156 1158 1414 738 
3607 738 1031 1158 1032 
3608 738 1032 1158 1414 
3609 705 737 942 1030 
3610 737 717 1323 1359 
3611 942 1323 814 1358 
3612 1030 1359 1358 191 
3613 737 942 1030 1359 
3614 737 1359 1323 942 
3615 942 1030 1359 1358 
3616 942 1358 1359 1323 
3617 128 972 343 1335 
3618 972 786 1062 1060 
3619 343 1062 141 1055 
3620 1335 1060 1055 787 
3621 972 343 1335 1060 
3622 972 1060 1062 343 
3623 343 1335 1060 1055 
3624 343 1055 1060 1062 
3625 817 1139 1415 1111 
3626 1139 185 571 1312 
3627 1415 571 166 1313 
3628 1111 1312 1313 823 
3629 1139 1415 1111 1312 
3630 1139 1312 571 1415 
3631 1415 1111 1312 1313 
3632 1415 1313 1312 571 
3633 640 690 1090 660 
3634 690 14 598 667 
3635 1090 598 190 1244 
3636 660 667 1244 626 
3637 690 1090 660 667 
3638 690 667 598 1090 
3639 1090 660 667 1244 
3640 1090 1244 667 598 
3641 639 693 885 689 
3642 693 8 369 9 
3643 885 369 86 370 
3644 689 9 370 10 
3645 693 885 689 9 
3646 693 9 369 885 
3647 885 689 9 370 
3648 885 370 9 369 
3649 185 1139 571 287 
3650 1139 817 1415 1141 
3651 571 1415 166 326 
3652 287 1141 326 87 
3653 1139 571 287 1141 
3654 1139 1141 1415 571 
3655 571 287 1141 326 
3656 571 326 1141 1415 
3657 706 728 734 1345 
3658 728 708 735 941 
3659 734 735 710 1339 
3660 1345 941 1339 814 
3661 728 734 1345 941 
3662 728 941 735 734 
3663 734 1345 941 1339 
3664 734 1339 941 735 
3665 821 1229 1008 1009 
3666 1229 819 1195 1401 
3667 1008 1195 635 678 
3668 1009 1401 678 634 
3669 1229 1008 1009 1401 
3670 1229 1401 1195 1008 
3671 1008 1009 1401 678 
3672 1008 678 1401 1195 
3673 785 958 959 1050 
3674 958 629 916 644 
3675 959 916 822 1370 
3676 1050 644 1370 626 
3677 958 959 1050 644 
3678 958 644 916 959 
3679 959 1050 644 1370 
3680 959 1370 644 916 
3681 196 575 619 826 
3682 575 72 330 774 
3683 619 330 88 827 
3684 826 774 827 720 
3685 575 619 826 774 
3686 575 774 330 619 
3687 619 826 774 827 
3688 619 827 774 330 
3689 130 595 473 1366 
3690 595 185 288 1140 
3691 473 288 131 1191 
3692 1366 1140 1191 816 
3693 595 473 1366 1140 
3694 595 1140 288 473 
3695 473 1366 1140 1191 
3696 473 1191 1140 288 
3697 714 758 742 1073 
3698 758 713 776 1199 
3699 742 776 704 1188 
3700 1073 1199 1188 824 
3701 758 742 1073 1199 
3702 758 1199 776 742 
3703 742 1073 1199 1188 
3704 742 1188 1199 776 
3705 817 1143 1103 980 
3706 1143 183 272 833 
3707 1103 272 132 831 
3708 980 833 831 824 
3709 1143 1103 980 833 
3710 1143 833 272 1103 
3711 1103 980 833 831 
3712 1103 831 833 272 
3713 33 32 1017 236 
3714 32 31 1018 235 
3715 1017 1018 824 831 
3716 236 235 831 132 
3717 32 1017 236 235 
3718 32 235 1018 1017 
3719 1017 236 235 831 
3720 1017 831 235 1018 
3721 129 474 205 1135 
3722 474 130 473 1127 
3723 205 473 131 1306 
3724 1135 1127 1306 801 
3725 474 205 1135 1127 
3726 474 1127 473 205 
3727 205 1135 1127 1306 
3728 205 1306 1127 473 
3729 807 951 954 848 
3730 951 806 956 1301 
3731 954 956 793 912 
3732 848 1301 912 810 
3733 951 954 848 1301 
3734 951 1301 956 954 
3735 954 848 1301 912 
3736 954 912 1301 956 
3737 109 379 404 1299 
3738 379 110 359 1043 
3739 404 359 111 1331 
3740 1299 1043 1331 791 
3741 379 404 1299 1043 
3742 379 1043 359 404 
3743 404 1299 1043 1331 
3744 404 1331 1043 359 
3745 97 445 443 927 
3746 445 146 444 1216 
3747 443 444 147 967 
3748 927 1216 967 815 
3749 445 443 927 1216 
3750 445 1216 444 443 
3751 443 927 1216 967 
3752 443 967 1216 444 
3753 183 1143 1071 833 
3754 1143 817 1412 980 
3755 1071 1412 714 1073 
3756 833 980 1073 824 
3757 1143 1071 833 980 
3758 1143 980 1412 1071 
3759 1071 833 980 1073 
3760 1071 1073 980 1412 
3761 714 758 1073 732 
3762 758 713 1199 757 
3763 1073 1199 824 1200 
3764 732 757 1200 707 
3765 758 1073 732 757 
3766 758 757 1199 1073 
3767 1073 732 757 1200 
3768 1073 1200 757 1199 
3769 148 451 895 1190 
3770 451 95 1416 1417 
3771 895 1416 800 1151 
3772 1190 1417 1151 803 
3773 451 895 1190 1417 
3774 451 1417 1416 895 
3775 895 1190 1417 1151 
3776 895 1151 1417 1416 
3777 93 988 486 1179 
3778 988 806 990 1285 
3779 486 990 94 1418 
3780 1179 1285 1418 809 
3781 988 486 1179 1285 
3782 988 1285 990 486 
3783 486 1179 1285 1418 
3784 486 1418 1285 990 
3785 806 990 1301 951 
3786 990 94 847 846 
3787 1301 847 810 848 
3788 951 846 848 807 
3789 990 1301 951 846 
3790 990 846 847 1301 
3791 1301 951 846 848 
3792 1301 848 846 847 
3793 797 868 1262 1391 
3794 868 106 1091 374 
3795 1262 1091 792 921 
3796 1391 374 921 109 
3797 868 1262 1391 374 
3798 868 374 1091 1262 
3799 1262 1391 374 921 
3800 1262 921 374 1091 
3801 808 1130 1147 1003 
3802 1130 126 1146 907 
3803 1147 1146 809 1302 
3804 1003 907 1302 810 
3805 1130 1147 1003 907 
3806 1130 907 1146 1147 
3807 1147 1003 907 1302 
3808 1147 1302 907 1146 
3809 93 531 521 1179 
3810 531 159 527 966 
3811 521 527 74 964 
3812 1179 966 964 809 
3813 531 521 1179 966 
3814 531 966 527 521 
3815 521 1179 966 964 
3816 521 964 966 527 
3817 159 531 834 966 
3818 531 93 1037 1179 
3819 834 1037 808 1147 
3820 966 1179 1147 809 
3821 531 834 966 1179 
3822 531 1179 1037 834 
3823 834 966 1179 1147 
3824 834 1147 1179 1037 
3825 128 972 1303 343 
3826 972 786 1061 1062 
3827 1303 1061 793 1057 
3828 343 1062 1057 141 
3829 972 1303 343 1062 
3830 972 1062 1061 1303 
3831 1303 343 1062 1057 
3832 1303 1057 1062 1061 
3833 808 834 1082 1036 
3834 834 159 535 555 
3835 1082 535 81 401 
3836 1036 555 401 163 
3837 834 1082 1036 555 
3838 834 555 535 1082 
3839 1082 1036 555 401 
3840 1082 401 555 535 
3841 819 1382 1344 1229 
3842 1382 808 1083 1390 
3843 1344 1083 822 1351 
3844 1229 1390 1351 821 
3845 1382 1344 1229 1390 
3846 1382 1390 1083 1344 
3847 1344 1229 1390 1351 
3848 1344 1351 1390 1083 
3849 818 1201 1378 1001 
3850 1201 176 458 568 
3851 1378 458 124 599 
3852 1001 568 599 189 
3853 1201 1378 1001 568 
3854 1201 568 458 1378 
3855 1378 1001 568 599 
3856 1378 599 568 458 
3857 818 854 1378 1201 
3858 854 800 897 1215 
3859 1378 897 124 458 
3860 1201 1215 458 176 
3861 854 1378 1201 1215 
3862 854 1215 897 1378 
3863 1378 1201 1215 458 
3864 1378 458 1215 897 
3865 820 887 1176 975 
3866 887 86 606 267 
3867 1176 606 186 607 
3868 975 267 607 136 
3869 887 1176 975 267 
3870 887 267 606 1176 
3871 1176 975 267 607 
3872 1176 607 267 606 
3873 151 1399 1337 475 
3874 1399 811 1280 1408 
3875 1337 1280 813 858 
3876 475 1408 858 125 
3877 1399 1337 475 1408 
3878 1399 1408 1280 1337 
3879 1337 475 1408 858 
3880 1337 858 1408 1280 
3881 72 73 752 575 
3882 73 2 741 574 
3883 752 741 704 852 
3884 575 574 852 196 
3885 73 752 575 574 
3886 73 574 741 752 
3887 752 575 574 852 
3888 752 852 574 741 
3889 170 516 251 1226 
3890 516 184 515 1336 
3891 251 515 125 1227 
3892 1226 1336 1227 814 
3893 516 251 1226 1336 
3894 516 1336 515 251 
3895 251 1226 1336 1227 
3896 251 1227 1336 515 
3897 798 843 842 925 
3898 843 810 844 1005 
3899 842 844 815 926 
3900 925 1005 926 154 
3901 843 842 925 1005 
3902 843 1005 844 842 
3903 842 925 1005 926 
3904 842 926 1005 844 
3905 818 1010 1225 857 
3906 1010 811 1325 1408 
3907 1225 1325 814 1227 
3908 857 1408 1227 125 
3909 1010 1225 857 1408 
3910 1010 1408 1325 1225 
3911 1225 857 1408 1227 
3912 1225 1227 1408 1325 
3913 84 564 547 1069 
3914 564 177 302 1202 
3915 547 302 178 1362 
3916 1069 1202 1362 825 
3917 564 547 1069 1202 
3918 564 1202 302 547 
3919 547 1069 1202 1362 
3920 547 1362 1202 302 
3921 817 1412 980 1363 
3922 1412 714 1073 732 
3923 980 1073 824 1200 
3924 1363 732 1200 707 
3925 1412 980 1363 732 
3926 1412 732 1073 980 
3927 980 1363 732 1200 
3928 980 1200 732 1073 
3929 817 1139 1111 981 
3930 1139 185 1312 1140 
3931 1111 1312 823 1369 
3932 981 1140 1369 816 
3933 1139 1111 981 1140 
3934 1139 1140 1312 1111 
3935 1111 981 1140 1369 
3936 1111 1369 1140 1312 
3937 795 1232 1123 1406 
3938 1232 105 1419 418 
3939 1123 1419 794 1269 
3940 1406 418 1269 150 
3941 1232 1123 1406 418 
3942 1232 418 1419 1123 
3943 1123 1406 418 1269 
3944 1123 1269 418 1419 
3945 142 1373 1402 334 
3946 1373 789 1396 1407 
3947 1402 1396 812 1384 
3948 334 1407 1384 135 
3949 1373 1402 334 1407 
3950 1373 1407 1396 1402 
3951 1402 334 1407 1384 
3952 1402 1384 1407 1396 
3953 195 1108 605 321 
3954 1108 789 1077 1407 
3955 605 1077 144 368 
3956 321 1407 368 135 
3957 1108 605 321 1407 
3958 1108 1407 1077 605 
3959 605 321 1407 368 
3960 605 368 1407 1077 
3961 797 1392 1262 1164 
3962 1392 110 1040 1039 
3963 1262 1040 792 1041 
3964 1164 1039 1041 790 
3965 1392 1262 1164 1039 
3966 1392 1039 1040 1262 
3967 1262 1164 1039 1041 
3968 1262 1041 1039 1040 
3969 52 53 771 325 
3970 53 54 768 352 
3971 771 768 718 1327 
3972 325 352 1327 166 
3973 53 771 325 352 
3974 53 352 768 771 
3975 771 325 352 1327 
3976 771 1327 352 768 
3977 789 1108 1396 1407 
3978 1108 195 1420 321 
3979 1396 1420 812 1384 
3980 1407 321 1384 135 
3981 1108 1396 1407 321 
3982 1108 321 1420 1396 
3983 1396 1407 321 1384 
3984 1396 1384 321 1420 
3985 105 408 1419 419 
3986 408 107 1087 450 
3987 1419 1087 794 1089 
3988 419 450 1089 120 
3989 408 1419 419 450 
3990 408 450 1087 1419 
3991 1419 419 450 1089 
3992 1419 1089 450 1087 
3993 797 1333 870 1125 
3994 1333 105 408 1419 
3995 870 408 107 1087 
3996 1125 1419 1087 794 
3997 1333 870 1125 1419 
3998 1333 1419 408 870 
3999 870 1125 1419 1087 
4000 870 1087 1419 408 
4001 123 412 1377 489 
4002 412 118 1097 488 
4003 1377 1097 804 976 
4004 489 488 976 136 
4005 412 1377 489 488 
4006 412 488 1097 1377 
4007 1377 489 488 976 
4008 1377 976 488 1097 
4009 628 1235 1388 651 
4010 1235 819 1343 1195 
4011 1388 1343 89 1421 
4012 651 1195 1421 635 
4013 1235 1388 651 1195 
4014 1235 1195 1343 1388 
4015 1388 651 1195 1421 
4016 1388 1421 1195 1343 
4017 6 653 316 652 
4018 653 628 1388 651 
4019 316 1388 89 1421 
4020 652 651 1421 635 
4021 653 316 652 651 
4022 653 651 1388 316 
4023 316 652 651 1421 
4024 316 1421 651 1388 
4025 796 898 1165 1293 
4026 898 788 1166 1289 
4027 1165 1166 790 939 
4028 1293 1289 939 793 
4029 898 1165 1293 1289 
4030 898 1289 1166 1165 
4031 1165 1293 1289 939 
4032 1165 939 1289 1166 
4033 798 840 843 1265 
4034 840 799 845 1266 
4035 843 845 810 1352 
4036 1265 1266 1352 792 
4037 840 843 1265 1266 
4038 840 1266 845 843 
4039 843 1265 1266 1352 
4040 843 1352 1266 845 
4041 795 1231 861 1263 
4042 1231 104 1295 1261 
4043 861 1295 799 1266 
4044 1263 1261 1266 792 
4045 1231 861 1263 1261 
4046 1231 1261 1295 861 
4047 861 1263 1261 1266 
4048 861 1266 1261 1295 
4049 819 1361 1343 1195 
4050 1361 198 620 1181 
4051 1343 620 89 1421 
4052 1195 1181 1421 635 
4053 1361 1343 1195 1181 
4054 1361 1181 620 1343 
4055 1343 1195 1181 1421 
4056 1343 1421 1181 620 
4057 140 1228 306 304 
4058 1228 819 1343 1230 
4059 306 1343 89 305 
4060 304 1230 305 167 
4061 1228 306 304 1230 
4062 1228 1230 1343 306 
4063 306 304 1230 305 
4064 306 305 1230 1343 
4065 140 1170 304 614 
4066 1170 821 1163 1171 
4067 304 1163 167 616 
4068 614 1171 616 186 
4069 1170 304 614 1171 
4070 1170 1171 1163 304 
4071 304 614 1171 616 
4072 304 616 1171 1163 
4073 198 581 620 1181 
4074 581 4 338 654 
4075 620 338 89 1421 
4076 1181 654 1421 635 
4077 581 620 1181 654 
4078 581 654 338 620 
4079 620 1181 654 1421 
4080 620 1421 654 338 
4081 186 613 1173 607 
4082 613 123 1377 489 
4083 1173 1377 804 976 
4084 607 489 976 136 
4085 613 1173 607 489 
4086 613 489 1377 1173 
4087 1173 607 489 976 
4088 1173 976 489 1377 
4089 115 1150 446 459 
4090 1150 800 897 859 
4091 446 897 124 460 
4092 459 859 460 125 
4093 1150 446 459 859 
4094 1150 859 897 446 
4095 446 459 859 460 
4096 446 460 859 897 
4097 111 405 1331 357 
4098 405 118 1189 355 
4099 1331 1189 791 905 
4100 357 355 905 113 
4101 405 1331 357 355 
4102 405 355 1189 1331 
4103 1331 357 355 905 
4104 1331 905 355 1189 
4105 4 5 338 654 
4106 5 6 316 652 
4107 338 316 89 1421 
4108 654 652 1421 635 
4109 5 338 654 652 
4110 5 652 316 338 
4111 338 654 652 1421 
4112 338 1421 652 316 
4113 628 1235 651 1007 
4114 1235 819 1195 1229 
4115 651 1195 635 1008 
4116 1007 1229 1008 821 
4117 1235 651 1007 1229 
4118 1235 1229 1195 651 
4119 651 1007 1229 1008 
4120 651 1008 1229 1195 
4121 823 1254 1332 1422 
4122 1254 79 1246 536 
4123 1332 1246 719 1032 
4124 1422 536 1032 168 
4125 1254 1332 1422 536 
4126 1254 536 1246 1332 
4127 1332 1422 536 1032 
4128 1332 1032 536 1246 
4129 715 983 754 727 
4130 983 823 1253 984 
4131 754 1253 718 756 
4132 727 984 756 709 
4133 983 754 727 984 
4134 983 984 1253 754 
4135 754 727 984 756 
4136 754 756 984 1253 
4137 823 1111 1253 1313 
4138 1111 817 1423 1415 
4139 1253 1423 718 1327 
4140 1313 1415 1327 166 
4141 1111 1253 1313 1415 
4142 1111 1415 1423 1253 
4143 1253 1313 1415 1327 
4144 1253 1327 1415 1423 
4145 817 1109 1111 1423 
4146 1109 715 983 754 
4147 1111 983 823 1253 
4148 1423 754 1253 718 
4149 1109 1111 1423 754 
4150 1109 754 983 1111 
4151 1111 1423 754 1253 
4152 1111 1253 754 983 
4153 795 1232 1124 1123 
4154 1232 105 1333 1419 
4155 1124 1333 797 1125 
4156 1123 1419 1125 794 
4157 1232 1124 1123 1419 
4158 1232 1419 1333 1124 
4159 1124 1123 1419 1125 
4160 1124 1125 1419 1333 
4161 823 1254 984 1332 
4162 1254 79 1240 1246 
4163 984 1240 709 739 
4164 1332 1246 739 719 
4165 1254 984 1332 1246 
4166 1254 1246 1240 984 
4167 984 1332 1246 739 
4168 984 739 1246 1240 
4169 812 1156 1414 1319 
4170 1156 705 738 982 
4171 1414 738 719 1332 
4172 1319 982 1332 823 
4173 1156 1414 1319 982 
4174 1156 982 738 1414 
4175 1414 1319 982 1332 
4176 1414 1332 982 738 
4177 87 327 1364 1424 
4178 327 52 747 771 
4179 1364 747 707 755 
4180 1424 771 755 718 
4181 327 1364 1424 771 
4182 327 771 747 1364 
4183 1364 1424 771 755 
4184 1364 755 771 747 
4185 797 868 1391 869 
4186 868 106 374 375 
4187 1391 374 109 381 
4188 869 375 381 108 
4189 868 1391 869 375 
4190 868 375 374 1391 
4191 1391 869 375 381 
4192 1391 381 375 374 
4193 110 379 1040 1043 
4194 379 109 921 1299 
4195 1040 921 792 1042 
4196 1043 1299 1042 791 
4197 379 1040 1043 1299 
4198 379 1299 921 1040 
4199 1040 1043 1299 1042 
4200 1040 1042 1299 921 
4201 117 1138 1137 1099 
4202 1138 785 880 890 
4203 1137 880 799 1154 
4204 1099 890 1154 804 
4205 1138 1137 1099 890 
4206 1138 890 880 1137 
4207 1137 1099 890 1154 
4208 1137 1154 890 880 
4209 817 1141 1363 1423 
4210 1141 87 1364 1424 
4211 1363 1364 707 755 
4212 1423 1424 755 718 
4213 1141 1363 1423 1424 
4214 1141 1424 1364 1363 
4215 1363 1423 1424 755 
4216 1363 755 1424 1364 
4217 797 1126 1164 1262 
4218 1126 796 1165 1276 
4219 1164 1165 790 1041 
4220 1262 1276 1041 792 
4221 1126 1164 1262 1276 
4222 1126 1276 1165 1164 
4223 1164 1262 1276 1041 
4224 1164 1041 1276 1165 
4225 87 1141 326 1424 
4226 1141 817 1415 1423 
4227 326 1415 166 1327 
4228 1424 1423 1327 718 
4229 1141 326 1424 1423 
4230 1141 1423 1415 326 
4231 326 1424 1423 1327 
4232 326 1327 1423 1415 
4233 52 327 325 771 
4234 327 87 326 1424 
4235 325 326 166 1327 
4236 771 1424 1327 718 
4237 327 325 771 1424 
4238 327 1424 326 325 
4239 325 771 1424 1327 
4240 325 1327 1424 326 
4241 808 1390 1197 1083 
4242 1390 821 1174 1351 
4243 1197 1174 804 1425 
4244 1083 1351 1425 822 
4245 1390 1197 1083 1351 
4246 1390 1351 1174 1197 
4247 1197 1083 1351 1425 
4248 1197 1425 1351 1174 
4249 811 1329 1011 1015 
4250 1329 784 873 1213 
4251 1011 873 802 1014 
4252 1015 1213 1014 825 
4253 1329 1011 1015 1213 
4254 1329 1213 873 1011 
4255 1011 1015 1213 1014 
4256 1011 1014 1213 873 
4257 821 1170 1375 1174 
4258 1170 140 530 1172 
4259 1375 530 200 1353 
4260 1174 1172 1353 804 
4261 1170 1375 1174 1172 
4262 1170 1172 530 1375 
4263 1375 1174 1172 1353 
4264 1375 1353 1172 530 
4265 787 1113 1426 1308 
4266 1113 789 1322 1309 
4267 1426 1322 801 1387 
4268 1308 1309 1387 783 
4269 1113 1426 1308 1309 
4270 1113 1309 1322 1426 
4271 1426 1308 1309 1387 
4272 1426 1387 1309 1322 
4273 184 1400 515 1336 
4274 1400 811 1408 1325 
4275 515 1408 125 1227 
4276 1336 1325 1227 814 
4277 1400 515 1336 1325 
4278 1400 1325 1408 515 
4279 515 1336 1325 1227 
4280 515 1227 1325 1408 
4281 195 1108 1420 1159 
4282 1108 789 1396 1161 
4283 1420 1396 812 1319 
4284 1159 1161 1319 823 
4285 1108 1420 1159 1161 
4286 1108 1161 1396 1420 
4287 1420 1159 1161 1319 
4288 1420 1319 1161 1396 
4289 628 653 950 668 
4290 653 6 315 7 
4291 950 315 167 537 
4292 668 7 537 8 
4293 653 950 668 7 
4294 653 7 315 950 
4295 950 668 7 537 
4296 950 537 7 315 
4297 785 1098 867 962 
4298 1098 182 211 210 
4299 867 211 158 212 
4300 962 210 212 76 
4301 1098 867 962 210 
4302 1098 210 211 867 
4303 867 962 210 212 
4304 867 212 210 211 
4305 117 479 483 1100 
4306 479 109 404 1299 
4307 483 404 111 1331 
4308 1100 1299 1331 791 
4309 479 483 1100 1299 
4310 479 1299 404 483 
4311 483 1100 1299 1331 
4312 483 1331 1299 404 
4313 799 1295 1334 1266 
4314 1295 104 360 1261 
4315 1334 360 143 922 
4316 1266 1261 922 792 
4317 1295 1334 1266 1261 
4318 1295 1261 360 1334 
4319 1334 1266 1261 922 
4320 1334 922 1261 360 
4321 171 553 946 543 
4322 553 117 1137 478 
4323 946 1137 799 1334 
4324 543 478 1334 143 
4325 553 946 543 478 
4326 553 478 1137 946 
4327 946 543 478 1334 
4328 946 1334 478 1137 
4329 138 239 1379 268 
4330 239 126 909 216 
4331 1379 909 791 1120 
4332 268 216 1120 139 
4333 239 1379 268 216 
4334 239 216 909 1379 
4335 1379 268 216 1120 
4336 1379 1120 216 909 
4337 790 1058 963 939 
4338 1058 141 347 1057 
4339 963 347 122 957 
4340 939 1057 957 793 
4341 1058 963 939 1057 
4342 1058 1057 347 963 
4343 963 939 1057 957 
4344 963 957 1057 347 
4345 95 451 452 1417 
4346 451 148 424 1190 
4347 452 424 96 1107 
4348 1417 1190 1107 803 
4349 451 452 1417 1190 
4350 451 1190 424 452 
4351 452 1417 1190 1107 
4352 452 1107 1190 424 
4353 151 364 1381 363 
4354 364 150 1269 365 
4355 1381 1269 794 1089 
4356 363 365 1089 120 
4357 364 1381 363 365 
4358 364 365 1269 1381 
4359 1381 363 365 1089 
4360 1381 1089 365 1269 
4361 148 428 895 451 
4362 428 149 1052 394 
4363 895 1052 800 1416 
4364 451 394 1416 95 
4365 428 895 451 394 
4366 428 394 1052 895 
4367 895 451 394 1416 
4368 895 1416 394 1052 
4369 818 1012 1045 1013 
4370 1012 802 1046 1014 
4371 1045 1046 178 1362 
4372 1013 1014 1362 825 
4373 1012 1045 1013 1014 
4374 1012 1014 1046 1045 
4375 1045 1013 1014 1362 
4376 1045 1362 1014 1046 
4377 807 846 849 1026 
4378 846 94 851 505 
4379 849 851 803 1417 
4380 1026 505 1417 95 
4381 846 849 1026 505 
4382 846 505 851 849 
4383 849 1026 505 1417 
4384 849 1417 505 851 
4385 786 1060 1149 1258 
4386 1060 787 1426 1308 
4387 1149 1426 801 1387 
4388 1258 1308 1387 783 
4389 1060 1149 1258 1308 
4390 1060 1308 1426 1149 
4391 1149 1258 1308 1387 
4392 1149 1387 1308 1426 
4393 784 1395 1330 873 
4394 1395 789 1396 1411 
4395 1330 1396 812 1410 
4396 873 1411 1410 802 
4397 1395 1330 873 1411 
4398 1395 1411 1396 1330 
4399 1330 873 1411 1410 
4400 1330 1410 1411 1396 
4401 811 1329 1277 1011 
4402 1329 784 1330 873 
4403 1277 1330 812 1410 
4404 1011 873 1410 802 
4405 1329 1277 1011 873 
4406 1329 873 1330 1277 
4407 1277 1011 873 1410 
4408 1277 1410 873 1330 
4409 128 972 1129 439 
4410 972 786 1149 973 
4411 1129 1149 801 1135 
4412 439 973 1135 129 
4413 972 1129 439 973 
4414 972 973 1149 1129 
4415 1129 439 973 1135 
4416 1129 1135 973 1149 
4417 121 333 1356 1355 
4418 333 142 1427 1402 
4419 1356 1427 813 1282 
4420 1355 1402 1282 812 
4421 333 1356 1355 1402 
4422 333 1402 1427 1356 
4423 1356 1355 1402 1282 
4424 1356 1282 1402 1427 
4425 142 1371 1427 1402 
4426 1371 788 1383 1413 
4427 1427 1383 813 1282 
4428 1402 1413 1282 812 
4429 1371 1427 1402 1413 
4430 1371 1413 1383 1427 
4431 1427 1402 1413 1282 
4432 1427 1282 1413 1383 
4433 183 576 1203 259 
4434 576 50 730 344 
4435 1203 730 707 1364 
4436 259 344 1364 87 
4437 576 1203 259 344 
4438 576 344 730 1203 
4439 1203 259 344 1364 
4440 1203 1364 344 730 
4441 107 450 410 1086 
4442 450 120 449 1085 
4443 410 449 121 1356 
4444 1086 1085 1356 813 
4445 450 410 1086 1085 
4446 450 1085 449 410 
4447 410 1086 1085 1356 
4448 410 1356 1085 449 
4449 142 409 333 1427 
4450 409 107 410 1086 
4451 333 410 121 1356 
4452 1427 1086 1356 813 
4453 409 333 1427 1086 
4454 409 1086 410 333 
4455 333 1427 1086 1356 
4456 333 1356 1086 410 
4457 100 1296 986 1268 
4458 1296 795 1297 1123 
4459 986 1297 803 1270 
4460 1268 1123 1270 794 
4461 1296 986 1268 1123 
4462 1296 1123 1297 986 
4463 986 1268 1123 1270 
4464 986 1270 1123 1297 
4465 808 1382 1083 1133 
4466 1382 819 1344 1273 
4467 1083 1344 822 1078 
4468 1133 1273 1078 43 
4469 1382 1083 1133 1273 
4470 1382 1273 1344 1083 
4471 1083 1133 1273 1078 
4472 1083 1078 1273 1344 
4473 714 740 1072 1187 
4474 740 2 589 30 
4475 1072 589 199 289 
4476 1187 30 289 31 
4477 740 1072 1187 30 
4478 740 30 589 1072 
4479 1072 1187 30 289 
4480 1072 289 30 589 
4481 711 777 994 996 
4482 777 713 1199 1283 
4483 994 1199 824 998 
4484 996 1283 998 825 
4485 777 994 996 1283 
4486 777 1283 1199 994 
4487 994 996 1283 998 
4488 994 998 1283 1199 
4489 2 740 741 30 
4490 740 714 742 1187 
4491 741 742 704 1074 
4492 30 1187 1074 31 
4493 740 741 30 1187 
4494 740 1187 742 741 
4495 741 30 1187 1074 
4496 741 1074 1187 742 
4497 818 1001 1378 857 
4498 1001 189 599 277 
4499 1378 599 124 460 
4500 857 277 460 125 
4501 1001 1378 857 277 
4502 1001 277 599 1378 
4503 1378 857 277 460 
4504 1378 460 277 599 
4505 784 873 1213 875 
4506 873 802 1014 874 
4507 1213 1014 825 998 
4508 875 874 998 824 
4509 873 1213 875 874 
4510 873 874 1014 1213 
4511 1213 875 874 998 
4512 1213 998 874 1014 
4513 711 760 777 996 
4514 760 712 778 1168 
4515 777 778 713 1283 
4516 996 1168 1283 825 
4517 760 777 996 1168 
4518 760 1168 778 777 
4519 777 996 1168 1283 
4520 777 1283 1168 778 
4521 177 303 302 1202 
4522 303 88 207 828 
4523 302 207 178 1362 
4524 1202 828 1362 825 
4525 303 302 1202 828 
4526 303 828 207 302 
4527 302 1202 828 1362 
4528 302 1362 828 207 
4529 712 778 1168 779 
4530 778 713 1283 776 
4531 1168 1283 825 853 
4532 779 776 853 704 
4533 778 1168 779 776 
4534 778 776 1283 1168 
4535 1168 779 776 853 
4536 1168 853 776 1283 
4537 629 655 1428 916 
4538 655 631 1271 917 
4539 1428 1271 188 1405 
4540 916 917 1405 822 
4541 655 1428 916 917 
4542 655 917 1271 1428 
4543 1428 916 917 1405 
4544 1428 1405 917 1271 
4545 715 724 1429 983 
4546 724 705 942 982 
4547 1429 942 814 1318 
4548 983 982 1318 823 
4549 724 1429 983 982 
4550 724 982 942 1429 
4551 1429 983 982 1318 
4552 1429 1318 982 942 
4553 802 1066 1046 1014 
4554 1066 84 547 1069 
4555 1046 547 178 1362 
4556 1014 1069 1362 825 
4557 1066 1046 1014 1069 
4558 1066 1069 547 1046 
4559 1046 1014 1069 1362 
4560 1046 1362 1069 547 
4561 78 226 1326 225 
4562 226 133 1324 224 
4563 1326 1324 814 1357 
4564 225 224 1357 134 
4565 226 1326 225 224 
4566 226 224 1324 1326 
4567 1326 225 224 1357 
4568 1326 1357 224 1324 
4569 716 781 1348 782 
4570 781 712 1168 780 
4571 1348 1168 825 829 
4572 782 780 829 720 
4573 781 1348 782 780 
4574 781 780 1168 1348 
4575 1348 782 780 829 
4576 1348 829 780 1168 
4577 33 499 1033 1070 
4578 499 84 1034 1066 
4579 1033 1034 805 1068 
4580 1070 1066 1068 802 
4581 499 1033 1070 1066 
4582 499 1066 1034 1033 
4583 1033 1070 1066 1068 
4584 1033 1068 1066 1034 
4585 133 1278 1324 224 
4586 1278 812 1317 1385 
4587 1324 1317 814 1357 
4588 224 1385 1357 134 
4589 1278 1324 224 1385 
4590 1278 1385 1317 1324 
4591 1324 224 1385 1357 
4592 1324 1357 1385 1317 
4593 151 363 1381 1337 
4594 363 120 1089 1085 
4595 1381 1089 794 1088 
4596 1337 1085 1088 813 
4597 363 1381 1337 1085 
4598 363 1085 1089 1381 
4599 1381 1337 1085 1088 
4600 1381 1088 1085 1089 
4601 132 233 1104 1193 
4602 233 83 1304 1192 
4603 1104 1304 816 878 
4604 1193 1192 878 802 
4605 233 1104 1193 1192 
4606 233 1192 1304 1104 
4607 1104 1193 1192 878 
4608 1104 878 1192 1304 
4609 705 737 721 942 
4610 737 717 736 1323 
4611 721 736 708 941 
4612 942 1323 941 814 
4613 737 721 942 1323 
4614 737 1323 736 721 
4615 721 942 1323 941 
4616 721 941 1323 736 
4617 719 770 1029 1032 
4618 770 58 591 523 
4619 1029 591 191 592 
4620 1032 523 592 168 
4621 770 1029 1032 523 
4622 770 523 591 1029 
4623 1029 1032 523 592 
4624 1029 592 523 591 
4625 715 1109 753 754 
4626 1109 817 1363 1423 
4627 753 1363 707 755 
4628 754 1423 755 718 
4629 1109 753 754 1423 
4630 1109 1423 1363 753 
4631 753 754 1423 755 
4632 753 755 1423 1363 
4633 115 1150 459 1338 
4634 1150 800 859 855 
4635 459 859 125 858 
4636 1338 855 858 813 
4637 1150 459 1338 855 
4638 1150 855 859 459 
4639 459 1338 855 858 
4640 459 858 855 859 
4641 83 1134 1304 1192 
4642 1134 801 1305 1314 
4643 1304 1305 816 878 
4644 1192 1314 878 802 
4645 1134 1304 1192 1314 
4646 1134 1314 1305 1304 
4647 1304 1192 1314 878 
4648 1304 878 1314 1305 
4649 787 1248 1372 1249 
4650 1248 797 1430 1167 
4651 1372 1430 142 1371 
4652 1249 1167 1371 788 
4653 1248 1372 1249 1167 
4654 1248 1167 1430 1372 
4655 1372 1249 1167 1371 
4656 1372 1371 1167 1430 
4657 170 1264 1226 252 
4658 1264 708 941 1341 
4659 1226 941 814 1340 
4660 252 1341 1340 169 
4661 1264 1226 252 1341 
4662 1264 1341 941 1226 
4663 1226 252 1341 1340 
4664 1226 1340 1341 941 
4665 150 1406 487 1269 
4666 1406 795 1296 1123 
4667 487 1296 100 1268 
4668 1269 1123 1268 794 
4669 1406 487 1269 1123 
4670 1406 1123 1296 487 
4671 487 1269 1123 1268 
4672 487 1268 1123 1296 
4673 823 983 1112 1318 
4674 983 715 1110 1429 
4675 1112 1110 824 995 
4676 1318 1429 995 814 
4677 983 1112 1318 1429 
4678 983 1429 1110 1112 
4679 1112 1318 1429 995 
4680 1112 995 1429 1110 
4681 705 745 746 1030 
4682 745 58 59 591 
4683 746 59 60 602 
4684 1030 591 602 191 
4685 745 746 1030 591 
4686 745 591 59 746 
4687 746 1030 591 602 
4688 746 602 591 59 
4689 818 1224 1225 1002 
4690 1224 170 1226 252 
4691 1225 1226 814 1340 
4692 1002 252 1340 169 
4693 1224 1225 1002 252 
4694 1224 252 1226 1225 
4695 1225 1002 252 1340 
4696 1225 1340 252 1226 
4697 163 1036 328 1431 
4698 1036 808 1006 1004 
4699 328 1006 154 926 
4700 1431 1004 926 815 
4701 1036 328 1431 1004 
4702 1036 1004 1006 328 
4703 328 1431 1004 926 
4704 328 926 1004 1006 
4705 786 1208 1211 1258 
4706 1208 802 1068 1386 
4707 1211 1068 805 1257 
4708 1258 1386 1257 783 
4709 1208 1211 1258 1386 
4710 1208 1386 1068 1211 
4711 1211 1258 1386 1257 
4712 1211 1257 1386 1068 
4713 799 1137 1153 1266 
4714 1137 117 1100 923 
4715 1153 1100 791 1042 
4716 1266 923 1042 792 
4717 1137 1153 1266 923 
4718 1137 923 1100 1153 
4719 1153 1266 923 1042 
4720 1153 1042 923 1100 
4721 128 440 415 1303 
4722 440 127 356 1294 
4723 415 356 122 957 
4724 1303 1294 957 793 
4725 440 415 1303 1294 
4726 440 1294 356 415 
4727 415 1303 1294 957 
4728 415 957 1294 356 
4729 94 990 847 1418 
4730 990 806 1301 1285 
4731 847 1301 810 1302 
4732 1418 1285 1302 809 
4733 990 847 1418 1285 
4734 990 1285 1301 847 
4735 847 1418 1285 1302 
4736 847 1302 1285 1301 
4737 819 1183 1344 1432 
4738 1183 197 1233 623 
4739 1344 1233 822 1080 
4740 1432 623 1080 180 
4741 1183 1344 1432 623 
4742 1183 623 1233 1344 
4743 1344 1432 623 1080 
4744 1344 1080 623 1233 
4745 808 1036 1328 1004 
4746 1036 163 320 1431 
4747 1328 320 155 1038 
4748 1004 1431 1038 815 
4749 1036 1328 1004 1431 
4750 1036 1431 320 1328 
4751 1328 1004 1431 1038 
4752 1328 1038 1431 320 
4753 108 869 1394 380 
4754 869 797 1164 1392 
4755 1394 1164 790 1039 
4756 380 1392 1039 110 
4757 869 1394 380 1392 
4758 869 1392 1164 1394 
4759 1394 380 1392 1039 
4760 1394 1039 1392 1164 
4761 796 1275 1292 1276 
4762 1275 798 843 1265 
4763 1292 843 810 1352 
4764 1276 1265 1352 792 
4765 1275 1292 1276 1265 
4766 1275 1265 843 1292 
4767 1292 1276 1265 1352 
4768 1292 1352 1265 843 
4769 808 1132 1390 1382 
4770 1132 82 1374 1272 
4771 1390 1374 821 1229 
4772 1382 1272 1229 819 
4773 1132 1390 1382 1272 
4774 1132 1272 1374 1390 
4775 1390 1382 1272 1229 
4776 1390 1229 1272 1374 
4777 808 1083 1082 1133 
4778 1083 822 1079 1078 
4779 1082 1079 81 518 
4780 1133 1078 518 43 
4781 1083 1082 1133 1078 
4782 1083 1078 1079 1082 
4783 1082 1133 1078 518 
4784 1082 518 1078 1079 
4785 823 1159 1254 1422 
4786 1159 195 243 322 
4787 1254 243 79 536 
4788 1422 322 536 168 
4789 1159 1254 1422 322 
4790 1159 322 243 1254 
4791 1254 1422 322 536 
4792 1254 536 322 243 
4793 812 1420 1319 1158 
4794 1420 195 1159 322 
4795 1319 1159 823 1422 
4796 1158 322 1422 168 
4797 1420 1319 1158 322 
4798 1420 322 1159 1319 
4799 1319 1158 322 1422 
4800 1319 1422 322 1159 
4801 163 1036 318 401 
4802 1036 808 1081 1082 
4803 318 1081 164 400 
4804 401 1082 400 81 
4805 1036 318 401 1082 
4806 1036 1082 1081 318 
4807 318 401 1082 400 
4808 318 400 1082 1081 
4809 192 1022 295 296 
4810 1022 822 932 1300 
4811 295 932 90 271 
4812 296 1300 271 157 
4813 1022 295 296 1300 
4814 1022 1300 932 295 
4815 295 296 1300 271 
4816 295 271 1300 932 
4817 812 1385 1384 1158 
4818 1385 134 314 313 
4819 1384 314 135 312 
4820 1158 313 312 168 
4821 1385 1384 1158 313 
4822 1385 313 314 1384 
4823 1384 1158 313 312 
4824 1384 312 313 314 
4825 796 1290 1293 1292 
4826 1290 807 954 848 
4827 1293 954 793 912 
4828 1292 848 912 810 
4829 1290 1293 1292 848 
4830 1290 848 954 1293 
4831 1293 1292 848 912 
4832 1293 912 848 954 
4833 195 1420 321 322 
4834 1420 812 1384 1158 
4835 321 1384 135 312 
4836 322 1158 312 168 
4837 1420 321 322 1158 
4838 1420 1158 1384 321 
4839 321 322 1158 312 
4840 321 312 1158 1384 
4841 808 1145 835 836 
4842 1145 138 221 220 
4843 835 221 41 40 
4844 836 220 40 39 
4845 1145 835 836 220 
4846 1145 220 221 835 
4847 835 836 220 40 
4848 835 40 220 221 
4849 711 725 940 994 
4850 725 715 1429 1110 
4851 940 1429 814 995 
4852 994 1110 995 824 
4853 725 940 994 1110 
4854 725 1110 1429 940 
4855 940 994 1110 995 
4856 940 995 1110 1429 
4857 33 32 556 1020 
4858 32 31 557 1019 
4859 556 557 177 1202 
4860 1020 1019 1202 825 
4861 32 556 1020 1019 
4862 32 1019 557 556 
4863 556 1020 1019 1202 
4864 556 1202 1019 557 
4865 48 47 588 733 
4866 47 2 589 740 
4867 588 589 199 1072 
4868 733 740 1072 714 
4869 47 588 733 740 
4870 47 740 589 588 
4871 588 733 740 1072 
4872 588 1072 740 589 
4873 196 582 830 622 
4874 582 31 1019 557 
4875 830 1019 825 1202 
4876 622 557 1202 177 
4877 582 830 622 557 
4878 582 557 1019 830 
4879 830 622 557 1202 
4880 830 1202 557 1019 
4881 711 725 722 940 
4882 725 715 724 1429 
4883 722 724 705 942 
4884 940 1429 942 814 
4885 725 722 940 1429 
4886 725 1429 724 722 
4887 722 940 1429 942 
4888 722 942 1429 724 
4889 175 1075 1367 1321 
4890 1075 789 1433 1322 
4891 1367 1433 816 1305 
4892 1321 1322 1305 801 
4893 1075 1367 1321 1322 
4894 1075 1322 1433 1367 
4895 1367 1321 1322 1305 
4896 1367 1305 1322 1433 
4897 800 1052 1044 1238 
4898 1052 149 548 1434 
4899 1044 548 178 1067 
4900 1238 1434 1067 805 
4901 1052 1044 1238 1434 
4902 1052 1434 548 1044 
4903 1044 1238 1434 1067 
4904 1044 1067 1434 548 
4905 83 254 261 1192 
4906 254 33 34 1070 
4907 261 34 35 1175 
4908 1192 1070 1175 802 
4909 254 261 1192 1070 
4910 254 1070 34 261 
4911 261 1192 1070 1175 
4912 261 1175 1070 34 
4913 806 1251 1284 1065 
4914 1251 75 264 257 
4915 1284 264 39 38 
4916 1065 257 38 37 
4917 1251 1284 1065 257 
4918 1251 257 264 1284 
4919 1284 1065 257 38 
4920 1284 38 257 264 
4921 149 392 548 1434 
4922 392 160 546 1368 
4923 548 546 178 1067 
4924 1434 1368 1067 805 
4925 392 548 1434 1368 
4926 392 1368 546 548 
4927 548 1434 1368 1067 
4928 548 1067 1368 546 
4929 89 1343 529 586 
4930 1343 819 1342 1274 
4931 529 1342 200 585 
4932 586 1274 585 179 
4933 1343 529 586 1274 
4934 1343 1274 1342 529 
4935 529 586 1274 585 
4936 529 585 1274 1342 
4937 784 979 1311 876 
4938 979 817 1111 981 
4939 1311 1111 823 1369 
4940 876 981 1369 816 
4941 979 1311 876 981 
4942 979 981 1111 1311 
4943 1311 876 981 1369 
4944 1311 1369 981 1111 
4945 198 1361 620 624 
4946 1361 819 1343 1274 
4947 620 1343 89 586 
4948 624 1274 586 179 
4949 1361 620 624 1274 
4950 1361 1274 1343 620 
4951 620 624 1274 586 
4952 620 586 1274 1343 
4953 131 1144 234 1191 
4954 1144 817 1103 981 
4955 234 1103 132 1104 
4956 1191 981 1104 816 
4957 1144 234 1191 981 
4958 1144 981 1103 234 
4959 234 1191 981 1104 
4960 234 1104 981 1103 
4961 94 494 492 851 
4962 494 96 493 1107 
4963 492 493 97 1095 
4964 851 1107 1095 803 
4965 494 492 851 1107 
4966 494 1107 493 492 
4967 492 851 1107 1095 
4968 492 1095 1107 493 
4969 115 1150 1338 1267 
4970 1150 800 855 902 
4971 1338 855 813 1088 
4972 1267 902 1088 794 
4973 1150 1338 1267 902 
4974 1150 902 855 1338 
4975 1338 1267 902 1088 
4976 1338 1088 902 855 
4977 705 745 1030 738 
4978 745 58 591 770 
4979 1030 591 191 1029 
4980 738 770 1029 719 
4981 745 1030 738 770 
4982 745 770 591 1030 
4983 1030 738 770 1029 
4984 1030 1029 770 591 
4985 58 57 523 770 
4986 57 56 524 769 
4987 523 524 168 1032 
4988 770 769 1032 719 
4989 57 523 770 769 
4990 57 769 524 523 
4991 523 770 769 1032 
4992 523 1032 769 524 
4993 819 1182 1432 1273 
4994 1182 45 558 44 
4995 1432 558 180 559 
4996 1273 44 559 43 
4997 1182 1432 1273 44 
4998 1182 44 558 1432 
4999 1432 1273 44 559 
5000 1432 559 44 558 
5001 788 1249 1166 1289 
5002 1249 787 1059 1056 
5003 1166 1059 790 939 
5004 1289 1056 939 793 
5005 1249 1166 1289 1056 
5006 1249 1056 1059 1166 
5007 1166 1289 1056 939 
5008 1166 939 1056 1059 
5009 799 1295 948 1334 
5010 1295 104 414 360 
5011 948 414 114 413 
5012 1334 360 413 143 
5013 1295 948 1334 360 
5014 1295 360 414 948 
5015 948 1334 360 413 
5016 948 413 360 414 
5017 142 1371 1435 1427 
5018 1371 788 900 1383 
5019 1435 900 794 1088 
5020 1427 1383 1088 813 
5021 1371 1435 1427 1383 
5022 1371 1383 900 1435 
5023 1435 1427 1383 1088 
5024 1435 1088 1383 900 
5025 45 1182 558 583 
5026 1182 819 1432 1183 
5027 558 1432 180 623 
5028 583 1183 623 197 
5029 1182 558 583 1183 
5030 1182 1183 1432 558 
5031 558 583 1183 623 
5032 558 623 1183 1432 
5033 818 1201 1001 1205 
5034 1201 176 568 299 
5035 1001 568 189 569 
5036 1205 299 569 80 
5037 1201 1001 1205 299 
5038 1201 299 568 1001 
5039 1001 1205 299 569 
5040 1001 569 299 568 
5041 115 403 1267 402 
5042 403 150 1269 364 
5043 1267 1269 794 1381 
5044 402 364 1381 151 
5045 403 1267 402 364 
5046 403 364 1269 1267 
5047 1267 402 364 1381 
5048 1267 1381 364 1269 
5049 705 1156 1030 942 
5050 1156 812 1157 1317 
5051 1030 1157 191 1358 
5052 942 1317 1358 814 
5053 1156 1030 942 1317 
5054 1156 1317 1157 1030 
5055 1030 942 1317 1358 
5056 1030 1358 1317 1157 
5057 641 1204 933 931 
5058 1204 197 621 1233 
5059 933 621 90 932 
5060 931 1233 932 822 
5061 1204 933 931 1233 
5062 1204 1233 621 933 
5063 933 931 1233 932 
5064 933 932 1233 621 
5065 134 1385 245 313 
5066 1385 812 1157 1158 
5067 245 1157 191 592 
5068 313 1158 592 168 
5069 1385 245 313 1158 
5070 1385 1158 1157 245 
5071 245 313 1158 592 
5072 245 592 1158 1157 
5073 108 869 380 381 
5074 869 797 1392 1391 
5075 380 1392 110 379 
5076 381 1391 379 109 
5077 869 380 381 1391 
5078 869 1391 1392 380 
5079 380 381 1391 379 
5080 380 379 1391 1392 
5081 174 865 541 1217 
5082 865 785 866 999 
5083 541 866 156 1024 
5084 1217 999 1024 815 
5085 865 541 1217 999 
5086 865 999 866 541 
5087 541 1217 999 1024 
5088 541 1024 999 866 
5089 787 1113 1115 1426 
5090 1113 789 1076 1322 
5091 1115 1076 145 1128 
5092 1426 1322 1128 801 
5093 1113 1115 1426 1322 
5094 1113 1322 1076 1115 
5095 1115 1426 1322 1128 
5096 1115 1128 1322 1076 
5097 127 242 201 1294 
5098 242 137 241 1212 
5099 201 241 75 1252 
5100 1294 1212 1252 793 
5101 242 201 1294 1212 
5102 242 1212 241 201 
5103 201 1294 1212 1252 
5104 201 1252 1212 241 
5105 812 1385 1157 1317 
5106 1385 134 245 1357 
5107 1157 245 191 1358 
5108 1317 1357 1358 814 
5109 1385 1157 1317 1357 
5110 1385 1357 245 1157 
5111 1157 1317 1357 1358 
5112 1157 1358 1357 245 
5113 811 1277 1280 1011 
5114 1277 812 1282 1410 
5115 1280 1282 813 1398 
5116 1011 1410 1398 802 
5117 1277 1280 1011 1410 
5118 1277 1410 1282 1280 
5119 1280 1011 1410 1398 
5120 1280 1398 1410 1282 
5121 795 1122 1297 1123 
5122 1122 796 1354 899 
5123 1297 1354 803 1270 
5124 1123 899 1270 794 
5125 1122 1297 1123 899 
5126 1122 899 1354 1297 
5127 1297 1123 899 1270 
5128 1297 1270 899 1354 
5129 797 1126 1125 1167 
5130 1126 796 899 898 
5131 1125 899 794 900 
5132 1167 898 900 788 
5133 1126 1125 1167 898 
5134 1126 898 899 1125 
5135 1125 1167 898 900 
5136 1125 900 898 899 
5137 120 363 436 1085 
5138 363 151 435 1337 
5139 436 435 133 1281 
5140 1085 1337 1281 813 
5141 363 436 1085 1337 
5142 363 1337 435 436 
5143 436 1085 1337 1281 
5144 436 1281 1337 435 
5145 131 204 1191 234 
5146 204 83 1304 233 
5147 1191 1304 816 1104 
5148 234 233 1104 132 
5149 204 1191 234 233 
5150 204 233 1304 1191 
5151 1191 234 233 1104 
5152 1191 1104 233 1304 
5153 98 1218 467 466 
5154 1218 798 864 1237 
5155 467 864 101 464 
5156 466 1237 464 146 
5157 1218 467 466 1237 
5158 1218 1237 864 467 
5159 467 466 1237 464 
5160 467 464 1237 864 
5161 97 924 477 445 
5162 924 798 1218 1237 
5163 477 1218 98 466 
5164 445 1237 466 146 
5165 924 477 445 1237 
5166 924 1237 1218 477 
5167 477 445 1237 466 
5168 477 466 1237 1218 
5169 807 1026 953 1027 
5170 1026 95 1436 506 
5171 953 1436 805 1365 
5172 1027 506 1365 92 
5173 1026 953 1027 506 
5174 1026 506 1436 953 
5175 953 1027 506 1365 
5176 953 1365 506 1436 
5177 787 1248 1393 1372 
5178 1248 797 869 1430 
5179 1393 869 108 441 
5180 1372 1430 441 142 
5181 1248 1393 1372 1430 
5182 1248 1430 869 1393 
5183 1393 1372 1430 441 
5184 1393 441 1430 869 
5185 797 870 869 1430 
5186 870 107 376 409 
5187 869 376 108 441 
5188 1430 409 441 142 
5189 870 869 1430 409 
5190 870 409 376 869 
5191 869 1430 409 441 
5192 869 441 409 376 
5193 139 216 1120 215 
5194 216 126 909 217 
5195 1120 909 791 906 
5196 215 217 906 119 
5197 216 1120 215 217 
5198 216 217 909 1120 
5199 1120 215 217 906 
5200 1120 906 217 909 
5201 787 1372 1403 1114 
5202 1372 142 411 367 
5203 1403 411 112 391 
5204 1114 367 391 144 
5205 1372 1403 1114 367 
5206 1372 367 411 1403 
5207 1403 1114 367 391 
5208 1403 391 367 411 
5209 139 279 237 1198 
5210 279 140 278 1172 
5211 237 278 123 1377 
5212 1198 1172 1377 804 
5213 279 237 1198 1172 
5214 279 1172 278 237 
5215 237 1198 1172 1377 
5216 237 1377 1172 278 
5217 787 1393 1403 1372 
5218 1393 108 395 441 
5219 1403 395 112 411 
5220 1372 441 411 142 
5221 1393 1403 1372 441 
5222 1393 441 395 1403 
5223 1403 1372 441 411 
5224 1403 411 441 395 
5225 108 380 1394 395 
5226 380 110 1039 388 
5227 1394 1039 790 1096 
5228 395 388 1096 112 
5229 380 1394 395 388 
5230 380 388 1039 1394 
5231 1394 395 388 1096 
5232 1394 1096 388 1039 
5233 186 1176 607 1173 
5234 1176 820 975 893 
5235 607 975 136 976 
5236 1173 893 976 804 
5237 1176 607 1173 893 
5238 1176 893 975 607 
5239 607 1173 893 976 
5240 607 976 893 975 
5241 787 1393 1059 1403 
5242 1393 108 1394 395 
5243 1059 1394 790 1096 
5244 1403 395 1096 112 
5245 1393 1059 1403 395 
5246 1393 395 1394 1059 
5247 1059 1403 395 1096 
5248 1059 1096 395 1394 
5249 86 887 266 267 
5250 887 820 974 975 
5251 266 974 153 265 
5252 267 975 265 136 
5253 887 266 267 975 
5254 887 975 974 266 
5255 266 267 975 265 
5256 266 265 975 974 
5257 806 951 952 989 
5258 951 807 953 1027 
5259 952 953 805 1365 
5260 989 1027 1365 92 
5261 951 952 989 1027 
5262 951 1027 953 952 
5263 952 989 1027 1365 
5264 952 1365 1027 953 
5265 174 552 1217 551 
5266 552 116 1000 465 
5267 1217 1000 815 1216 
5268 551 465 1216 146 
5269 552 1217 551 465 
5270 552 465 1000 1217 
5271 1217 551 465 1216 
5272 1217 1216 465 1000 
5273 156 470 495 1024 
5274 470 155 496 1038 
5275 495 496 147 967 
5276 1024 1038 967 815 
5277 470 495 1024 1038 
5278 470 1038 496 495 
5279 495 1024 1038 967 
5280 495 967 1038 496 
5281 163 1036 320 318 
5282 1036 808 1328 1081 
5283 320 1328 155 319 
5284 318 1081 319 164 
5285 1036 320 318 1081 
5286 1036 1081 1328 320 
5287 320 318 1081 319 
5288 320 319 1081 1328 
5289 629 650 916 642 
5290 650 627 918 649 
5291 916 918 822 1241 
5292 642 649 1241 632 
5293 650 916 642 649 
5294 650 649 918 916 
5295 916 642 649 1241 
5296 916 1241 649 918 
5297 95 393 1436 506 
5298 393 160 1368 534 
5299 1436 1368 805 1365 
5300 506 534 1365 92 
5301 393 1436 506 534 
5302 393 534 1368 1436 
5303 1436 506 534 1365 
5304 1436 1365 534 1368 
5305 118 517 1189 1097 
5306 517 152 1102 1092 
5307 1189 1102 791 1101 
5308 1097 1092 1101 804 
5309 517 1189 1097 1092 
5310 517 1092 1102 1189 
5311 1189 1097 1092 1101 
5312 1189 1101 1092 1102 
5313 798 1093 925 924 
5314 1093 94 485 492 
5315 925 485 154 504 
5316 924 492 504 97 
5317 1093 925 924 492 
5318 1093 492 485 925 
5319 925 924 492 504 
5320 925 504 492 485 
5321 85 317 281 913 
5322 317 192 296 1022 
5323 281 296 157 1300 
5324 913 1022 1300 822 
5325 317 281 913 1022 
5326 317 1022 296 281 
5327 281 913 1022 1300 
5328 281 1300 1022 296 
5329 45 583 46 1184 
5330 583 197 579 1185 
5331 46 579 1 663 
5332 1184 1185 663 625 
5333 583 46 1184 1185 
5334 583 1185 579 46 
5335 46 1184 1185 663 
5336 46 663 1185 579 
5337 823 1313 1253 1254 
5338 1313 166 1327 229 
5339 1253 1327 718 1239 
5340 1254 229 1239 79 
5341 1313 1253 1254 229 
5342 1313 229 1327 1253 
5343 1253 1254 229 1239 
5344 1253 1239 229 1327 
5345 115 481 1152 1267 
5346 481 100 986 1268 
5347 1152 986 803 1270 
5348 1267 1268 1270 794 
5349 481 1152 1267 1268 
5350 481 1268 986 1152 
5351 1152 1267 1268 1270 
5352 1152 1270 1268 986 
5353 160 539 1368 538 
5354 539 84 1034 525 
5355 1368 1034 805 1178 
5356 538 525 1178 91 
5357 539 1368 538 525 
5358 539 525 1034 1368 
5359 1368 538 525 1178 
5360 1368 1178 525 1034 
5361 82 311 1389 618 
5362 311 139 1198 617 
5363 1389 1198 804 1353 
5364 618 617 1353 200 
5365 311 1389 618 617 
5366 311 617 1198 1389 
5367 1389 618 617 1353 
5368 1389 1353 617 1198 
5369 175 462 416 1075 
5370 462 130 463 1320 
5371 416 463 145 1076 
5372 1075 1320 1076 789 
5373 462 416 1075 1320 
5374 462 1320 463 416 
5375 416 1075 1320 1076 
5376 416 1076 1320 463 
5377 821 1374 1174 1375 
5378 1374 82 1389 618 
5379 1174 1389 804 1353 
5380 1375 618 1353 200 
5381 1374 1174 1375 618 
5382 1374 618 1389 1174 
5383 1174 1375 618 1353 
5384 1174 1353 618 1389 
5385 141 1055 387 342 
5386 1055 787 1403 1115 
5387 387 1403 112 386 
5388 342 1115 386 145 
5389 1055 387 342 1115 
5390 1055 1115 1403 387 
5391 387 342 1115 386 
5392 387 386 1115 1403 
5393 139 311 1198 1196 
5394 311 82 1389 1132 
5395 1198 1389 804 1197 
5396 1196 1132 1197 808 
5397 311 1198 1196 1132 
5398 311 1132 1389 1198 
5399 1198 1196 1132 1197 
5400 1198 1197 1132 1389 
5401 789 1320 1076 1322 
5402 1320 130 463 1127 
5403 1076 463 145 1128 
5404 1322 1127 1128 801 
5405 1320 1076 1322 1127 
5406 1320 1127 463 1076 
5407 1076 1322 1127 1128 
5408 1076 1128 1127 463 
5409 820 887 944 1176 
5410 887 86 554 606 
5411 944 554 167 616 
5412 1176 606 616 186 
5413 887 944 1176 606 
5414 887 606 554 944 
5415 944 1176 606 616 
5416 944 616 606 554 
5417 163 328 320 1431 
5418 328 154 329 926 
5419 320 329 155 1038 
5420 1431 926 1038 815 
5421 328 320 1431 926 
5422 328 926 329 320 
5423 320 1431 926 1038 
5424 320 1038 926 329 
5425 819 1235 1343 1230 
5426 1235 628 1388 950 
5427 1343 1388 89 305 
5428 1230 950 305 167 
5429 1235 1343 1230 950 
5430 1235 950 1388 1343 
5431 1343 1230 950 305 
5432 1343 305 950 1388 
5433 800 1416 1238 1151 
5434 1416 95 1436 1417 
5435 1238 1436 805 1437 
5436 1151 1417 1437 803 
5437 1416 1238 1151 1417 
5438 1416 1417 1436 1238 
5439 1238 1151 1417 1437 
5440 1238 1437 1417 1436 
5441 812 1319 1414 1158 
5442 1319 823 1332 1422 
5443 1414 1332 719 1032 
5444 1158 1422 1032 168 
5445 1319 1414 1158 1422 
5446 1319 1422 1332 1414 
5447 1414 1158 1422 1032 
5448 1414 1032 1422 1332 
5449 807 1291 953 849 
5450 1291 800 1238 1151 
5451 953 1238 805 1437 
5452 849 1151 1437 803 
5453 1291 953 849 1151 
5454 1291 1151 1238 953 
5455 953 849 1151 1437 
5456 953 1437 1151 1238 
5457 95 1026 1436 1417 
5458 1026 807 953 849 
5459 1436 953 805 1437 
5460 1417 849 1437 803 
5461 1026 1436 1417 849 
5462 1026 849 953 1436 
5463 1436 1417 849 1437 
5464 1436 1437 849 953 
5465 789 1395 1161 1433 
5466 1395 784 1311 876 
5467 1161 1311 823 1369 
5468 1433 876 1369 816 
5469 1395 1161 1433 876 
5470 1395 876 1311 1161 
5471 1161 1433 876 1369 
5472 1161 1369 876 1311 
5473 641 694 933 1204 
5474 694 28 340 578 
5475 933 340 90 621 
5476 1204 578 621 197 
5477 694 933 1204 578 
5478 694 578 340 933 
5479 933 1204 578 621 
5480 933 621 578 340 
5481 819 1344 1273 1432 
5482 1344 822 1078 1080 
5483 1273 1078 43 559 
5484 1432 1080 559 180 
5485 1344 1273 1432 1080 
5486 1344 1080 1078 1273 
5487 1273 1432 1080 559 
5488 1273 559 1080 1078 
5489 822 931 1234 1242 
5490 931 641 696 701 
5491 1234 696 625 700 
5492 1242 701 700 633 
5493 931 1234 1242 701 
5494 931 701 696 1234 
5495 1234 1242 701 700 
5496 1234 700 701 696 
5497 806 1250 1251 1065 
5498 1250 137 241 219 
5499 1251 241 75 257 
5500 1065 219 257 37 
5501 1250 1251 1065 219 
5502 1250 219 241 1251 
5503 1251 1065 219 257 
5504 1251 257 219 241 
5505 633 1242 698 700 
5506 1242 822 1350 1234 
5507 698 1350 634 697 
5508 700 1234 697 625 
5509 1242 698 700 1234 
5510 1242 1234 1350 698 
5511 698 700 1234 697 
5512 698 697 1234 1350 
5513 822 1344 1350 1234 
5514 1344 819 1401 1186 
5515 1350 1401 634 697 
5516 1234 1186 697 625 
5517 1344 1350 1234 1186 
5518 1344 1186 1401 1350 
5519 1350 1234 1186 697 
5520 1350 697 1186 1401 
5521 162 232 1049 250 
5522 232 172 1243 249 
5523 1049 1243 626 1244 
5524 250 249 1244 190 
5525 232 1049 250 249 
5526 232 249 1243 1049 
5527 1049 250 249 1244 
5528 1049 1244 249 1243 
5529 632 1349 645 699 
5530 1349 821 1028 1009 
5531 645 1028 636 680 
5532 699 1009 680 634 
5533 1349 645 699 1009 
5534 1349 1009 1028 645 
5535 645 699 1009 680 
5536 645 680 1009 1028 
5537 45 1194 1184 46 
5538 1194 635 662 661 
5539 1184 662 625 663 
5540 46 661 663 1 
5541 1194 1184 46 661 
5542 1194 661 662 1184 
5543 1184 46 661 663 
5544 1184 663 661 662 
5545 45 584 1194 46 
5546 584 198 1181 580 
5547 1194 1181 635 661 
5548 46 580 661 1 
5549 584 1194 46 580 
5550 584 580 1181 1194 
5551 1194 46 580 661 
5552 1194 661 580 1181 
5553 632 1349 1241 643 
5554 1349 821 1351 1438 
5555 1241 1351 822 1370 
5556 643 1438 1370 626 
5557 1349 1241 643 1438 
5558 1349 1438 1351 1241 
5559 1241 643 1438 1370 
5560 1241 1370 1438 1351 
5561 16 15 666 597 
5562 15 14 667 598 
5563 666 667 626 1244 
5564 597 598 1244 190 
5565 15 666 597 598 
5566 15 598 667 666 
5567 666 597 598 1244 
5568 666 1244 598 667 
5569 821 1229 1009 1351 
5570 1229 819 1401 1344 
5571 1009 1401 634 1350 
5572 1351 1344 1350 822 
5573 1229 1009 1351 1344 
5574 1229 1344 1401 1009 
5575 1009 1351 1344 1350 
5576 1009 1350 1344 1401 
5577 818 1116 1201 1205 
5578 1116 194 298 297 
5579 1201 298 176 299 
5580 1205 297 299 80 
5581 1116 1201 1205 297 
5582 1116 297 298 1201 
5583 1201 1205 297 299 
5584 1201 299 297 298 
5585 196 619 622 830 
5586 619 88 303 828 
5587 622 303 177 1202 
5588 830 828 1202 825 
5589 619 622 830 828 
5590 619 828 303 622 
5591 622 830 828 1202 
5592 622 1202 828 303 
5593 150 418 1269 365 
5594 418 105 1419 419 
5595 1269 1419 794 1089 
5596 365 419 1089 120 
5597 418 1269 365 419 
5598 418 419 1419 1269 
5599 1269 365 419 1089 
5600 1269 1089 419 1419 
5601 107 409 1087 1086 
5602 409 142 1435 1427 
5603 1087 1435 794 1088 
5604 1086 1427 1088 813 
5605 409 1087 1086 1427 
5606 409 1427 1435 1087 
5607 1087 1086 1427 1088 
5608 1087 1088 1427 1435 
5609 88 324 209 827 
5610 324 70 323 773 
5611 209 323 165 1316 
5612 827 773 1316 720 
5613 324 209 827 773 
5614 324 773 323 209 
5615 209 827 773 1316 
5616 209 1316 773 323 
5617 638 688 657 1155 
5618 688 16 666 597 
5619 657 666 626 1244 
5620 1155 597 1244 190 
5621 688 657 1155 597 
5622 688 597 666 657 
5623 657 1155 597 1244 
5624 657 1244 597 666 
5625 786 1060 1439 1149 
5626 1060 787 1115 1426 
5627 1439 1115 145 1128 
5628 1149 1426 1128 801 
5629 1060 1439 1149 1426 
5630 1060 1426 1115 1439 
5631 1439 1149 1426 1128 
5632 1439 1128 1426 1115 
5633 128 972 341 1129 
5634 972 786 1439 1149 
5635 341 1439 145 1128 
5636 1129 1149 1128 801 
5637 972 341 1129 1149 
5638 972 1149 1439 341 
5639 341 1129 1149 1128 
5640 341 1128 1149 1439 
5641 786 972 1439 1060 
5642 972 128 341 1335 
5643 1439 341 145 1115 
5644 1060 1335 1115 787 
5645 972 1439 1060 1335 
5646 972 1335 341 1439 
5647 1439 1060 1335 1115 
5648 1439 1115 1335 341 
5649 175 1075 1160 1367 
5650 1075 789 1161 1433 
5651 1160 1161 823 1369 
5652 1367 1433 1369 816 
5653 1075 1160 1367 1433 
5654 1075 1433 1161 1160 
5655 1160 1367 1433 1369 
5656 1160 1369 1433 1161 
5657 70 763 323 773 
5658 763 716 1016 782 
5659 323 1016 165 1316 
5660 773 782 1316 720 
5661 763 323 773 782 
5662 763 782 1016 323 
5663 323 773 782 1316 
5664 323 1316 782 1016 
5665 165 1016 1118 1316 
5666 1016 716 1348 782 
5667 1118 1348 825 829 
5668 1316 782 829 720 
5669 1016 1118 1316 782 
5670 1016 782 1348 1118 
5671 1118 1316 782 829 
5672 1118 829 782 1348 
5673 817 1141 981 1144 
5674 1141 87 1142 260 
5675 981 1142 816 1191 
5676 1144 260 1191 131 
5677 1141 981 1144 260 
5678 1141 260 1142 981 
5679 981 1144 260 1191 
5680 981 1191 260 1142 
5681 789 1322 1411 1433 
5682 1322 801 1314 1305 
5683 1411 1314 802 878 
5684 1433 1305 878 816 
5685 1322 1411 1433 1305 
5686 1322 1305 1314 1411 
5687 1411 1433 1305 878 
5688 1411 878 1305 1314 
5689 95 505 1417 452 
5690 505 94 851 494 
5691 1417 851 803 1107 
5692 452 494 1107 96 
5693 505 1417 452 494 
5694 505 494 851 1417 
5695 1417 452 494 1107 
5696 1417 1107 494 851 
5697 784 1395 873 876 
5698 1395 789 1411 1433 
5699 873 1411 802 878 
5700 876 1433 878 816 
5701 1395 873 876 1433 
5702 1395 1433 1411 873 
5703 873 876 1433 878 
5704 873 878 1433 1411 
5705 130 462 1366 1127 
5706 462 175 1367 1321 
5707 1366 1367 816 1305 
5708 1127 1321 1305 801 
5709 462 1366 1127 1321 
5710 462 1321 1367 1366 
5711 1366 1127 1321 1305 
5712 1366 1305 1321 1367 
5713 141 1055 1058 387 
5714 1055 787 1059 1403 
5715 1058 1059 790 1096 
5716 387 1403 1096 112 
5717 1055 1058 387 1403 
5718 1055 1403 1059 1058 
5719 1058 387 1403 1096 
5720 1058 1096 1403 1059 
5721 787 1372 1114 1113 
5722 1372 142 367 1373 
5723 1114 367 144 1077 
5724 1113 1373 1077 789 
5725 1372 1114 1113 1373 
5726 1372 1373 367 1114 
5727 1114 1113 1373 1077 
5728 1114 1077 1373 367 
5729 627 918 681 685 
5730 918 822 1242 935 
5731 681 1242 633 702 
5732 685 935 702 637 
5733 918 681 685 935 
5734 918 935 1242 681 
5735 681 685 935 702 
5736 681 702 935 1242 
5737 788 1371 1307 1413 
5738 1371 142 1373 1402 
5739 1307 1373 789 1396 
5740 1413 1402 1396 812 
5741 1371 1307 1413 1402 
5742 1371 1402 1373 1307 
5743 1307 1413 1402 1396 
5744 1307 1396 1402 1373 
5745 627 1021 918 685 
5746 1021 192 1022 1259 
5747 918 1022 822 935 
5748 685 1259 935 637 
5749 1021 918 685 1259 
5750 1021 1259 1022 918 
5751 918 685 1259 935 
5752 918 935 1259 1022 
5753 121 449 453 1356 
5754 449 120 436 1085 
5755 453 436 133 1281 
5756 1356 1085 1281 813 
5757 449 453 1356 1085 
5758 449 1085 436 453 
5759 453 1356 1085 1281 
5760 453 1281 1085 436 
5761 822 1022 932 935 
5762 1022 192 295 1259 
5763 932 295 90 934 
5764 935 1259 934 637 
5765 1022 932 935 1259 
5766 1022 1259 295 932 
5767 932 935 1259 934 
5768 932 934 1259 295 
5769 818 854 1012 856 
5770 854 800 1047 855 
5771 1012 1047 802 1398 
5772 856 855 1398 813 
5773 854 1012 856 855 
5774 854 855 1047 1012 
5775 1012 856 855 1398 
5776 1012 1398 855 1047 
5777 811 1010 1011 1280 
5778 1010 818 1012 856 
5779 1011 1012 802 1398 
5780 1280 856 1398 813 
5781 1010 1011 1280 856 
5782 1010 856 1012 1011 
5783 1011 1280 856 1398 
5784 1011 1398 856 1012 
5785 802 1070 1014 874 
5786 1070 33 1020 1017 
5787 1014 1020 825 998 
5788 874 1017 998 824 
5789 1070 1014 874 1017 
5790 1070 1017 1020 1014 
5791 1014 874 1017 998 
5792 1014 998 1017 1020 
5793 184 609 515 1400 
5794 609 151 475 1399 
5795 515 475 125 1408 
5796 1400 1399 1408 811 
5797 609 515 1400 1399 
5798 609 1399 475 515 
5799 515 1400 1399 1408 
5800 515 1408 1399 475 
5801 188 1428 593 1271 
5802 1428 629 664 655 
5803 593 664 20 686 
5804 1271 655 686 631 
5805 1428 593 1271 655 
5806 1428 655 664 593 
5807 593 1271 655 686 
5808 593 686 655 664 
5809 188 593 1428 223 
5810 593 20 664 429 
5811 1428 664 629 960 
5812 223 429 960 76 
5813 593 1428 223 429 
5814 593 429 664 1428 
5815 1428 223 429 960 
5816 1428 960 429 664 
5817 637 934 683 1259 
5818 934 90 339 295 
5819 683 339 26 596 
5820 1259 295 596 192 
5821 934 683 1259 295 
5822 934 295 339 683 
5823 683 1259 295 596 
5824 683 596 295 339 
5825 637 683 934 703 
5826 683 26 339 695 
5827 934 339 90 933 
5828 703 695 933 641 
5829 683 934 703 695 
5830 683 695 339 934 
5831 934 703 695 933 
5832 934 933 695 339 
5833 629 1347 665 658 
5834 1347 172 421 837 
5835 665 421 18 687 
5836 658 837 687 638 
5837 1347 665 658 837 
5838 1347 837 421 665 
5839 665 658 837 687 
5840 665 687 837 421 
5841 629 665 1347 960 
5842 665 18 421 422 
5843 1347 421 172 406 
5844 960 422 406 76 
5845 665 1347 960 422 
5846 665 422 421 1347 
5847 1347 960 422 406 
5848 1347 406 422 421 
5849 783 1257 1310 1386 
5850 1257 805 1440 1068 
5851 1310 1440 788 1397 
5852 1386 1068 1397 802 
5853 1257 1310 1386 1068 
5854 1257 1068 1440 1310 
5855 1310 1386 1068 1397 
5856 1310 1397 1068 1440 
5857 783 1310 1257 1256 
5858 1310 788 1440 1288 
5859 1257 1440 805 953 
5860 1256 1288 953 807 
5861 1310 1257 1256 1288 
5862 1310 1288 1440 1257 
5863 1257 1256 1288 953 
5864 1257 953 1288 1440 
5865 800 901 1238 1047 
5866 901 788 1440 1397 
5867 1238 1440 805 1068 
5868 1047 1397 1068 802 
5869 901 1238 1047 1397 
5870 901 1397 1440 1238 
5871 1238 1047 1397 1068 
5872 1238 1068 1397 1440 
5873 800 1238 901 1291 
5874 1238 805 1440 953 
5875 901 1440 788 1288 
5876 1291 953 1288 807 
5877 1238 901 1291 953 
5878 1238 953 1440 901 
5879 901 1291 953 1288 
5880 901 1288 953 1440 
5881 35 1175 218 261 
5882 1175 802 1209 1192 
5883 218 1209 137 248 
5884 261 1192 248 83 
5885 1175 218 261 1192 
5886 1175 1192 1209 218 
5887 218 261 1192 248 
5888 218 248 1192 1209 
5889 137 1209 218 1210 
5890 1209 802 1175 1068 
5891 218 1175 35 1035 
5892 1210 1068 1035 805 
5893 1209 218 1210 1068 
5894 1209 1068 1175 218 
5895 218 1210 1068 1035 
5896 218 1035 1068 1175 
5897 809 1180 1418 1179 
5898 1180 154 485 484 
5899 1418 485 94 486 
5900 1179 484 486 93 
5901 1180 1418 1179 484 
5902 1180 484 485 1418 
5903 1418 1179 484 486 
5904 1418 486 484 485 
5905 94 485 1418 847 
5906 485 154 1180 1005 
5907 1418 1180 809 1302 
5908 847 1005 1302 810 
5909 485 1418 847 1005 
5910 485 1005 1180 1418 
5911 1418 847 1005 1302 
5912 1418 1302 1005 1180 
5913 165 208 1118 214 
5914 208 178 1362 213 
5915 1118 1362 825 1117 
5916 214 213 1117 194 
5917 208 1118 214 213 
5918 208 213 1362 1118 
5919 1118 214 213 1117 
5920 1118 1117 213 1362 
5921 165 1118 208 209 
5922 1118 825 1362 828 
5923 208 1362 178 207 
5924 209 828 207 88 
5925 1118 208 209 828 
5926 1118 828 1362 208 
5927 208 209 828 207 
5928 208 207 828 1362 
5929 80 1206 1205 872 
5930 1206 710 1376 734 
5931 1205 1376 818 1346 
5932 872 734 1346 706 
5933 1206 1205 872 734 
5934 1206 734 1376 1205 
5935 1205 872 734 1346 
5936 1205 1346 734 1376 
5937 818 1376 1205 1002 
5938 1376 710 1206 1207 
5939 1205 1206 80 384 
5940 1002 1207 384 169 
5941 1376 1205 1002 1207 
5942 1376 1207 1206 1205 
5943 1205 1002 1207 384 
5944 1205 384 1207 1206 
5945 174 865 552 615 
5946 865 785 879 1098 
5947 552 879 116 611 
5948 615 1098 611 182 
5949 865 552 615 1098 
5950 865 1098 879 552 
5951 552 615 1098 611 
5952 552 611 1098 879 
5953 174 552 865 1217 
5954 552 116 879 1000 
5955 865 879 785 999 
5956 1217 1000 999 815 
5957 552 865 1217 1000 
5958 552 1000 879 865 
5959 865 1217 1000 999 
5960 865 999 1000 879 
5961 788 1413 1397 1383 
5962 1413 812 1410 1282 
5963 1397 1410 802 1398 
5964 1383 1282 1398 813 
5965 1413 1397 1383 1282 
5966 1413 1282 1410 1397 
5967 1397 1383 1282 1398 
5968 1397 1398 1282 1410 
5969 788 1397 1413 1310 
5970 1397 802 1410 1386 
5971 1413 1410 812 1409 
5972 1310 1386 1409 783 
5973 1397 1413 1310 1386 
5974 1397 1386 1410 1413 
5975 1413 1310 1386 1409 
5976 1413 1409 1386 1410 
5977 815 1221 1025 1004 
5978 1221 804 1425 1197 
5979 1025 1425 822 1083 
5980 1004 1197 1083 808 
5981 1221 1025 1004 1197 
5982 1221 1197 1425 1025 
5983 1025 1004 1197 1083 
5984 1025 1083 1197 1425 
5985 815 1025 1221 999 
5986 1025 822 1425 959 
5987 1221 1425 804 890 
5988 999 959 890 785 
5989 1025 1221 999 959 
5990 1025 959 1425 1221 
5991 1221 999 959 890 
5992 1221 890 959 1425 
5993 142 1435 1430 409 
5994 1435 794 1125 1087 
5995 1430 1125 797 870 
5996 409 1087 870 107 
5997 1435 1430 409 1087 
5998 1435 1087 1125 1430 
5999 1430 409 1087 870 
6000 1430 870 1087 1125 
6001 142 1430 1435 1371 
6002 1430 797 1125 1167 
6003 1435 1125 794 900 
6004 1371 1167 900 788 
6005 1430 1435 1371 1167 
6006 1430 1167 1125 1435 
6007 1435 1371 1167 900 
6008 1435 900 1167 1125 
6009 188 1404 590 573 
6010 1404 627 672 1023 
6011 590 672 22 371 
6012 573 1023 371 85 
6013 1404 590 573 1023 
6014 1404 1023 672 590 
6015 590 573 1023 371 
6016 590 371 1023 672 
6017 188 590 1404 1271 
6018 590 22 672 692 
6019 1404 672 627 656 
6020 1271 692 656 631 
6021 590 1404 1271 692 
6022 590 692 672 1404 
6023 1404 1271 692 656 
6024 1404 656 692 672 
6025 814 1324 1336 1325 
6026 1324 133 566 1279 
6027 1336 566 184 1400 
6028 1325 1279 1400 811 
6029 1324 1336 1325 1279 
6030 1324 1279 566 1336 
6031 1336 1325 1279 1400 
6032 1336 1400 1279 566 
6033 814 1336 1324 1326 
6034 1336 184 566 565 
6035 1324 566 133 226 
6036 1326 565 226 78 
6037 1336 1324 1326 565 
6038 1336 565 566 1324 
6039 1324 1326 565 226 
6040 1324 226 565 566 
6041 626 1370 992 1438 
6042 1370 822 1441 1351 
6043 992 1441 820 1162 
6044 1438 1351 1162 821 
6045 1370 992 1438 1351 
6046 1370 1351 1441 992 
6047 992 1438 1351 1162 
6048 992 1162 1351 1441 
6049 626 992 1370 1050 
6050 992 820 1441 894 
6051 1370 1441 822 959 
6052 1050 894 959 785 
6053 992 1370 1050 894 
6054 992 894 1441 1370 
6055 1370 1050 894 959 
6056 1370 959 894 1441 
6057 804 893 1425 1174 
6058 893 820 1441 1162 
6059 1425 1441 822 1351 
6060 1174 1162 1351 821 
6061 893 1425 1174 1162 
6062 893 1162 1441 1425 
6063 1425 1174 1162 1351 
6064 1425 1351 1162 1441 
6065 804 1425 893 890 
6066 1425 822 1441 959 
6067 893 1441 820 894 
6068 890 959 894 785 
6069 1425 893 890 959 
6070 1425 959 1441 893 
6071 893 890 959 894 
6072 893 894 959 1441 
6073 821 1438 1028 1162 
6074 1438 626 646 992 
6075 1028 646 636 993 
6076 1162 992 993 820 
6077 1438 1028 1162 992 
6078 1438 992 646 1028 
6079 1028 1162 992 993 
6080 1028 993 992 646 
6081 636 646 1028 645 
6082 646 626 1438 643 
6083 1028 1438 821 1349 
6084 645 643 1349 632 
6085 646 1028 645 643 
6086 646 643 1438 1028 
6087 1028 645 643 1349 
6088 1028 1349 643 1438 
6089 149 1434 394 392 
6090 1434 805 1436 1368 
6091 394 1436 95 393 
6092 392 1368 393 160 
6093 1434 394 392 1368 
6094 1434 1368 1436 394 
6095 394 392 1368 393 
6096 394 393 1368 1436 
6097 95 1436 394 1416 
6098 1436 805 1434 1238 
6099 394 1434 149 1052 
6100 1416 1238 1052 800 
6101 1436 394 1416 1238 
6102 1436 1238 1434 394 
6103 394 1416 1238 1052 
6104 394 1052 1238 1434 
6105 822 1405 913 918 
6106 1405 188 573 1404 
6107 913 573 85 1023 
6108 918 1404 1023 627 
6109 1405 913 918 1404 
6110 1405 1404 573 913 
6111 913 918 1404 1023 
6112 913 1023 1404 573 
6113 85 573 913 300 
6114 573 188 1405 222 
6115 913 1405 822 915 
6116 300 222 915 158 
6117 573 913 300 222 
6118 573 222 1405 913 
6119 913 300 222 915 
6120 913 915 222 1405 
6121 188 1405 223 1428 
6122 1405 822 961 916 
6123 223 961 76 960 
6124 1428 916 960 629 
6125 1405 223 1428 916 
6126 1405 916 961 223 
6127 223 1428 916 960 
6128 223 960 916 961 
6129 188 223 1405 222 
6130 223 76 961 212 
6131 1405 961 822 915 
6132 222 212 915 158 
6133 223 1405 222 212 
6134 223 212 961 1405 
6135 1405 222 212 915 
6136 1405 915 212 961 
$EndElements
