$MeshFormat
4.1 0 8
$EndMeshFormat
$PhysicalNames
1
3 1 "Resonator"
$EndPhysicalNames
$Entities
2 3 3 1
1 0.0127 -3.110602869834277e-18 0.01 0 
2 0.0127 -3.110602869834277e-18 -0.01 0 
1 -0.0127001 -0.0127001 0.009999900000000001 0.0127001 0.0127001 0.0100001 0 2 1 -1 
2 0.0126999 -1.000000000031106e-07 -0.0100001 0.0127001 9.999999999688939e-08 0.0100001 0 2 2 -1 
3 -0.0127001 -0.0127001 -0.0100001 0.0127001 0.0127001 -0.009999900000000001 0 2 2 -2 
1 -0.0127001 -0.0127001 -0.0100001 0.0127001 0.0127001 0.0100001 0 4 -1 -2 3 2 
2 -0.0127001 -0.0127001 0.009999900000000001 0.0127001 0.0127001 0.0100001 0 1 1 
3 -0.0127001 -0.0127001 -0.0100001 0.0127001 0.0127001 -0.009999900000000001 0 1 3 
1 -0.0127001 -0.0127001 -0.0100001 0.0127001 0.0127001 0.0100001 1 1 3 1 2 -3 
$EndEntities
$Nodes
9 1420 1 1420
0 1 0 1
1
0.0127 -3.110602869834277e-18 0.01
0 2 0 1
2
0.0127 -3.110602869834277e-18 -0.01
1 1 0 39
3
4
5
6
7
8
9
10
11
12
13
14
15
16
17
18
19
20
21
22
23
24
25
26
27
28
29
30
31
32
33
34
35
36
37
38
39
40
41
0.01254364192555825 0.00198671770601093 0.01
0.01207841775694845 0.003924515828561829 0.01
0.01131578285719227 0.005765679346692241 0.01
0.01027451582856183 0.007464872704114406 0.01
0.008980256121069155 0.00898025612106915 0.01
0.00746487270411441 0.01027451582856183 0.01
0.005765679346692247 0.01131578285719227 0.01
0.003924515828561838 0.01207841775694845 0.01
0.001986717706010944 0.01254364192555825 0.01
1.487748313019806e-17 0.0127 0.01
-0.001986717706010911 0.01254364192555825 0.01
-0.00392451582856181 0.01207841775694846 0.01
-0.005765679346692223 0.01131578285719228 0.01
-0.007464872704114385 0.01027451582856185 0.01
-0.008980256121069128 0.008980256121069178 0.01
-0.01027451582856181 0.007464872704114437 0.01
-0.01131578285719226 0.00576567934669227 0.01
-0.01207841775694844 0.003924515828561855 0.01
-0.01254364192555824 0.001986717706010956 0.01
-0.0127 1.847510033020452e-17 0.01
-0.01254364192555825 -0.001986717706010919 0.01
-0.01207841775694845 -0.00392451582856183 0.01
-0.01131578285719227 -0.005765679346692252 0.01
-0.01027451582856182 -0.007464872704114421 0.01
-0.008980256121069138 -0.008980256121069168 0.01
-0.007464872704114392 -0.01027451582856184 0.01
-0.005765679346692216 -0.01131578285719229 0.01
-0.003924515828561802 -0.01207841775694846 0.01
-0.00198671770601089 -0.01254364192555825 0.01
4.278651156839065e-17 -0.0127 0.01
0.001986717706010985 -0.01254364192555824 0.01
0.003924515828561883 -0.01207841775694843 0.01
0.005765679346692292 -0.01131578285719225 0.01
0.007464872704114453 -0.0102745158285618 0.01
0.00898025612106919 -0.008980256121069115 0.01
0.01027451582856186 -0.007464872704114374 0.01
0.01131578285719228 -0.005765679346692226 0.01
0.01207841775694845 -0.003924515828561835 0.01
0.01254364192555825 -0.001986717706010935 0.01
1 2 0 9
42
43
44
45
46
47
48
49
50
0.0127 -3.110602869834277e-18 -0.007999999999999997
0.0127 -3.110602869834277e-18 -0.005999999999999993
0.0127 -3.110602869834277e-18 -0.003999999999999994
0.0127 -3.110602869834277e-18 -0.001999999999999995
0.0127 -3.110602869834277e-18 3.469446951953614e-18
0.0127 -3.110602869834277e-18 0.002000000000000004
0.0127 -3.110602869834277e-18 0.004000000000000002
0.0127 -3.110602869834277e-18 0.006
0.0127 -3.110602869834277e-18 0.008000000000000002
1 3 0 39
51
52
53
54
55
56
57
58
59
60
61
62
63
64
65
66
67
68
69
70
71
72
73
74
75
76
77
78
79
80
81
82
83
84
85
86
87
88
89
0.01254364192555825 0.00198671770601093 -0.01
0.01207841775694845 0.003924515828561829 -0.01
0.01131578285719227 0.005765679346692241 -0.01
0.01027451582856183 0.007464872704114406 -0.01
0.008980256121069155 0.00898025612106915 -0.01
0.00746487270411441 0.01027451582856183 -0.01
0.005765679346692247 0.01131578285719227 -0.01
0.003924515828561838 0.01207841775694845 -0.01
0.001986717706010944 0.01254364192555825 -0.01
1.487748313019806e-17 0.0127 -0.01
-0.001986717706010911 0.01254364192555825 -0.01
-0.00392451582856181 0.01207841775694846 -0.01
-0.005765679346692223 0.01131578285719228 -0.01
-0.007464872704114385 0.01027451582856185 -0.01
-0.008980256121069128 0.008980256121069178 -0.01
-0.01027451582856181 0.007464872704114437 -0.01
-0.01131578285719226 0.00576567934669227 -0.01
-0.01207841775694844 0.003924515828561855 -0.01
-0.01254364192555824 0.001986717706010956 -0.01
-0.0127 1.847510033020452e-17 -0.01
-0.01254364192555825 -0.001986717706010919 -0.01
-0.01207841775694845 -0.00392451582856183 -0.01
-0.01131578285719227 -0.005765679346692252 -0.01
-0.01027451582856182 -0.007464872704114421 -0.01
-0.008980256121069138 -0.008980256121069168 -0.01
-0.007464872704114392 -0.01027451582856184 -0.01
-0.005765679346692216 -0.01131578285719229 -0.01
-0.003924515828561802 -0.01207841775694846 -0.01
-0.00198671770601089 -0.01254364192555825 -0.01
4.278651156839065e-17 -0.0127 -0.01
0.001986717706010985 -0.01254364192555824 -0.01
0.003924515828561883 -0.01207841775694843 -0.01
0.005765679346692292 -0.01131578285719225 -0.01
0.007464872704114453 -0.0102745158285618 -0.01
0.00898025612106919 -0.008980256121069115 -0.01
0.01027451582856186 -0.007464872704114374 -0.01
0.01131578285719228 -0.005765679346692226 -0.01
0.01207841775694845 -0.003924515828561835 -0.01
0.01254364192555825 -0.001986717706010935 -0.01
2 1 0 447
90
91
92
93
94
95
96
97
98
99
100
101
102
103
104
105
106
107
108
109
110
111
112
113
114
115
116
117
118
119
120
121
122
123
124
125
126
127
128
129
130
131
132
133
134
135
136
137
138
139
140
141
142
143
144
145
146
147
148
149
150
151
152
153
154
155
156
157
158
159
160
161
162
163
164
165
166
167
168
169
170
171
172
173
174
175
176
177
178
179
180
181
182
183
184
185
186
187
188
189
190
191
192
193
194
195
196
197
198
199
200
201
202
203
204
205
206
207
208
209
210
211
212
213
214
215
216
217
218
219
220
221
222
223
224
225
226
227
228
229
230
231
232
233
234
235
236
237
238
239
240
241
242
243
244
245
246
247
248
249
250
251
252
253
254
255
256
257
258
259
260
261
262
263
264
265
266
267
268
269
270
271
272
273
274
275
276
277
278
279
280
281
282
283
284
285
286
287
288
289
290
291
292
293
294
295
296
297
298
299
300
301
302
303
304
305
306
307
308
309
310
311
312
313
314
315
316
317
318
319
320
321
322
323
324
325
326
327
328
329
330
331
332
333
334
335
336
337
338
339
340
341
342
343
344
345
346
347
348
349
350
351
352
353
354
355
356
357
358
359
360
361
362
363
364
365
366
367
368
369
370
371
372
373
374
375
376
377
378
379
380
381
382
383
384
385
386
387
388
389
390
391
392
393
394
395
396
397
398
399
400
401
402
403
404
405
406
407
408
409
410
411
412
413
414
415
416
417
418
419
420
421
422
423
424
425
426
427
428
429
430
431
432
433
434
435
436
437
438
439
440
441
442
443
444
445
446
447
448
449
450
451
452
453
454
455
456
457
458
459
460
461
462
463
464
465
466
467
468
469
470
471
472
473
474
475
476
477
478
479
480
481
482
483
484
485
486
487
488
489
490
491
492
493
494
495
496
497
498
499
500
501
502
503
504
505
506
507
508
509
510
511
512
513
514
515
516
517
518
519
520
521
522
523
524
525
526
527
528
529
530
531
532
533
534
535
536
-0.005765679346692223 0.01131578285719228 -0.006562458162772584
0.001986717706010941 0.01254364192555825 0.006562458162772586
0.005765679346692292 -0.01131578285719225 0.006562458162772582
-0.0112674959816978 0.00585948242615539 0.006341660734313708
-0.008980256121069138 -0.008980256121069168 -0.006562458162772573
-0.01253275355501641 -0.002054285357301558 0.006866317754474513
-0.001539094703885693 -0.01260639470635721 0.005726559639740758
0.01222755905511807 0.003431734190405788 5.204170427930421e-18
0.008980256121069183 -0.008980256121069122 -0.006562458162772601
0.005765679346692247 0.01131578285719227 -0.006562458162772582
0.002018856690541214 -0.01253850938760493 -0.006717345480367967
-0.01255702719159114 0.001900281060696205 -0.006167689111248384
-0.005765679346692218 0.01131578285719228 0.006562458162772586
-0.009077856226550983 -0.008881583548561006 0.00624586568282731
0.01222755905511789 -0.003431734190406422 5.204170427930421e-18
0.008980256121069155 0.00898025612106915 0.00656245816277082
0.01122967237487759 -0.005931648873029422 0.00617660294988768
0.01122963586935293 0.005931717984002791 -0.006177557905189243
0.01222806817452375 -0.00342991963742584 -0.003996766203822913
0.01084988775870222 -0.006600752655838857 -0.001999997789052833
0.0108488907688448 -0.006602391164243003 0.001988451461779872
0.008673535287545752 -0.009276841359843262 -7.416096869493002e-06
0.008671190153363354 -0.009279033426182621 0.003973376793687462
0.005852196160119861 -0.01127128209670392 0.001683124229937568
0.00583583519082012 -0.01127976186032247 -0.001307847775228094
0.002619491560503776 -0.0124269169130742 -1.088957931728689e-05
0.002567075422073801 -0.01243785044842495 0.003332058886221173
-0.0008453341011055424 -0.01267183531527727 0.001508551123252986
-0.004626393952191322 -0.0118273614555034 0.003217188037696717
-0.003907215875552719 -0.01208402516141988 -0.0004819680009735053
-0.007281025205022981 -0.01040560771717924 0.0008156796096134115
-0.006637526253541224 -0.01082743022298232 -0.003085799386359858
-0.009493151417502021 -0.008436235900232956 -0.002430652686081619
-0.01122777018614956 -0.005935248659240067 -0.004731532197757346
-0.0116229578837608 -0.005118285849024334 -0.0008025798506414265
-0.003230639686621423 -0.01228222159119541 -0.003987132937763857
-0.01248195215321354 -0.0023432606438226 -0.003535290623606645
-0.01261312344140757 -0.001482942025776769 4.773678536588825e-05
-0.01000832341346766 -0.007818149554174245 0.002103105680245158
-0.01260426003486243 0.001556479673355751 -0.002168764436152647
-0.0116722755761386 0.005004795987318392 -0.003713997877204165
-0.01182443398497135 0.004633871052916189 -0.0003565626153653866
-0.01003999634417335 0.007777433600422809 -0.001691746096383425
-0.01029328770324063 0.00743896688111429 0.002260103253609057
-0.007574419671980438 0.01019402602668424 0.0003119321887351603
-0.009979239369582183 0.007855239118230646 -0.00512145104629178
-0.01192076177892288 -0.004380118561200293 0.00297374728400392
0.01222801438517936 0.003430111397002519 0.003997107943913602
0.01084925927722944 0.006601785602051225 0.00199999835132162
0.01084839529946743 0.006603205238858854 -0.001990082917743575
0.008671358058950928 0.009278876516770056 6.381440699431556e-06
0.008669514694891276 0.00928059884679131 -0.003976114095388833
0.005824783106533437 0.01128547304111984 -0.002502769667873208
0.002522355434399953 0.01244699654786459 -0.003488820114758479
0.002469690751413276 0.0124575530338981 -0.0001824078681585406
-0.000965011438288629 0.01266328365488083 -0.001554261999688174
-0.000996440008221691 0.01266084939133292 0.001009188088283203
0.005684511248890321 0.01135677471209319 0.00225783235203587
-0.004334027498574023 0.01193759630920749 -0.0003806207971985536
0.005781989838560153 -0.01130745742891774 -0.005417598899680234
-0.009075725259960079 0.008883761084457559 0.006465652888370638
-0.01254315762489669 0.001989773051630744 0.006641100431873064
-0.00172361061465304 0.01258249444462645 -0.00587326344269014
-0.002106790270231651 0.01252403428441719 0.007102274817669721
0.005745220876399964 0.01132618369449207 0.005661006367706412
-0.00747351565043724 0.0102682308029509 -0.003228242518968716
-0.01129098496520037 -0.005814091374894193 0.006356936063507452
0.01225769490687522 -0.003322486353616109 0.00380542652648857
0.01225769490687668 0.003322486353610718 -0.003805426526481001
0.01121589790158739 -0.005957653419020581 -0.006155732819074057
0.01121580554346585 0.005957827289470604 0.006156493004223879
-0.005900536758880896 -0.01124605112726664 -0.006734585645888247
-0.005715522827103994 -0.0113411991787841 0.006431214388053599
-0.004259340046836345 0.01196444826832463 0.003284049862977362
-0.0005439319739222894 -0.01268834654349198 -0.001846377013212075
-0.01207555222895301 0.003933324086040692 0.003196568304628134
-0.0127 1.283516736510873e-17 0.003605504860291663
-0.01254364192555825 -0.001986717706010919 -0.007069486217903922
-0.003932388090381006 0.01207585706716627 -0.003775362075705353
0.002574884489922433 0.01243623616145805 0.002778812104833403
0.00840047775757299 0.009524808315368949 0.002886196920419163
0.002836147065771224 -0.01237926774172517 -0.00296678236703375
0.008980256121069183 -0.008980256121069122 0.007306063797546542
0.008980256121069155 0.00898025612106915 -0.007307413710947856
0.008443196224568822 -0.009486961447872904 -0.002949416561033332
-0.01135210894472934 0.005693823188947493 -0.007279086615575618
-0.007464872704114389 0.01027451582856185 0.003933646247620859
0.002075397528551694 -0.01252927472356168 0.006936004512340164
0.002068047259617376 0.01253049003558875 -0.006950807890893828
-0.00198671770601089 -0.01254364192555825 -0.007418505224743618
-0.007442807750898574 -0.01029051081254784 0.004042141268771096
-0.01258646806990575 0.001694349882770088 0.0009094418448240063
0.0123625765444736 -0.002908040780668536 -0.007065067915099379
0.01236261631503257 0.002907871704063026 0.007065238893047157
0.01236793190557128 -0.002885179436213974 0.00708266057433289
0.01236793190557128 0.002885179436213976 -0.007082660574332869
-0.01131639869345984 -0.005764470540358444 -0.007739676255717769
-0.0003139169405892336 -0.01269611972826387 -0.004762423456910103
-0.0001620579188763887 0.01269896599062024 0.004197884526152416
-0.008054726933226329 0.009818929372959069 -0.007020379829200674
0.01021054313444317 -0.007552139359127019 -0.006359095490923328
0.01103757755843916 -0.006281869279238491 -0.004077865304063445
0.009986198513867499 -0.007846390204522749 -0.004281227975912717
0.01021048459672433 0.007552218501874487 0.006359475583497349
0.0110372298137919 0.006282480245694634 0.004078245677772751
0.009985824990219869 0.007846865569429639 0.004281228257046221
0.009753887568256616 -0.008133368140309953 -0.002474707175043083
0.008715409369744628 -0.009237512626122225 -0.004755937361902967
0.009735199506065806 0.008155727470746927 0.002443097635870391
0.008694631206274589 0.009257072333458136 0.004724327541594991
-0.01029926210621778 -0.007430693108144519 0.006301400873167379
-0.01069669092050829 -0.006846225482053269 0.004230020871876305
-0.009557891309168039 -0.008362817331625153 0.004174485681536234
-0.001192663322082956 -0.01264387417685569 0.003617555381496872
0.0008687839337610676 -0.01267024918762211 0.00242030500473708
0.0005208530320177782 -0.01268931487981277 0.004529309262980966
0.01009020952104852 -0.007712176853608962 0.005074989871787571
0.009851370120546127 -0.008015017576275863 0.002980914127733667
0.01104437465084102 -0.006269911368740416 0.004082527205833776
0.01008948953381205 0.007713118756190462 -0.005076836000289038
0.009850345769054062 0.008016276456689772 -0.002983098506566204
0.01104412010330426 0.006270359730014754 -0.004083820411466409
-0.01269375847106165 -0.0003981154083309853 -0.002852027529879645
-0.01258181797561498 0.001728541705742658 -0.004168226773700516
-0.01269801296293583 -0.000224648154039953 -0.004851489867427514
0.0004050780687408956 0.01269353818910335 -0.004681041778724309
-0.001344917789314445 0.01262858646642551 -0.003713762721189157
0.0007861457299517458 0.0126756449497167 -0.002521541057223326
-0.01269992469998346 -4.373345115593155e-05 -0.006618587664576153
-0.01251406690350864 -0.00216520888934757 -0.005302388420755283
-0.01162799923615118 -0.005106822276530436 0.004665341673755685
-0.0110984777614294 -0.006173636803299739 0.00253842648212454
-0.01028339574131646 0.007452635240468596 0.006403656811342173
-0.009711412017037626 0.008184037917515851 0.004362878070989848
-0.01080928032123513 0.006667042742997752 0.004300881993961383
-0.008153474296522958 -0.009737086673946136 -0.002758226036220739
-0.009240708090925937 -0.008712021233806532 -0.004496555424427095
-0.007863319567197253 -0.009972873476793575 -0.004824128774566215
0.002321686536516804 -0.01248598300600143 0.005134031699280669
0.0002709096765949468 -0.0126971102203268 0.006331282076040461
-0.01043565437914993 -0.007237894561191736 -0.003581092441919483
-0.01021807709008694 -0.007541942759066822 -0.005646995180264959
0.002295580975250815 0.01249080894041961 -0.005219814002826154
0.0001741702191490021 0.0126988056420579 -0.006412035666791984
0.01021928588459195 -0.007540304768971855 0.00674133337371711
0.008826987360606522 -0.009130952531674485 0.005639720295617002
0.01021926268178965 0.007540336215354148 -0.006742485808068549
0.008826163033969275 0.009131749344884268 -0.005641763903168345
-0.003107255347334292 -0.01231401495071621 0.004471873838718736
-0.002768255045560171 -0.0123946264164246 0.002362869580474851
0.005808980366842995 -0.01129361532449342 0.004122791196355075
0.007329696528094894 -0.0103713812390652 0.002828250511812515
0.007289916824051471 -0.0103993803997359 0.005267917478230022
0.005795251042115966 0.01130066658913773 -0.004532613915322895
0.007316149760828262 0.01038094180106663 -0.003239441881631021
0.007288977997194808 0.01040003844975633 -0.005269286129080708
0.004164818573208897 0.01199767836926187 0.002518322228434637
0.004196914634172467 0.01198648854141483 0.004219909236269907
0.005714886531381237 0.01134151982467241 0.00395941935987114
0.004203981378279666 -0.01198401187295297 0.004947258524496878
0.004249853400235432 -0.01196782127525755 0.002507591558079371
0.004182438431900658 0.01199154738819642 -0.00502563913876553
0.004213782703173486 0.01198056907373084 -0.002995794891315844
-0.005982730647379705 0.01120254140813162 0.001797991025856262
-0.004296704748939026 0.01195108063316639 0.001451714532889404
-0.006017706193891171 0.01118379238737933 -3.434430423169578e-05
-0.008299481606814261 0.00961293945981934 0.005199649567995748
-0.008991559915925632 0.008968938079746087 0.003096874750614957
-0.0113209378069879 0.005755550987552098 0.002728335779118596
-0.01171119107644438 0.004913044226445511 0.004769114519470921
0.007170601860158589 -0.01048200691485606 -0.004183507730356783
0.007195569322168742 -0.01046488328314578 -0.002128632168130714
0.005808929020435147 -0.01129364173486774 -0.003362723337454164
0.0117899213679361 -0.004720990800444729 -0.005076249511448485
0.01164738417077605 -0.005062454145802761 -0.002998381996437873
0.01178984775643624 0.004721174629269227 0.00507680047406874
0.01164710346988338 0.005063099916240087 0.002998553147617612
-0.01204855728368814 -0.004015254335865359 -0.005900509207830635
-0.01199013460425483 -0.004186486853180227 -0.004133411410681995
0.01166910533370235 -0.005012183227991493 0.002896938994134221
0.01181592305832117 -0.00465553028986325 0.004991014738188125
0.01166891727012124 0.005012621045228359 -0.002897754722112287
0.01181590873243634 0.004655566649370915 -0.004991492215835122
-0.005962483886964435 0.01121333072274645 -0.001804431658083635
-0.007524059140791067 0.01023125280920564 -0.001458155165116779
0.007129967445572514 0.01050968906414819 0.004273601644062788
0.007101813433745624 0.01052873429963309 0.002572014636227518
0.004370703302726977 -0.01192421706610256 -0.002137315071130923
0.004342264992156702 -0.01193460241222515 -0.004192190633356992
0.00228143324426259 0.01249340075207601 0.004670635133802994
0.003913600605151386 0.01208195887691059 0.0061117322652395
-0.0120786273518415 -0.003923870703189194 -0.007404581236810846
-0.01127240785766553 -0.005850027443563023 -0.006235604226737558
-0.007519753881974302 0.0102344174995225 0.002122789218178009
-0.005922690188599229 0.01123439989184426 0.00360884805529911
-0.008812697502862298 -0.009144745087920417 0.003072623474508127
-0.008290316855992378 -0.009620844371844324 0.005144003475799203
-0.0126581193340225 -0.001030541083919409 0.005235911307383089
-0.01250367295222329 -0.002224446606201115 0.003289626072147792
-0.01228193706505169 -0.00323172120241049 0.004920032519239217
-0.01177764435806086 -0.004751535896427289 0.001085583716681247
-0.01089955956204437 -0.006518404816628611 0.0006502629148018666
-0.01267826225682913 -0.0007427423153839652 0.001826620822828777
-0.01235217749914724 -0.002951899562918866 0.001510742034684905
-0.007526151469145449 -0.01022971378208989 -0.00664852190433041
-0.006272524762106797 -0.01104289061381833 -0.004910192516124052
0.002593289253388403 -0.0124324113046609 0.001660584653451943
0.004275072650393566 -0.01195883580595774 0.0008361173253101407
-0.009755633645670182 -0.00813127371150842 -0.0001637735029182304
-0.01068759636874907 -0.006860414262907281 -0.001616616268361524
-0.01226010875434372 0.003313568066550681 -0.002941381156678406
-0.01221369237311076 0.003480764084941119 -0.004940843494226275
-0.01143266374864433 -0.005530298329243529 -0.002767056024199386
0.000895491445307561 -0.01266838960055227 0.0007488307719678497
-0.004133785877573669 0.01200840598574068 -0.002077991436451954
-0.005774126619149706 0.01131147478386558 -0.003501802297337035
-0.01225360521146123 -0.003337537913140502 -0.0003774215326377683
-0.004268734383576256 -0.01196109973047938 0.001367610018361606
-0.002394381551550018 -0.01247224666952979 0.0005132915611397396
0.002496028673748049 0.01245230263283974 -0.001835613991458511
0.004188438494523722 0.0119894529890897 -0.001342588768015874
0.00575475760758159 0.01132134112541362 -0.0001224686579186698
0.007252734734118323 0.01042534598354 0.001132106896367651
0.007317180780553105 0.01038021509530049 -0.001248194113586889
0.007472278295470616 -0.01026913127168208 -0.005990028531226418
-0.01205929784823298 -0.003982880290393283 0.006611626908990984
-0.01231088369307475 0.003119638231523983 -0.001262663525759017
-0.01174981856781326 0.00481993398538515 -0.002035280246284776
-0.01213205931386064 -0.003755414331996838 -0.002168935237124036
-0.005995998971773447 -0.0111954453386407 0.002016433823655064
-0.005656717767270461 -0.01137064396159895 0.0001668558043199531
0.007464872704114442 -0.01027451582856181 0.006934260980159564
0.0007593393384639058 0.01267727903649128 -0.0008683349339233572
0.004114083226416025 0.01201517037774006 0.001037712241938665
0.007464872704114412 0.01027451582856183 -0.006934935936860219
-0.01104462877497597 0.006269463710954289 -0.001024154355874406
-0.01094429384742534 0.006443014215505653 -0.002702871986793795
-0.01255490907199554 -0.001914225220271626 -0.001743776919120378
-0.00696247098613528 -0.01062139340045478 -0.001135059888373223
-0.005309675541132334 -0.01153678229177881 -0.001783883693666681
0.01164700851591244 -0.005063318341785656 -0.000999998894526415
0.01222781364847977 -0.003430826923360017 -0.001998383101911454
-0.0009807264785168771 0.01266207627422675 -0.0002725369557024845
0.0007436056013204888 0.01267821165266162 0.0004133901100623321
-0.009070281418282295 0.008889319152396482 -0.006070915437746227
-0.009239896144176822 0.008712882372947903 -0.008510189914600338
-0.01012875838347937 0.00766147855241378 -0.00756072552314589
0.01164662614369078 -0.005064197811015922 0.0009942257308899385
0.01084938929470508 -0.006601571928861997 -5.773163636481685e-06
0.01164676747317303 0.005063872769515305 0.000999999175660812
0.01222778674706956 0.003430922801257714 0.001998553971956803
0.01164643612855548 0.005064634784807059 -0.0009950414588717846
0.01084882731156948 0.00660249543458715 4.957716789022112e-06
0.009852382998239345 -0.008013772473436234 0.0009905176824551894
0.009852988102530958 -0.00801302848187771 -0.001003706942961162
0.009851141913008406 0.008015298061193301 -0.0009918507385220706
0.009851666317827351 0.008014653502315996 0.001003189896010526
0.01258146386189722 -0.00173111729578738 -0.002998383101911454
0.01258133538222388 -0.001732050807569277 -0.0009999999999999957
0.008670436419687413 0.009279737727552331 -0.0019848663273447
0.01258145028785986 0.00173121594670077 0.002998553971956803
0.01258133538222393 0.001732050807568948 0.001000000000000004
0.01258133538222388 -0.001732050807569277 0.001000000000000004
0.008672362789714146 -0.00927793746710881 0.001982980348408984
0.01258133538222393 0.001732050807568948 -0.0009999999999999957
0.007331007228589924 -0.01037045481231958 0.0008378540665340377
-0.01114744561864485 0.006084772483779142 0.0009517703191218359
-0.01016805045071201 0.00760925423624255 0.0002841785786128152
-0.01000969345511523 0.007816395392674516 -0.003406598571337602
-0.01091917036096762 0.006485500645915177 -0.004417724461747973
0.01258146386189722 -0.00173111729578738 -0.004998383101911454
-0.01269994600042076 3.703493481510273e-05 -0.001060513825393379
-0.00844469399559639 -0.009485628251240835 -0.0008074865382341045
-0.004987412078112596 -0.01167971407026287 -0.003536466162061857
-0.003570303343248165 -0.01218781908452825 -0.002234550469368681
-0.002674249230067054 0.01241524832838578 -0.0009674413984433628
-0.002689655129464038 0.01241191988713059 0.0003142836455423247
0.01258145028785986 0.00173121594670077 0.004998553971956801
0.005844017213504485 -0.01127552494601751 0.0001876382273547379
0.007323481450268629 -0.01037577078811841 -0.0006576319360487946
0.004266395293063781 -0.01196193425844346 -0.0006593686772726915
-0.009039431919956556 0.008920687785393596 0.001286017721172109
-0.008889707117571413 0.009069901177179393 -0.0006899069538241331
-0.008740945535195343 -0.009213352872366748 0.001459392644929286
0.006643537001745783 -0.01082374316521021 -0.007708799449840117
0.004868537565154175 -0.01172976308271751 -0.007708799449840117
0.008247990213793369 -0.009657155763120361 -0.008281229081386302
-0.007519674537528466 0.0102344757975016 0.006514055525571614
-0.008299481606814261 0.00961293945981934 0.008232826444185321
-0.006635731771892525 0.01082853008729699 0.008281229081386293
-0.01266072868827438 0.0009979724855455768 0.00832055021593653
-0.01269995797156182 -3.267293319032486e-05 0.006753709093173786
-0.0126581193340225 -0.001030541083919409 0.008433158877237256
-0.01234873681694579 0.002966260107577823 0.00832055021593653
0.009657155763120416 -0.008247990213793304 -0.008281229081386302
0.003948692679089506 -0.01207053545316466 -0.006067472190024101
0.002980577176044513 -0.0123452889677659 -0.008358672740183985
-0.01080087439490352 0.006680652086848817 0.008170830367156852
-0.01171298194340487 0.004908773165819693 0.008170830367156852
0.004860079591036685 -0.01173327006289332 0.008281229081386289
0.006635731771892592 -0.01082853008729695 0.008281229081386289
-0.0120615284667462 0.003976120099528073 0.006491380583093386
0.001012652649583623 -0.01265956297078581 -0.008358672740183985
-0.002744530912076696 -0.01239990121221357 0.007863279819870379
-0.0007709692695767525 -0.01267657707685195 0.007863279819870379
0.004860079591036643 0.01173327006289334 -0.008281229081386291
0.006635731771892554 0.01082853008729697 -0.008281229081386291
-0.012341064736911 -0.002998019539524695 0.008433158877237256
-6.083148911060032e-05 0.01269985431136643 0.006832366490221153
-0.001057063051076339 0.0126559321152592 0.00855113740883486
0.0009964305157436426 0.01266085013841072 0.008281229081386293
-0.009701096257895206 0.008196263258037264 0.008232826444185321
-0.009702079336104759 -0.008195099545211703 0.008122932841413655
-0.008300634626493048 -0.009611943861543544 0.008122932841413655
-0.00824799021379332 -0.009657155763120403 -0.008281229081386286
-0.009657155763120382 -0.008247990213793343 -0.008281229081386286
-0.004860079591036615 0.01173327006289335 0.008281229081386293
-0.00663573177189253 0.01082853008729698 -0.008281229081386291
-0.004860079591036618 0.01173327006289335 -0.008281229081386291
0.002964756120970005 0.01234909798905049 0.008281229081386293
-0.01266420635754976 0.0009528259722511111 -0.008083844555624192
-0.01235923414099717 0.002922213450111036 -0.008083844555624192
-0.003023872820858067 0.01233475549669615 0.00855113740883486
-0.003982324992412739 0.01205948123489584 0.006832366490221153
-0.003797829063124319 0.01211884872449888 -0.006217860802731362
-0.002835287711397347 0.01237946459236421 -0.00793663172134507
-0.0008638056937888618 0.01267058955705606 -0.00793663172134507
0.00662594479501183 0.0108345214741333 0.007830503183853208
0.004849475848687288 0.01173765666532288 0.007830503183853208
0.007455585976010506 0.01028125662330804 0.006111732265238616
0.008247990213793334 0.00965715576312039 0.008281229081385408
0.009657155763120396 0.008247990213793329 0.008281229081385408
0.01077938873040989 -0.006715264596329193 0.008088301474943842
0.01169717539249882 -0.004946320636303314 0.008088301474943842
0.0107793680663888 0.006715297766243676 -0.008088778952594623
0.01169716017180396 0.00494635663040617 -0.008088778952594623
0.002428807288340842 -0.0124655884400257 -0.004842063923700859
-0.003682057687079804 -0.01215452389808077 0.006078887013897178
-0.005176668726825556 -0.0115970729450455 0.004824201212875157
-0.001137790974548261 0.01264893006140189 0.005650079671911069
-0.00224099733687788 0.01250071721686825 0.003740967194564888
-0.003195338468898819 0.01229145280547321 0.005193162340323541
-0.008844873841518186 0.009113627528466769 -0.00245999430767607
-0.008809386849539278 0.009147934375320169 -0.004174846782630248
-0.01195512554386792 0.004285437344117486 0.001420002844631374
-0.01081429497797545 -0.006658905625501455 0.008178468031753728
-0.01172283540078161 -0.004885194997764309 0.008178468031753728
0.01224274884036611 -0.003377143886735406 0.001902713263244288
0.01224274884036694 0.003377143886732391 -0.001902713263240497
0.01258893810687215 -0.001675898965135539 0.004902713263244285
0.01258893810687215 -0.001675898965135539 0.002902713263244287
0.01258893810687252 0.001675898965132762 -0.004902713263240497
0.01258893810687252 0.001675898965132762 -0.002902713263240498
0.01169143693543745 -0.004959869190280014 -0.008077866409537029
0.01077160146248395 -0.006727748652663351 -0.008077866409537029
0.01169139849062792 0.004959959811666127 0.008078246502111941
0.01077154931468576 0.006727832144256631 0.008078246502111941
0.008536803567435398 0.00940281792076302 0.001446289180559298
-0.005022991654786599 0.0116644569027428 0.004923254012874974
-0.0005795624043689725 0.01268676899054452 0.002603536307217809
-0.002650858281353093 0.01242026369978439 0.002146618975630283
-0.002839322224738966 0.01237853986963339 -0.004824312759197747
-0.002466251819024545 0.01245823430367073 -0.002664812037696763
-0.007498229338876543 -0.01025019788987564 0.006338540035440455
-0.006611744091557891 -0.01084319325972517 0.0082156071940268
-0.004834093413317576 -0.0117440002073961 0.0082156071940268
-0.004930124048952079 -0.01170401114413107 -0.008367292822944124
-0.006700336762994715 -0.01078867402707402 -0.008367292822944124
-0.01027491451985428 -0.007464323921808833 -0.00715106720924517
-0.0006946820941769688 -0.01268098642803587 -0.0001689129449795445
0.001045979570678927 -0.01265685295552265 -0.0009286332962646811
-0.01084951053584796 0.006601372670325781 -0.008639543307787809
-0.01072028614037237 0.006809219123257822 -0.006200268830933699
-0.002245992069816561 -0.0124998207836081 -0.001164172507092791
0.003967210892844953 -0.01206446176717769 0.006749231337556375
0.003963672100201125 0.01206562486911006 -0.006756633026833206
-0.01266085013841073 -0.0009964305157436123 -0.008534743108951961
-0.002964756120969963 -0.0123490979890505 -0.00870925261237181
-0.00399663999109773 -0.01205474465849685 -0.007076545435315933
-0.004594889348755167 -0.01183963647552982 -0.005360859291826052
0.008247990213793369 -0.009657155763120361 0.008653031898773271
0.008247990213793334 0.00965715576312039 -0.008653706855473928
0.008559010575253566 -0.009382608271301622 -0.001478416328951413
0.009657155763120416 -0.008247990213793304 0.008653031898773271
0.009657155763120396 0.008247990213793329 -0.008653706855473928
0.003008414544956098 -0.01233853483707432 0.008468002256170082
0.00104120387311198 -0.01265724671856469 0.008468002256170082
0.003004795405303123 0.01233941670308079 -0.008475403945446915
0.001037491336836806 0.01265755156916173 -0.008475403945446915
1.627311642312265e-05 -0.01269998957423516 -0.007067925352555793
-0.0009964305157435936 -0.01266085013841073 -0.00870925261237181
0.01261536210567922 -0.001463775577946525 -0.008532533957549691
0.01223106111469007 -0.003419231493876422 -0.008532533957549691
0.01261536210567922 -0.001463775577946525 -0.006532533957549686
0.01261537211502129 0.0014636893111392 0.008532619446523578
0.01223108449590239 0.003419147854962719 0.008532619446523578
0.01261537211502129 0.0014636893111392 0.00653261944652358
-0.01151734605984998 0.00535170437689322 -0.005496542246389891
-0.01210410831767383 0.003844549626941919 -0.006723387863412001
0.0007971728302015718 0.0126749562318293 0.001894000096558303
0.002522310140255747 0.01244700572653371 0.00129820211833743
-0.007362141404023317 -0.01034837542550354 0.002428910439192253
-0.004863903391790583 0.01173168546268302 -0.005168910119238968
-0.006640287069817901 0.01082573727883737 -0.00489535034087065
-0.007763142596942854 0.01005105054307913 -0.008510189914600338
0.01223421668884687 -0.003407923416149594 0.008541330287166445
0.01261670985639194 -0.001452113080866081 0.008541330287166445
0.01223421668884687 0.003407923416149592 -0.008541330287166434
0.01261670985639194 0.001452113080866079 -0.008541330287166434
0.01261670985639194 -0.001452113080866081 0.006541330287166443
0.01261670985639194 0.001452113080866079 -0.006541330287166431
-0.01082888449259378 -0.006635153400341395 -0.008869838127858885
-0.002611951318156291 -0.0124285039450282 -0.005702819081253738
-0.001898178646588462 -0.01255734517426496 -0.002916754975487966
-0.01174861725963475 0.004822861441780435 -0.008639543307787809
-0.01234765428625406 0.002970763138850322 0.004918834368250599
-0.01254291659279657 0.001991291878692921 0.003401036582459898
-0.01266072868827438 0.0009979724855455712 0.005123302646082363
-0.007767370686276267 0.01004778346810759 -0.005124311174084695
-0.006950615082409493 0.0106291556567858 -0.006791418995986629
-0.01234909798905049 -0.002964756120969992 -0.008534743108951961
0.001156479542945057 -0.01264723507596619 -0.002406579690122913
0.00272792335229722 -0.01240356538193722 -0.001488835973175518
-0.006600106242382426 -0.01085028099125845 0.005236677828412348
-0.01173352962762865 -0.004859452898996009 -0.008869838127858885
-0.01238172292841583 0.002825409231233901 0.002053005074726071
-0.01267158523010841 0.0008490746469530786 0.002257473352557835
-0.00663573177189253 0.01082853008729698 0.005248052205196722
-0.01259555269373879 0.001625439121975841 -0.0006296612956643213
-0.01229362562308756 0.003186968628550488 0.0002764396147293107
-0.006083328440266505 -0.01114823372054267 0.003629664653233907
-0.01269955310443217 0.0001065408264802834 0.0004785893150949464
0.0123147546996062 -0.003104322259129535 0.00544404355041073
0.01231475469960688 0.003104322259126823 -0.005444043550406934
0.0008561046329814114 -0.01267111221864078 -0.005739884468639034
-0.001152840975314338 -0.01264756726353477 -0.00609046434082686
0.01188743658708162 -0.004469770842908303 -0.006610400367086718
0.01188743250675136 0.004469781694605585 0.00661086594863552
-0.000428942065589893 -0.0126927541811999 -0.003304400235061089
0.001271027142289759 -0.01263623717740225 -0.003864602911971927
0.01229809096198555 -0.003169693785009745 -0.005530917059461146
0.01229808778358537 0.003169706116855024 0.005531173418480379
0.01189672122694011 -0.004444999892966556 0.006629631762110283
0.01189670754889041 0.004445036501107036 -0.006630109239761056
0.0009156294152075516 0.01266695001861169 0.005380171344462501
0.001213544295141034 0.01264188713142665 0.00348834831549291
-0.001784320133228041 -0.01257402885562766 -0.004374778197336979
2 2 0 153
537
538
539
540
541
542
543
544
545
546
547
548
549
550
551
552
553
554
555
556
557
558
559
560
561
562
563
564
565
566
567
568
569
570
571
572
573
574
575
576
577
578
579
580
581
582
583
584
585
586
587
588
589
590
591
592
593
594
595
596
597
598
599
600
601
602
603
604
605
606
607
608
609
610
611
612
613
614
615
616
617
618
619
620
621
622
623
624
625
626
627
628
629
630
631
632
633
634
635
636
637
638
639
640
641
642
643
644
645
646
647
648
649
650
651
652
653
654
655
656
657
658
659
660
661
662
663
664
665
666
667
668
669
670
671
672
673
674
675
676
677
678
679
680
681
682
683
684
685
686
687
688
689
0.008990478473385563 -0.001423951901256965 0.01
-0.009260484119269052 0.001617659826736852 0.01
0.001267958121166213 0.009265796207705724 0.01
-0.001614613935941913 -0.009365165976804804 0.01
0.008216473701623156 0.004197336114872519 0.01
0.00643647194499841 -0.006436471944998363 0.01
-0.006203921168016378 0.006382409784910695 0.01
-0.007618415538698499 -0.003928496761920855 0.01
0.00996602215974032 0.001578462842032397 0.01
0.00650581276996188 0.001072653148656827 0.01
0.004301297304002791 0.00389521343679898 0.01
0.002616634970080117 0.0005579545051881928 0.01
0.0003350558673652887 0.003523283433918425 0.01
-0.001329624698800085 0.000122396984308505 0.01
0.0009791015048402898 -0.002988472255848436 0.01
-0.003188263771421919 -0.00329292692156886 0.01
-0.003505214382874581 0.003301505295177667 0.01
0.005399051540126273 -0.002750202404123537 0.01
-0.005915174738415666 -0.0001079870965728158 0.01
-0.005019243508682264 -0.007306871124137185 0.01
-0.001905411160994561 0.006929052369450716 0.01
0.006106639453318623 0.006862234625161307 0.01
0.002900536352234244 -0.006129157022457293 0.01
0.004413474995565925 -0.008995149309129423 0.01
-0.0007597043050999777 -0.006321076301420665 0.01
-0.004359348309344364 0.009052846364515661 0.01
0.008737127498684525 -0.004451681421956938 0.01
-0.008905213473953139 0.004507661151179536 0.01
-0.009801472695792068 -0.001465563836941769 0.01
-0.001662803145795368 0.01003927900389989 0.01
0.00143839958218211 -0.009491215232047089 0.01
0.002164391249443884 0.006252537477496725 0.01
-0.00661830166078763 0.003052646175139596 0.01
0.004301619972911896 0.009216616829063209 0.01
-0.004551719254918792 -0.001700457009070838 0.01
-0.006766795138557082 -0.002018241929246835 0.01
-0.005403339655060209 -0.003610711841744857 0.01
-0.003316928722312089 -0.008336018550470994 0.01
-0.004471879668622033 -0.009692644440542823 0.01
-0.002769564882251857 -0.01072179186687663 0.01
0.0003393476385410661 -0.007906145766733878 0.01
0.002169467967208177 -0.007810186127252191 0.01
0.001070416023567133 -0.006225116661938979 0.01
-0.006242058106398328 -0.008790693476349514 0.01
-0.006318829523690382 -0.00561768394302902 0.01
-0.004103753640052091 -0.005299899022853023 0.01
-0.007646879668622044 -0.007385871914125803 0.01
-0.00894646568363016 -0.005696684733017638 0.01
0.002925937288874017 -0.009243182270588256 0.01
0.003657005673900084 -0.007562153165793358 0.01
-0.007858323717103866 -0.0007867754667572925 0.01
-0.008709944117245284 -0.002697030299431312 0.01
-0.00953097840753056 7.60479948975414e-05 0.01
-0.007587829428842359 0.0007548363650820183 0.01
-0.002705312771934571 0.005115278832314192 0.01
-0.004054666164505469 0.006655731077180706 0.01
-0.004854567775445479 0.00484195754004418 0.01
-8.81071768799016e-05 -0.009428190604425946 0.01
-0.001187159120520945 -0.007843121139112735 0.01
-0.002889473906891121 -0.006813973712778925 0.01
-0.001973984038260948 -0.004807001611494763 0.01
0.007068089519405399 -0.003600941913040238 0.01
0.008863802986035044 -0.002937816661606951 0.01
0.007194765006755918 -0.002087077152690251 0.01
0.007586799721841468 -0.00544407668347765 0.01
0.005917761742562342 -0.00459333717456095 0.01
0.003189076522483281 -0.002869337329985987 0.01
0.004007843255103194 -0.001096123949467672 0.01
0.001797868237460203 -0.001215258875330122 0.01
-0.003622399718607876 7.204943867844635e-06 0.01
-0.002258944235111002 -0.001585264968630178 0.01
0.01084523923669278 -0.0007119759506284824 0.01
0.01053444811516701 -0.0026742338649094 0.01
0.008355493886780134 -0.006950672324556369 0.01
0.006950672324556432 -0.008355493886780082 0.01
0.009245494765092495 0.005831104409493462 0.01
0.0101474457292858 0.004060925971717174 0.01
-0.009848416647823474 -0.003926506295241342 0.01
-0.0008073069679709349 -0.0110325829884024 0.01
0.0006339790605831141 0.01098289810385286 0.01
0.002596236974864025 0.01067210698232708 0.01
-0.01098024205963453 0.0008088299133684353 0.01
-0.01066945093810875 0.002771087827649354 0.01
-0.008239218498289094 0.006923641244512566 0.01
-0.006834396936065381 0.008328462806736272 0.01
-0.001104581133290814 -0.003140699588708648 0.01
-0.0001752615969798977 -0.001433037635769966 0.01
-0.004710194560645123 0.001596759099302426 0.01
-0.002417419540837333 0.001711951139743086 0.01
-0.001585079257754646 0.003412394364548046 0.01
-0.0004972844157173984 0.001822840209113465 0.01
0.0006435051356400157 0.0003401757447483489 0.01
0.001475845418722703 0.002040618969553309 0.01
-0.0007851776468146363 0.005226167901684571 0.01
0.005952432155044076 -0.0008387746277333551 0.01
0.004561223870020998 0.0008153038269225099 0.01
0.00231817658568404 0.003709248435358703 0.01
0.003458966137041454 0.002226583970993587 0.01
0.005403555036982335 0.002483933292727904 0.01
0.007748145621673721 -0.000175649376300069 0.01
0.008190577640940229 0.007163553664637856 0.01
0.007161556577470889 0.005529785370016914 0.01
0.006785756078716516 0.008568375226861569 0.01
-0.003132379735169463 0.007990949366983188 0.01
-0.005281634738680371 0.007717628074713177 0.01
0.001249723558404587 0.004887910455707575 0.01
0.0001294900442246616 0.006590794923473721 0.01
0.001716174685305049 0.007759166842601225 0.01
-0.0003187265199141739 0.008097424288578219 0.01
0.00520412971311526 0.008039425727112259 0.01
0.00323300561117789 0.007734577153279967 0.01
0.004135515351381253 0.006557386051329016 0.01
0.006258885502812973 0.00404627477583575 0.01
0.007361143235792518 0.002634994631764673 0.01
0.005939173849840189 -0.009634832568845612 0.01
0.004168995412063904 -0.01053678353303893 0.01
0.005424973470282167 -0.007715810627063892 0.01
0.003232844276723337 0.005073875457147853 0.01
0.005203968378660707 0.005378724030980143 0.01
0.004149793946180258 -0.004439679713290415 0.01
0.004668504148616327 -0.006282814483727828 0.01
-0.006411111414402004 0.004717527980025145 0.01
-0.005061758021831105 0.003177075735158631 0.01
0.001939818928537267 -0.004558814639152865 0.01
0.000109698599870156 -0.004654774278634551 0.01
-0.006266738199601648 0.00147232953928339 0.01
-0.007939392890028341 0.002335153000938224 0.01
-0.005912110506729375 0.009663681096538755 0.01
-0.004141932068953087 0.01056563206073206 0.01
0.01040777262781649 -0.004188098625259386 0.01
0.009091247930681737 0.002887899478452458 0.01
0.01102221995834439 0.002751489335297113 0.01
-0.01049181561545079 0.004216088489870696 0.01
-0.009589864651257475 0.005986266927646987 0.01
0.00950582166362319 -0.005958277063035656 0.01
0.01133301107987016 0.0007892314210161985 0.01
-0.009082848796611096 0.003062660488958194 0.01
-0.01093994522637026 -0.0026950398327518 0.01
-0.01125073634789603 -0.0007327819184708755 0.01
0.009478250316562941 7.725547038771622e-05 0.01
-0.007554567320984759 0.005445035468045116 0.01
-0.0008314015728976764 0.01136963950194994 0.01
-0.0001974225123145771 0.009652537605802806 0.01
-0.001784107153394964 0.008484165686675302 0.01
0.002681457705371996 -0.01078481649449776 0.01
0.0007191997910910762 -0.01109560761602355 0.01
0.004113067900736867 0.01064751729300583 0.01
0.005883246338513153 0.00974556632881252 0.01
-0.002793659487178589 0.01105884838042417 0.01
0.002784789047039054 0.009241206518384466 0.01
0.008235917464851099 0.001325557995344612 0.01
-0.007761757567370384 0.003780153663159566 0.01
-0.003011075727569866 0.009546062684207775 0.01
2 3 0 153
690
691
692
693
694
695
696
697
698
699
700
701
702
703
704
705
706
707
708
709
710
711
712
713
714
715
716
717
718
719
720
721
722
723
724
725
726
727
728
729
730
731
732
733
734
735
736
737
738
739
740
741
742
743
744
745
746
747
748
749
750
751
752
753
754
755
756
757
758
759
760
761
762
763
764
765
766
767
768
769
770
771
772
773
774
775
776
777
778
779
780
781
782
783
784
785
786
787
788
789
790
791
792
793
794
795
796
797
798
799
800
801
802
803
804
805
806
807
808
809
810
811
812
813
814
815
816
817
818
819
820
821
822
823
824
825
826
827
828
829
830
831
832
833
834
835
836
837
838
839
840
841
842
0.008990478473385563 -0.001423951901256965 -0.01
-0.009260484119269052 0.001617659826736852 -0.01
0.001267958121166213 0.009265796207705724 -0.01
-0.001614613935941913 -0.009365165976804804 -0.01
0.008216473701623156 0.004197336114872519 -0.01
0.00643647194499841 -0.006436471944998363 -0.01
-0.006203921168016378 0.006382409784910695 -0.01
-0.007618415538698499 -0.003928496761920855 -0.01
0.00996602215974032 0.001578462842032397 -0.01
0.00650581276996188 0.001072653148656827 -0.01
0.004301297304002791 0.00389521343679898 -0.01
0.002616634970080117 0.0005579545051881928 -0.01
0.0003350558673652887 0.003523283433918425 -0.01
-0.001329624698800085 0.000122396984308505 -0.01
0.0009791015048402898 -0.002988472255848436 -0.01
-0.003188263771421919 -0.00329292692156886 -0.01
-0.003505214382874581 0.003301505295177667 -0.01
0.005399051540126273 -0.002750202404123537 -0.01
-0.005915174738415666 -0.0001079870965728158 -0.01
-0.005019243508682264 -0.007306871124137185 -0.01
-0.001905411160994561 0.006929052369450716 -0.01
0.006106639453318623 0.006862234625161307 -0.01
0.002900536352234244 -0.006129157022457293 -0.01
0.004413474995565925 -0.008995149309129423 -0.01
-0.0007597043050999777 -0.006321076301420665 -0.01
-0.004359348309344364 0.009052846364515661 -0.01
0.008737127498684525 -0.004451681421956938 -0.01
-0.008905213473953139 0.004507661151179536 -0.01
-0.009801472695792068 -0.001465563836941769 -0.01
-0.001662803145795368 0.01003927900389989 -0.01
0.00143839958218211 -0.009491215232047089 -0.01
0.002164391249443884 0.006252537477496725 -0.01
-0.00661830166078763 0.003052646175139596 -0.01
0.004301619972911896 0.009216616829063209 -0.01
-0.005403339655060209 -0.003610711841744857 -0.01
-0.006766795138557082 -0.002018241929246835 -0.01
-0.004551719254918792 -0.001700457009070838 -0.01
-0.002769564882251858 -0.01072179186687663 -0.01
-0.004471879668622033 -0.009692644440542823 -0.01
-0.003316928722312088 -0.008336018550470994 -0.01
0.001070416023567133 -0.006225116661938979 -0.01
0.002169467967208177 -0.007810186127252191 -0.01
0.000339347638541066 -0.007906145766733878 -0.01
-0.006242058106398328 -0.008790693476349514 -0.01
-0.004103753640052091 -0.005299899022853023 -0.01
-0.006318829523690382 -0.00561768394302902 -0.01
-0.00894646568363016 -0.005696684733017638 -0.01
-0.007646879668622044 -0.007385871914125803 -0.01
0.003657005673900084 -0.007562153165793358 -0.01
0.002925937288874017 -0.009243182270588256 -0.01
-0.008709944117245284 -0.002697030299431312 -0.01
-0.007858323717103866 -0.0007867754667572926 -0.01
-0.007587829428842359 0.0007548363650820182 -0.01
-0.00953097840753056 7.60479948975414e-05 -0.01
-0.004854567775445479 0.00484195754004418 -0.01
-0.00405466616450547 0.006655731077180706 -0.01
-0.002705312771934571 0.005115278832314192 -0.01
-0.001187159120520945 -0.007843121139112735 -0.01
-8.810717687990138e-05 -0.009428190604425946 -0.01
-0.002889473906891121 -0.006813973712778925 -0.01
-0.001973984038260948 -0.004807001611494763 -0.01
0.007194765006755918 -0.002087077152690251 -0.01
0.008863802986035044 -0.002937816661606952 -0.01
0.007068089519405399 -0.003600941913040238 -0.01
0.005917761742562342 -0.00459333717456095 -0.01
0.007586799721841468 -0.00544407668347765 -0.01
0.001797868237460203 -0.001215258875330122 -0.01
0.004007843255103194 -0.001096123949467672 -0.01
0.003189076522483281 -0.002869337329985987 -0.01
-0.002258944235111002 -0.001585264968630177 -0.01
-0.003622399718607876 7.204943867844622e-06 -0.01
0.01053444811516701 -0.0026742338649094 -0.01
0.01084523923669278 -0.0007119759506284824 -0.01
0.006950672324556432 -0.008355493886780082 -0.01
0.008355493886780134 -0.006950672324556369 -0.01
0.0101474457292858 0.004060925971717174 -0.01
0.009245494765092495 0.005831104409493462 -0.01
-0.009848416647823474 -0.003926506295241342 -0.01
-0.000807306967970935 -0.0110325829884024 -0.01
0.002596236974864025 0.01067210698232708 -0.01
0.0006339790605831142 0.01098289810385286 -0.01
-0.01066945093810875 0.002771087827649354 -0.01
-0.01098024205963453 0.0008088299133684353 -0.01
-0.006834396936065381 0.008328462806736272 -0.01
-0.008239218498289094 0.006923641244512566 -0.01
-0.0001752615969798979 -0.001433037635769966 -0.01
-0.001104581133290814 -0.003140699588708648 -0.01
-0.002417419540837333 0.001711951139743086 -0.01
-0.004710194560645123 0.001596759099302425 -0.01
-0.0004972844157173984 0.001822840209113465 -0.01
-0.001585079257754646 0.003412394364548046 -0.01
0.0006435051356400154 0.0003401757447483489 -0.01
0.001475845418722702 0.002040618969553309 -0.01
-0.0007851776468146363 0.005226167901684571 -0.01
0.004561223870020998 0.0008153038269225099 -0.01
0.005952432155044076 -0.0008387746277333551 -0.01
0.003458966137041454 0.002226583970993587 -0.01
0.00231817658568404 0.003709248435358703 -0.01
0.005403555036982335 0.002483933292727904 -0.01
0.007748145621673721 -0.0001756493763000687 -0.01
0.007161556577470889 0.005529785370016914 -0.01
0.008190577640940229 0.007163553664637856 -0.01
0.006785756078716516 0.008568375226861569 -0.01
-0.005281634738680371 0.007717628074713177 -0.01
-0.003132379735169463 0.007990949366983188 -0.01
0.0001294900442246614 0.006590794923473721 -0.01
0.001249723558404586 0.004887910455707575 -0.01
-0.0003187265199141741 0.008097424288578219 -0.01
0.001716174685305049 0.007759166842601225 -0.01
0.004135515351381253 0.006557386051329016 -0.01
0.00323300561117789 0.007734577153279967 -0.01
0.00520412971311526 0.008039425727112259 -0.01
0.007361143235792518 0.002634994631764673 -0.01
0.006258885502812973 0.00404627477583575 -0.01
0.004168995412063904 -0.01053678353303893 -0.01
0.005939173849840189 -0.009634832568845612 -0.01
0.005424973470282167 -0.007715810627063892 -0.01
0.005203968378660707 0.005378724030980143 -0.01
0.003232844276723337 0.005073875457147853 -0.01
0.004668504148616327 -0.006282814483727828 -0.01
0.004149793946180258 -0.004439679713290415 -0.01
-0.005061758021831105 0.003177075735158631 -0.01
-0.006411111414402004 0.004717527980025145 -0.01
0.001939818928537267 -0.004558814639152865 -0.01
0.0001096985998701561 -0.004654774278634551 -0.01
-0.007939392890028341 0.002335153000938224 -0.01
-0.006266738199601648 0.00147232953928339 -0.01
-0.004141932068953087 0.01056563206073206 -0.01
-0.005912110506729375 0.009663681096538755 -0.01
0.01040777262781649 -0.004188098625259386 -0.01
0.01102221995834439 0.002751489335297113 -0.01
0.009091247930681737 0.002887899478452458 -0.01
-0.009589864651257475 0.005986266927646987 -0.01
-0.01049181561545079 0.004216088489870696 -0.01
0.00950582166362319 -0.005958277063035656 -0.01
0.01133301107987016 0.0007892314210161985 -0.01
-0.009082848796611096 0.003062660488958194 -0.01
-0.01125073634789603 -0.0007327819184708755 -0.01
-0.01093994522637026 -0.0026950398327518 -0.01
0.009478250316562941 7.725547038771601e-05 -0.01
-0.007554567320984759 0.005445035468045116 -0.01
-0.0001974225123145771 0.009652537605802806 -0.01
-0.0008314015728976763 0.01136963950194994 -0.01
-0.001784107153394964 0.008484165686675302 -0.01
0.0007191997910910763 -0.01109560761602355 -0.01
0.002681457705371996 -0.01078481649449776 -0.01
0.005883246338513153 0.00974556632881252 -0.01
0.004113067900736867 0.01064751729300583 -0.01
-0.002793659487178589 0.01105884838042417 -0.01
0.002784789047039054 0.009241206518384466 -0.01
0.008235917464851099 0.001325557995344612 -0.01
-0.007761757567370384 0.003780153663159566 -0.01
-0.003011075727569866 0.009546062684207775 -0.01
3 1 0 578
843
844
845
846
847
848
849
850
851
852
853
854
855
856
857
858
859
860
861
862
863
864
865
866
867
868
869
870
871
872
873
874
875
876
877
878
879
880
881
882
883
884
885
886
887
888
889
890
891
892
893
894
895
896
897
898
899
900
901
902
903
904
905
906
907
908
909
910
911
912
913
914
915
916
917
918
919
920
921
922
923
924
925
926
927
928
929
930
931
932
933
934
935
936
937
938
939
940
941
942
943
944
945
946
947
948
949
950
951
952
953
954
955
956
957
958
959
960
961
962
963
964
965
966
967
968
969
970
971
972
973
974
975
976
977
978
979
980
981
982
983
984
985
986
987
988
989
990
991
992
993
994
995
996
997
998
999
1000
1001
1002
1003
1004
1005
1006
1007
1008
1009
1010
1011
1012
1013
1014
1015
1016
1017
1018
1019
1020
1021
1022
1023
1024
1025
1026
1027
1028
1029
1030
1031
1032
1033
1034
1035
1036
1037
1038
1039
1040
1041
1042
1043
1044
1045
1046
1047
1048
1049
1050
1051
1052
1053
1054
1055
1056
1057
1058
1059
1060
1061
1062
1063
1064
1065
1066
1067
1068
1069
1070
1071
1072
1073
1074
1075
1076
1077
1078
1079
1080
1081
1082
1083
1084
1085
1086
1087
1088
1089
1090
1091
1092
1093
1094
1095
1096
1097
1098
1099
1100
1101
1102
1103
1104
1105
1106
1107
1108
1109
1110
1111
1112
1113
1114
1115
1116
1117
1118
1119
1120
1121
1122
1123
1124
1125
1126
1127
1128
1129
1130
1131
1132
1133
1134
1135
1136
1137
1138
1139
1140
1141
1142
1143
1144
1145
1146
1147
1148
1149
1150
1151
1152
1153
1154
1155
1156
1157
1158
1159
1160
1161
1162
1163
1164
1165
1166
1167
1168
1169
1170
1171
1172
1173
1174
1175
1176
1177
1178
1179
1180
1181
1182
1183
1184
1185
1186
1187
1188
1189
1190
1191
1192
1193
1194
1195
1196
1197
1198
1199
1200
1201
1202
1203
1204
1205
1206
1207
1208
1209
1210
1211
1212
1213
1214
1215
1216
1217
1218
1219
1220
1221
1222
1223
1224
1225
1226
1227
1228
1229
1230
1231
1232
1233
1234
1235
1236
1237
1238
1239
1240
1241
1242
1243
1244
1245
1246
1247
1248
1249
1250
1251
1252
1253
1254
1255
1256
1257
1258
1259
1260
1261
1262
1263
1264
1265
1266
1267
1268
1269
1270
1271
1272
1273
1274
1275
1276
1277
1278
1279
1280
1281
1282
1283
1284
1285
1286
1287
1288
1289
1290
1291
1292
1293
1294
1295
1296
1297
1298
1299
1300
1301
1302
1303
1304
1305
1306
1307
1308
1309
1310
1311
1312
1313
1314
1315
1316
1317
1318
1319
1320
1321
1322
1323
1324
1325
1326
1327
1328
1329
1330
1331
1332
1333
1334
1335
1336
1337
1338
1339
1340
1341
1342
1343
1344
1345
1346
1347
1348
1349
1350
1351
1352
1353
1354
1355
1356
1357
1358
1359
1360
1361
1362
1363
1364
1365
1366
1367
1368
1369
1370
1371
1372
1373
1374
1375
1376
1377
1378
1379
1380
1381
1382
1383
1384
1385
1386
1387
1388
1389
1390
1391
1392
1393
1394
1395
1396
1397
1398
1399
1400
1401
1402
1403
1404
1405
1406
1407
1408
1409
1410
1411
1412
1413
1414
1415
1416
1417
1418
1419
1420
0.0002214559353888035 -0.006340951193124056 -0.00424386328086257
0.0002214559353888035 0.006648291368037462 0.004415631294250488
0.0002214559353888035 -0.006340951193124056 0.004415631294250488
-0.004108291584998369 -0.002011203672736883 0.004415631294250488
0.0002214559353888035 -0.002011203672736883 0.004415631294250488
0.0002214559353888035 -0.006340951193124056 8.588377386331558e-05
0.004551203455775976 -0.002011203672736883 0.004415631294250488
0.004551203455775976 -0.006340951193124056 8.588377386331558e-05
0.0002214559353888035 0.006648291368037462 -0.00424386328086257
-0.004108291584998369 0.006648291368037462 -0.00424386328086257
-0.004108291584998369 0.00231854384765029 -0.00424386328086257
0.0002214559353888035 0.006648291368037462 8.588377386331558e-05
-0.008438039571046829 -0.002011203672736883 -0.00424386328086257
-0.004108291584998369 0.00231854384765029 0.004415631294250488
-0.004108291584998369 0.006648291368037462 8.588377386331558e-05
-0.004108291584998369 -0.002011203672736883 8.588377386331558e-05
0.004551203455775976 -0.002011203672736883 8.588377386331558e-05
0.0002214559353888035 -0.002011203672736883 8.588377386331558e-05
0.0002214559353888035 0.00231854384765029 -0.00424386328086257
-0.004108291584998369 0.00231854384765029 8.588377386331558e-05
0.0002214559353888035 0.00231854384765029 8.588377386331558e-05
0.004551203455775976 0.00231854384765029 8.588377386331558e-05
0.004551203455775976 -0.002011203672736883 -0.00424386328086257
0.004551203455775976 0.00231854384765029 0.004415631294250488
0.0002214559353888035 0.00231854384765029 0.004415631294250488
0.004551203455775976 0.00231854384765029 -0.00424386328086257
0.0002214559353888035 -0.002011203672736883 -0.00424386328086257
-0.007355602458119392 0.003400980727747083 0.00766294077038765
-0.004108291584998369 -0.002011203672736883 -0.00424386328086257
-0.007355602458119392 0.005565854720771313 -0.007491173222661018
-0.007355602458119392 0.003400980727747083 -0.007491173222661018
0.006109230891779282 -0.008871964686958054 -0.007708799449840117
0.005097732417063039 -0.01015130336902358 -0.007708799449840117
0.004341263095397199 -0.008718307225687519 -0.007708799449840117
-0.008815059143340602 0.006515363712442875 -0.00874558661133051
-0.006779761813067885 0.005974132252841003 -0.00874558661133051
-0.008130407966036266 0.005036757935975425 -0.00874558661133051
-0.007705164695672861 0.007692392046865191 -0.007255776525930846
-0.007129324050621354 0.008100669578934882 -0.008510189914600338
0.006611196804569665 -0.007809992309653339 0.002029630283775389
0.006612369371660864 -0.007808896276483659 3.923383849691129e-05
0.005201699807947918 -0.00880611664491399 0.000884504001900442
0.00238632969558239 -0.002011203672736883 8.588377386331558e-05
0.00238632969558239 0.0001536700874567032 8.588377386331558e-05
0.0002214559353888035 0.0001536700874567032 8.588377386331558e-05
0.0002214559353888035 -0.002011203672736883 0.002250757534056902
0.0002214559353888035 0.0001536700874567032 0.002250757534056902
0.00238632969558239 -0.002011203672736883 0.002250757534056902
-0.004108291584998369 -0.002011203672736883 -0.002078989753499627
-0.004108291584998369 0.0001536700874567032 -0.002078989753499627
-0.004108291584998369 0.0001536700874567032 -0.00424386328086257
-0.006273165578022599 -0.002011203672736883 -0.00424386328086257
-0.006273165578022599 0.0001536700874567032 -0.00424386328086257
-0.006273165578022599 -0.002011203672736883 -0.002078989753499627
0.007708364033033797 -0.007708364033033743 -0.008281229081386302
-0.004563767546840317 -0.004659037398437035 0.007207815647125244
-0.005863353561848434 -0.002969850217328869 0.007207815647125244
-0.003648277678210144 -0.002652065297152872 0.007207815647125244
-0.004108291584998369 0.0001536700874567032 8.588377386331558e-05
-0.004108291584998369 0.00231854384765029 -0.002078989753499627
-0.006273165578022599 0.0001536700874567032 -0.002078989753499627
-0.005372908919269797 -0.006419316947859602 -0.003664831333611214
-0.005372908919269797 -0.006419316947859602 -0.001499957806248271
-0.00320803515907621 -0.008584190708053187 -0.003664831333611214
-0.001943417824804783 -0.00417607743293047 -0.002078989753499627
-0.001943417824804783 -0.00417607743293047 -0.00424386328086257
-0.005156106376507374 0.006515350576474078 -0.007121931640431285
-0.003006851372996465 0.006788671868744089 -0.007121931640431285
-0.004233819947171367 0.007850568866276561 -0.007121931640431285
0.008625601727887988 -0.001005601836368443 -0.003121931640431282
0.008389635815149864 -0.002720561655081361 -0.004120314742342741
0.008625601727887988 -0.001005601836368443 -0.005121931640431281
-0.006800721501250195 -0.00522371978648492 -0.003337257983472094
-0.008965595494274425 -0.00522371978648492 -0.003337257983472094
-0.006544273853033754 -0.005495729896903025 -0.005403160721817572
-0.008709147846057985 -0.005495729896903025 -0.005403160721817572
-0.001641879223742889 0.002810024571413978 -0.007121931640431285
-0.000554084381705641 0.001220470415979397 -0.007121931640431285
-0.001943417824804783 0.00231854384765029 -0.00424386328086257
-0.002718958141899227 0.001220470415979397 -0.007121931640431285
-0.003806752983936475 0.002810024571413978 -0.007121931640431285
0.0002214559353888035 0.0001536700874567032 -0.00424386328086257
-0.000554084381705641 -0.0009444033442141891 -0.007121931640431285
-0.001943417824804783 0.0001536700874567032 -0.00424386328086257
-0.006779761813067885 0.004891695256328888 0.008831470385193826
-0.005731947021558881 0.002859762287698686 0.006039286032319069
-0.005156106376507374 0.004350476816280492 0.007207815647125244
-0.003806752983936475 0.002810024571413978 0.007207815647125244
-0.005430408420496986 0.003351243011462375 0.008831470385193826
-0.008404145792499184 -0.001005601836368435 0.001845694317077489
-0.008014526681960626 -0.003195661116968588 0.001529815528933618
-0.008360707513202968 -0.001747072849256826 6.681027961460192e-05
-0.003233069289788008 0.01078844032446643 0.00855113740883486
-0.0009426671674214238 0.009586162826227327 0.005758953055960104
-0.00206894618697778 0.007850568866276561 0.007207815647125244
-0.005062513828018291 0.01018431461085397 0.008281229081386293
-0.002772111705651707 0.008982037112614874 0.005489044728511537
0.001192923592416344 0.004285540662573507 0.007207815647125244
0.0002782559013770461 0.002920913640784357 0.007207815647125244
0.001192923592416344 0.006450414422767094 0.007207815647125244
0.0002782559013770461 0.005085787400977943 0.007207815647125244
0.0002214559353888035 0.004483417607843876 0.004415631294250488
-0.0008419776128028789 0.006788671868744089 0.007207815647125244
-0.008667420913850789 0.006710546919500979 -0.006306312134476399
-0.0001612380192667429 -0.00951464886830802 -0.003045120147037323
-4.623050260021508e-05 -0.009518535460693964 -0.004503143368886336
-0.00150459187561631 -0.009311586392159732 -0.004115498109313213
-0.00545989013378158 -0.009276461125701914 -0.008367292822944124
-0.01117255731067516 -0.001726140771476344 -0.008534743108951961
-0.01055893569462596 -0.003615017188650107 -0.008869838127858885
0.004975127497951124 -0.00238070303843021 0.007207815647125244
0.002765152480308133 -0.00249983796429266 0.007207815647125244
0.00372586990400511 -0.004070180347597088 0.007207815647125244
0.009716139622544504 0.005077581702171562 0.00807824650211194
0.00238632969558239 -0.00417607743293047 0.004415631294250488
0.0006002787201145466 -0.004664711724486246 0.007207815647125244
0.001560996143811524 -0.006235054107790674 0.007207815647125244
-0.004936985465845296 0.008982037112614872 -0.005403160721817577
-0.002915951099825705 0.009615392906331954 -0.005058563361776355
-0.004020339837689688 0.009362074217601869 -0.004009612678283961
0.007700047112310388 -0.00647167117868353 0.001037167617821594
0.004551203455775976 -0.00417607743293047 8.588377386331558e-05
0.007700047112310388 -0.004306797418489943 0.001037167617821594
0.007700545607239097 -0.00430597816428787 -0.0009570570075947589
0.007700545607239097 -0.006470851924481456 -0.0009570570075947589
0.00238632969558239 -0.006340951193124056 8.588377386331558e-05
0.0036936752607736 -0.009360109467424611 -0.001440449296585217
0.001528801500580014 -0.009360109467424611 -0.001440449296585217
0.0002214559353888035 -0.006340951193124056 -0.002078989753499627
0.001528801500580014 -0.009360109467424611 -0.00360532282394816
0.00238632969558239 -0.006340951193124056 -0.002078989753499627
0.00238632969558239 -0.002011203672736883 0.004415631294250488
0.00141904545273446 -0.0007266245837743452 0.007207815647125244
0.003583919212928046 -0.0007266245837743452 0.007207815647125244
0.004551203455775976 0.0001536700874567032 0.004415631294250488
0.003583919212928046 0.001438249176419241 0.007207815647125244
0.00238632969558239 0.0001536700874567032 0.004415631294250488
0.008456909885404276 0.002613207775856658 0.005740435093648823
0.007883504499620914 0.004138185568560447 0.005286062149237184
0.00838960892047767 0.002874327622326404 0.004206369619082045
0.00789041966256445 0.004125130915826541 -0.005210710593025907
0.006765729788422566 0.00564939998435972 -0.005775638495905212
0.006610359075333626 0.0057995713472208 -0.004109988688125702
-0.001943417824804783 -0.002011203672736883 -0.00424386328086257
-0.001943417824804783 0.0001536700874567032 -0.002078989753499627
-0.001943417824804783 0.00231854384765029 -0.002078989753499627
0.0002214559353888035 0.0001536700874567032 -0.002078989753499627
0.009976512700135956 -0.00520466742048876 -0.008077866409537029
0.003184833616264636 0.01087355343232598 -0.008475403945446915
0.001668002690391795 0.01089814312164724 -0.008475403945446915
-0.0003119390828583695 -0.009506393254200661 0.0007972174485581509
0.0002214559353888035 -0.006340951193124056 0.002250757534056902
-0.0003119390828583695 -0.009506393254200661 0.002962091208751737
0.001394265678731302 -0.0093894008207745 0.003873845090235831
0.001394265678731302 -0.0093894008207745 0.001708971330042245
0.00114475159750309 0.009589390701813107 -0.005597335585878199
-0.0007510773396321184 0.009615392906331954 -0.005058563361776355
-0.0002278262467434134 0.01092414532616609 -0.00793663172134507
0.0007447070282775084 0.007957043787871593 -0.007121931640431285
-0.001576854319913803 -0.01098578034158101 0.007863279819870379
-0.003665068381522953 -0.01035318257779445 0.0082156071940268
0.008625601727887988 0.001159271923825143 0.003207815647125246
0.004551203455775976 0.00231854384765029 0.002250757534056902
0.008625601727887988 0.001159271923825143 0.00104294188693166
0.00838960892047767 0.002874327622326404 0.002041495858888459
0.00134557334340104 0.009552922200967779 -4.826204714761251e-05
0.001398170212655618 0.009542263764747757 0.001432347939348359
0.002952983592139562 0.009002533040065326 0.001171858062949593
0.001371905684894378 0.009547643957951026 -0.003866341697810524
-0.005786582144556379 0.008461403598299654 0.002009765010742087
-0.005841355628489404 0.008421158697360853 0.000198907981299238
-0.004183815815917357 0.009306369818181044 0.001684966818420339
-0.00239889378664673 -0.006823911158630621 0.007207815647125244
-0.001943417824804783 -0.00417607743293047 0.004415631294250488
-0.001483403918016558 -0.004816939057346458 0.007207815647125244
0.008459567680673628 -0.002448191554475428 0.005749145934291689
0.008625601727887988 -0.001005601836368443 0.005207815647125244
0.00677084096458077 -0.001717577786996924 0.007207815647125244
0.01084523923669278 -0.0007119759506284839 0.008
0.01067920518947842 -0.002154565668735469 0.008541330287166445
-0.0002691241848555871 -0.00633101374727236 0.007207815647125244
0.0002214559353888035 -0.00417607743293047 8.588377386331558e-05
0.00238632969558239 -0.00417607743293047 8.588377386331558e-05
0.00238632969558239 -0.00417607743293047 -0.002078989753499627
0.004551203455775976 -0.002011203672736883 -0.002078989753499627
0.00238632969558239 -0.002011203672736883 -0.002078989753499627
-0.001483403918016558 -0.002652065297152872 -0.007121931640431285
-0.0002691241848555871 -0.004166139987078774 -0.007121931640431285
0.0006002787201145466 -0.00249983796429266 -0.007121931640431285
-0.007890283580568485 0.005826543677677928 -0.003978930579033368
-0.007074143964585861 0.007212862484230136 -0.002967804688622997
-0.007074143964585861 0.005047988724036549 -0.002967804688622997
-0.004108291584998369 0.004483417607843876 -0.00424386328086257
-0.007890283580568485 0.003661669917484341 -0.003978930579033368
0.005493837700387193 -0.004223837808867623 0.007207815647125244
0.003328963940193607 -0.00638871156906121 0.007207815647125244
-0.0008419776128028789 0.006788671868744089 -0.007121931640431285
-0.001641879223742889 0.004974898331607564 -0.007121931640431285
-0.001943417824804783 0.006648291368037462 -0.00424386328086257
-0.003806752983936475 0.004974898331607564 -0.007121931640431285
0.009723054785488041 0.005064527049437655 -0.008088778952594623
0.008598364911346155 0.006588796117970835 -0.008653706855473928
-0.0006965790002765546 -0.007853058584964431 -0.007121931640431285
0.0008299277587854566 -0.007916083212585572 -0.007121931640431285
-0.0002691241848555871 -0.00633101374727236 -0.007121931640431285
-0.006081509259112349 0.008233610370498266 -0.005632121555031622
-0.005790903617717804 0.008458261085494179 -0.003736052899915643
-0.007043765477290276 0.007251765243134054 -0.004682657163577175
-0.007410237581116891 0.006837748278154464 0.005798293509004254
-0.006834396936065384 0.00832846280673627 0.006966823123810429
-0.007639823213988229 0.007633085434684127 0.008232826444185319
-0.008215663859039737 0.006142370906102321 0.007064296829379144
0.01133301107987016 0.000789231421016197 0.008
-0.007200789644119499 0.007043629124575877 0.001172993513736186
-0.006207037621285346 0.009435887868737364 -0.008510189914600338
0.0002214559353888035 0.0001536700874567032 0.004415631294250488
0.0002214559353888035 0.00231854384765029 0.002250757534056902
0.00238632969558239 0.00231854384765029 0.004415631294250488
0.00238632969558239 0.00231854384765029 0.002250757534056902
0.006497199840172399 -0.00791395632049848 -0.001431766393585008
0.00142047374794629 -0.009383934053099126 3.749709727301435e-05
-0.005984800257354298 0.00884909632105149 0.008281229081386293
-0.004936985465845294 0.006817163352421287 0.005489044728511537
-0.005786582144556379 0.006296529838106068 0.004174638770935673
0.008625601727887988 0.001159271923825143 -0.0009570581130683396
0.008389381255447022 0.002875139019028039 4.294188693166039e-05
0.00840444918132633 0.002820515100630504 -0.001859771376308843
0.006765729788422566 0.00564939998435972 0.005489044728510654
0.005148212166087971 0.006822363771071179 0.00503831883097845
0.006475840606674483 0.005921676081509619 0.003650914107334826
0.004551203455775976 -0.002011203672736883 0.002250757534056902
0.00238632969558239 0.0001536700874567032 0.002250757534056902
0.004551203455775976 0.0001536700874567032 0.002250757534056902
0.00238632969558239 0.00231854384765029 8.588377386331558e-05
0.004551203455775976 0.0001536700874567032 8.588377386331558e-05
-0.005731947021558881 0.006107073044404387 -0.005867518251761794
-0.005430408420496986 0.003351243011462375 -0.00874558661133051
-0.005731947021558881 0.002859762287698686 -0.005867518251761794
-0.005731947021558881 0.005024636047892272 -0.005867518251761794
-0.008824445080680011 0.005419973804430687 0.004961522011998353
0.004446406997169866 0.007963583942403759 4.613260728137357e-05
0.00238632969558239 0.004483417607843876 8.588377386331558e-05
0.006611280757363452 0.005798710182210173 4.613260728137357e-05
0.005117857352333149 0.006837659279871741 0.001171858062949593
-0.001943417824804783 0.0001536700874567032 8.588377386331558e-05
-0.004563767546840317 -0.004659037398437035 -0.007121931640431285
-0.005004414171939633 -0.006628627400001762 -0.005489224463375408
-0.006999749814875701 -0.008143563622603177 -0.008281229081386286
-0.01054622883049622 -0.003639827605917982 0.008178468031753726
-0.01116711312540424 -0.001759924597121664 0.008433158877237256
-0.003757575347411404 -0.01030560855203572 -0.008367292822944124
-0.007200789644119499 0.00487875536438229 0.001172993513736186
-0.008091921906975691 0.003125933966845491 0.001641226039245725
-0.004108291584998369 0.00231854384765029 0.002250757534056902
-0.008091921906975691 0.003125933966845491 0.003806099799439311
-0.007200789644119499 0.00487875536438229 0.003337867273929773
-0.001483403918016558 -0.002652065297152872 0.007207815647125244
0.0006002787201145466 -0.00249983796429266 0.007207815647125244
-0.000554084381705641 -0.0009444033442141891 0.007207815647125244
-0.007074143964585861 0.005047988724036549 -0.0008029311612600546
-0.007890283580568485 0.003661669917484341 -0.001814057051670425
-0.00796636278498486 0.003476207450283239 -0.0001353394207510355
0.0007447070282775084 0.007957043787871593 0.007207815647125244
0.001104086820699872 0.009595966646797856 0.005489044728511537
0.001627337913588577 0.01090471906663198 0.008281229081386293
0.003144168839461418 0.01088012937731073 0.008281229081386293
0.00226153795415035 0.007932454098550337 0.007207815647125244
-0.003714241246243795 0.01067753093054609 -0.008281229081386291
-0.005062513828018294 0.01018431461085397 -0.008281229081386291
0.01054985202157906 -0.003679861101312737 -0.008532533957549691
0.01067652750892958 -0.002165996340962751 -0.008532533957549691
-0.000720673605203282 0.008343785185968676 -0.007121931640431285
-0.002885547365396869 0.008343785185968676 -0.007121931640431285
-0.001693206880224204 0.01131088672426317 -0.00793663172134507
0.00141904545273446 0.001438249176419241 -0.007121931640431285
0.00141904545273446 -0.0007266245837743452 -0.007121931640431285
0.0002214559353888035 -0.002011203672736883 -0.002078989753499627
0.0002214559353888035 -0.00417607743293047 -0.002078989753499627
0.0002214559353888035 -0.00417607743293047 -0.00424386328086257
0.00238632969558239 -0.002011203672736883 -0.00424386328086257
0.00238632969558239 -0.00417607743293047 -0.00424386328086257
0.01133301107987016 0.000789231421016197 -0.007999999999999997
0.0111669770326558 0.002231821139123187 -0.008541330287166434
-0.0111792499436916 0.0002173586118772177 -0.008083844555624192
-0.0109087556554301 0.001758970443716528 -0.008083844555624192
-0.007355602458119392 0.004483417724259198 -0.007491173222661018
-0.009353855701424364 0.004547401958347288 -0.007385129919118319
-0.009353855701424364 0.005629838954859403 -0.007385129919118319
-0.01012866120934124 0.005100742170063515 -0.008639543307787809
-0.008130407966036266 0.00395432093946331 -0.00874558661133051
0.002983338405894384 0.008987237531264765 0.00503831883097845
0.00502342042465593 0.01027140026177764 0.007830503183853206
0.001756898555366902 -0.01101024497780438 0.008468002256170082
-0.005011733161707018 -0.001059595384654849 -0.007121931640431285
-0.005863353561848434 -0.002969850217328869 -0.007121931640431285
-0.003648277678210144 -0.002652065297152872 -0.007121931640431285
-0.00857853757695573 0.0009677084454026567 0.008831470385193826
-0.0099441780065679 0.0006733476852227621 0.007264629262431081
-0.005731947021558881 0.0006948885275050998 0.006039286032319069
-0.008320522570007389 -0.002032744515019221 0.0056409745243625
-0.006954882140395219 -0.001738383754839326 0.007207815647125244
0.002993567641040525 0.008982037112614867 -0.005403160721817576
-0.003006851372996465 0.004623798108550503 0.007207815647125244
-0.01049084074830254 -0.001998960689373901 -0.005656674749383246
-0.009832904878598196 -0.003973226165988475 -0.004487697739309958
-0.009877219132253336 -0.003887837106547664 -0.005991769768290169
0.007543447787193889 0.007921245373115228 0.00828122908138541
0.005528508112868927 0.001695598498153558 -0.007121931640431285
0.004426250379889383 0.003106878642224635 -0.007121931640431285
0.006383838578699566 0.003257939981261404 -0.007121931640431285
-0.002202469008401259 -0.009084156324313728 0.003816409665973602
-0.003610675907754885 -0.00831573100283595 0.004228886281510792
-0.003529784634817089 -0.008373279455151646 0.00261565545193195
0.0105525297021279 -0.003668430429085456 0.008541330287166445
0.009983399936781056 -0.005191665147493181 0.00808830147494384
0.004551203455775976 0.0001536700874567032 -0.00424386328086257
0.005528508112868927 -0.000469275262040028 -0.007121931640431285
0.00677084096458077 -0.001717577786996924 -0.007121931640431285
0.00677084096458077 0.0004472959731966624 -0.007121931640431285
-0.005694658395010675 -0.006208405694958059 0.0004507816917383636
-0.005694658395010675 -0.006208405694958059 0.00261565545193195
-0.004108291584998369 -0.002011203672736883 0.002250757534056902
-0.007058307499233017 -0.004914676613455564 0.001094494727054237
-0.007058307499233017 -0.004914676613455564 0.003259368487247823
-0.01052114980295463 -0.0002273619996905663 -0.003206313858507608
-0.0105255815062272 -0.001747072849256826 -0.002098063247748341
-0.01045999586213018 -0.002177232158279742 -0.003889576952234607
0.007699799377621701 0.004460874543254572 -0.003116973099303072
0.007699799377621701 0.004460874543254572 -0.0009520995719401295
0.004551203455775976 0.00231854384765029 -0.002078989753499627
0.00840444918132633 0.002820515100630504 -0.004024644903671786
0.008625601727887988 0.001159271923825143 0.005207815647125244
-0.00255236579661003 0.009654570379685191 0.0005475359310732593
-0.004221159541786196 0.009292943838622475 -0.000147368511667619
0.006475840606674483 0.005921676081509619 0.001486040347141239
0.007700231366502709 0.004460164724850757 0.001042941062592468
0.0002782559013770461 0.002920913640784357 -0.007121931640431285
0.005925930164859294 0.009094209159826687 0.007830503183853206
0.003164047694353713 0.006755262996599384 0.007207815647125244
0.007258612807758148 0.001948503344841343 -0.007121931640431285
0.008625601727887988 0.001159271923825143 -0.005121931640431281
0.008459567680673626 0.002601861641932133 -0.005663261927597719
0.005328921454547299 0.004590389236405798 -0.007121931640431285
-0.001943417824804783 -0.002011203672736883 -0.002078989753499627
-0.003529784634817089 -0.008373279455151646 0.0004507816917383636
-0.001943417824804783 -0.00417607743293047 8.588377386331558e-05
-0.00320803515907621 -0.008584190708053187 -0.001499957806248271
-0.0006588193842484446 -0.009473672949740632 0.005071095466995623
-0.01051225382047629 -0.0001584268949833974 -0.001667210718019282
-0.009956314824855267 0.002650630894221644 -0.006829431166954701
-0.008308043288694222 0.002509320277241967 -0.00874558661133051
-0.007896821014583111 0.0006948885275050998 -0.005867518251761794
-0.008849261845157941 -0.0001967719230000155 -0.007121931640431285
-0.01049753338131898 -5.54613060203392e-05 -0.005205776196055477
-0.002747033445857595 -0.008841075185954079 0.005423422841152044
-0.002839540411746046 -0.008793501160195349 -0.005489224463375408
0.009602906384980939 0.000536326574328412 -0.007999999999999997
0.007543447787193889 0.007921245373115228 -0.008653706855473928
0.001192923592416344 0.006450414422767094 -0.007121931640431285
-0.008356275809930402 0.00193751176050302 -0.001041440331144666
-0.00834737982745206 0.002006446865210189 0.0004976628093436609
0.01084523923669278 -0.0007119759506284839 -0.007999999999999997
-0.001842879970081958 -0.009212488177271969 -0.002362915640918038
0.008858691809876855 -0.00671596877151303 0.008653031898773271
-0.00536738316789313 -0.009324035151460642 0.0082156071940268
-0.007048549867616624 -0.008094227336349095 0.008122932841413655
0.001560996143811524 -0.006235054107790674 -0.007121931640431285
-0.007699638275099372 -0.003912647523815538 0.00538628367887897
-0.008014526681960626 -0.003195661116968588 0.003694689289127204
-0.009513939017128997 0.005285325354044853 -0.005602585549932592
-0.0003717777514499128 0.009655787511459148 -0.002899062640275372
-0.001855466077496101 0.009362074217601869 -0.004009612678283961
-0.00239889378664673 -0.006823911158630621 -0.007121931640431285
0.0002214559353888035 -0.00417607743293047 0.002250757534056902
0.0002214559353888035 -0.00417607743293047 0.004415631294250488
-0.001943417824804783 -0.002011203672736883 0.004415631294250488
-0.001943417824804783 -0.002011203672736883 0.002250757534056902
0.004426250379889383 0.003106878642224635 0.007207815647125244
0.002443129661570633 0.002920913640784357 0.007207815647125244
-0.006800721501250195 -0.00522371978648492 -0.001172384456109152
-0.007865624734379583 -0.003564744760880608 -0.0003583480383890555
-0.004108291584998369 0.004483417607843876 0.002250757534056902
-0.001943417824804783 0.006648291368037462 0.002250757534056902
-0.001943417824804783 0.004483417607843876 0.004415631294250488
-0.001943417824804783 0.00231854384765029 0.002250757534056902
0.0002214559353888035 0.004483417607843876 0.002250757534056902
-0.001943417824804783 0.004483417607843876 8.588377386331558e-05
-0.004108291584998369 0.0001536700874567032 0.002250757534056902
-0.008404145792499184 0.001159271923825151 0.004010568077271076
-0.008404145792499184 -0.001005601836368435 0.004010568077271076
-0.004108291584998369 0.0001536700874567032 0.004415631294250488
0.008389381255446934 -0.002721468931571653 4.294188693166039e-05
-0.005775549667948472 -0.006150857242642364 0.004228886281510792
0.003583919212928046 0.001438249176419241 -0.007121931640431285
0.00302311952096112 0.008966882204578652 -0.001208442947004946
0.004551203455775976 -0.00417607743293047 0.002250757534056902
0.006611196804569665 -0.005645118549459752 0.004194504043968975
0.007700047112310388 -0.004306797418489943 0.00320204137801518
0.001398170212655618 0.009542263764747757 0.003597221699541945
-0.0100278012290597 0.001700490363873548 0.005634222815339656
-0.005857475383731879 0.007309350542643487 -0.00874558661133051
-0.009513939017128997 0.004202888357532738 -0.005602585549932592
-0.009715577343536203 0.003667152406893887 0.005429754537507892
-0.009311549219908597 0.004630231576951236 0.007002300752350679
-0.009949380041508044 0.002695376889688913 0.007152020601130357
-0.008028227554872664 -0.002969850217328869 -0.007121931640431285
-0.008299335829883819 -0.006454376441495011 -0.008281229081386286
-0.009119756133419449 -0.001738383754839326 -0.007121931640431285
-0.008130407966036266 0.00395432093946331 0.008831470385193826
-0.01008635472782547 0.005183571788667463 0.008170830367156854
-0.008990469366956608 0.006695711117818548 0.008232826444185319
0.008404449181325598 -0.002666845013176497 0.004110528910369529
-0.005011733161707018 0.001105278375538737 -0.007121931640431285
-0.005011733161707018 -0.001059595384654849 0.007207815647125244
-0.002718958141899227 -0.0009444033442141891 0.007207815647125244
-0.005790903617717804 0.008458261085494179 -0.0015711793725527
-0.007074143964585861 0.007212862484230136 -0.0008029311612600546
-0.001884796708013509 0.01128165664415854 0.00855113740883486
-0.000720673605203282 0.008343785185968676 0.007207815647125244
0.001120156312965009 -0.009439730290364493 -0.005480604380615269
-0.009454700251949437 -0.004871294068407524 0.008178468031753726
-0.00834813588262474 -0.00640504015524093 0.008122932841413655
0.008625601727887988 -0.001005601836368443 -0.0009570581130683396
0.008389635815149864 -0.002720561655081361 -0.001955441214979799
-0.0002691241848555871 -0.004166139987078774 0.007207815647125244
0.005328921454547299 0.004590389236405798 0.007207815647125244
-0.005011733161707018 0.001105278375538737 0.007207815647125244
-0.002718958141899227 0.001220470415979397 0.007207815647125244
-0.006986952059453511 0.003226813451443339 0.008831470385193826
-0.008308043288694222 0.002509320277241967 0.008831470385193826
0.0002214559353888035 0.006648291368037462 0.002250757534056902
-0.0003874920364164438 0.009654570379685191 0.0005475359310732593
-0.0003874920364164438 0.009654570379685191 0.002712409691266846
2.969900825620738e-05 0.00967362867932885 0.004306757910201452
-0.002018942055723771 0.009306369818181044 0.003849840578613925
0.005528508112868927 0.001695598498153558 0.007207815647125244
0.006383838578699566 0.003257939981261404 0.007207815647125244
0.005089577171129109 -0.01015546608316083 0.008281229081386291
0.006696865558317553 -0.008987702715099272 0.008653031898773271
-0.0006965790002765546 -0.007853058584964431 0.007207815647125244
-0.002718958141899227 -0.0009444033442141891 -0.007121931640431285
-0.008356275809930402 0.00193751176050302 -0.003206313858507608
-0.01005515757359272 0.001496796157290755 -0.003978930579033368
0.005193519323298049 -0.008810356526723264 -0.0006109820006823894
0.005166596647168065 -0.0088242043110209 -0.002665857562908459
-0.01030629653199919 0.003655741507842173 -0.008639543307787809
0.00789043791532678 -0.003971426272883153 0.005296117122069084
0.00676572978842258 -0.005495729896903003 0.005860847545898515
-0.0001612380192667429 -0.00951464886830802 -0.0008802466196743798
-0.001842879970081958 -0.009212488177271969 -0.0001980421135550949
0.00238632969558239 -0.006340951193124056 0.002250757534056902
0.00238632969558239 -0.00417607743293047 0.002250757534056902
0.003216165843053569 -0.01076682934836718 -0.008358672740183985
-0.007176607154731248 -0.001059595384654849 -0.007121931640431285
-0.006635388598267529 0.001646496815587134 -0.00874558661133051
-0.006986952059453511 0.003226813451443339 -0.00874558661133051
0.007700231366502709 0.004460164724850757 0.003207814822786054
-0.001641879223742889 0.004974898331607564 0.007207815647125244
0.0006002787201145466 -0.004664711724486246 -0.007121931640431285
0.00238632969558239 0.0001536700874567032 -0.002078989753499627
0.004551203455775976 0.0001536700874567032 -0.002078989753499627
-0.006635388598267529 0.001646496815587134 0.008831470385193826
-0.004108291584998369 0.004483417607843876 8.588377386331558e-05
-0.004108291584998369 0.004483417607843876 -0.002078989753499627
-0.004108291584998369 0.006648291368037462 -0.002078989753499627
-0.000554084381705641 0.001220470415979397 0.007207815647125244
0.00141904545273446 0.001438249176419241 0.007207815647125244
-0.008404145792499184 0.001159271923825151 0.001845694317077489
0.00302311952096112 0.008966882204578652 -0.003373316474367889
0.0002214559353888035 0.006648291368037462 -0.002078989753499627
0.00238632969558239 0.004483417607843876 -0.002078989753499627
0.005187993281154706 0.006802008444385064 -0.001208442947004946
0.005528508112868927 -0.000469275262040028 0.007207815647125244
-0.002202469008401259 -0.009084156324313728 0.001651535905780016
0.00335779735260993 0.004285540662573507 0.007207815647125244
0.00238632969558239 0.004483417607843876 0.004415631294250488
0.0002214559353888035 0.004483417607843876 -0.00424386328086257
0.00238632969558239 0.00231854384765029 -0.00424386328086257
0.00238632969558239 0.004483417607843876 -0.00424386328086257
0.0002214559353888035 0.004483417607843876 -0.002078989753499627
0.00238632969558239 0.00231854384765029 -0.002078989753499627
0.0002214559353888035 0.00231854384765029 -0.002078989753499627
-0.001943417824804783 -0.002011203672736883 8.588377386331558e-05
-0.001943417824804783 0.0001536700874567032 0.002250757534056902
0.008625601727887988 -0.001005601836368443 0.003207815647125246
0.00238632969558239 0.0001536700874567032 -0.00424386328086257
0.003583919212928046 -0.0007266245837743452 -0.007121931640431285
0.005117857352333149 0.006837659279871741 0.003336731823143179
0.01116431923738645 0.002243167273047711 0.008532619446523578
-0.001943417824804783 0.006648291368037462 8.588377386331558e-05
0.0002214559353888035 0.004483417607843876 8.588377386331558e-05
0.006644165477230251 -0.003231442547346911 0.007207815647125244
-0.001641879223742889 0.002810024571413978 0.007207815647125244
0.009602906384980939 0.000536326574328412 0.008
-0.0003717777514499128 0.009655787511459148 -0.0007341891129124291
0.001371905684894378 0.009547643957951026 -0.001701468170447582
-0.01003049872740381 -0.003564744760880608 -0.002523221565751998
-0.002536651511643499 0.009655787511459148 -0.002899062640275372
-0.00027415906191439 -0.01101742857880267 -0.00870925261237181
-0.001800665820976401 -0.01095440395118153 -0.00870925261237181
-0.0008826308853110431 -0.009442296559341156 -0.005831184252803094
0.003328963940193607 -0.00638871156906121 -0.007121931640431285
0.00372586990400511 -0.004070180347597088 -0.007121931640431285
0.005493837700387193 -0.004223837808867623 -0.007121931640431285
0.01029220280359722 0.003541257775543248 -0.008541330287166434
0.0002782559013770461 0.005085787400977943 -0.007121931640431285
0.001192923592416344 0.004285540662573507 -0.007121931640431285
-0.001943417824804783 0.0001536700874567032 0.004415631294250488
-0.001943417824804783 0.00231854384765029 0.004415631294250488
-0.01072418554942492 0.00324871710140514 0.008320550215936532
-0.005731947021558881 0.0006948885275050998 -0.005867518251761794
0.004975127497951124 -0.00238070303843021 -0.007121931640431285
-0.001943417824804783 -0.00417607743293047 0.002250757534056902
0.008404449181325598 -0.002666845013176497 0.001945655150175943
0.008598364911346155 0.006588796117970835 0.00828122908138541
0.003244436262058809 -0.01076221201634555 0.008468002256170082
0.002765152480308133 -0.00249983796429266 -0.007121931640431285
0.003036826047754332 -0.00880611664491399 0.003049377762094028
0.005158441401234134 -0.00882836702515815 0.003324170968317949
0.002993567641040548 -0.00882836702515815 0.005489044728511535
0.005033649659802072 0.01026619984312774 -0.008281229081386291
0.01028954500832787 0.003552603909467772 0.008532619446523578
-0.001943417824804783 0.004483417607843876 -0.00424386328086257
-0.001943417824804783 0.004483417607843876 -0.002078989753499627
0.008625601727887988 -0.001005601836368443 0.00104294188693166
-0.008360707513202968 0.0004178009109367601 6.681027961460192e-05
-0.003621708384362793 0.008461403598299654 0.004174638770935673
0.007700545607239097 -0.00430597816428787 -0.003121930534957702
0.00238632969558239 0.004483417607843876 0.002250757534056902
0.002952983592139562 0.009002533040065326 0.003336731823143179
0.007258612807758148 0.001948503344841343 0.007207815647125244
0.007708364033033797 -0.007708364033033743 0.008653031898773271
0.006610359075333626 0.0057995713472208 -0.001945115160762759
0.006644165477230251 -0.003231442547346911 -0.007121931640431285
0.008456890000124787 -0.002459622226702709 -0.005654465597980975
0.001728628136361662 -0.01101486230982601 -0.008358672740183985
0.004446323044376079 -0.007809992309653339 0.004194504043968975
-0.006231025629790419 -0.008798690968342515 0.007021070634385548
0.003001722886974478 -0.0088242043110209 -0.004830731090271402
-0.002018942055723771 0.009306369818181044 0.001684966818420339
0.008625601727887988 0.001159271923825143 -0.003121931640431282
-0.001483403918016558 -0.004816939057346458 -0.007121931640431285
-0.002536651511643499 0.009655787511459148 -0.0007341891129124291
-0.001943417824804783 0.006648291368037462 -0.002078989753499627
0.0001619572801077867 0.01129146046472907 0.008281229081386293
0.005166596647168065 -0.006659330550827314 -0.004830731090271402
0.00226153795415035 0.007932454098550337 -0.007121931640431285
0.00676572978842258 -0.005495729896903003 -0.005403160721817585
0.005187993281154706 0.006802008444385064 -0.003373316474367889
0.003559139438924888 -0.0093894008207745 0.001708971330042245
0.003585347508139876 -0.009383934053099126 3.749709727301435e-05
-0.001943417824804783 0.00231854384765029 8.588377386331558e-05
-0.006593073905774676 -0.005446393610648944 0.005330748488538899
-0.009467407116079171 -0.00484648365113965 -0.008869838127858885
0.004551203455775976 -0.00417607743293047 -0.002078989753499627
0.006497199840172399 -0.005749082560304894 -0.003596639920947951
-0.01117231516034438 0.0002621046073444872 0.008320550215936532
0.002443129661570633 0.002920913640784357 -0.007121931640431285
-0.004221159541786196 0.009292943838622475 -0.002312242039030562
0.008826184923292898 -0.006197062682009471 -0.008077866409537029
0.007883550678681682 -0.003984428545878732 -0.005199798049968313
0.00444548531514004 0.007964445107414387 -0.004109988688125702
0.00335779735260993 0.004285540662573507 -0.007121931640431285
0.001148426731970249 -0.009435112958342866 0.005675817903295326
0.003164047694353713 0.006755262996599384 -0.007121931640431285
0.005936159400005435 0.009089008741176789 -0.008281229081386291
0.005158441401234112 0.00681716335242128 -0.005403160721817576
0.0002303917963048906 -0.01094722035018324 0.008468002256170082
0.0008299277587854566 -0.007916083212585572 0.007207815647125244
-0.002991232616313787 0.006515350576474078 0.007207815647125244
-0.01090182087208287 0.001803716439183798 0.008320550215936532
-0.006986952059453511 0.004309250447955455 -0.00874558661133051
0.000562241320796438 -0.01109366748015548 -0.007381211728455052
-0.005430408420496986 0.00443368000797449 -0.00874558661133051
0.00677084096458077 0.0004472959731966624 0.007207815647125244
0.002317465465477364 -0.007668050251126739 0.007207815647125244
0.004600856028228993 -0.007660603657096589 0.005860847545898515
0.002459696521387729 -0.009333833205031112 -0.008358672740183985
$EndNodes
$Elements
1 5800 1 5800
3 1 4 5800
1 149 874 875 876 
2 874 695 806 809 
3 875 806 713 738 
4 876 809 738 712 
5 874 875 876 809 
6 874 809 806 875 
7 875 876 809 738 
8 875 738 809 806 
9 872 877 878 879 
10 877 66 774 822 
11 878 774 696 830 
12 879 822 830 717 
13 877 878 879 822 
14 877 822 774 878 
15 878 879 822 830 
16 878 830 822 774 
17 66 335 877 774 
18 335 189 880 881 
19 877 880 872 878 
20 774 881 878 696 
21 335 877 774 881 
22 335 881 880 877 
23 877 774 881 878 
24 877 878 881 880 
25 111 353 883 355 
26 353 112 882 241 
27 883 882 850 884 
28 355 241 884 113 
29 353 883 355 241 
30 353 241 882 883 
31 883 355 241 884 
32 883 884 241 882 
33 860 885 887 888 
34 885 859 886 890 
35 887 886 863 889 
36 888 890 889 847 
37 885 887 888 890 
38 885 890 886 887 
39 887 888 890 889 
40 887 889 890 886 
41 871 891 893 894 
42 891 858 892 896 
43 893 892 853 895 
44 894 896 895 855 
45 891 893 894 896 
46 891 896 892 893 
47 893 894 896 895 
48 893 895 896 892 
49 86 85 384 764 
50 85 84 376 763 
51 384 376 98 897 
52 764 763 897 695 
53 85 384 764 763 
54 85 763 376 384 
55 384 764 763 897 
56 384 897 763 376 
57 544 581 899 573 
58 581 556 898 582 
59 899 898 846 900 
60 573 582 900 552 
61 581 899 573 582 
62 581 582 898 899 
63 899 573 582 900 
64 899 900 582 898 
65 858 901 892 896 
66 901 862 902 903 
67 892 902 853 895 
68 896 903 895 855 
69 901 892 896 903 
70 901 903 902 892 
71 892 896 903 895 
72 892 895 903 902 
73 121 904 905 906 
74 904 871 891 908 
75 905 891 858 907 
76 906 908 907 843 
77 904 905 906 908 
78 904 908 891 905 
79 905 906 908 907 
80 905 907 908 891 
81 710 745 910 794 
82 745 696 909 793 
83 910 909 852 911 
84 794 793 911 715 
85 745 910 794 793 
86 745 793 909 910 
87 910 794 793 911 
88 910 911 793 909 
89 45 44 347 912 
90 44 43 360 914 
91 347 360 108 913 
92 912 914 913 865 
93 44 347 912 914 
94 44 914 360 347 
95 347 912 914 913 
96 347 913 914 360 
97 871 915 894 917 
98 915 122 916 226 
99 894 916 855 918 
100 917 226 918 94 
101 915 894 917 226 
102 915 226 916 894 
103 894 917 226 918 
104 894 918 226 916 
105 861 919 920 921 
106 919 706 777 923 
107 920 777 703 922 
108 921 923 922 853 
109 919 920 921 923 
110 919 923 777 920 
111 920 921 923 922 
112 920 922 923 777 
113 869 924 925 926 
114 924 861 920 921 
115 925 920 703 922 
116 926 921 922 853 
117 924 925 926 921 
118 924 921 920 925 
119 925 926 921 922 
120 925 922 921 920 
121 543 927 929 593 
122 927 870 928 931 
123 929 928 856 930 
124 593 931 930 553 
125 927 929 593 931 
126 927 931 928 929 
127 929 593 931 930 
128 929 930 931 928 
129 166 932 288 292 
130 932 858 933 934 
131 288 933 136 293 
132 292 934 293 127 
133 932 288 292 934 
134 932 934 933 288 
135 288 292 934 293 
136 288 293 934 933 
137 562 935 937 938 
138 935 153 936 413 
139 937 936 844 939 
140 938 413 939 102 
141 935 937 938 413 
142 935 413 936 937 
143 937 938 413 939 
144 937 939 413 936 
145 568 940 642 942 
146 940 867 941 944 
147 642 941 549 943 
148 942 944 943 844 
149 940 642 942 944 
150 940 944 941 642 
151 642 942 944 943 
152 642 943 944 941 
153 557 643 630 945 
154 643 568 642 942 
155 630 642 549 943 
156 945 942 943 844 
157 643 630 945 942 
158 643 942 642 630 
159 630 945 942 943 
160 630 943 942 642 
161 66 335 336 877 
162 335 189 334 880 
163 336 334 135 946 
164 877 880 946 872 
165 335 336 877 880 
166 335 880 334 336 
167 336 877 880 946 
168 336 946 880 334 
169 187 528 948 536 
170 528 164 947 503 
171 948 947 843 949 
172 536 503 949 125 
173 528 948 536 503 
174 528 503 947 948 
175 948 536 503 949 
176 948 949 503 947 
177 709 728 950 733 
178 728 78 456 77 
179 950 456 161 457 
180 733 77 457 76 
181 728 950 733 77 
182 728 77 456 950 
183 950 733 77 457 
184 950 457 77 456 
185 167 281 510 951 
186 281 186 514 952 
187 510 514 72 828 
188 951 952 828 718 
189 281 510 951 952 
190 281 952 514 510 
191 510 951 952 828 
192 510 828 952 514 
193 849 953 954 955 
194 953 554 603 656 
195 954 603 551 660 
196 955 656 660 559 
197 953 954 955 656 
198 953 656 603 954 
199 954 955 656 660 
200 954 660 656 603 
201 541 956 612 613 
202 956 160 446 445 
203 612 446 6 5 
204 613 445 5 4 
205 956 612 613 445 
206 956 445 446 612 
207 612 613 445 5 
208 612 5 445 446 
209 845 957 958 959 
210 957 849 954 955 
211 958 954 551 660 
212 959 955 660 559 
213 957 958 959 955 
214 957 955 954 958 
215 958 959 955 660 
216 958 660 955 954 
217 152 414 961 451 
218 414 90 960 492 
219 961 960 852 962 
220 451 492 962 168 
221 414 961 451 492 
222 414 492 960 961 
223 961 451 492 962 
224 961 962 492 960 
225 110 963 965 338 
226 963 850 964 967 
227 965 964 859 966 
228 338 967 966 109 
229 963 965 338 967 
230 963 967 964 965 
231 965 338 967 966 
232 965 966 967 964 
233 848 968 970 971 
234 968 850 969 973 
235 970 969 171 972 
236 971 973 972 843 
237 968 970 971 973 
238 968 973 969 970 
239 970 971 973 972 
240 970 972 973 969 
241 849 974 976 977 
242 974 847 975 979 
243 976 975 548 978 
244 977 979 978 866 
245 974 976 977 979 
246 974 979 975 976 
247 976 977 979 978 
248 976 978 979 975 
249 160 527 981 265 
250 527 183 980 531 
251 981 980 866 982 
252 265 531 982 137 
253 527 981 265 531 
254 527 531 980 981 
255 981 265 531 982 
256 981 982 531 980 
257 107 209 236 983 
258 209 141 237 985 
259 236 237 173 984 
260 983 985 984 868 
261 209 236 983 985 
262 209 985 237 236 
263 236 983 985 984 
264 236 984 985 237 
265 871 986 893 987 
266 986 869 926 989 
267 893 926 853 988 
268 987 989 988 863 
269 986 893 987 989 
270 986 989 926 893 
271 893 987 989 988 
272 893 988 989 926 
273 86 87 824 444 
274 87 88 819 443 
275 824 819 716 990 
276 444 443 990 159 
277 87 824 444 443 
278 87 443 819 824 
279 824 444 443 990 
280 824 990 443 819 
281 178 477 991 992 
282 477 58 837 769 
283 991 837 723 839 
284 992 769 839 692 
285 477 991 992 769 
286 477 769 837 991 
287 991 992 769 839 
288 991 839 769 837 
289 111 353 343 883 
290 353 112 207 882 
291 343 207 110 963 
292 883 882 963 850 
293 353 343 883 882 
294 353 882 207 343 
295 343 883 882 963 
296 343 963 882 207 
297 117 993 995 204 
298 993 848 994 997 
299 995 994 845 996 
300 204 997 996 116 
301 993 995 204 997 
302 993 997 994 995 
303 995 204 997 996 
304 995 996 997 994 
305 178 998 233 992 
306 998 851 999 1001 
307 233 999 152 1000 
308 992 1001 1000 692 
309 998 233 992 1001 
310 998 1001 999 233 
311 233 992 1001 1000 
312 233 1000 1001 999 
313 96 427 393 1002 
314 427 162 455 1003 
315 393 455 30 576 
316 1002 1003 576 540 
317 427 393 1002 1003 
318 427 1003 455 393 
319 393 1002 1003 576 
320 393 576 1003 455 
321 866 982 1004 1005 
322 982 137 350 1007 
323 1004 350 47 1006 
324 1005 1007 1006 864 
325 982 1004 1005 1007 
326 982 1007 350 1004 
327 1004 1005 1007 1006 
328 1004 1006 1007 350 
329 854 1008 1009 1010 
330 1008 144 490 323 
331 1009 490 169 246 
332 1010 323 246 147 
333 1008 1009 1010 323 
334 1008 323 490 1009 
335 1009 1010 323 246 
336 1009 246 323 490 
337 178 998 232 233 
338 998 851 1011 999 
339 232 1011 143 215 
340 233 999 215 152 
341 998 232 233 999 
342 998 999 1011 232 
343 232 233 999 215 
344 232 215 999 1011 
345 134 283 1013 253 
346 283 176 1012 284 
347 1013 1012 857 1014 
348 253 284 1014 163 
349 283 1013 253 284 
350 283 284 1012 1013 
351 1013 253 284 1014 
352 1013 1014 284 1012 
353 846 898 1016 900 
354 898 556 1015 582 
355 1016 1015 845 1017 
356 900 582 1017 552 
357 898 1016 900 582 
358 898 582 1015 1016 
359 1016 900 582 1017 
360 1016 1017 582 1015 
361 32 394 31 615 
362 394 96 393 1002 
363 31 393 30 576 
364 615 1002 576 540 
365 394 31 615 1002 
366 394 1002 393 31 
367 31 615 1002 576 
368 31 576 1002 393 
369 849 1018 1019 1020 
370 1018 184 499 1022 
371 1019 499 49 1021 
372 1020 1022 1021 537 
373 1018 1019 1020 1022 
374 1018 1022 499 1019 
375 1019 1020 1022 1021 
376 1019 1021 1022 499 
377 845 958 1023 959 
378 958 551 661 660 
379 1023 661 561 579 
380 959 660 579 559 
381 958 1023 959 660 
382 958 660 661 1023 
383 1023 959 660 579 
384 1023 579 660 661 
385 848 1024 1025 1026 
386 1024 860 885 1028 
387 1025 885 859 1027 
388 1026 1028 1027 865 
389 1024 1025 1026 1028 
390 1024 1028 885 1025 
391 1025 1026 1028 1027 
392 1025 1027 1028 885 
393 705 1029 750 776 
394 1029 869 1030 1031 
395 750 1030 714 814 
396 776 1031 814 704 
397 1029 750 776 1031 
398 1029 1031 1030 750 
399 750 776 1031 814 
400 750 814 1031 1030 
401 132 326 1033 1034 
402 326 130 1032 1036 
403 1033 1032 852 1035 
404 1034 1036 1035 853 
405 326 1033 1034 1036 
406 326 1036 1032 1033 
407 1033 1034 1036 1035 
408 1033 1035 1036 1032 
409 849 1037 955 957 
410 1037 542 657 1038 
411 955 657 559 959 
412 957 1038 959 845 
413 1037 955 957 1038 
414 1037 1038 657 955 
415 955 957 1038 959 
416 955 959 1038 657 
417 851 1039 1040 1041 
418 1039 710 746 910 
419 1040 746 706 1042 
420 1041 910 1042 852 
421 1039 1040 1041 910 
422 1039 910 746 1040 
423 1040 1041 910 1042 
424 1040 1042 910 746 
425 107 236 424 1043 
426 236 173 474 1044 
427 424 474 54 766 
428 1043 1044 766 694 
429 236 424 1043 1044 
430 236 1044 474 424 
431 424 1043 1044 766 
432 424 766 1044 474 
433 720 748 1046 732 
434 748 693 1045 747 
435 1046 1045 843 1047 
436 732 747 1047 714 
437 748 1046 732 747 
438 748 747 1045 1046 
439 1046 732 747 1047 
440 1046 1047 747 1045 
441 155 508 1049 433 
442 508 189 1048 334 
443 1049 1048 852 1050 
444 433 334 1050 135 
445 508 1049 433 334 
446 508 334 1048 1049 
447 1049 433 334 1050 
448 1049 1050 334 1048 
449 176 1051 1052 256 
450 1051 870 927 1054 
451 1052 927 543 1053 
452 256 1054 1053 150 
453 1051 1052 256 1054 
454 1051 1054 927 1052 
455 1052 256 1054 1053 
456 1052 1053 1054 927 
457 545 1055 672 676 
458 1055 49 50 1021 
459 672 50 1 608 
460 676 1021 608 537 
461 1055 672 676 1021 
462 1055 1021 50 672 
463 672 676 1021 608 
464 672 608 1021 50 
465 134 371 1013 283 
466 371 133 1056 257 
467 1013 1056 857 1012 
468 283 257 1012 176 
469 371 1013 283 257 
470 371 257 1056 1013 
471 1013 283 257 1012 
472 1013 1012 257 1056 
473 64 494 773 818 
474 494 189 881 1057 
475 773 881 696 793 
476 818 1057 793 715 
477 494 773 818 1057 
478 494 1057 881 773 
479 773 818 1057 793 
480 773 793 1057 881 
481 867 1058 1059 1060 
482 1058 847 889 979 
483 1059 889 863 1061 
484 1060 979 1061 866 
485 1058 1059 1060 979 
486 1058 979 889 1059 
487 1059 1060 979 1061 
488 1059 1061 979 889 
489 111 883 344 472 
490 883 850 967 1062 
491 344 967 109 196 
492 472 1062 196 174 
493 883 344 472 1062 
494 883 1062 967 344 
495 344 472 1062 196 
496 344 196 1062 967 
497 848 993 1063 997 
498 993 117 303 204 
499 1063 303 115 296 
500 997 204 296 116 
501 993 1063 997 204 
502 993 204 303 1063 
503 1063 997 204 296 
504 1063 296 204 303 
505 543 1052 1064 929 
506 1052 176 517 1066 
507 1064 517 102 1065 
508 929 1066 1065 856 
509 1052 1064 929 1066 
510 1052 1066 517 1064 
511 1064 929 1066 1065 
512 1064 1065 1066 517 
513 97 354 1068 438 
514 354 45 1067 442 
515 1068 1067 864 1069 
516 438 442 1069 158 
517 354 1068 438 442 
518 354 442 1067 1068 
519 1068 438 442 1069 
520 1068 1069 442 1067 
521 154 419 1071 275 
522 419 105 1070 199 
523 1071 1070 866 1072 
524 275 199 1072 170 
525 419 1071 275 199 
526 419 199 1070 1071 
527 1071 275 199 1072 
528 1071 1072 199 1070 
529 849 1073 1074 1075 
530 1073 859 886 1077 
531 1074 886 863 1076 
532 1075 1077 1076 864 
533 1073 1074 1075 1077 
534 1073 1077 886 1074 
535 1074 1075 1077 1076 
536 1074 1076 1077 886 
537 189 880 1048 334 
538 880 872 1078 946 
539 1048 1078 852 1050 
540 334 946 1050 135 
541 880 1048 334 946 
542 880 946 1078 1048 
543 1048 334 946 1050 
544 1048 1050 946 1078 
545 706 1079 923 1042 
546 1079 873 1080 1081 
547 923 1080 853 1035 
548 1042 1081 1035 852 
549 1079 923 1042 1081 
550 1079 1081 1080 923 
551 923 1042 1081 1035 
552 923 1035 1081 1080 
553 176 257 1051 256 
554 257 133 1082 223 
555 1051 1082 870 1054 
556 256 223 1054 150 
557 257 1051 256 223 
558 257 223 1082 1051 
559 1051 256 223 1054 
560 1051 1054 223 1082 
561 140 1083 1085 312 
562 1083 854 1084 1010 
563 1085 1084 864 1086 
564 312 1010 1086 147 
565 1083 1085 312 1010 
566 1083 1010 1084 1085 
567 1085 312 1010 1086 
568 1085 1086 1010 1084 
569 82 83 804 375 
570 83 84 805 374 
571 804 805 713 875 
572 375 374 875 149 
573 83 804 375 374 
574 83 374 805 804 
575 804 375 374 875 
576 804 875 374 805 
577 858 891 892 1087 
578 891 871 893 987 
579 892 893 853 988 
580 1087 987 988 863 
581 891 892 1087 987 
582 891 987 893 892 
583 892 1087 987 988 
584 892 988 987 893 
585 871 1088 1089 917 
586 1088 709 950 1090 
587 1089 950 161 294 
588 917 1090 294 94 
589 1088 1089 917 1090 
590 1088 1090 950 1089 
591 1089 917 1090 294 
592 1089 294 1090 950 
593 156 1091 315 436 
594 1091 565 1092 674 
595 315 1092 95 397 
596 436 674 397 24 
597 1091 315 436 674 
598 1091 674 1092 315 
599 315 436 674 397 
600 315 397 674 1092 
601 78 728 456 727 
602 728 709 950 729 
603 456 950 161 1093 
604 727 729 1093 693 
605 728 456 727 729 
606 728 729 950 456 
607 456 727 729 1093 
608 456 1093 729 950 
609 862 1094 1095 1096 
610 1094 133 258 1098 
611 1095 258 165 1097 
612 1096 1098 1097 856 
613 1094 1095 1096 1098 
614 1094 1098 258 1095 
615 1095 1096 1098 1097 
616 1095 1097 1098 258 
617 847 1099 1100 1101 
618 1099 552 622 607 
619 1100 622 551 623 
620 1101 607 623 550 
621 1099 1100 1101 607 
622 1099 607 622 1100 
623 1100 1101 607 623 
624 1100 623 607 622 
625 862 1102 1103 1104 
626 1102 132 326 325 
627 1103 326 130 317 
628 1104 325 317 131 
629 1102 1103 1104 325 
630 1102 325 326 1103 
631 1103 1104 325 317 
632 1103 317 325 326 
633 539 1105 1107 686 
634 1105 844 1106 1109 
635 1107 1106 91 1108 
636 686 1109 1108 570 
637 1105 1107 686 1109 
638 1105 1109 1106 1107 
639 1107 686 1109 1108 
640 1107 1108 1109 1106 
641 90 1110 1111 408 
642 1110 719 842 838 
643 1111 842 715 817 
644 408 838 817 62 
645 1110 1111 408 838 
646 1110 838 842 1111 
647 1111 408 838 817 
648 1111 817 838 842 
649 88 819 482 761 
650 819 716 1112 752 
651 482 1112 182 1113 
652 761 752 1113 690 
653 819 482 761 752 
654 819 752 1112 482 
655 482 761 752 1113 
656 482 1113 752 1112 
657 851 1114 1041 999 
658 1114 719 1115 1116 
659 1041 1115 852 961 
660 999 1116 961 152 
661 1114 1041 999 1116 
662 1114 1116 1115 1041 
663 1041 999 1116 961 
664 1041 961 1116 1115 
665 861 924 920 1117 
666 924 869 925 1118 
667 920 925 703 781 
668 1117 1118 781 701 
669 924 920 1117 1118 
670 924 1118 925 920 
671 920 1117 1118 781 
672 920 781 1118 925 
673 14 412 665 406 
674 412 153 935 413 
675 665 935 562 938 
676 406 413 938 102 
677 412 665 406 413 
678 412 413 935 665 
679 665 406 413 938 
680 665 938 413 935 
681 869 1119 1121 1122 
682 1119 860 1120 1028 
683 1121 1120 843 1123 
684 1122 1028 1123 865 
685 1119 1121 1122 1028 
686 1119 1028 1120 1121 
687 1121 1122 1028 1123 
688 1121 1123 1028 1120 
689 698 1124 825 1125 
690 1124 43 42 500 
691 825 42 2 498 
692 1125 500 498 185 
693 1124 825 1125 500 
694 1124 500 42 825 
695 825 1125 500 498 
696 825 498 500 42 
697 101 1126 410 1127 
698 1126 718 827 743 
699 410 827 70 772 
700 1127 743 772 691 
701 1126 410 1127 743 
702 1126 743 827 410 
703 410 1127 743 772 
704 410 772 743 827 
705 716 819 1112 990 
706 819 88 482 443 
707 1112 482 182 526 
708 990 443 526 159 
709 819 1112 990 443 
710 819 443 482 1112 
711 1112 990 443 526 
712 1112 526 443 482 
713 872 1128 1130 879 
714 1128 873 1129 1132 
715 1130 1129 175 1131 
716 879 1132 1131 717 
717 1128 1130 879 1132 
718 1128 1132 1129 1130 
719 1130 879 1132 1131 
720 1130 1131 1132 1129 
721 844 1133 1106 1109 
722 1133 154 280 1134 
723 1106 280 91 1108 
724 1109 1134 1108 570 
725 1133 1106 1109 1134 
726 1133 1134 280 1106 
727 1106 1109 1134 1108 
728 1106 1108 1134 280 
729 177 1135 476 475 
730 1135 567 682 681 
731 476 682 32 33 
732 475 681 33 34 
733 1135 476 475 681 
734 1135 681 682 476 
735 476 475 681 33 
736 476 33 681 682 
737 697 725 1137 724 
738 725 708 1136 726 
739 1137 1136 871 1138 
740 724 726 1138 705 
741 725 1137 724 726 
742 725 726 1136 1137 
743 1137 724 726 1138 
744 1137 1138 726 1136 
745 870 1139 1140 1141 
746 1139 565 1092 1143 
747 1140 1092 95 1142 
748 1141 1143 1142 846 
749 1139 1140 1141 1143 
750 1139 1143 1092 1140 
751 1140 1141 1143 1142 
752 1140 1142 1143 1092 
753 178 998 465 232 
754 998 851 1144 1011 
755 465 1144 99 251 
756 232 1011 251 143 
757 998 465 232 1011 
758 998 1011 1144 465 
759 465 232 1011 251 
760 465 251 1011 1144 
761 557 592 1145 591 
762 592 543 929 593 
763 1145 929 856 930 
764 591 593 930 553 
765 592 1145 591 593 
766 592 593 929 1145 
767 1145 591 593 930 
768 1145 930 593 929 
769 123 267 1147 282 
770 267 167 1146 281 
771 1147 1146 855 1148 
772 282 281 1148 186 
773 267 1147 282 281 
774 267 281 1146 1147 
775 1147 282 281 1148 
776 1147 1148 281 1146 
777 8 639 420 7 
778 639 558 1149 637 
779 420 1149 105 421 
780 7 637 421 6 
781 639 420 7 637 
782 639 637 1149 420 
783 420 7 637 421 
784 420 421 637 1149 
785 699 802 788 1150 
786 802 694 803 1152 
787 788 803 700 1151 
788 1150 1152 1151 868 
789 802 788 1150 1152 
790 802 1152 803 788 
791 788 1150 1152 1151 
792 788 1151 1152 803 
793 118 319 520 1153 
794 319 120 491 1155 
795 520 491 180 1154 
796 1153 1155 1154 845 
797 319 520 1153 1155 
798 319 1155 491 520 
799 520 1153 1155 1154 
800 520 1154 1155 491 
801 184 495 1156 532 
802 495 40 666 423 
803 1156 666 563 1157 
804 532 423 1157 106 
805 495 1156 532 423 
806 495 423 666 1156 
807 1156 532 423 1157 
808 1156 1157 423 666 
809 699 1150 1159 789 
810 1150 868 1158 1161 
811 1159 1158 865 1160 
812 789 1161 1160 690 
813 1150 1159 789 1161 
814 1150 1161 1158 1159 
815 1159 789 1161 1160 
816 1159 1160 1161 1158 
817 858 1162 1164 1165 
818 1162 120 1163 373 
819 1164 1163 846 1166 
820 1165 373 1166 128 
821 1162 1164 1165 373 
822 1162 373 1163 1164 
823 1164 1165 373 1166 
824 1164 1166 373 1163 
825 844 942 1109 1105 
826 942 568 647 644 
827 1109 647 570 686 
828 1105 644 686 539 
829 942 1109 1105 644 
830 942 644 647 1109 
831 1109 1105 644 686 
832 1109 686 644 647 
833 127 361 1168 327 
834 361 129 1167 212 
835 1168 1167 855 1169 
836 327 212 1169 126 
837 361 1168 327 212 
838 361 212 1167 1168 
839 1168 327 212 1169 
840 1168 1169 212 1167 
841 868 1170 1172 1173 
842 1170 139 1171 271 
843 1172 1171 864 1069 
844 1173 271 1069 158 
845 1170 1172 1173 271 
846 1170 271 1171 1172 
847 1172 1173 271 1069 
848 1172 1069 271 1171 
849 137 982 350 367 
850 982 866 1004 1174 
851 350 1004 47 48 
852 367 1174 48 49 
853 982 350 367 1174 
854 982 1174 1004 350 
855 350 367 1174 48 
856 350 48 1174 1004 
857 857 1014 1175 1176 
858 1014 163 450 254 
859 1175 450 146 366 
860 1176 254 366 148 
861 1014 1175 1176 254 
862 1014 254 450 1175 
863 1175 1176 254 366 
864 1175 366 254 450 
865 140 346 447 1085 
866 346 138 198 1178 
867 447 198 170 1177 
868 1085 1178 1177 864 
869 346 447 1085 1178 
870 346 1178 198 447 
871 447 1085 1178 1177 
872 447 1177 1178 198 
873 703 920 781 779 
874 920 861 1117 1179 
875 781 1117 701 782 
876 779 1179 782 702 
877 920 781 779 1179 
878 920 1179 1117 781 
879 781 779 1179 782 
880 781 782 1179 1117 
881 154 1180 1134 1133 
882 1180 558 646 1181 
883 1134 646 570 1109 
884 1133 1181 1109 844 
885 1180 1134 1133 1181 
886 1180 1181 646 1134 
887 1134 1133 1181 1109 
888 1134 1109 1181 646 
889 43 1124 1183 500 
890 1124 698 1182 1125 
891 1183 1182 868 1184 
892 500 1125 1184 185 
893 1124 1183 500 1125 
894 1124 1125 1182 1183 
895 1183 500 1125 1184 
896 1183 1184 1125 1182 
897 558 648 646 1181 
898 648 568 647 942 
899 646 647 570 1109 
900 1181 942 1109 844 
901 648 646 1181 942 
902 648 942 647 646 
903 646 1181 942 1109 
904 646 1109 942 647 
905 107 533 272 983 
906 533 185 523 1184 
907 272 523 158 1173 
908 983 1184 1173 868 
909 533 272 983 1184 
910 533 1184 523 272 
911 272 983 1184 1173 
912 272 1173 1184 523 
913 694 1152 790 803 
914 1152 868 1185 1151 
915 790 1185 711 807 
916 803 1151 807 700 
917 1152 790 803 1151 
918 1152 1151 1185 790 
919 790 803 1151 807 
920 790 807 1151 1185 
921 871 891 986 987 
922 891 858 1186 1087 
923 986 1186 869 989 
924 987 1087 989 863 
925 891 986 987 1087 
926 891 1087 1186 986 
927 986 987 1087 989 
928 986 989 1087 1186 
929 120 328 1162 1187 
930 328 121 905 1189 
931 1162 905 858 1188 
932 1187 1189 1188 848 
933 328 1162 1187 1189 
934 328 1189 905 1162 
935 1162 1187 1189 1188 
936 1162 1188 1189 905 
937 96 203 1190 205 
938 203 117 995 204 
939 1190 995 845 996 
940 205 204 996 116 
941 203 1190 205 204 
942 203 204 995 1190 
943 1190 205 204 996 
944 1190 996 204 995 
945 129 361 1167 518 
946 361 127 1168 521 
947 1167 1168 855 1191 
948 518 521 1191 181 
949 361 1167 518 521 
950 361 521 1168 1167 
951 1167 518 521 1191 
952 1167 1191 521 1168 
953 873 1192 1193 1194 
954 1192 101 1127 1196 
955 1193 1127 691 1195 
956 1194 1196 1195 855 
957 1192 1193 1194 1196 
958 1192 1196 1127 1193 
959 1193 1194 1196 1195 
960 1193 1195 1196 1127 
961 96 238 427 1190 
962 238 118 428 1153 
963 427 428 162 1197 
964 1190 1153 1197 845 
965 238 427 1190 1153 
966 238 1153 428 427 
967 427 1190 1153 1197 
968 427 1197 1153 428 
969 161 295 469 1198 
970 295 121 363 906 
971 469 363 125 949 
972 1198 906 949 843 
973 295 469 1198 906 
974 295 906 363 469 
975 469 1198 906 949 
976 469 949 906 363 
977 43 1199 1183 1124 
978 1199 699 1150 840 
979 1183 1150 868 1182 
980 1124 840 1182 698 
981 1199 1183 1124 840 
982 1199 840 1150 1183 
983 1183 1124 840 1182 
984 1183 1182 840 1150 
985 694 1044 766 790 
986 1044 173 474 1200 
987 766 474 54 791 
988 790 1200 791 711 
989 1044 766 790 1200 
990 1044 1200 474 766 
991 766 790 1200 791 
992 766 791 1200 474 
993 721 795 1201 798 
994 795 710 1039 797 
995 1201 1039 851 1001 
996 798 797 1001 692 
997 795 1201 798 797 
998 795 797 1039 1201 
999 1201 798 797 1001 
1000 1201 1001 797 1039 
1001 862 1202 903 1203 
1002 1202 129 1167 518 
1003 903 1167 855 1191 
1004 1203 518 1191 181 
1005 1202 903 1203 518 
1006 1202 518 1167 903 
1007 903 1203 518 1191 
1008 903 1191 518 1167 
1009 868 1183 1158 1161 
1010 1183 43 914 1204 
1011 1158 914 865 1160 
1012 1161 1204 1160 690 
1013 1183 1158 1161 1204 
1014 1183 1204 914 1158 
1015 1158 1161 1204 1160 
1016 1158 1160 1204 914 
1017 40 39 666 423 
1018 39 38 671 422 
1019 666 671 563 1157 
1020 423 422 1157 106 
1021 39 666 423 422 
1022 39 422 671 666 
1023 666 423 422 1157 
1024 666 1157 422 671 
1025 119 329 1205 364 
1026 329 121 906 363 
1027 1205 906 843 949 
1028 364 363 949 125 
1029 329 1205 364 363 
1030 329 363 906 1205 
1031 1205 364 363 949 
1032 1205 949 363 906 
1033 106 422 1157 234 
1034 422 38 671 473 
1035 1157 671 563 1206 
1036 234 473 1206 172 
1037 422 1157 234 473 
1038 422 473 671 1157 
1039 1157 234 473 1206 
1040 1157 1206 473 671 
1041 556 1207 580 1208 
1042 1207 162 454 453 
1043 580 454 28 403 
1044 1208 453 403 103 
1045 1207 580 1208 453 
1046 1207 453 454 580 
1047 580 1208 453 403 
1048 580 403 453 454 
1049 714 732 730 1047 
1050 732 720 731 1046 
1051 730 731 712 1209 
1052 1047 1046 1209 843 
1053 732 730 1047 1046 
1054 732 1046 731 730 
1055 730 1047 1046 1209 
1056 730 1209 1046 731 
1057 156 1210 201 220 
1058 1210 846 1166 1211 
1059 201 1166 128 221 
1060 220 1211 221 136 
1061 1210 201 220 1211 
1062 1210 1211 1166 201 
1063 201 220 1211 221 
1064 201 221 1211 1166 
1065 111 883 343 344 
1066 883 850 963 967 
1067 343 963 110 338 
1068 344 967 338 109 
1069 883 343 344 967 
1070 883 967 963 343 
1071 343 344 967 338 
1072 343 338 967 963 
1073 872 1212 1078 946 
1074 1212 130 1032 359 
1075 1078 1032 852 1050 
1076 946 359 1050 135 
1077 1212 1078 946 359 
1078 1212 359 1032 1078 
1079 1078 946 359 1050 
1080 1078 1050 359 1032 
1081 145 1213 452 216 
1082 1213 851 1214 999 
1083 452 1214 168 451 
1084 216 999 451 152 
1085 1213 452 216 999 
1086 1213 999 1214 452 
1087 452 216 999 451 
1088 452 451 999 1214 
1089 184 495 496 1022 
1090 495 40 41 609 
1091 496 41 1 608 
1092 1022 609 608 537 
1093 495 496 1022 609 
1094 495 609 41 496 
1095 496 1022 609 608 
1096 496 608 609 41 
1097 709 950 729 1215 
1098 950 161 1093 1198 
1099 729 1093 693 1045 
1100 1215 1198 1045 843 
1101 950 729 1215 1198 
1102 950 1198 1093 729 
1103 729 1215 1198 1045 
1104 729 1045 1198 1093 
1105 28 580 403 27 
1106 580 556 1208 583 
1107 403 1208 103 402 
1108 27 583 402 26 
1109 580 403 27 583 
1110 580 583 1208 403 
1111 403 27 583 402 
1112 403 402 583 1208 
1113 847 888 1217 1218 
1114 888 860 1216 1219 
1115 1217 1216 845 1016 
1116 1218 1219 1016 846 
1117 888 1217 1218 1219 
1118 888 1219 1216 1217 
1119 1217 1218 1219 1016 
1120 1217 1016 1219 1216 
1121 547 1220 634 633 
1122 1220 866 978 1221 
1123 634 978 548 629 
1124 633 1221 629 549 
1125 1220 634 633 1221 
1126 1220 1221 978 634 
1127 634 633 1221 629 
1128 634 629 1221 978 
1129 122 1222 299 298 
1130 1222 858 1223 1165 
1131 299 1223 124 291 
1132 298 1165 291 128 
1133 1222 299 298 1165 
1134 1222 1165 1223 299 
1135 299 298 1165 291 
1136 299 291 1165 1223 
1137 16 15 664 379 
1138 15 14 665 406 
1139 664 665 562 938 
1140 379 406 938 102 
1141 15 664 379 406 
1142 15 406 665 664 
1143 664 379 406 938 
1144 664 938 406 665 
1145 719 838 1116 832 
1146 838 62 415 61 
1147 1116 415 152 416 
1148 832 61 416 60 
1149 838 1116 832 61 
1150 838 61 415 1116 
1151 1116 832 61 416 
1152 1116 416 61 415 
1153 856 1224 1226 1227 
1154 1224 857 1225 1229 
1155 1226 1225 844 1228 
1156 1227 1229 1228 863 
1157 1224 1226 1227 1229 
1158 1224 1229 1225 1226 
1159 1226 1227 1229 1228 
1160 1226 1228 1229 1225 
1161 872 1130 1212 946 
1162 1130 175 487 462 
1163 1212 487 130 359 
1164 946 462 359 135 
1165 1130 1212 946 462 
1166 1130 462 487 1212 
1167 1212 946 462 359 
1168 1212 359 462 487 
1169 166 932 1231 1232 
1170 932 858 1230 1164 
1171 1231 1230 856 1233 
1172 1232 1164 1233 846 
1173 932 1231 1232 1164 
1174 932 1164 1230 1231 
1175 1231 1232 1164 1233 
1176 1231 1233 1164 1230 
1177 90 1110 960 1111 
1178 1110 719 1115 842 
1179 960 1115 852 911 
1180 1111 842 911 715 
1181 1110 960 1111 842 
1182 1110 842 1115 960 
1183 960 1111 842 911 
1184 960 911 842 1115 
1185 110 338 965 337 
1186 338 109 966 330 
1187 965 966 859 1234 
1188 337 330 1234 104 
1189 338 965 337 330 
1190 338 330 966 965 
1191 965 337 330 1234 
1192 965 1234 330 966 
1193 120 1163 491 1155 
1194 1163 846 1235 1016 
1195 491 1235 180 1154 
1196 1155 1016 1154 845 
1197 1163 491 1155 1016 
1198 1163 1016 1235 491 
1199 491 1155 1016 1154 
1200 491 1154 1016 1235 
1201 868 1150 1236 1151 
1202 1150 699 784 788 
1203 1236 784 701 786 
1204 1151 788 786 700 
1205 1150 1236 1151 788 
1206 1150 788 784 1236 
1207 1236 1151 788 786 
1208 1236 786 788 784 
1209 142 310 1237 311 
1210 310 144 1008 323 
1211 1237 1008 854 1010 
1212 311 323 1010 147 
1213 310 1237 311 323 
1214 310 323 1008 1237 
1215 1237 311 323 1010 
1216 1237 1010 323 1008 
1217 112 882 1239 207 
1218 882 850 1238 963 
1219 1239 1238 849 1240 
1220 207 963 1240 110 
1221 882 1239 207 963 
1222 882 963 1238 1239 
1223 1239 207 963 1240 
1224 1239 1240 963 1238 
1225 868 983 1170 1173 
1226 983 107 211 272 
1227 1170 211 139 271 
1228 1173 272 271 158 
1229 983 1170 1173 272 
1230 983 272 211 1170 
1231 1170 1173 272 271 
1232 1170 271 272 211 
1233 90 509 960 493 
1234 509 189 1048 508 
1235 960 1048 852 1049 
1236 493 508 1049 155 
1237 509 960 493 508 
1238 509 508 1048 960 
1239 960 493 508 1049 
1240 960 1049 508 1048 
1241 844 1133 1241 1106 
1242 1133 154 247 280 
1243 1241 247 169 279 
1244 1106 280 279 91 
1245 1133 1241 1106 280 
1246 1133 280 247 1241 
1247 1241 1106 280 279 
1248 1241 279 280 247 
1249 166 1242 287 1232 
1250 1242 870 1140 1141 
1251 287 1140 95 1142 
1252 1232 1141 1142 846 
1253 1242 287 1232 1141 
1254 1242 1141 1140 287 
1255 287 1232 1141 1142 
1256 287 1142 1141 1140 
1257 189 880 881 1057 
1258 880 872 878 1243 
1259 881 878 696 793 
1260 1057 1243 793 715 
1261 880 881 1057 1243 
1262 880 1243 878 881 
1263 881 1057 1243 793 
1264 881 793 1243 878 
1265 872 1128 1212 1130 
1266 1128 873 1244 1129 
1267 1212 1244 130 487 
1268 1130 1129 487 175 
1269 1128 1212 1130 1129 
1270 1128 1129 1244 1212 
1271 1212 1130 1129 487 
1272 1212 487 1129 1244 
1273 10 11 409 617 
1274 11 12 400 616 
1275 409 400 91 1107 
1276 617 616 1107 539 
1277 11 409 617 616 
1278 11 616 400 409 
1279 409 617 616 1107 
1280 409 1107 616 400 
1281 165 1245 259 505 
1282 1245 870 1246 1247 
1283 259 1246 93 391 
1284 505 1247 391 151 
1285 1245 259 505 1247 
1286 1245 1247 1246 259 
1287 259 505 1247 391 
1288 259 391 1247 1246 
1289 697 1137 1248 1249 
1290 1137 871 894 917 
1291 1248 894 855 918 
1292 1249 917 918 94 
1293 1137 1248 1249 917 
1294 1137 917 894 1248 
1295 1248 1249 917 918 
1296 1248 918 917 894 
1297 101 1126 1127 1196 
1298 1126 718 743 1250 
1299 1127 743 691 1195 
1300 1196 1250 1195 855 
1301 1126 1127 1196 1250 
1302 1126 1250 743 1127 
1303 1127 1196 1250 1195 
1304 1127 1195 1250 743 
1305 871 915 891 894 
1306 915 122 1222 916 
1307 891 1222 858 896 
1308 894 916 896 855 
1309 915 891 894 916 
1310 915 916 1222 891 
1311 891 894 916 896 
1312 891 896 916 1222 
1313 564 1251 1252 1253 
1314 1251 870 1246 1054 
1315 1252 1246 93 222 
1316 1253 1054 222 150 
1317 1251 1252 1253 1054 
1318 1251 1054 1246 1252 
1319 1252 1253 1054 222 
1320 1252 222 1054 1246 
1321 184 1018 499 522 
1322 1018 849 1019 1254 
1323 499 1019 49 439 
1324 522 1254 439 157 
1325 1018 499 522 1254 
1326 1018 1254 1019 499 
1327 499 522 1254 439 
1328 499 439 1254 1019 
1329 708 778 1255 760 
1330 778 706 923 777 
1331 1255 923 853 922 
1332 760 777 922 703 
1333 778 1255 760 777 
1334 778 777 923 1255 
1335 1255 760 777 922 
1336 1255 922 777 923 
1337 121 225 328 905 
1338 225 122 362 1222 
1339 328 362 120 1162 
1340 905 1222 1162 858 
1341 225 328 905 1222 
1342 225 1222 362 328 
1343 328 905 1222 1162 
1344 328 1162 1222 362 
1345 846 1256 900 1257 
1346 1256 555 571 606 
1347 900 571 552 607 
1348 1257 606 607 550 
1349 1256 900 1257 606 
1350 1256 606 571 900 
1351 900 1257 606 607 
1352 900 607 606 571 
1353 167 218 219 1146 
1354 218 101 214 1196 
1355 219 214 126 1169 
1356 1146 1196 1169 855 
1357 218 219 1146 1196 
1358 218 1196 214 219 
1359 219 1146 1196 1169 
1360 219 1169 1196 214 
1361 134 274 1013 372 
1362 274 155 1258 432 
1363 1013 1258 857 1259 
1364 372 432 1259 132 
1365 274 1013 372 432 
1366 274 432 1258 1013 
1367 1013 372 432 1259 
1368 1013 1259 432 1258 
1369 153 1260 935 936 
1370 1260 566 689 1261 
1371 935 689 562 937 
1372 936 1261 937 844 
1373 1260 935 936 1261 
1374 1260 1261 689 935 
1375 935 936 1261 937 
1376 935 937 1261 689 
1377 100 524 426 1262 
1378 524 187 529 948 
1379 426 529 171 972 
1380 1262 948 972 843 
1381 524 426 1262 948 
1382 524 948 529 426 
1383 426 1262 948 972 
1384 426 972 948 529 
1385 544 1263 1264 584 
1386 1263 156 200 435 
1387 1264 200 103 402 
1388 584 435 402 26 
1389 1263 1264 584 435 
1390 1263 435 200 1264 
1391 1264 584 435 402 
1392 1264 402 435 200 
1393 859 1265 1266 1027 
1394 1265 45 347 912 
1395 1266 347 108 913 
1396 1027 912 913 865 
1397 1265 1266 1027 912 
1398 1265 912 347 1266 
1399 1266 1027 912 913 
1400 1266 913 912 347 
1401 552 1099 597 1017 
1402 1099 847 1267 1217 
1403 597 1267 561 1023 
1404 1017 1217 1023 845 
1405 1099 597 1017 1217 
1406 1099 1217 1267 597 
1407 597 1017 1217 1023 
1408 597 1023 1217 1267 
1409 154 1180 1071 419 
1410 1180 558 1268 1149 
1411 1071 1268 866 1070 
1412 419 1149 1070 105 
1413 1180 1071 419 1149 
1414 1180 1149 1268 1071 
1415 1071 419 1149 1070 
1416 1071 1070 1149 1268 
1417 555 1256 1269 606 
1418 1256 846 1233 1257 
1419 1269 1233 856 1270 
1420 606 1257 1270 550 
1421 1256 1269 606 1257 
1422 1256 1257 1233 1269 
1423 1269 606 1257 1270 
1424 1269 1270 1257 1233 
1425 569 1271 663 688 
1426 1271 870 1272 1251 
1427 663 1272 538 673 
1428 688 1251 673 564 
1429 1271 663 688 1251 
1430 1271 1251 1272 663 
1431 663 688 1251 673 
1432 663 673 1251 1272 
1433 553 624 930 625 
1434 624 555 1269 606 
1435 930 1269 856 1270 
1436 625 606 1270 550 
1437 624 930 625 606 
1438 624 606 1269 930 
1439 930 625 606 1270 
1440 930 1270 606 1269 
1441 844 1273 1275 1241 
1442 1273 854 1274 1009 
1443 1275 1274 146 489 
1444 1241 1009 489 169 
1445 1273 1275 1241 1009 
1446 1273 1009 1274 1275 
1447 1275 1241 1009 489 
1448 1275 489 1009 1274 
1449 870 1242 928 1141 
1450 1242 166 1231 1232 
1451 928 1231 856 1233 
1452 1141 1232 1233 846 
1453 1242 928 1141 1232 
1454 1242 1232 1231 928 
1455 928 1141 1232 1233 
1456 928 1233 1232 1231 
1457 556 582 596 1015 
1458 582 552 597 1017 
1459 596 597 561 1023 
1460 1015 1017 1023 845 
1461 582 596 1015 1017 
1462 582 1017 597 596 
1463 596 1015 1017 1023 
1464 596 1023 1017 597 
1465 188 429 430 1276 
1466 429 153 431 936 
1467 430 431 163 1277 
1468 1276 936 1277 844 
1469 429 430 1276 936 
1470 429 936 431 430 
1471 430 1276 936 1277 
1472 430 1277 936 431 
1473 566 1260 685 678 
1474 1260 153 412 399 
1475 685 412 14 13 
1476 678 399 13 12 
1477 1260 685 678 399 
1478 1260 399 412 685 
1479 685 678 399 13 
1480 685 13 399 412 
1481 546 635 650 1278 
1482 635 547 649 1220 
1483 650 649 541 1279 
1484 1278 1220 1279 866 
1485 635 650 1278 1220 
1486 635 1220 649 650 
1487 650 1278 1220 1279 
1488 650 1279 1220 649 
1489 34 35 389 652 
1490 35 36 390 651 
1491 389 390 92 1280 
1492 652 651 1280 560 
1493 35 389 652 651 
1494 35 651 390 389 
1495 389 652 651 1280 
1496 389 1280 651 390 
1497 36 470 390 651 
1498 470 172 321 1281 
1499 390 321 92 1280 
1500 651 1281 1280 560 
1501 470 390 651 1281 
1502 470 1281 321 390 
1503 390 651 1281 1280 
1504 390 1280 1281 321 
1505 709 735 737 1090 
1506 735 697 736 1249 
1507 737 736 74 405 
1508 1090 1249 405 94 
1509 735 737 1090 1249 
1510 735 1249 736 737 
1511 737 1090 1249 405 
1512 737 405 1249 736 
1513 96 427 1002 1190 
1514 427 162 1003 1197 
1515 1002 1003 540 1282 
1516 1190 1197 1282 845 
1517 427 1002 1190 1197 
1518 427 1197 1003 1002 
1519 1002 1190 1197 1282 
1520 1002 1282 1197 1003 
1521 871 1136 893 1283 
1522 1136 708 1255 760 
1523 893 1255 853 922 
1524 1283 760 922 703 
1525 1136 893 1283 760 
1526 1136 760 1255 893 
1527 893 1283 760 922 
1528 893 922 760 1255 
1529 129 300 1284 1167 
1530 300 130 1036 1285 
1531 1284 1036 853 895 
1532 1167 1285 895 855 
1533 300 1284 1167 1285 
1534 300 1285 1036 1284 
1535 1284 1167 1285 895 
1536 1284 895 1285 1036 
1537 850 1062 1286 1287 
1538 1062 174 261 260 
1539 1286 261 114 262 
1540 1287 260 262 149 
1541 1062 1286 1287 260 
1542 1062 260 261 1286 
1543 1286 1287 260 262 
1544 1286 262 260 261 
1545 68 504 771 823 
1546 504 175 1288 1131 
1547 771 1288 691 826 
1548 823 1131 826 717 
1549 504 771 823 1131 
1550 504 1131 1288 771 
1551 771 823 1131 826 
1552 771 826 1131 1288 
1553 849 1239 1289 1290 
1554 1239 112 206 235 
1555 1289 206 106 234 
1556 1290 235 234 172 
1557 1239 1289 1290 235 
1558 1239 235 206 1289 
1559 1289 1290 235 234 
1560 1289 234 235 206 
1561 848 1291 993 1292 
1562 1291 164 459 463 
1563 993 459 117 308 
1564 1292 463 308 119 
1565 1291 993 1292 463 
1566 1291 463 459 993 
1567 993 1292 463 308 
1568 993 308 463 459 
1569 167 267 1146 219 
1570 267 123 1147 268 
1571 1146 1147 855 1169 
1572 219 268 1169 126 
1573 267 1146 219 268 
1574 267 268 1147 1146 
1575 1146 219 268 1169 
1576 1146 1169 268 1147 
1577 850 968 1293 964 
1578 968 848 994 1025 
1579 1293 994 845 1294 
1580 964 1025 1294 859 
1581 968 1293 964 1025 
1582 968 1025 994 1293 
1583 1293 964 1025 1294 
1584 1293 1294 1025 994 
1585 100 386 1295 385 
1586 386 82 804 375 
1587 1295 804 713 875 
1588 385 375 875 149 
1589 386 1295 385 375 
1590 386 375 804 1295 
1591 1295 385 375 875 
1592 1295 875 375 804 
1593 708 741 1296 742 
1594 741 718 1250 743 
1595 1296 1250 855 1195 
1596 742 743 1195 691 
1597 741 1296 742 743 
1598 741 743 1250 1296 
1599 1296 742 743 1195 
1600 1296 1195 743 1250 
1601 873 1297 1194 1193 
1602 1297 708 1296 742 
1603 1194 1296 855 1195 
1604 1193 742 1195 691 
1605 1297 1194 1193 742 
1606 1297 742 1296 1194 
1607 1194 1193 742 1195 
1608 1194 1195 742 1296 
1609 873 1132 1298 1193 
1610 1132 717 841 826 
1611 1298 841 722 815 
1612 1193 826 815 691 
1613 1132 1298 1193 826 
1614 1132 826 841 1298 
1615 1298 1193 826 815 
1616 1298 815 826 841 
1617 138 1299 198 1178 
1618 1299 866 1072 1005 
1619 198 1072 170 1177 
1620 1178 1005 1177 864 
1621 1299 198 1178 1005 
1622 1299 1005 1072 198 
1623 198 1178 1005 1177 
1624 198 1177 1005 1072 
1625 557 591 1145 945 
1626 591 553 930 1300 
1627 1145 930 856 1226 
1628 945 1300 1226 844 
1629 591 1145 945 1300 
1630 591 1300 930 1145 
1631 1145 945 1300 1226 
1632 1145 1226 1300 930 
1633 704 814 813 1301 
1634 814 714 730 1047 
1635 813 730 712 1209 
1636 1301 1047 1209 843 
1637 814 813 1301 1047 
1638 814 1047 730 813 
1639 813 1301 1047 1209 
1640 813 1209 1047 730 
1641 166 1232 287 288 
1642 1232 846 1142 1211 
1643 287 1142 95 289 
1644 288 1211 289 136 
1645 1232 287 288 1211 
1646 1232 1211 1142 287 
1647 287 288 1211 289 
1648 287 289 1211 1142 
1649 175 1129 1288 1131 
1650 1129 873 1193 1132 
1651 1288 1193 691 826 
1652 1131 1132 826 717 
1653 1129 1288 1131 1132 
1654 1129 1132 1193 1288 
1655 1288 1131 1132 826 
1656 1288 826 1132 1193 
1657 708 1297 1255 778 
1658 1297 873 1080 1079 
1659 1255 1080 853 923 
1660 778 1079 923 706 
1661 1297 1255 778 1079 
1662 1297 1079 1080 1255 
1663 1255 778 1079 923 
1664 1255 923 1079 1080 
1665 859 1027 886 1077 
1666 1027 865 1302 1303 
1667 886 1302 863 1076 
1668 1077 1303 1076 864 
1669 1027 886 1077 1303 
1670 1027 1303 1302 886 
1671 886 1077 1303 1076 
1672 886 1076 1303 1302 
1673 555 1304 587 590 
1674 1304 870 1139 1272 
1675 587 1139 565 589 
1676 590 1272 589 538 
1677 1304 587 590 1272 
1678 1304 1272 1139 587 
1679 587 590 1272 589 
1680 587 589 1272 1139 
1681 862 1102 1305 1306 
1682 1102 132 1259 1033 
1683 1305 1259 857 1307 
1684 1306 1033 1307 852 
1685 1102 1305 1306 1033 
1686 1102 1033 1259 1305 
1687 1305 1306 1033 1307 
1688 1305 1307 1033 1259 
1689 862 1202 902 903 
1690 1202 129 1284 1167 
1691 902 1284 853 895 
1692 903 1167 895 855 
1693 1202 902 903 1167 
1694 1202 1167 1284 902 
1695 902 903 1167 895 
1696 902 895 1167 1284 
1697 867 1308 1309 941 
1698 1308 550 628 627 
1699 1309 628 548 629 
1700 941 627 629 549 
1701 1308 1309 941 627 
1702 1308 627 628 1309 
1703 1309 941 627 629 
1704 1309 629 627 628 
1705 166 1310 1231 932 
1706 1310 862 1096 901 
1707 1231 1096 856 1230 
1708 932 901 1230 858 
1709 1310 1231 932 901 
1710 1310 901 1096 1231 
1711 1231 932 901 1230 
1712 1231 1230 901 1096 
1713 851 1311 1312 1313 
1714 1311 142 1237 1314 
1715 1312 1237 854 1084 
1716 1313 1314 1084 864 
1717 1311 1312 1313 1314 
1718 1311 1314 1237 1312 
1719 1312 1313 1314 1084 
1720 1312 1084 1314 1237 
1721 546 1315 632 1278 
1722 1315 849 976 977 
1723 632 976 548 978 
1724 1278 977 978 866 
1725 1315 632 1278 977 
1726 1315 977 976 632 
1727 632 1278 977 978 
1728 632 978 977 976 
1729 18 17 620 401 
1730 17 16 621 378 
1731 620 621 543 1053 
1732 401 378 1053 150 
1733 17 620 401 378 
1734 17 378 621 620 
1735 620 401 378 1053 
1736 620 1053 378 621 
1737 870 1304 1139 1141 
1738 1304 555 587 1256 
1739 1139 587 565 1143 
1740 1141 1256 1143 846 
1741 1304 1139 1141 1256 
1742 1304 1256 587 1139 
1743 1139 1141 1256 1143 
1744 1139 1143 1256 587 
1745 848 1316 993 994 
1746 1316 118 239 1153 
1747 993 239 117 995 
1748 994 1153 995 845 
1749 1316 993 994 1153 
1750 1316 1153 239 993 
1751 993 994 1153 995 
1752 993 995 1153 239 
1753 568 648 1317 942 
1754 648 558 1268 1181 
1755 1317 1268 866 1318 
1756 942 1181 1318 844 
1757 648 1317 942 1181 
1758 648 1181 1268 1317 
1759 1317 942 1181 1318 
1760 1317 1318 1181 1268 
1761 851 1319 1321 1322 
1762 1319 861 1320 1324 
1763 1321 1320 868 1323 
1764 1322 1324 1323 863 
1765 1319 1321 1322 1324 
1766 1319 1324 1320 1321 
1767 1321 1322 1324 1323 
1768 1321 1323 1324 1320 
1769 869 924 926 989 
1770 924 861 921 1324 
1771 926 921 853 988 
1772 989 1324 988 863 
1773 924 926 989 1324 
1774 924 1324 921 926 
1775 926 989 1324 988 
1776 926 988 1324 921 
1777 860 1325 1219 887 
1778 1325 858 1164 1087 
1779 1219 1164 846 1326 
1780 887 1087 1326 863 
1781 1325 1219 887 1087 
1782 1325 1087 1164 1219 
1783 1219 887 1087 1326 
1784 1219 1326 1087 1164 
1785 849 977 1327 1075 
1786 977 866 1004 1005 
1787 1327 1004 47 1006 
1788 1075 1005 1006 864 
1789 977 1327 1075 1005 
1790 977 1005 1004 1327 
1791 1327 1075 1005 1006 
1792 1327 1006 1005 1004 
1793 861 1320 1328 1117 
1794 1320 868 1158 1236 
1795 1328 1158 865 1329 
1796 1117 1236 1329 701 
1797 1320 1328 1117 1236 
1798 1320 1236 1158 1328 
1799 1328 1117 1236 1329 
1800 1328 1329 1236 1158 
1801 68 67 504 823 
1802 67 66 461 822 
1803 504 461 175 1131 
1804 823 822 1131 717 
1805 67 504 823 822 
1806 67 822 461 504 
1807 504 823 822 1131 
1808 504 1131 822 461 
1809 858 1325 907 1186 
1810 1325 860 1120 1119 
1811 907 1120 843 1121 
1812 1186 1119 1121 869 
1813 1325 907 1186 1119 
1814 1325 1119 1120 907 
1815 907 1186 1119 1121 
1816 907 1121 1119 1120 
1817 866 1072 1005 1330 
1818 1072 170 1177 276 
1819 1005 1177 864 1086 
1820 1330 276 1086 147 
1821 1072 1005 1330 276 
1822 1072 276 1177 1005 
1823 1005 1330 276 1086 
1824 1005 1086 276 1177 
1825 869 924 1122 1118 
1826 924 861 1328 1117 
1827 1122 1328 865 1329 
1828 1118 1117 1329 701 
1829 924 1122 1118 1117 
1830 924 1117 1328 1122 
1831 1122 1118 1117 1329 
1832 1122 1329 1117 1328 
1833 865 1158 1302 1303 
1834 1158 868 1323 1172 
1835 1302 1323 863 1076 
1836 1303 1172 1076 864 
1837 1158 1302 1303 1172 
1838 1158 1172 1323 1302 
1839 1302 1303 1172 1076 
1840 1302 1076 1172 1323 
1841 847 974 1100 1217 
1842 974 849 954 957 
1843 1100 954 551 958 
1844 1217 957 958 845 
1845 974 1100 1217 957 
1846 974 957 954 1100 
1847 1100 1217 957 958 
1848 1100 958 957 954 
1849 851 1321 1313 1322 
1850 1321 868 1172 1323 
1851 1313 1172 864 1076 
1852 1322 1323 1076 863 
1853 1321 1313 1322 1323 
1854 1321 1323 1172 1313 
1855 1313 1322 1323 1076 
1856 1313 1076 1323 1172 
1857 869 1031 925 1118 
1858 1031 704 775 756 
1859 925 775 703 781 
1860 1118 756 781 701 
1861 1031 925 1118 756 
1862 1031 756 775 925 
1863 925 1118 756 781 
1864 925 781 756 775 
1865 709 1088 950 1215 
1866 1088 871 1089 908 
1867 950 1089 161 1198 
1868 1215 908 1198 843 
1869 1088 950 1215 908 
1870 1088 908 1089 950 
1871 950 1215 908 1198 
1872 950 1198 908 1089 
1873 185 500 523 1184 
1874 500 43 441 1183 
1875 523 441 158 1173 
1876 1184 1183 1173 868 
1877 500 523 1184 1183 
1878 500 1183 441 523 
1879 523 1184 1183 1173 
1880 523 1173 1183 441 
1881 183 1331 484 485 
1882 1331 545 672 668 
1883 484 672 1 3 
1884 485 668 3 4 
1885 1331 484 485 668 
1886 1331 668 672 484 
1887 484 485 668 3 
1888 484 3 668 672 
1889 844 1225 1273 1228 
1890 1225 857 1332 1229 
1891 1273 1332 854 1333 
1892 1228 1229 1333 863 
1893 1225 1273 1228 1229 
1894 1225 1229 1332 1273 
1895 1273 1228 1229 1333 
1896 1273 1333 1229 1332 
1897 861 1320 1324 1328 
1898 1320 868 1323 1158 
1899 1324 1323 863 1302 
1900 1328 1158 1302 865 
1901 1320 1324 1328 1158 
1902 1320 1158 1323 1324 
1903 1324 1328 1158 1302 
1904 1324 1302 1158 1323 
1905 99 1144 243 251 
1906 1144 851 1311 1011 
1907 243 1311 142 252 
1908 251 1011 252 143 
1909 1144 243 251 1011 
1910 1144 1011 1311 243 
1911 243 251 1011 252 
1912 243 252 1011 1311 
1913 97 341 1068 339 
1914 341 139 1171 342 
1915 1068 1171 864 1178 
1916 339 342 1178 138 
1917 341 1068 339 342 
1918 341 342 1171 1068 
1919 1068 339 342 1178 
1920 1068 1178 342 1171 
1921 184 1018 1156 1022 
1922 1018 849 1334 1020 
1923 1156 1334 563 599 
1924 1022 1020 599 537 
1925 1018 1156 1022 1020 
1926 1018 1020 1334 1156 
1927 1156 1022 1020 599 
1928 1156 599 1020 1334 
1929 553 1335 626 625 
1930 1335 867 941 1308 
1931 626 941 549 627 
1932 625 1308 627 550 
1933 1335 626 625 1308 
1934 1335 1308 941 626 
1935 626 625 1308 627 
1936 626 627 1308 941 
1937 545 687 1055 676 
1938 687 546 1336 636 
1939 1055 1336 49 1021 
1940 676 636 1021 537 
1941 687 1055 676 636 
1942 687 636 1336 1055 
1943 1055 676 636 1021 
1944 1055 1021 636 1336 
1945 849 1315 953 1020 
1946 1315 546 631 636 
1947 953 631 554 600 
1948 1020 636 600 537 
1949 1315 953 1020 636 
1950 1315 636 631 953 
1951 953 1020 636 600 
1952 953 600 636 631 
1953 145 1213 217 1337 
1954 1213 851 1011 1312 
1955 217 1011 143 1338 
1956 1337 1312 1338 854 
1957 1213 217 1337 1312 
1958 1213 1312 1011 217 
1959 217 1337 1312 1338 
1960 217 1338 1312 1011 
1961 40 495 666 609 
1962 495 184 1156 1022 
1963 666 1156 563 599 
1964 609 1022 599 537 
1965 495 666 609 1022 
1966 495 1022 1156 666 
1967 666 609 1022 599 
1968 666 599 1022 1156 
1969 849 953 955 1037 
1970 953 554 656 602 
1971 955 656 559 657 
1972 1037 602 657 542 
1973 953 955 1037 602 
1974 953 602 656 955 
1975 955 1037 602 657 
1976 955 657 602 656 
1977 858 934 896 1223 
1978 934 127 1168 306 
1979 896 1168 855 1339 
1980 1223 306 1339 124 
1981 934 896 1223 306 
1982 934 306 1168 896 
1983 896 1223 306 1339 
1984 896 1339 306 1168 
1985 867 1058 1309 1308 
1986 1058 847 975 1101 
1987 1309 975 548 628 
1988 1308 1101 628 550 
1989 1058 1309 1308 1101 
1990 1058 1101 975 1309 
1991 1309 1308 1101 628 
1992 1309 628 1101 975 
1993 851 1213 1214 1041 
1994 1213 145 452 1340 
1995 1214 452 168 962 
1996 1041 1340 962 852 
1997 1213 1214 1041 1340 
1998 1213 1340 452 1214 
1999 1214 1041 1340 962 
2000 1214 962 1340 452 
2001 720 834 1341 748 
2002 834 80 480 768 
2003 1341 480 179 1342 
2004 748 768 1342 693 
2005 834 1341 748 768 
2006 834 768 480 1341 
2007 1341 748 768 1342 
2008 1341 1342 768 480 
2009 848 1189 1188 971 
2010 1189 121 905 906 
2011 1188 905 858 907 
2012 971 906 907 843 
2013 1189 1188 971 906 
2014 1189 906 905 1188 
2015 1188 971 906 907 
2016 1188 907 906 905 
2017 161 456 1093 468 
2018 456 78 727 467 
2019 1093 727 693 1342 
2020 468 467 1342 179 
2021 456 1093 468 467 
2022 456 467 727 1093 
2023 1093 468 467 1342 
2024 1093 1342 467 727 
2025 101 411 488 1127 
2026 411 68 504 771 
2027 488 504 175 1288 
2028 1127 771 1288 691 
2029 411 488 1127 771 
2030 411 771 504 488 
2031 488 1127 771 1288 
2032 488 1288 771 504 
2033 161 1093 1198 468 
2034 1093 693 1045 1342 
2035 1198 1045 843 1343 
2036 468 1342 1343 179 
2037 1093 1198 468 1342 
2038 1093 1342 1045 1198 
2039 1198 468 1342 1343 
2040 1198 1343 1342 1045 
2041 870 927 1054 1251 
2042 927 543 1053 677 
2043 1054 1053 150 1253 
2044 1251 677 1253 564 
2045 927 1054 1251 677 
2046 927 677 1053 1054 
2047 1054 1251 677 1253 
2048 1054 1253 677 1053 
2049 161 1198 469 468 
2050 1198 843 949 1343 
2051 469 949 125 502 
2052 468 1343 502 179 
2053 1198 469 468 1343 
2054 1198 1343 949 469 
2055 469 468 1343 502 
2056 469 502 1343 949 
2057 843 1344 1209 1123 
2058 1344 695 809 1346 
2059 1209 809 712 1345 
2060 1123 1346 1345 865 
2061 1344 1209 1123 1346 
2062 1344 1346 809 1209 
2063 1209 1123 1346 1345 
2064 1209 1345 1346 809 
2065 107 533 983 1043 
2066 533 185 1184 1347 
2067 983 1184 868 1152 
2068 1043 1347 1152 694 
2069 533 983 1043 1347 
2070 533 1347 1184 983 
2071 983 1043 1347 1152 
2072 983 1152 1347 1184 
2073 706 919 777 780 
2074 919 861 920 1179 
2075 777 920 703 779 
2076 780 1179 779 702 
2077 919 777 780 1179 
2078 919 1179 920 777 
2079 777 780 1179 779 
2080 777 779 1179 920 
2081 144 309 310 1008 
2082 309 143 252 1338 
2083 310 252 142 1237 
2084 1008 1338 1237 854 
2085 309 310 1008 1338 
2086 309 1338 252 310 
2087 310 1008 1338 1237 
2088 310 1237 1338 252 
2089 721 1201 796 1349 
2090 1201 851 1348 1319 
2091 796 1348 702 1179 
2092 1349 1319 1179 861 
2093 1201 796 1349 1319 
2094 1201 1319 1348 796 
2095 796 1349 1319 1179 
2096 796 1179 1319 1348 
2097 710 833 794 910 
2098 833 719 842 1115 
2099 794 842 715 911 
2100 910 1115 911 852 
2101 833 794 910 1115 
2102 833 1115 842 794 
2103 794 910 1115 911 
2104 794 911 1115 842 
2105 122 225 915 1222 
2106 225 121 904 905 
2107 915 904 871 891 
2108 1222 905 891 858 
2109 225 915 1222 905 
2110 225 905 904 915 
2111 915 1222 905 891 
2112 915 891 905 904 
2113 132 1102 1034 1033 
2114 1102 862 902 1306 
2115 1034 902 853 1035 
2116 1033 1306 1035 852 
2117 1102 1034 1033 1306 
2118 1102 1306 902 1034 
2119 1034 1033 1306 1035 
2120 1034 1035 1306 902 
2121 859 1073 886 890 
2122 1073 849 1074 974 
2123 886 1074 863 889 
2124 890 974 889 847 
2125 1073 886 890 974 
2126 1073 974 1074 886 
2127 886 890 974 889 
2128 886 889 974 1074 
2129 130 326 1032 359 
2130 326 132 1033 358 
2131 1032 1033 852 1050 
2132 359 358 1050 135 
2133 326 1032 359 358 
2134 326 358 1033 1032 
2135 1032 359 358 1050 
2136 1032 1050 358 1033 
2137 709 729 749 1215 
2138 729 693 747 1045 
2139 749 747 714 1047 
2140 1215 1045 1047 843 
2141 729 749 1215 1045 
2142 729 1045 747 749 
2143 749 1215 1045 1047 
2144 749 1047 1045 747 
2145 846 1233 1257 1350 
2146 1233 856 1270 1351 
2147 1257 1270 550 1308 
2148 1350 1351 1308 867 
2149 1233 1257 1350 1351 
2150 1233 1351 1270 1257 
2151 1257 1350 1351 1308 
2152 1257 1308 1351 1270 
2153 151 1247 391 1352 
2154 1247 870 1246 1251 
2155 391 1246 93 1252 
2156 1352 1251 1252 564 
2157 1247 391 1352 1251 
2158 1247 1251 1246 391 
2159 391 1352 1251 1252 
2160 391 1252 1251 1246 
2161 710 1039 833 910 
2162 1039 851 1114 1041 
2163 833 1114 719 1115 
2164 910 1041 1115 852 
2165 1039 833 910 1041 
2166 1039 1041 1114 833 
2167 833 910 1041 1115 
2168 833 1115 1041 1114 
2169 862 1094 1104 1095 
2170 1094 133 356 258 
2171 1104 356 131 434 
2172 1095 258 434 165 
2173 1094 1104 1095 258 
2174 1094 258 356 1104 
2175 1104 1095 258 434 
2176 1104 434 258 356 
2177 708 1297 1296 1136 
2178 1297 873 1194 1353 
2179 1296 1194 855 894 
2180 1136 1353 894 871 
2181 1297 1296 1136 1353 
2182 1297 1353 1194 1296 
2183 1296 1136 1353 894 
2184 1296 894 1353 1194 
2185 695 754 809 1346 
2186 754 707 810 1354 
2187 809 810 712 1345 
2188 1346 1354 1345 865 
2189 754 809 1346 1354 
2190 754 1354 810 809 
2191 809 1346 1354 1345 
2192 809 1345 1354 810 
2193 847 1100 975 1101 
2194 1100 551 605 623 
2195 975 605 548 628 
2196 1101 623 628 550 
2197 1100 975 1101 623 
2198 1100 623 605 975 
2199 975 1101 623 628 
2200 975 628 623 605 
2201 154 418 280 1134 
2202 418 10 409 683 
2203 280 409 91 1108 
2204 1134 683 1108 570 
2205 418 280 1134 683 
2206 418 683 409 280 
2207 280 1134 683 1108 
2208 280 1108 683 409 
2209 188 1276 535 534 
2210 1276 844 1241 1106 
2211 535 1241 169 279 
2212 534 1106 279 91 
2213 1276 535 534 1106 
2214 1276 1106 1241 535 
2215 535 534 1106 279 
2216 535 279 1106 1241 
2217 860 1325 1216 1219 
2218 1325 858 1355 1164 
2219 1216 1355 845 1016 
2220 1219 1164 1016 846 
2221 1325 1216 1219 1164 
2222 1325 1164 1355 1216 
2223 1216 1219 1164 1016 
2224 1216 1016 1164 1355 
2225 139 341 1171 271 
2226 341 97 1068 438 
2227 1171 1068 864 1069 
2228 271 438 1069 158 
2229 341 1171 271 438 
2230 341 438 1068 1171 
2231 1171 271 438 1069 
2232 1171 1069 438 1068 
2233 871 904 1089 908 
2234 904 121 295 906 
2235 1089 295 161 1198 
2236 908 906 1198 843 
2237 904 1089 908 906 
2238 904 906 295 1089 
2239 1089 908 906 1198 
2240 1089 1198 906 295 
2241 121 328 329 1189 
2242 328 120 320 1187 
2243 329 320 119 1292 
2244 1189 1187 1292 848 
2245 328 329 1189 1187 
2246 328 1187 320 329 
2247 329 1189 1187 1292 
2248 329 1292 1187 320 
2249 860 1024 1216 1325 
2250 1024 848 994 1188 
2251 1216 994 845 1355 
2252 1325 1188 1355 858 
2253 1024 1216 1325 1188 
2254 1024 1188 994 1216 
2255 1216 1325 1188 1355 
2256 1216 1355 1188 994 
2257 856 930 1351 1226 
2258 930 553 1335 1300 
2259 1351 1335 867 944 
2260 1226 1300 944 844 
2261 930 1351 1226 1300 
2262 930 1300 1335 1351 
2263 1351 1226 1300 944 
2264 1351 944 1300 1335 
2265 849 1018 1334 1289 
2266 1018 184 1156 532 
2267 1334 1156 563 1157 
2268 1289 532 1157 106 
2269 1018 1334 1289 532 
2270 1018 532 1156 1334 
2271 1334 1289 532 1157 
2272 1334 1157 532 1156 
2273 849 1240 1073 1254 
2274 1240 110 965 269 
2275 1073 965 859 1356 
2276 1254 269 1356 157 
2277 1240 1073 1254 269 
2278 1240 269 965 1073 
2279 1073 1254 269 1356 
2280 1073 1356 269 965 
2281 10 617 409 683 
2282 617 539 1107 686 
2283 409 1107 91 1108 
2284 683 686 1108 570 
2285 617 409 683 686 
2286 617 686 1107 409 
2287 409 683 686 1108 
2288 409 1108 686 1107 
2289 143 1011 252 1338 
2290 1011 851 1311 1312 
2291 252 1311 142 1237 
2292 1338 1312 1237 854 
2293 1011 252 1338 1312 
2294 1011 1312 1311 252 
2295 252 1338 1312 1237 
2296 252 1237 1312 1311 
2297 541 1357 612 956 
2298 1357 105 421 193 
2299 612 421 6 446 
2300 956 193 446 160 
2301 1357 612 956 193 
2302 1357 193 421 612 
2303 612 956 193 446 
2304 612 446 193 421 
2305 141 209 210 985 
2306 209 107 211 983 
2307 210 211 139 1170 
2308 985 983 1170 868 
2309 209 210 985 983 
2310 209 983 211 210 
2311 210 985 983 1170 
2312 210 1170 983 211 
2313 118 238 239 1153 
2314 238 96 203 1190 
2315 239 203 117 995 
2316 1153 1190 995 845 
2317 238 239 1153 1190 
2318 238 1190 203 239 
2319 239 1153 1190 995 
2320 239 995 1190 203 
2321 849 1073 957 974 
2322 1073 859 1294 890 
2323 957 1294 845 1217 
2324 974 890 1217 847 
2325 1073 957 974 890 
2326 1073 890 1294 957 
2327 957 974 890 1217 
2328 957 1217 890 1294 
2329 870 1051 927 928 
2330 1051 176 1052 1066 
2331 927 1052 543 929 
2332 928 1066 929 856 
2333 1051 927 928 1066 
2334 1051 1066 1052 927 
2335 927 928 1066 929 
2336 927 929 1066 1052 
2337 177 475 464 1358 
2338 475 34 389 652 
2339 464 389 92 1280 
2340 1358 652 1280 560 
2341 475 464 1358 652 
2342 475 652 389 464 
2343 464 1358 652 1280 
2344 464 1280 652 389 
2345 547 635 634 1220 
2346 635 546 632 1278 
2347 634 632 548 978 
2348 1220 1278 978 866 
2349 635 634 1220 1278 
2350 635 1278 632 634 
2351 634 1220 1278 978 
2352 634 978 1278 632 
2353 558 638 1149 637 
2354 638 541 1357 612 
2355 1149 1357 105 421 
2356 637 612 421 6 
2357 638 1149 637 612 
2358 638 612 1357 1149 
2359 1149 637 612 421 
2360 1149 421 612 1357 
2361 848 1187 1316 994 
2362 1187 120 319 1155 
2363 1316 319 118 1153 
2364 994 1155 1153 845 
2365 1187 1316 994 1155 
2366 1187 1155 319 1316 
2367 1316 994 1155 1153 
2368 1316 1153 1155 319 
2369 130 1244 1036 1285 
2370 1244 873 1080 1194 
2371 1036 1080 853 895 
2372 1285 1194 895 855 
2373 1244 1036 1285 1194 
2374 1244 1194 1080 1036 
2375 1036 1285 1194 895 
2376 1036 895 1194 1080 
2377 49 1019 48 439 
2378 1019 849 1327 1254 
2379 48 1327 47 440 
2380 439 1254 440 157 
2381 1019 48 439 1254 
2382 1019 1254 1327 48 
2383 48 439 1254 440 
2384 48 440 1254 1327 
2385 710 1039 746 783 
2386 1039 851 1040 1348 
2387 746 1040 706 780 
2388 783 1348 780 702 
2389 1039 746 783 1348 
2390 1039 1348 1040 746 
2391 746 783 1348 780 
2392 746 780 1348 1040 
2393 155 432 1049 1258 
2394 432 132 1033 1259 
2395 1049 1033 852 1307 
2396 1258 1259 1307 857 
2397 432 1049 1258 1259 
2398 432 1259 1033 1049 
2399 1049 1258 1259 1307 
2400 1049 1307 1259 1033 
2401 873 1353 1080 1194 
2402 1353 871 893 894 
2403 1080 893 853 895 
2404 1194 894 895 855 
2405 1353 1080 1194 894 
2406 1353 894 893 1080 
2407 1080 1194 894 895 
2408 1080 895 894 893 
2409 709 950 1090 733 
2410 950 161 294 457 
2411 1090 294 94 404 
2412 733 457 404 76 
2413 950 1090 733 457 
2414 950 457 294 1090 
2415 1090 733 457 404 
2416 1090 404 457 294 
2417 64 407 818 63 
2418 407 90 1111 408 
2419 818 1111 715 817 
2420 63 408 817 62 
2421 407 818 63 408 
2422 407 408 1111 818 
2423 818 63 408 817 
2424 818 817 408 1111 
2425 707 758 1354 757 
2426 758 704 1359 756 
2427 1354 1359 865 1329 
2428 757 756 1329 701 
2429 758 1354 757 756 
2430 758 756 1359 1354 
2431 1354 757 756 1329 
2432 1354 1329 756 1359 
2433 850 1293 884 1361 
2434 1293 845 1360 1362 
2435 884 1360 113 240 
2436 1361 1362 240 92 
2437 1293 884 1361 1362 
2438 1293 1362 1360 884 
2439 884 1361 1362 240 
2440 884 240 1362 1360 
2441 165 1095 515 434 
2442 1095 862 1203 1104 
2443 515 1203 181 519 
2444 434 1104 519 131 
2445 1095 515 434 1104 
2446 1095 1104 1203 515 
2447 515 434 1104 519 
2448 515 519 1104 1203 
2449 120 1162 1163 1155 
2450 1162 858 1164 1355 
2451 1163 1164 846 1016 
2452 1155 1355 1016 845 
2453 1162 1163 1155 1355 
2454 1162 1355 1164 1163 
2455 1163 1155 1355 1016 
2456 1163 1016 1355 1164 
2457 120 1187 1162 1155 
2458 1187 848 1188 994 
2459 1162 1188 858 1355 
2460 1155 994 1355 845 
2461 1187 1162 1155 994 
2462 1187 994 1188 1162 
2463 1162 1155 994 1355 
2464 1162 1355 994 1188 
2465 90 509 407 1111 
2466 509 189 494 1057 
2467 407 494 64 818 
2468 1111 1057 818 715 
2469 509 407 1111 1057 
2470 509 1057 494 407 
2471 407 1111 1057 818 
2472 407 818 1057 494 
2473 704 758 1359 813 
2474 758 707 1354 810 
2475 1359 1354 865 1345 
2476 813 810 1345 712 
2477 758 1359 813 810 
2478 758 810 1354 1359 
2479 1359 813 810 1345 
2480 1359 1345 810 1354 
2481 851 1039 1114 1001 
2482 1039 710 833 797 
2483 1114 833 719 831 
2484 1001 797 831 692 
2485 1039 1114 1001 797 
2486 1039 797 833 1114 
2487 1114 1001 797 831 
2488 1114 831 797 833 
2489 178 465 991 477 
2490 465 99 1363 395 
2491 991 1363 723 837 
2492 477 395 837 58 
2493 465 991 477 395 
2494 465 395 1363 991 
2495 991 477 395 837 
2496 991 837 395 1363 
2497 869 924 989 1122 
2498 924 861 1324 1328 
2499 989 1324 863 1302 
2500 1122 1328 1302 865 
2501 924 989 1122 1328 
2502 924 1328 1324 989 
2503 989 1122 1328 1302 
2504 989 1302 1328 1324 
2505 189 335 494 881 
2506 335 66 65 774 
2507 494 65 64 773 
2508 881 774 773 696 
2509 335 494 881 774 
2510 335 774 65 494 
2511 494 881 774 773 
2512 494 773 774 65 
2513 541 1364 1279 956 
2514 1364 183 980 527 
2515 1279 980 866 981 
2516 956 527 981 160 
2517 1364 1279 956 527 
2518 1364 527 980 1279 
2519 1279 956 527 981 
2520 1279 981 527 980 
2521 846 1233 1350 1326 
2522 1233 856 1351 1227 
2523 1350 1351 867 1059 
2524 1326 1227 1059 863 
2525 1233 1350 1326 1227 
2526 1233 1227 1351 1350 
2527 1350 1326 1227 1059 
2528 1350 1059 1227 1351 
2529 853 921 1035 988 
2530 921 861 1365 1324 
2531 1035 1365 852 1366 
2532 988 1324 1366 863 
2533 921 1035 988 1324 
2534 921 1324 1365 1035 
2535 1035 988 1324 1366 
2536 1035 1366 1324 1365 
2537 166 506 1242 1231 
2538 506 165 1245 1097 
2539 1242 1245 870 928 
2540 1231 1097 928 856 
2541 506 1242 1231 1097 
2542 506 1097 1245 1242 
2543 1242 1231 1097 928 
2544 1242 928 1097 1245 
2545 68 411 69 771 
2546 411 101 410 1127 
2547 69 410 70 772 
2548 771 1127 772 691 
2549 411 69 771 1127 
2550 411 1127 410 69 
2551 69 771 1127 772 
2552 69 772 1127 410 
2553 104 1234 437 352 
2554 1234 859 1356 1367 
2555 437 1356 157 440 
2556 352 1367 440 47 
2557 1234 437 352 1367 
2558 1234 1367 1356 437 
2559 437 352 1367 440 
2560 437 440 1367 1356 
2561 163 430 1277 450 
2562 430 188 1276 449 
2563 1277 1276 844 1275 
2564 450 449 1275 146 
2565 430 1277 450 449 
2566 430 449 1276 1277 
2567 1277 450 449 1275 
2568 1277 1275 449 1276 
2569 848 1024 994 1025 
2570 1024 860 1216 885 
2571 994 1216 845 1294 
2572 1025 885 1294 859 
2573 1024 994 1025 885 
2574 1024 885 1216 994 
2575 994 1025 885 1294 
2576 994 1294 885 1216 
2577 858 901 896 934 
2578 901 862 903 1368 
2579 896 903 855 1168 
2580 934 1368 1168 127 
2581 901 896 934 1368 
2582 901 1368 903 896 
2583 896 934 1368 1168 
2584 896 1168 1368 903 
2585 854 1312 1084 1333 
2586 1312 851 1313 1322 
2587 1084 1313 864 1076 
2588 1333 1322 1076 863 
2589 1312 1084 1333 1322 
2590 1312 1322 1313 1084 
2591 1084 1333 1322 1076 
2592 1084 1076 1322 1313 
2593 101 301 213 1196 
2594 301 130 300 1285 
2595 213 300 129 1167 
2596 1196 1285 1167 855 
2597 301 213 1196 1285 
2598 301 1285 300 213 
2599 213 1196 1285 1167 
2600 213 1167 1285 300 
2601 848 1292 993 1316 
2602 1292 119 308 307 
2603 993 308 117 239 
2604 1316 307 239 118 
2605 1292 993 1316 307 
2606 1292 307 308 993 
2607 993 1316 307 239 
2608 993 239 307 308 
2609 101 1192 488 301 
2610 1192 873 1129 1244 
2611 488 1129 175 487 
2612 301 1244 487 130 
2613 1192 488 301 1244 
2614 1192 1244 1129 488 
2615 488 301 1244 487 
2616 488 487 1244 1129 
2617 176 1012 1369 1066 
2618 1012 857 1225 1224 
2619 1369 1225 844 1226 
2620 1066 1224 1226 856 
2621 1012 1369 1066 1224 
2622 1012 1224 1225 1369 
2623 1369 1066 1224 1226 
2624 1369 1226 1224 1225 
2625 164 1291 511 947 
2626 1291 848 970 971 
2627 511 970 171 972 
2628 947 971 972 843 
2629 1291 511 947 971 
2630 1291 971 970 511 
2631 511 947 971 972 
2632 511 972 971 970 
2633 845 1217 1023 958 
2634 1217 847 1267 1100 
2635 1023 1267 561 661 
2636 958 1100 661 551 
2637 1217 1023 958 1100 
2638 1217 1100 1267 1023 
2639 1023 958 1100 661 
2640 1023 661 1100 1267 
2641 122 362 1222 298 
2642 362 120 1162 373 
2643 1222 1162 858 1165 
2644 298 373 1165 128 
2645 362 1222 298 373 
2646 362 373 1162 1222 
2647 1222 298 373 1165 
2648 1222 1165 373 1162 
2649 109 966 264 1370 
2650 966 859 1266 1027 
2651 264 1266 108 913 
2652 1370 1027 913 865 
2653 966 264 1370 1027 
2654 966 1027 1266 264 
2655 264 1370 1027 913 
2656 264 913 1027 1266 
2657 187 528 529 948 
2658 528 164 511 947 
2659 529 511 171 972 
2660 948 947 972 843 
2661 528 529 948 947 
2662 528 947 511 529 
2663 529 948 947 972 
2664 529 972 947 511 
2665 176 284 1369 1012 
2666 284 163 1277 1014 
2667 1369 1277 844 1225 
2668 1012 1014 1225 857 
2669 284 1369 1012 1014 
2670 284 1014 1277 1369 
2671 1369 1012 1014 1225 
2672 1369 1225 1014 1277 
2673 557 680 645 945 
2674 680 566 679 1261 
2675 645 679 539 1105 
2676 945 1261 1105 844 
2677 680 645 945 1261 
2678 680 1261 679 645 
2679 645 945 1261 1105 
2680 645 1105 1261 679 
2681 848 1291 1292 971 
2682 1291 164 463 947 
2683 1292 463 119 1205 
2684 971 947 1205 843 
2685 1291 1292 971 947 
2686 1291 947 463 1292 
2687 1292 971 947 1205 
2688 1292 1205 947 463 
2689 144 322 309 1008 
2690 322 145 217 1337 
2691 309 217 143 1338 
2692 1008 1337 1338 854 
2693 322 309 1008 1337 
2694 322 1337 217 309 
2695 309 1008 1337 1338 
2696 309 1338 1337 217 
2697 844 1318 1371 1372 
2698 1318 866 1005 1330 
2699 1371 1005 864 1086 
2700 1372 1330 1086 147 
2701 1318 1371 1372 1330 
2702 1318 1330 1005 1371 
2703 1371 1372 1330 1086 
2704 1371 1086 1330 1005 
2705 547 655 1220 654 
2706 655 558 1268 648 
2707 1220 1268 866 1317 
2708 654 648 1317 568 
2709 655 1220 654 648 
2710 655 648 1268 1220 
2711 1220 654 648 1317 
2712 1220 1317 648 1268 
2713 183 1331 1364 980 
2714 1331 545 667 1373 
2715 1364 667 541 1279 
2716 980 1373 1279 866 
2717 1331 1364 980 1373 
2718 1331 1373 667 1364 
2719 1364 980 1373 1279 
2720 1364 1279 1373 667 
2721 38 37 610 473 
2722 37 36 611 470 
2723 610 611 542 1374 
2724 473 470 1374 172 
2725 37 610 473 470 
2726 37 470 611 610 
2727 610 473 470 1374 
2728 610 1374 470 611 
2729 861 1319 1365 1324 
2730 1319 851 1041 1322 
2731 1365 1041 852 1366 
2732 1324 1322 1366 863 
2733 1319 1365 1324 1322 
2734 1319 1322 1041 1365 
2735 1365 1324 1322 1366 
2736 1365 1366 1322 1041 
2737 140 349 345 1085 
2738 349 141 210 1375 
2739 345 210 139 1171 
2740 1085 1375 1171 864 
2741 349 345 1085 1375 
2742 349 1375 210 345 
2743 345 1085 1375 1171 
2744 345 1171 1375 210 
2745 121 1189 329 906 
2746 1189 848 1292 971 
2747 329 1292 119 1205 
2748 906 971 1205 843 
2749 1189 329 906 971 
2750 1189 971 1292 329 
2751 329 906 971 1205 
2752 329 1205 971 1292 
2753 851 1213 1011 999 
2754 1213 145 217 216 
2755 1011 217 143 215 
2756 999 216 215 152 
2757 1213 1011 999 216 
2758 1213 216 217 1011 
2759 1011 999 216 215 
2760 1011 215 216 217 
2761 716 1112 752 1376 
2762 1112 182 1113 1377 
2763 752 1113 690 1160 
2764 1376 1377 1160 865 
2765 1112 752 1376 1377 
2766 1112 1377 1113 752 
2767 752 1376 1377 1160 
2768 752 1160 1377 1113 
2769 720 1378 834 835 
2770 1378 100 392 386 
2771 834 392 80 81 
2772 835 386 81 82 
2773 1378 834 835 386 
2774 1378 386 392 834 
2775 834 835 386 81 
2776 834 81 386 392 
2777 850 882 1293 1361 
2778 882 112 1379 242 
2779 1293 1379 845 1362 
2780 1361 242 1362 92 
2781 882 1293 1361 242 
2782 882 242 1379 1293 
2783 1293 1361 242 1362 
2784 1293 1362 242 1379 
2785 544 1263 584 614 
2786 1263 156 435 436 
2787 584 435 26 25 
2788 614 436 25 24 
2789 1263 584 614 436 
2790 1263 436 435 584 
2791 584 614 436 25 
2792 584 25 436 435 
2793 556 1207 1208 1380 
2794 1207 162 453 513 
2795 1208 453 103 286 
2796 1380 513 286 180 
2797 1207 1208 1380 513 
2798 1207 513 453 1208 
2799 1208 1380 513 286 
2800 1208 286 513 453 
2801 704 1031 1359 756 
2802 1031 869 1122 1118 
2803 1359 1122 865 1329 
2804 756 1118 1329 701 
2805 1031 1359 756 1118 
2806 1031 1118 1122 1359 
2807 1359 756 1118 1329 
2808 1359 1329 1118 1122 
2809 149 385 278 1381 
2810 385 100 426 1262 
2811 278 426 171 972 
2812 1381 1262 972 843 
2813 385 278 1381 1262 
2814 385 1262 426 278 
2815 278 1381 1262 972 
2816 278 972 1262 426 
2817 860 1024 1120 1028 
2818 1024 848 971 1026 
2819 1120 971 843 1123 
2820 1028 1026 1123 865 
2821 1024 1120 1028 1026 
2822 1024 1026 971 1120 
2823 1120 1028 1026 1123 
2824 1120 1123 1026 971 
2825 138 339 266 1178 
2826 339 97 340 1068 
2827 266 340 137 1007 
2828 1178 1068 1007 864 
2829 339 266 1178 1068 
2830 339 1068 340 266 
2831 266 1178 1068 1007 
2832 266 1007 1068 340 
2833 163 1014 1382 1277 
2834 1014 857 1332 1225 
2835 1382 1332 854 1273 
2836 1277 1225 1273 844 
2837 1014 1382 1277 1225 
2838 1014 1225 1332 1382 
2839 1382 1277 1225 1273 
2840 1382 1273 1225 1332 
2841 163 1014 450 1382 
2842 1014 857 1175 1332 
2843 450 1175 146 1274 
2844 1382 1332 1274 854 
2845 1014 450 1382 1332 
2846 1014 1332 1175 450 
2847 450 1382 1332 1274 
2848 450 1274 1332 1175 
2849 142 313 1237 1314 
2850 313 140 1083 1085 
2851 1237 1083 854 1084 
2852 1314 1085 1084 864 
2853 313 1237 1314 1085 
2854 313 1085 1083 1237 
2855 1237 1314 1085 1084 
2856 1237 1084 1085 1083 
2857 185 1125 1347 497 
2858 1125 698 821 820 
2859 1347 821 694 765 
2860 497 820 765 52 
2861 1125 1347 497 820 
2862 1125 820 821 1347 
2863 1347 497 820 765 
2864 1347 765 820 821 
2865 868 1383 1172 1158 
2866 1383 45 1067 912 
2867 1172 1067 864 1303 
2868 1158 912 1303 865 
2869 1383 1172 1158 912 
2870 1383 912 1067 1172 
2871 1172 1158 912 1303 
2872 1172 1303 912 1067 
2873 859 885 1294 890 
2874 885 860 1216 888 
2875 1294 1216 845 1217 
2876 890 888 1217 847 
2877 885 1294 890 888 
2878 885 888 1216 1294 
2879 1294 890 888 1217 
2880 1294 1217 888 1216 
2881 709 1088 1215 734 
2882 1088 871 908 1138 
2883 1215 908 843 1384 
2884 734 1138 1384 705 
2885 1088 1215 734 1138 
2886 1088 1138 908 1215 
2887 1215 734 1138 1384 
2888 1215 1384 1138 908 
2889 145 1385 1340 1337 
2890 1385 857 1307 1332 
2891 1340 1307 852 1386 
2892 1337 1332 1386 854 
2893 1385 1340 1337 1332 
2894 1385 1332 1307 1340 
2895 1340 1337 1332 1386 
2896 1340 1386 1332 1307 
2897 849 1238 957 1073 
2898 1238 850 1293 964 
2899 957 1293 845 1294 
2900 1073 964 1294 859 
2901 1238 957 1073 964 
2902 1238 964 1293 957 
2903 957 1073 964 1294 
2904 957 1294 964 1293 
2905 854 1008 1274 1009 
2906 1008 144 333 490 
2907 1274 333 146 489 
2908 1009 490 489 169 
2909 1008 1274 1009 490 
2910 1008 490 333 1274 
2911 1274 1009 490 489 
2912 1274 489 490 333 
2913 167 951 510 466 
2914 951 718 828 827 
2915 510 828 72 71 
2916 466 827 71 70 
2917 951 510 466 827 
2918 951 827 828 510 
2919 510 466 827 71 
2920 510 71 827 828 
2921 20 383 388 669 
2922 383 151 391 1352 
2923 388 391 93 1252 
2924 669 1352 1252 564 
2925 383 388 669 1352 
2926 383 1352 391 388 
2927 388 669 1352 1252 
2928 388 1252 1352 391 
2929 18 670 387 401 
2930 670 564 1252 1253 
2931 387 1252 93 222 
2932 401 1253 222 150 
2933 670 387 401 1253 
2934 670 1253 1252 387 
2935 387 401 1253 222 
2936 387 222 1253 1252 
2937 144 322 1008 333 
2938 322 145 1337 332 
2939 1008 1337 854 1274 
2940 333 332 1274 146 
2941 322 1008 333 332 
2942 322 332 1337 1008 
2943 1008 333 332 1274 
2944 1008 1274 332 1337 
2945 697 735 1137 1249 
2946 735 709 1088 1090 
2947 1137 1088 871 917 
2948 1249 1090 917 94 
2949 735 1137 1249 1090 
2950 735 1090 1088 1137 
2951 1137 1249 1090 917 
2952 1137 917 1090 1088 
2953 18 19 387 670 
2954 19 20 388 669 
2955 387 388 93 1252 
2956 670 669 1252 564 
2957 19 387 670 669 
2958 19 669 388 387 
2959 387 670 669 1252 
2960 387 1252 669 388 
2961 122 225 226 915 
2962 225 121 227 904 
2963 226 227 94 917 
2964 915 904 917 871 
2965 225 226 915 904 
2966 225 904 227 226 
2967 226 915 904 917 
2968 226 917 904 227 
2969 165 258 259 1245 
2970 258 133 224 1082 
2971 259 224 93 1246 
2972 1245 1082 1246 870 
2973 258 259 1245 1082 
2974 258 1082 224 259 
2975 259 1245 1082 1246 
2976 259 1246 1082 224 
2977 566 678 679 1387 
2978 678 12 616 400 
2979 679 616 539 1107 
2980 1387 400 1107 91 
2981 678 679 1387 400 
2982 678 400 616 679 
2983 679 1387 400 1107 
2984 679 1107 400 616 
2985 149 874 1381 1388 
2986 874 695 1344 1346 
2987 1381 1344 843 1123 
2988 1388 1346 1123 865 
2989 874 1381 1388 1346 
2990 874 1346 1344 1381 
2991 1381 1388 1346 1123 
2992 1381 1123 1346 1344 
2993 851 998 1144 1389 
2994 998 178 465 991 
2995 1144 465 99 1363 
2996 1389 991 1363 723 
2997 998 1144 1389 991 
2998 998 991 465 1144 
2999 1144 1389 991 1363 
3000 1144 1363 991 465 
3001 110 963 1240 965 
3002 963 850 1238 964 
3003 1240 1238 849 1073 
3004 965 964 1073 859 
3005 963 1240 965 964 
3006 963 964 1238 1240 
3007 1240 965 964 1073 
3008 1240 1073 964 1238 
3009 846 898 1235 1016 
3010 898 556 1380 1015 
3011 1235 1380 180 1154 
3012 1016 1015 1154 845 
3013 898 1235 1016 1015 
3014 898 1015 1380 1235 
3015 1235 1016 1015 1154 
3016 1235 1154 1015 1380 
3017 98 897 314 1390 
3018 897 695 874 1346 
3019 314 874 149 1388 
3020 1390 1346 1388 865 
3021 897 314 1390 1346 
3022 897 1346 874 314 
3023 314 1390 1346 1388 
3024 314 1388 1346 874 
3025 142 244 1314 1391 
3026 244 141 1375 985 
3027 1314 1375 864 1172 
3028 1391 985 1172 868 
3029 244 1314 1391 985 
3030 244 985 1375 1314 
3031 1314 1391 985 1172 
3032 1314 1172 985 1375 
3033 163 284 1277 448 
3034 284 176 1369 517 
3035 1277 1369 844 939 
3036 448 517 939 102 
3037 284 1277 448 517 
3038 284 517 1369 1277 
3039 1277 448 517 939 
3040 1277 939 517 1369 
3041 45 1265 1067 912 
3042 1265 859 1077 1027 
3043 1067 1077 864 1303 
3044 912 1027 1303 865 
3045 1265 1067 912 1027 
3046 1265 1027 1077 1067 
3047 1067 912 1027 1303 
3048 1067 1303 1027 1077 
3049 845 1293 1360 996 
3050 1293 850 884 1392 
3051 1360 884 113 250 
3052 996 1392 250 116 
3053 1293 1360 996 1392 
3054 1293 1392 884 1360 
3055 1360 996 1392 250 
3056 1360 250 1392 884 
3057 848 968 1063 970 
3058 968 850 1393 969 
3059 1063 1393 115 512 
3060 970 969 512 171 
3061 968 1063 970 969 
3062 968 969 1393 1063 
3063 1063 970 969 512 
3064 1063 512 969 1393 
3065 704 1031 814 1301 
3066 1031 869 1030 1121 
3067 814 1030 714 1047 
3068 1301 1121 1047 843 
3069 1031 814 1301 1121 
3070 1031 1121 1030 814 
3071 814 1301 1121 1047 
3072 814 1047 1121 1030 
3073 862 1305 1096 1394 
3074 1305 857 1224 1229 
3075 1096 1224 856 1227 
3076 1394 1229 1227 863 
3077 1305 1096 1394 1229 
3078 1305 1229 1224 1096 
3079 1096 1394 1229 1227 
3080 1096 1227 1229 1224 
3081 859 1073 1367 1077 
3082 1073 849 1327 1075 
3083 1367 1327 47 1006 
3084 1077 1075 1006 864 
3085 1073 1367 1077 1075 
3086 1073 1075 1327 1367 
3087 1367 1077 1075 1006 
3088 1367 1006 1075 1327 
3089 856 930 1270 1351 
3090 930 553 625 1335 
3091 1270 625 550 1308 
3092 1351 1335 1308 867 
3093 930 1270 1351 1335 
3094 930 1335 625 1270 
3095 1270 1351 1335 1308 
3096 1270 1308 1335 625 
3097 848 968 994 997 
3098 968 850 1293 1392 
3099 994 1293 845 996 
3100 997 1392 996 116 
3101 968 994 997 1392 
3102 968 1392 1293 994 
3103 994 997 1392 996 
3104 994 996 1392 1293 
3105 872 880 1078 1243 
3106 880 189 1048 1057 
3107 1078 1048 852 911 
3108 1243 1057 911 715 
3109 880 1078 1243 1057 
3110 880 1057 1048 1078 
3111 1078 1243 1057 911 
3112 1078 911 1057 1048 
3113 101 213 214 1196 
3114 213 129 212 1167 
3115 214 212 126 1169 
3116 1196 1167 1169 855 
3117 213 214 1196 1167 
3118 213 1167 212 214 
3119 214 1196 1167 1169 
3120 214 1169 1167 212 
3121 131 1104 519 316 
3122 1104 862 1203 1202 
3123 519 1203 181 518 
3124 316 1202 518 129 
3125 1104 519 316 1202 
3126 1104 1202 1203 519 
3127 519 316 1202 518 
3128 519 518 1202 1203 
3129 866 977 1061 1005 
3130 977 849 1074 1075 
3131 1061 1074 863 1076 
3132 1005 1075 1076 864 
3133 977 1061 1005 1075 
3134 977 1075 1074 1061 
3135 1061 1005 1075 1076 
3136 1061 1076 1075 1074 
3137 849 1018 1289 1254 
3138 1018 184 532 522 
3139 1289 532 106 270 
3140 1254 522 270 157 
3141 1018 1289 1254 522 
3142 1018 522 532 1289 
3143 1289 1254 522 270 
3144 1289 270 522 532 
3145 544 581 1264 899 
3146 581 556 1208 898 
3147 1264 1208 103 1395 
3148 899 898 1395 846 
3149 581 1264 899 898 
3150 581 898 1208 1264 
3151 1264 899 898 1395 
3152 1264 1395 898 1208 
3153 186 1396 514 952 
3154 1396 697 767 740 
3155 514 767 72 828 
3156 952 740 828 718 
3157 1396 514 952 740 
3158 1396 740 767 514 
3159 514 952 740 828 
3160 514 828 740 767 
3161 850 1062 1287 1397 
3162 1062 174 260 1398 
3163 1287 260 149 1388 
3164 1397 1398 1388 865 
3165 1062 1287 1397 1398 
3166 1062 1398 260 1287 
3167 1287 1397 1398 1388 
3168 1287 1388 1398 260 
3169 162 1207 454 455 
3170 1207 556 580 575 
3171 454 580 28 29 
3172 455 575 29 30 
3173 1207 454 455 575 
3174 1207 575 580 454 
3175 454 455 575 29 
3176 454 29 575 580 
3177 846 1163 1235 1166 
3178 1163 120 491 373 
3179 1235 491 180 285 
3180 1166 373 285 128 
3181 1163 1235 1166 373 
3182 1163 373 491 1235 
3183 1235 1166 373 285 
3184 1235 285 373 491 
3185 846 1166 1235 1395 
3186 1166 128 285 202 
3187 1235 285 180 286 
3188 1395 202 286 103 
3189 1166 1235 1395 202 
3190 1166 202 285 1235 
3191 1235 1395 202 286 
3192 1235 286 202 285 
3193 165 258 1245 1097 
3194 258 133 1082 1098 
3195 1245 1082 870 928 
3196 1097 1098 928 856 
3197 258 1245 1097 1098 
3198 258 1098 1082 1245 
3199 1245 1097 1098 928 
3200 1245 928 1098 1082 
3201 22 675 382 380 
3202 675 565 1092 1399 
3203 382 1092 95 381 
3204 380 1399 381 151 
3205 675 382 380 1399 
3206 675 1399 1092 382 
3207 382 380 1399 381 
3208 382 381 1399 1092 
3209 36 611 470 651 
3210 611 542 1374 653 
3211 470 1374 172 1281 
3212 651 653 1281 560 
3213 611 470 651 653 
3214 611 653 1374 470 
3215 470 651 653 1281 
3216 470 1281 653 1374 
3217 847 1218 1058 889 
3218 1218 846 1350 1326 
3219 1058 1350 867 1059 
3220 889 1326 1059 863 
3221 1218 1058 889 1326 
3222 1218 1326 1350 1058 
3223 1058 889 1326 1059 
3224 1058 1059 1326 1350 
3225 566 1260 678 1387 
3226 1260 153 399 398 
3227 678 399 12 400 
3228 1387 398 400 91 
3229 1260 678 1387 398 
3230 1260 398 399 678 
3231 678 1387 398 400 
3232 678 400 398 399 
3233 847 888 1218 889 
3234 888 860 1219 887 
3235 1218 1219 846 1326 
3236 889 887 1326 863 
3237 888 1218 889 887 
3238 888 887 1219 1218 
3239 1218 889 887 1326 
3240 1218 1326 887 1219 
3241 154 1133 247 248 
3242 1133 844 1241 1372 
3243 247 1241 169 246 
3244 248 1372 246 147 
3245 1133 247 248 1372 
3246 1133 1372 1241 247 
3247 247 248 1372 246 
3248 247 246 1372 1241 
3249 541 1364 956 613 
3250 1364 183 527 485 
3251 956 527 160 445 
3252 613 485 445 4 
3253 1364 956 613 485 
3254 1364 485 527 956 
3255 956 613 485 445 
3256 956 445 485 527 
3257 156 1263 1091 436 
3258 1263 544 588 614 
3259 1091 588 565 674 
3260 436 614 674 24 
3261 1263 1091 436 614 
3262 1263 614 588 1091 
3263 1091 436 614 674 
3264 1091 674 614 588 
3265 862 902 1306 1394 
3266 902 853 1035 988 
3267 1306 1035 852 1366 
3268 1394 988 1366 863 
3269 902 1306 1394 988 
3270 902 988 1035 1306 
3271 1306 1394 988 1366 
3272 1306 1366 988 1035 
3273 867 944 1060 1059 
3274 944 844 1318 1228 
3275 1060 1318 866 1061 
3276 1059 1228 1061 863 
3277 944 1060 1059 1228 
3278 944 1228 1318 1060 
3279 1060 1059 1228 1061 
3280 1060 1061 1228 1318 
3281 696 878 909 793 
3282 878 872 1078 1243 
3283 909 1078 852 911 
3284 793 1243 911 715 
3285 878 909 793 1243 
3286 878 1243 1078 909 
3287 909 793 1243 911 
3288 909 911 1243 1078 
3289 189 509 1048 1057 
3290 509 90 960 1111 
3291 1048 960 852 911 
3292 1057 1111 911 715 
3293 509 1048 1057 1111 
3294 509 1111 960 1048 
3295 1048 1057 1111 911 
3296 1048 911 1111 960 
3297 868 1150 1158 1236 
3298 1150 699 1159 784 
3299 1158 1159 865 1329 
3300 1236 784 1329 701 
3301 1150 1158 1236 784 
3302 1150 784 1159 1158 
3303 1158 1236 784 1329 
3304 1158 1329 784 1159 
3305 861 1320 1117 1179 
3306 1320 868 1236 1400 
3307 1117 1236 701 782 
3308 1179 1400 782 702 
3309 1320 1117 1179 1400 
3310 1320 1400 1236 1117 
3311 1117 1179 1400 782 
3312 1117 782 1400 1236 
3313 851 1319 1040 1348 
3314 1319 861 919 1179 
3315 1040 919 706 780 
3316 1348 1179 780 702 
3317 1319 1040 1348 1179 
3318 1319 1179 919 1040 
3319 1040 1348 1179 780 
3320 1040 780 1179 919 
3321 66 877 461 822 
3322 877 872 1130 879 
3323 461 1130 175 1131 
3324 822 879 1131 717 
3325 877 461 822 879 
3326 877 879 1130 461 
3327 461 822 879 1131 
3328 461 1131 879 1130 
3329 857 1258 1176 1307 
3330 1258 155 273 1049 
3331 1176 273 148 1401 
3332 1307 1049 1401 852 
3333 1258 1176 1307 1049 
3334 1258 1049 273 1176 
3335 1176 1307 1049 1401 
3336 1176 1401 1049 273 
3337 76 733 75 404 
3338 733 709 737 1090 
3339 75 737 74 405 
3340 404 1090 405 94 
3341 733 75 404 1090 
3342 733 1090 737 75 
3343 75 404 1090 405 
3344 75 405 1090 737 
3345 121 904 295 227 
3346 904 871 1089 917 
3347 295 1089 161 294 
3348 227 917 294 94 
3349 904 295 227 917 
3350 904 917 1089 295 
3351 295 227 917 294 
3352 295 294 917 1089 
3353 850 968 964 1397 
3354 968 848 1025 1026 
3355 964 1025 859 1027 
3356 1397 1026 1027 865 
3357 968 964 1397 1026 
3358 968 1026 1025 964 
3359 964 1397 1026 1027 
3360 964 1027 1026 1025 
3361 695 755 1346 1402 
3362 755 716 1376 990 
3363 1346 1376 865 1403 
3364 1402 990 1403 159 
3365 755 1346 1402 990 
3366 755 990 1376 1346 
3367 1346 1402 990 1403 
3368 1346 1403 990 1376 
3369 698 840 1182 821 
3370 840 699 1150 802 
3371 1182 1150 868 1152 
3372 821 802 1152 694 
3373 840 1182 821 802 
3374 840 802 1150 1182 
3375 1182 821 802 1152 
3376 1182 1152 802 1150 
3377 142 1311 244 1391 
3378 1311 851 1404 1321 
3379 244 1404 141 985 
3380 1391 1321 985 868 
3381 1311 244 1391 1321 
3382 1311 1321 1404 244 
3383 244 1391 1321 985 
3384 244 985 1321 1404 
3385 850 1287 1286 969 
3386 1287 149 262 278 
3387 1286 262 114 277 
3388 969 278 277 171 
3389 1287 1286 969 278 
3390 1287 278 262 1286 
3391 1286 969 278 277 
3392 1286 277 278 262 
3393 716 1112 1376 990 
3394 1112 182 1377 526 
3395 1376 1377 865 1403 
3396 990 526 1403 159 
3397 1112 1376 990 526 
3398 1112 526 1377 1376 
3399 1376 990 526 1403 
3400 1376 1403 526 1377 
3401 849 953 1334 1020 
3402 953 554 598 600 
3403 1334 598 563 599 
3404 1020 600 599 537 
3405 953 1334 1020 600 
3406 953 600 598 1334 
3407 1334 1020 600 599 
3408 1334 599 600 598 
3409 545 687 1373 1055 
3410 687 546 1278 1336 
3411 1373 1278 866 1174 
3412 1055 1336 1174 49 
3413 687 1373 1055 1336 
3414 687 1336 1278 1373 
3415 1373 1055 1336 1174 
3416 1373 1174 1336 1278 
3417 850 967 1397 964 
3418 967 109 1370 966 
3419 1397 1370 865 1027 
3420 964 966 1027 859 
3421 967 1397 964 966 
3422 967 966 1370 1397 
3423 1397 964 966 1027 
3424 1397 1027 966 1370 
3425 721 1201 1349 1405 
3426 1201 851 1319 1321 
3427 1349 1319 861 1320 
3428 1405 1321 1320 868 
3429 1201 1349 1405 1321 
3430 1201 1321 1319 1349 
3431 1349 1405 1321 1320 
3432 1349 1320 1321 1319 
3433 868 1405 1185 1151 
3434 1405 721 799 808 
3435 1185 799 711 807 
3436 1151 808 807 700 
3437 1405 1185 1151 808 
3438 1405 808 799 1185 
3439 1185 1151 808 807 
3440 1185 807 808 799 
3441 869 1029 925 1031 
3442 1029 705 759 776 
3443 925 759 703 775 
3444 1031 776 775 704 
3445 1029 925 1031 776 
3446 1029 776 759 925 
3447 925 1031 776 775 
3448 925 775 776 759 
3449 866 1299 982 1005 
3450 1299 138 266 1178 
3451 982 266 137 1007 
3452 1005 1178 1007 864 
3453 1299 982 1005 1178 
3454 1299 1178 266 982 
3455 982 1005 1178 1007 
3456 982 1007 1178 266 
3457 176 257 1066 1051 
3458 257 133 1098 1082 
3459 1066 1098 856 928 
3460 1051 1082 928 870 
3461 257 1066 1051 1082 
3462 257 1082 1098 1066 
3463 1066 1051 1082 928 
3464 1066 928 1082 1098 
3465 49 499 50 1021 
3466 499 184 496 1022 
3467 50 496 1 608 
3468 1021 1022 608 537 
3469 499 50 1021 1022 
3470 499 1022 496 50 
3471 50 1021 1022 608 
3472 50 608 1022 496 
3473 565 1139 1092 1399 
3474 1139 870 1140 1247 
3475 1092 1140 95 381 
3476 1399 1247 381 151 
3477 1139 1092 1399 1247 
3478 1139 1247 1140 1092 
3479 1092 1399 1247 381 
3480 1092 381 1247 1140 
3481 141 985 210 1375 
3482 985 868 1170 1172 
3483 210 1170 139 1171 
3484 1375 1172 1171 864 
3485 985 210 1375 1172 
3486 985 1172 1170 210 
3487 210 1375 1172 1171 
3488 210 1171 1172 1170 
3489 122 230 916 226 
3490 230 123 1147 231 
3491 916 1147 855 918 
3492 226 231 918 94 
3493 230 916 226 231 
3494 230 231 1147 916 
3495 916 226 231 918 
3496 916 918 231 1147 
3497 566 1260 689 685 
3498 1260 153 935 412 
3499 689 935 562 665 
3500 685 412 665 14 
3501 1260 689 685 412 
3502 1260 412 935 689 
3503 689 685 412 665 
3504 689 665 412 935 
3505 127 1368 1168 521 
3506 1368 862 903 1203 
3507 1168 903 855 1191 
3508 521 1203 1191 181 
3509 1368 1168 521 1203 
3510 1368 1203 903 1168 
3511 1168 521 1203 1191 
3512 1168 1191 1203 903 
3513 862 1094 1096 1305 
3514 1094 133 1098 1056 
3515 1096 1098 856 1224 
3516 1305 1056 1224 857 
3517 1094 1096 1305 1056 
3518 1094 1056 1098 1096 
3519 1096 1305 1056 1224 
3520 1096 1224 1056 1098 
3521 859 885 886 1027 
3522 885 860 887 1028 
3523 886 887 863 1302 
3524 1027 1028 1302 865 
3525 885 886 1027 1028 
3526 885 1028 887 886 
3527 886 1027 1028 1302 
3528 886 1302 1028 887 
3529 870 1304 928 931 
3530 1304 555 1269 624 
3531 928 1269 856 930 
3532 931 624 930 553 
3533 1304 928 931 624 
3534 1304 624 1269 928 
3535 928 931 624 930 
3536 928 930 624 1269 
3537 141 244 1375 349 
3538 244 142 1314 313 
3539 1375 1314 864 1085 
3540 349 313 1085 140 
3541 244 1375 349 313 
3542 244 313 1314 1375 
3543 1375 349 313 1085 
3544 1375 1085 313 1314 
3545 558 1180 1268 1181 
3546 1180 154 1071 1133 
3547 1268 1071 866 1318 
3548 1181 1133 1318 844 
3549 1180 1268 1181 1133 
3550 1180 1133 1071 1268 
3551 1268 1181 1133 1318 
3552 1268 1318 1133 1071 
3553 699 1199 1150 789 
3554 1199 43 1183 1204 
3555 1150 1183 868 1161 
3556 789 1204 1161 690 
3557 1199 1150 789 1204 
3558 1199 1204 1183 1150 
3559 1150 789 1204 1161 
3560 1150 1161 1204 1183 
3561 697 1396 767 736 
3562 1396 186 514 501 
3563 767 514 72 73 
3564 736 501 73 74 
3565 1396 767 736 501 
3566 1396 501 514 767 
3567 767 736 501 73 
3568 767 73 501 514 
3569 866 1318 1005 1061 
3570 1318 844 1371 1228 
3571 1005 1371 864 1076 
3572 1061 1228 1076 863 
3573 1318 1005 1061 1228 
3574 1318 1228 1371 1005 
3575 1005 1061 1228 1076 
3576 1005 1076 1228 1371 
3577 858 901 1230 1087 
3578 901 862 1096 1394 
3579 1230 1096 856 1227 
3580 1087 1394 1227 863 
3581 901 1230 1087 1394 
3582 901 1394 1096 1230 
3583 1230 1087 1394 1227 
3584 1230 1227 1394 1096 
3585 177 1135 475 1358 
3586 1135 567 681 585 
3587 475 681 34 652 
3588 1358 585 652 560 
3589 1135 475 1358 585 
3590 1135 585 681 475 
3591 475 1358 585 652 
3592 475 652 585 681 
3593 702 1400 782 787 
3594 1400 868 1236 1151 
3595 782 1236 701 786 
3596 787 1151 786 700 
3597 1400 782 787 1151 
3598 1400 1151 1236 782 
3599 782 787 1151 786 
3600 782 786 1151 1236 
3601 847 974 889 979 
3602 974 849 1074 977 
3603 889 1074 863 1061 
3604 979 977 1061 866 
3605 974 889 979 977 
3606 974 977 1074 889 
3607 889 979 977 1061 
3608 889 1061 977 1074 
3609 88 482 89 761 
3610 482 182 481 1113 
3611 89 481 2 762 
3612 761 1113 762 690 
3613 482 89 761 1113 
3614 482 1113 481 89 
3615 89 761 1113 762 
3616 89 762 1113 481 
3617 164 463 947 503 
3618 463 119 1205 364 
3619 947 1205 843 949 
3620 503 364 949 125 
3621 463 947 503 364 
3622 463 364 1205 947 
3623 947 503 364 949 
3624 947 949 364 1205 
3625 177 229 1406 228 
3626 229 96 1190 205 
3627 1406 1190 845 996 
3628 228 205 996 116 
3629 229 1406 228 205 
3630 229 205 1190 1406 
3631 1406 228 205 996 
3632 1406 996 205 1190 
3633 858 1164 933 1165 
3634 1164 846 1211 1166 
3635 933 1211 136 221 
3636 1165 1166 221 128 
3637 1164 933 1165 1166 
3638 1164 1166 1211 933 
3639 933 1165 1166 221 
3640 933 221 1166 1211 
3641 556 581 1208 583 
3642 581 544 1264 584 
3643 1208 1264 103 402 
3644 583 584 402 26 
3645 581 1208 583 584 
3646 581 584 1264 1208 
3647 1208 583 584 402 
3648 1208 402 584 1264 
3649 851 1201 1389 1407 
3650 1201 721 800 799 
3651 1389 800 723 801 
3652 1407 799 801 711 
3653 1201 1389 1407 799 
3654 1201 799 800 1389 
3655 1389 1407 799 801 
3656 1389 801 799 800 
3657 43 360 914 483 
3658 360 108 913 530 
3659 914 913 865 1377 
3660 483 530 1377 182 
3661 360 914 483 530 
3662 360 530 913 914 
3663 914 483 530 1377 
3664 914 1377 530 913 
3665 848 1291 1063 993 
3666 1291 164 460 459 
3667 1063 460 115 303 
3668 993 459 303 117 
3669 1291 1063 993 459 
3670 1291 459 460 1063 
3671 1063 993 459 303 
3672 1063 303 459 460 
3673 858 932 933 1164 
3674 932 166 288 1232 
3675 933 288 136 1211 
3676 1164 1232 1211 846 
3677 932 933 1164 1232 
3678 932 1232 288 933 
3679 933 1164 1232 1211 
3680 933 1211 1232 288 
3681 164 1291 460 511 
3682 1291 848 1063 970 
3683 460 1063 115 512 
3684 511 970 512 171 
3685 1291 460 511 970 
3686 1291 970 1063 460 
3687 460 511 970 512 
3688 460 512 970 1063 
3689 858 1165 933 1223 
3690 1165 128 221 291 
3691 933 221 136 290 
3692 1223 291 290 124 
3693 1165 933 1223 291 
3694 1165 291 221 933 
3695 933 1223 291 290 
3696 933 290 291 221 
3697 847 1058 975 979 
3698 1058 867 1309 1060 
3699 975 1309 548 978 
3700 979 1060 978 866 
3701 1058 975 979 1060 
3702 1058 1060 1309 975 
3703 975 979 1060 978 
3704 975 978 1060 1309 
3705 111 883 369 355 
3706 883 850 1286 884 
3707 369 1286 114 368 
3708 355 884 368 113 
3709 883 369 355 884 
3710 883 884 1286 369 
3711 369 355 884 368 
3712 369 368 884 1286 
3713 851 1201 1001 1389 
3714 1201 721 798 800 
3715 1001 798 692 839 
3716 1389 800 839 723 
3717 1201 1001 1389 800 
3718 1201 800 798 1001 
3719 1001 1389 800 839 
3720 1001 839 800 798 
3721 178 998 992 991 
3722 998 851 1001 1389 
3723 992 1001 692 839 
3724 991 1389 839 723 
3725 998 992 991 1389 
3726 998 1389 1001 992 
3727 992 991 1389 839 
3728 992 839 1389 1001 
3729 851 1312 1041 1322 
3730 1312 854 1386 1333 
3731 1041 1386 852 1366 
3732 1322 1333 1366 863 
3733 1312 1041 1322 1333 
3734 1312 1333 1386 1041 
3735 1041 1322 1333 1366 
3736 1041 1366 1333 1386 
3737 173 471 474 1200 
3738 471 56 55 792 
3739 474 55 54 791 
3740 1200 792 791 711 
3741 471 474 1200 792 
3742 471 792 55 474 
3743 474 1200 792 791 
3744 474 791 792 55 
3745 99 1144 245 243 
3746 1144 851 1404 1311 
3747 245 1404 141 244 
3748 243 1311 244 142 
3749 1144 245 243 1311 
3750 1144 1311 1404 245 
3751 245 243 1311 244 
3752 245 244 1311 1404 
3753 111 883 472 369 
3754 883 850 1062 1286 
3755 472 1062 174 261 
3756 369 1286 261 114 
3757 883 472 369 1286 
3758 883 1286 1062 472 
3759 472 369 1286 261 
3760 472 261 1286 1062 
3761 848 968 971 1026 
3762 968 850 973 1397 
3763 971 973 843 1123 
3764 1026 1397 1123 865 
3765 968 971 1026 1397 
3766 968 1397 973 971 
3767 971 1026 1397 1123 
3768 971 1123 1397 973 
3769 139 345 1171 342 
3770 345 140 1085 346 
3771 1171 1085 864 1178 
3772 342 346 1178 138 
3773 345 1171 342 346 
3774 345 346 1085 1171 
3775 1171 342 346 1178 
3776 1171 1178 346 1085 
3777 183 1331 980 486 
3778 1331 545 1373 1055 
3779 980 1373 866 1174 
3780 486 1055 1174 49 
3781 1331 980 486 1055 
3782 1331 1055 1373 980 
3783 980 486 1055 1174 
3784 980 1174 1055 1373 
3785 138 194 1299 266 
3786 194 160 981 265 
3787 1299 981 866 982 
3788 266 265 982 137 
3789 194 1299 266 265 
3790 194 265 981 1299 
3791 1299 266 265 982 
3792 1299 982 265 981 
3793 174 197 260 1398 
3794 197 98 314 1390 
3795 260 314 149 1388 
3796 1398 1390 1388 865 
3797 197 260 1398 1390 
3798 197 1390 314 260 
3799 260 1398 1390 1388 
3800 260 1388 1390 314 
3801 850 968 1393 1392 
3802 968 848 1063 997 
3803 1393 1063 115 296 
3804 1392 997 296 116 
3805 968 1393 1392 997 
3806 968 997 1063 1393 
3807 1393 1392 997 296 
3808 1393 296 997 1063 
3809 98 897 1390 190 
3810 897 695 1346 1402 
3811 1390 1346 865 1403 
3812 190 1402 1403 159 
3813 897 1390 190 1402 
3814 897 1402 1346 1390 
3815 1390 190 1402 1403 
3816 1390 1403 1402 1346 
3817 38 610 671 473 
3818 610 542 601 1374 
3819 671 601 563 1206 
3820 473 1374 1206 172 
3821 610 671 473 1374 
3822 610 1374 601 671 
3823 671 473 1374 1206 
3824 671 1206 1374 601 
3825 695 754 1346 755 
3826 754 707 1354 753 
3827 1346 1354 865 1376 
3828 755 753 1376 716 
3829 754 1346 755 753 
3830 754 753 1354 1346 
3831 1346 755 753 1376 
3832 1346 1376 753 1354 
3833 871 986 908 1138 
3834 986 869 1121 1029 
3835 908 1121 843 1384 
3836 1138 1029 1384 705 
3837 986 908 1138 1029 
3838 986 1029 1121 908 
3839 908 1138 1029 1384 
3840 908 1384 1029 1121 
3841 705 1029 1384 750 
3842 1029 869 1121 1030 
3843 1384 1121 843 1047 
3844 750 1030 1047 714 
3845 1029 1384 750 1030 
3846 1029 1030 1121 1384 
3847 1384 750 1030 1047 
3848 1384 1047 1030 1121 
3849 182 530 1377 526 
3850 530 108 913 263 
3851 1377 913 865 1403 
3852 526 263 1403 159 
3853 530 1377 526 263 
3854 530 263 913 1377 
3855 1377 526 263 1403 
3856 1377 1403 263 913 
3857 43 1199 1124 1204 
3858 1199 699 840 789 
3859 1124 840 698 829 
3860 1204 789 829 690 
3861 1199 1124 1204 789 
3862 1199 789 840 1124 
3863 1124 1204 789 829 
3864 1124 829 789 840 
3865 162 428 513 1197 
3866 428 118 520 1153 
3867 513 520 180 1154 
3868 1197 1153 1154 845 
3869 428 513 1197 1153 
3870 428 1153 520 513 
3871 513 1197 1153 1154 
3872 513 1154 1153 520 
3873 858 1222 1223 896 
3874 1222 122 299 916 
3875 1223 299 124 1339 
3876 896 916 1339 855 
3877 1222 1223 896 916 
3878 1222 916 299 1223 
3879 1223 896 916 1339 
3880 1223 1339 916 299 
3881 721 1201 1405 799 
3882 1201 851 1321 1407 
3883 1405 1321 868 1185 
3884 799 1407 1185 711 
3885 1201 1405 799 1407 
3886 1201 1407 1321 1405 
3887 1405 799 1407 1185 
3888 1405 1185 1407 1321 
3889 99 1144 1363 1408 
3890 1144 851 1389 1407 
3891 1363 1389 723 801 
3892 1408 1407 801 711 
3893 1144 1363 1408 1407 
3894 1144 1407 1389 1363 
3895 1363 1408 1407 801 
3896 1363 801 1407 1389 
3897 870 1082 1246 1054 
3898 1082 133 224 223 
3899 1246 224 93 222 
3900 1054 223 222 150 
3901 1082 1246 1054 223 
3902 1082 223 224 1246 
3903 1246 1054 223 222 
3904 1246 222 223 224 
3905 116 1392 250 296 
3906 1392 850 884 1393 
3907 250 884 113 297 
3908 296 1393 297 115 
3909 1392 250 296 1393 
3910 1392 1393 884 250 
3911 250 296 1393 297 
3912 250 297 1393 884 
3913 115 1393 297 370 
3914 1393 850 884 1286 
3915 297 884 113 368 
3916 370 1286 368 114 
3917 1393 297 370 1286 
3918 1393 1286 884 297 
3919 297 370 1286 368 
3920 297 368 1286 884 
3921 851 1144 1321 1407 
3922 1144 99 1409 1408 
3923 1321 1409 868 1185 
3924 1407 1408 1185 711 
3925 1144 1321 1407 1408 
3926 1144 1408 1409 1321 
3927 1321 1407 1408 1185 
3928 1321 1185 1408 1409 
3929 567 1135 682 594 
3930 1135 177 476 1410 
3931 682 476 32 615 
3932 594 1410 615 540 
3933 1135 682 594 1410 
3934 1135 1410 476 682 
3935 682 594 1410 615 
3936 682 615 1410 476 
3937 844 1273 1371 1228 
3938 1273 854 1084 1333 
3939 1371 1084 864 1076 
3940 1228 1333 1076 863 
3941 1273 1371 1228 1333 
3942 1273 1333 1084 1371 
3943 1371 1228 1333 1076 
3944 1371 1076 1333 1084 
3945 183 980 531 486 
3946 980 866 982 1174 
3947 531 982 137 367 
3948 486 1174 367 49 
3949 980 531 486 1174 
3950 980 1174 982 531 
3951 531 486 1174 367 
3952 531 367 1174 982 
3953 719 1110 1116 838 
3954 1110 90 414 408 
3955 1116 414 152 415 
3956 838 408 415 62 
3957 1110 1116 838 408 
3958 1110 408 414 1116 
3959 1116 838 408 415 
3960 1116 415 408 414 
3961 847 1099 1267 1100 
3962 1099 552 597 622 
3963 1267 597 561 661 
3964 1100 622 661 551 
3965 1099 1267 1100 622 
3966 1099 622 597 1267 
3967 1267 1100 622 661 
3968 1267 661 622 597 
3969 567 1411 594 577 
3970 1411 845 1282 1023 
3971 594 1282 540 595 
3972 577 1023 595 561 
3973 1411 594 577 1023 
3974 1411 1023 1282 594 
3975 594 577 1023 595 
3976 594 595 1023 1282 
3977 543 929 1064 1412 
3978 929 856 1065 1226 
3979 1064 1065 102 939 
3980 1412 1226 939 844 
3981 929 1064 1412 1226 
3982 929 1226 1065 1064 
3983 1064 1412 1226 939 
3984 1064 939 1226 1065 
3985 133 257 1098 1056 
3986 257 176 1066 1012 
3987 1098 1066 856 1224 
3988 1056 1012 1224 857 
3989 257 1098 1056 1012 
3990 257 1012 1066 1098 
3991 1098 1056 1012 1224 
3992 1098 1224 1012 1066 
3993 132 432 1033 358 
3994 432 155 1049 433 
3995 1033 1049 852 1050 
3996 358 433 1050 135 
3997 432 1033 358 433 
3998 432 433 1049 1033 
3999 1033 358 433 1050 
4000 1033 1050 433 1049 
4001 163 1277 1382 450 
4002 1277 844 1273 1275 
4003 1382 1273 854 1274 
4004 450 1275 1274 146 
4005 1277 1382 450 1275 
4006 1277 1275 1273 1382 
4007 1382 450 1275 1274 
4008 1382 1274 1275 1273 
4009 856 1066 1065 1226 
4010 1066 176 517 1369 
4011 1065 517 102 939 
4012 1226 1369 939 844 
4013 1066 1065 1226 1369 
4014 1066 1369 517 1065 
4015 1065 1226 1369 939 
4016 1065 939 1369 517 
4017 543 1052 1053 1064 
4018 1052 176 256 517 
4019 1053 256 150 377 
4020 1064 517 377 102 
4021 1052 1053 1064 517 
4022 1052 517 256 1053 
4023 1053 1064 517 377 
4024 1053 377 517 256 
4025 163 253 254 1014 
4026 253 134 255 1013 
4027 254 255 148 1176 
4028 1014 1013 1176 857 
4029 253 254 1014 1013 
4030 253 1013 255 254 
4031 254 1014 1013 1176 
4032 254 1176 1013 255 
4033 155 274 1258 273 
4034 274 134 1013 255 
4035 1258 1013 857 1176 
4036 273 255 1176 148 
4037 274 1258 273 255 
4038 274 255 1013 1258 
4039 1258 273 255 1176 
4040 1258 1176 255 1013 
4041 866 1060 978 1221 
4042 1060 867 1309 941 
4043 978 1309 548 629 
4044 1221 941 629 549 
4045 1060 978 1221 941 
4046 1060 941 1309 978 
4047 978 1221 941 629 
4048 978 629 941 1309 
4049 112 882 1379 1239 
4050 882 850 1293 1238 
4051 1379 1293 845 957 
4052 1239 1238 957 849 
4053 882 1379 1239 1238 
4054 882 1238 1293 1379 
4055 1379 1239 1238 957 
4056 1379 957 1238 1293 
4057 847 1218 1099 1101 
4058 1218 846 900 1257 
4059 1099 900 552 607 
4060 1101 1257 607 550 
4061 1218 1099 1101 1257 
4062 1218 1257 900 1099 
4063 1099 1101 1257 607 
4064 1099 607 1257 900 
4065 100 1378 1295 386 
4066 1378 720 739 835 
4067 1295 739 713 804 
4068 386 835 804 82 
4069 1378 1295 386 835 
4070 1378 835 739 1295 
4071 1295 386 835 804 
4072 1295 804 835 739 
4073 847 1218 1101 1058 
4074 1218 846 1257 1350 
4075 1101 1257 550 1308 
4076 1058 1350 1308 867 
4077 1218 1101 1058 1350 
4078 1218 1350 1257 1101 
4079 1101 1058 1350 1308 
4080 1101 1308 1350 1257 
4081 137 340 350 1007 
4082 340 97 351 1068 
4083 350 351 47 1006 
4084 1007 1068 1006 864 
4085 340 350 1007 1068 
4086 340 1068 351 350 
4087 350 1007 1068 1006 
4088 350 1006 1068 351 
4089 846 898 1395 1235 
4090 898 556 1208 1380 
4091 1395 1208 103 286 
4092 1235 1380 286 180 
4093 898 1395 1235 1380 
4094 898 1380 1208 1395 
4095 1395 1235 1380 286 
4096 1395 286 1380 1208 
4097 45 1383 1067 442 
4098 1383 868 1172 1173 
4099 1067 1172 864 1069 
4100 442 1173 1069 158 
4101 1383 1067 442 1173 
4102 1383 1173 1172 1067 
4103 1067 442 1173 1069 
4104 1067 1069 1173 1172 
4105 140 313 1083 312 
4106 313 142 1237 311 
4107 1083 1237 854 1010 
4108 312 311 1010 147 
4109 313 1083 312 311 
4110 313 311 1237 1083 
4111 1083 312 311 1010 
4112 1083 1010 311 1237 
4113 45 354 1067 46 
4114 354 97 1068 351 
4115 1067 1068 864 1006 
4116 46 351 1006 47 
4117 354 1067 46 351 
4118 354 351 1068 1067 
4119 1067 46 351 1006 
4120 1067 1006 351 1068 
4121 99 395 396 1363 
4122 395 58 57 837 
4123 396 57 56 836 
4124 1363 837 836 723 
4125 395 396 1363 837 
4126 395 837 57 396 
4127 396 1363 837 836 
4128 396 836 837 57 
4129 107 533 1043 425 
4130 533 185 1347 497 
4131 1043 1347 694 765 
4132 425 497 765 52 
4133 533 1043 425 497 
4134 533 497 1347 1043 
4135 1043 425 497 765 
4136 1043 765 497 1347 
4137 851 1114 999 1001 
4138 1114 719 1116 831 
4139 999 1116 152 1000 
4140 1001 831 1000 692 
4141 1114 999 1001 831 
4142 1114 831 1116 999 
4143 999 1001 831 1000 
4144 999 1000 831 1116 
4145 107 1043 424 425 
4146 1043 694 766 765 
4147 424 766 54 53 
4148 425 765 53 52 
4149 1043 424 425 765 
4150 1043 765 766 424 
4151 424 425 765 53 
4152 424 53 765 766 
4153 859 1265 1077 1367 
4154 1265 45 1067 46 
4155 1077 1067 864 1006 
4156 1367 46 1006 47 
4157 1265 1077 1367 46 
4158 1265 46 1067 1077 
4159 1077 1367 46 1006 
4160 1077 1006 46 1067 
4161 859 1073 1356 1367 
4162 1073 849 1254 1327 
4163 1356 1254 157 440 
4164 1367 1327 440 47 
4165 1073 1356 1367 1327 
4166 1073 1327 1254 1356 
4167 1356 1367 1327 440 
4168 1356 440 1327 1254 
4169 178 478 477 992 
4170 478 60 59 770 
4171 477 59 58 769 
4172 992 770 769 692 
4173 478 477 992 770 
4174 478 770 59 477 
4175 477 992 770 769 
4176 477 769 770 59 
4177 555 572 1256 571 
4178 572 544 899 573 
4179 1256 899 846 900 
4180 571 573 900 552 
4181 572 1256 571 573 
4182 572 573 899 1256 
4183 1256 571 573 900 
4184 1256 900 573 899 
4185 78 79 727 467 
4186 79 80 768 480 
4187 727 768 693 1342 
4188 467 480 1342 179 
4189 79 727 467 480 
4190 79 480 768 727 
4191 727 467 480 1342 
4192 727 1342 480 768 
4193 847 974 975 1100 
4194 974 849 976 954 
4195 975 976 548 605 
4196 1100 954 605 551 
4197 974 975 1100 954 
4198 974 954 976 975 
4199 975 1100 954 605 
4200 975 605 954 976 
4201 556 1015 596 574 
4202 1015 845 1023 1282 
4203 596 1023 561 595 
4204 574 1282 595 540 
4205 1015 596 574 1282 
4206 1015 1282 1023 596 
4207 596 574 1282 595 
4208 596 595 1282 1023 
4209 565 1139 1399 589 
4210 1139 870 1247 1272 
4211 1399 1247 151 1413 
4212 589 1272 1413 538 
4213 1139 1399 589 1272 
4214 1139 1272 1247 1399 
4215 1399 589 1272 1413 
4216 1399 1413 1272 1247 
4217 555 662 1304 590 
4218 662 569 1271 663 
4219 1304 1271 870 1272 
4220 590 663 1272 538 
4221 662 1304 590 663 
4222 662 663 1271 1304 
4223 1304 590 663 1272 
4224 1304 1272 663 1271 
4225 843 948 949 1343 
4226 948 187 536 525 
4227 949 536 125 502 
4228 1343 525 502 179 
4229 948 949 1343 525 
4230 948 525 536 949 
4231 949 1343 525 502 
4232 949 502 525 536 
4233 110 1240 208 269 
4234 1240 849 1289 1254 
4235 208 1289 106 270 
4236 269 1254 270 157 
4237 1240 208 269 1254 
4238 1240 1254 1289 208 
4239 208 269 1254 270 
4240 208 270 1254 1289 
4241 871 986 1138 1283 
4242 986 869 1029 925 
4243 1138 1029 705 759 
4244 1283 925 759 703 
4245 986 1138 1283 925 
4246 986 925 1029 1138 
4247 1138 1283 925 759 
4248 1138 759 925 1029 
4249 171 969 512 277 
4250 969 850 1393 1286 
4251 512 1393 115 370 
4252 277 1286 370 114 
4253 969 512 277 1286 
4254 969 1286 1393 512 
4255 512 277 1286 370 
4256 512 370 1286 1393 
4257 845 996 1360 1362 
4258 996 116 250 249 
4259 1360 250 113 240 
4260 1362 249 240 92 
4261 996 1360 1362 249 
4262 996 249 250 1360 
4263 1360 1362 249 240 
4264 1360 240 249 250 
4265 871 891 908 986 
4266 891 858 907 1186 
4267 908 907 843 1121 
4268 986 1186 1121 869 
4269 891 908 986 1186 
4270 891 1186 907 908 
4271 908 986 1186 1121 
4272 908 1121 1186 907 
4273 872 878 1414 879 
4274 878 696 812 830 
4275 1414 812 722 841 
4276 879 830 841 717 
4277 878 1414 879 830 
4278 878 830 812 1414 
4279 1414 879 830 841 
4280 1414 841 830 812 
4281 855 1168 1169 1339 
4282 1168 127 327 306 
4283 1169 327 126 318 
4284 1339 306 318 124 
4285 1168 1169 1339 306 
4286 1168 306 327 1169 
4287 1169 1339 306 318 
4288 1169 318 306 327 
4289 695 874 1344 809 
4290 874 149 1381 876 
4291 1344 1381 843 1209 
4292 809 876 1209 712 
4293 874 1344 809 876 
4294 874 876 1381 1344 
4295 1344 809 876 1209 
4296 1344 1209 876 1381 
4297 873 1297 1298 1079 
4298 1297 708 816 778 
4299 1298 816 722 811 
4300 1079 778 811 706 
4301 1297 1298 1079 778 
4302 1297 778 816 1298 
4303 1298 1079 778 811 
4304 1298 811 778 816 
4305 873 1297 1080 1353 
4306 1297 708 1255 1136 
4307 1080 1255 853 893 
4308 1353 1136 893 871 
4309 1297 1080 1353 1136 
4310 1297 1136 1255 1080 
4311 1080 1353 1136 893 
4312 1080 893 1136 1255 
4313 719 1110 1115 1116 
4314 1110 90 960 414 
4315 1115 960 852 961 
4316 1116 414 961 152 
4317 1110 1115 1116 414 
4318 1110 414 960 1115 
4319 1115 1116 414 961 
4320 1115 961 414 960 
4321 708 1136 726 760 
4322 1136 871 1138 1283 
4323 726 1138 705 759 
4324 760 1283 759 703 
4325 1136 726 760 1283 
4326 1136 1283 1138 726 
4327 726 760 1283 759 
4328 726 759 1283 1138 
4329 90 493 960 492 
4330 493 155 1049 305 
4331 960 1049 852 962 
4332 492 305 962 168 
4333 493 960 492 305 
4334 493 305 1049 960 
4335 960 492 305 962 
4336 960 962 305 1049 
4337 43 44 1183 914 
4338 44 45 1383 912 
4339 1183 1383 868 1158 
4340 914 912 1158 865 
4341 44 1183 914 912 
4342 44 912 1383 1183 
4343 1183 914 912 1158 
4344 1183 1158 912 1383 
4345 708 1297 816 742 
4346 1297 873 1298 1193 
4347 816 1298 722 815 
4348 742 1193 815 691 
4349 1297 816 742 1193 
4350 1297 1193 1298 816 
4351 816 742 1193 815 
4352 816 815 1193 1298 
4353 850 1287 969 973 
4354 1287 149 278 1381 
4355 969 278 171 972 
4356 973 1381 972 843 
4357 1287 969 973 1381 
4358 1287 1381 278 969 
4359 969 973 1381 972 
4360 969 972 1381 278 
4361 167 218 951 466 
4362 218 101 1126 410 
4363 951 1126 718 827 
4364 466 410 827 70 
4365 218 951 466 410 
4366 218 410 1126 951 
4367 951 466 410 827 
4368 951 827 410 1126 
4369 873 1192 1129 1193 
4370 1192 101 488 1127 
4371 1129 488 175 1288 
4372 1193 1127 1288 691 
4373 1192 1129 1193 1127 
4374 1192 1127 488 1129 
4375 1129 1193 1127 1288 
4376 1129 1288 1127 488 
4377 869 1031 1122 1121 
4378 1031 704 1359 1301 
4379 1122 1359 865 1123 
4380 1121 1301 1123 843 
4381 1031 1122 1121 1301 
4382 1031 1301 1359 1122 
4383 1122 1121 1301 1123 
4384 1122 1123 1301 1359 
4385 858 1325 1186 1087 
4386 1325 860 1119 887 
4387 1186 1119 869 989 
4388 1087 887 989 863 
4389 1325 1186 1087 887 
4390 1325 887 1119 1186 
4391 1186 1087 887 989 
4392 1186 989 887 1119 
4393 101 218 1126 1196 
4394 218 167 951 1146 
4395 1126 951 718 1250 
4396 1196 1146 1250 855 
4397 218 1126 1196 1146 
4398 218 1146 951 1126 
4399 1126 1196 1146 1250 
4400 1126 1250 1146 951 
4401 156 1263 200 1210 
4402 1263 544 1264 899 
4403 200 1264 103 1395 
4404 1210 899 1395 846 
4405 1263 200 1210 899 
4406 1263 899 1264 200 
4407 200 1210 899 1395 
4408 200 1395 899 1264 
4409 101 1192 301 1196 
4410 1192 873 1244 1194 
4411 301 1244 130 1285 
4412 1196 1194 1285 855 
4413 1192 301 1196 1194 
4414 1192 1194 1244 301 
4415 301 1196 1194 1285 
4416 301 1285 1194 1244 
4417 843 1301 1123 1209 
4418 1301 704 1359 813 
4419 1123 1359 865 1345 
4420 1209 813 1345 712 
4421 1301 1123 1209 813 
4422 1301 813 1359 1123 
4423 1123 1209 813 1345 
4424 1123 1345 813 1359 
4425 697 1396 736 1249 
4426 1396 186 501 458 
4427 736 501 74 405 
4428 1249 458 405 94 
4429 1396 736 1249 458 
4430 1396 458 501 736 
4431 736 1249 458 405 
4432 736 405 458 501 
4433 848 1187 1292 1316 
4434 1187 120 320 319 
4435 1292 320 119 307 
4436 1316 319 307 118 
4437 1187 1292 1316 319 
4438 1187 319 320 1292 
4439 1292 1316 319 307 
4440 1292 307 319 320 
4441 845 1406 996 1362 
4442 1406 177 228 464 
4443 996 228 116 249 
4444 1362 464 249 92 
4445 1406 996 1362 464 
4446 1406 464 228 996 
4447 996 1362 464 249 
4448 996 249 464 228 
4449 162 1207 455 1003 
4450 1207 556 575 574 
4451 455 575 30 576 
4452 1003 574 576 540 
4453 1207 455 1003 574 
4454 1207 574 575 455 
4455 455 1003 574 576 
4456 455 576 574 575 
4457 721 795 796 1201 
4458 795 710 783 1039 
4459 796 783 702 1348 
4460 1201 1039 1348 851 
4461 795 796 1201 1039 
4462 795 1039 783 796 
4463 796 1201 1039 1348 
4464 796 1348 1039 783 
4465 867 940 1060 944 
4466 940 568 1317 942 
4467 1060 1317 866 1318 
4468 944 942 1318 844 
4469 940 1060 944 942 
4470 940 942 1317 1060 
4471 1060 944 942 1318 
4472 1060 1318 942 1317 
4473 132 1102 326 1034 
4474 1102 862 1103 902 
4475 326 1103 130 1036 
4476 1034 902 1036 853 
4477 1102 326 1034 902 
4478 1102 902 1103 326 
4479 326 1034 902 1036 
4480 326 1036 902 1103 
4481 699 785 1159 784 
4482 785 707 1354 757 
4483 1159 1354 865 1329 
4484 784 757 1329 701 
4485 785 1159 784 757 
4486 785 757 1354 1159 
4487 1159 784 757 1329 
4488 1159 1329 757 1354 
4489 148 273 304 1401 
4490 273 155 305 1049 
4491 304 305 168 962 
4492 1401 1049 962 852 
4493 273 304 1401 1049 
4494 273 1049 305 304 
4495 304 1401 1049 962 
4496 304 962 1049 305 
4497 851 999 1041 1214 
4498 999 152 961 451 
4499 1041 961 852 962 
4500 1214 451 962 168 
4501 999 1041 1214 451 
4502 999 451 961 1041 
4503 1041 1214 451 962 
4504 1041 962 451 961 
4505 854 1273 1084 1010 
4506 1273 844 1371 1372 
4507 1084 1371 864 1086 
4508 1010 1372 1086 147 
4509 1273 1084 1010 1372 
4510 1273 1372 1371 1084 
4511 1084 1010 1372 1086 
4512 1084 1086 1372 1371 
4513 860 1119 887 1028 
4514 1119 869 989 1122 
4515 887 989 863 1302 
4516 1028 1122 1302 865 
4517 1119 887 1028 1122 
4518 1119 1122 989 887 
4519 887 1028 1122 1302 
4520 887 1302 1122 989 
4521 545 687 667 1373 
4522 687 546 650 1278 
4523 667 650 541 1279 
4524 1373 1278 1279 866 
4525 687 667 1373 1278 
4526 687 1278 650 667 
4527 667 1373 1278 1279 
4528 667 1279 1278 650 
4529 112 882 241 242 
4530 882 850 884 1361 
4531 241 884 113 240 
4532 242 1361 240 92 
4533 882 241 242 1361 
4534 882 1361 884 241 
4535 241 242 1361 240 
4536 241 240 1361 884 
4537 709 734 1215 749 
4538 734 705 1384 750 
4539 1215 1384 843 1047 
4540 749 750 1047 714 
4541 734 1215 749 750 
4542 734 750 1384 1215 
4543 1215 749 750 1047 
4544 1215 1047 750 1384 
4545 100 1378 524 1262 
4546 1378 720 1415 1046 
4547 524 1415 187 948 
4548 1262 1046 948 843 
4549 1378 524 1262 1046 
4550 1378 1046 1415 524 
4551 524 1262 1046 948 
4552 524 948 1046 1415 
4553 558 655 1268 638 
4554 655 547 1220 649 
4555 1268 1220 866 1279 
4556 638 649 1279 541 
4557 655 1268 638 649 
4558 655 649 1220 1268 
4559 1268 638 649 1279 
4560 1268 1279 649 1220 
4561 541 1357 956 1279 
4562 1357 105 193 1070 
4563 956 193 160 981 
4564 1279 1070 981 866 
4565 1357 956 1279 1070 
4566 1357 1070 193 956 
4567 956 1279 1070 981 
4568 956 981 1070 193 
4569 153 431 936 413 
4570 431 163 1277 448 
4571 936 1277 844 939 
4572 413 448 939 102 
4573 431 936 413 448 
4574 431 448 1277 936 
4575 936 413 448 939 
4576 936 939 448 1277 
4577 557 592 640 945 
4578 592 543 641 1412 
4579 640 641 562 937 
4580 945 1412 937 844 
4581 592 640 945 1412 
4582 592 1412 641 640 
4583 640 945 1412 937 
4584 640 937 1412 641 
4585 543 592 929 1412 
4586 592 557 1145 945 
4587 929 1145 856 1226 
4588 1412 945 1226 844 
4589 592 929 1412 945 
4590 592 945 1145 929 
4591 929 1412 945 1226 
4592 929 1226 945 1145 
4593 857 1305 1307 1229 
4594 1305 862 1306 1394 
4595 1307 1306 852 1366 
4596 1229 1394 1366 863 
4597 1305 1307 1229 1394 
4598 1305 1394 1306 1307 
4599 1307 1229 1394 1366 
4600 1307 1366 1394 1306 
4601 708 725 1296 741 
4602 725 697 1248 740 
4603 1296 1248 855 1250 
4604 741 740 1250 718 
4605 725 1296 741 740 
4606 725 740 1248 1296 
4607 1296 741 740 1250 
4608 1296 1250 740 1248 
4609 697 725 1248 1137 
4610 725 708 1296 1136 
4611 1248 1296 855 894 
4612 1137 1136 894 871 
4613 725 1248 1137 1136 
4614 725 1136 1296 1248 
4615 1248 1137 1136 894 
4616 1248 894 1136 1296 
4617 186 1396 952 1148 
4618 1396 697 740 1248 
4619 952 740 718 1250 
4620 1148 1248 1250 855 
4621 1396 952 1148 1248 
4622 1396 1248 740 952 
4623 952 1148 1248 1250 
4624 952 1250 1248 740 
4625 568 643 644 942 
4626 643 557 645 945 
4627 644 645 539 1105 
4628 942 945 1105 844 
4629 643 644 942 945 
4630 643 945 645 644 
4631 644 942 945 1105 
4632 644 1105 945 645 
4633 167 281 951 1146 
4634 281 186 952 1148 
4635 951 952 718 1250 
4636 1146 1148 1250 855 
4637 281 951 1146 1148 
4638 281 1148 952 951 
4639 951 1146 1148 1250 
4640 951 1250 1148 952 
4641 871 986 1283 893 
4642 986 869 925 926 
4643 1283 925 703 922 
4644 893 926 922 853 
4645 986 1283 893 926 
4646 986 926 925 1283 
4647 1283 893 926 922 
4648 1283 922 926 925 
4649 862 901 902 1394 
4650 901 858 892 1087 
4651 902 892 853 988 
4652 1394 1087 988 863 
4653 901 902 1394 1087 
4654 901 1087 892 902 
4655 902 1394 1087 988 
4656 902 988 1087 892 
4657 127 934 293 306 
4658 934 858 933 1223 
4659 293 933 136 290 
4660 306 1223 290 124 
4661 934 293 306 1223 
4662 934 1223 933 293 
4663 293 306 1223 290 
4664 293 290 1223 933 
4665 545 1331 667 668 
4666 1331 183 1364 485 
4667 667 1364 541 613 
4668 668 485 613 4 
4669 1331 667 668 485 
4670 1331 485 1364 667 
4671 667 668 485 613 
4672 667 613 485 1364 
4673 123 230 1147 302 
4674 230 122 916 299 
4675 1147 916 855 1339 
4676 302 299 1339 124 
4677 230 1147 302 299 
4678 230 299 916 1147 
4679 1147 302 299 1339 
4680 1147 1339 299 916 
4681 123 1147 268 302 
4682 1147 855 1169 1339 
4683 268 1169 126 318 
4684 302 1339 318 124 
4685 1147 268 302 1339 
4686 1147 1339 1169 268 
4687 268 302 1339 318 
4688 268 318 1339 1169 
4689 720 1378 1341 834 
4690 1378 100 479 392 
4691 1341 479 179 480 
4692 834 392 480 80 
4693 1378 1341 834 392 
4694 1378 392 479 1341 
4695 1341 834 392 480 
4696 1341 480 392 479 
4697 142 1311 1391 1314 
4698 1311 851 1321 1313 
4699 1391 1321 868 1172 
4700 1314 1313 1172 864 
4701 1311 1391 1314 1313 
4702 1311 1313 1321 1391 
4703 1391 1314 1313 1172 
4704 1391 1172 1313 1321 
4705 555 1304 1269 1256 
4706 1304 870 928 1141 
4707 1269 928 856 1233 
4708 1256 1141 1233 846 
4709 1304 1269 1256 1141 
4710 1304 1141 928 1269 
4711 1269 1256 1141 1233 
4712 1269 1233 1141 928 
4713 162 1207 1003 1197 
4714 1207 556 574 1015 
4715 1003 574 540 1282 
4716 1197 1015 1282 845 
4717 1207 1003 1197 1015 
4718 1207 1015 574 1003 
4719 1003 1197 1015 1282 
4720 1003 1282 1015 574 
4721 565 675 1092 674 
4722 675 22 382 23 
4723 1092 382 95 397 
4724 674 23 397 24 
4725 675 1092 674 23 
4726 675 23 382 1092 
4727 1092 674 23 397 
4728 1092 397 23 382 
4729 544 572 899 588 
4730 572 555 1256 587 
4731 899 1256 846 1143 
4732 588 587 1143 565 
4733 572 899 588 587 
4734 572 587 1256 899 
4735 899 588 587 1143 
4736 899 1143 587 1256 
4737 562 641 938 937 
4738 641 543 1064 1412 
4739 938 1064 102 939 
4740 937 1412 939 844 
4741 641 938 937 1412 
4742 641 1412 1064 938 
4743 938 937 1412 939 
4744 938 939 1412 1064 
4745 870 1242 1140 1247 
4746 1242 166 287 507 
4747 1140 287 95 381 
4748 1247 507 381 151 
4749 1242 1140 1247 507 
4750 1242 507 287 1140 
4751 1140 1247 507 381 
4752 1140 381 507 287 
4753 10 418 9 683 
4754 418 154 417 1134 
4755 9 417 8 684 
4756 683 1134 684 570 
4757 418 9 683 1134 
4758 418 1134 417 9 
4759 9 683 1134 684 
4760 9 684 1134 417 
4761 556 1207 1380 1015 
4762 1207 162 513 1197 
4763 1380 513 180 1154 
4764 1015 1197 1154 845 
4765 1207 1380 1015 1197 
4766 1207 1197 513 1380 
4767 1380 1015 1197 1154 
4768 1380 1154 1197 513 
4769 558 638 1268 1149 
4770 638 541 1279 1357 
4771 1268 1279 866 1070 
4772 1149 1357 1070 105 
4773 638 1268 1149 1357 
4774 638 1357 1279 1268 
4775 1268 1149 1357 1070 
4776 1268 1070 1357 1279 
4777 870 1271 927 1251 
4778 1271 569 658 688 
4779 927 658 543 677 
4780 1251 688 677 564 
4781 1271 927 1251 688 
4782 1271 688 658 927 
4783 927 1251 688 677 
4784 927 677 688 658 
4785 165 506 1245 505 
4786 506 166 1242 507 
4787 1245 1242 870 1247 
4788 505 507 1247 151 
4789 506 1245 505 507 
4790 506 507 1242 1245 
4791 1245 505 507 1247 
4792 1245 1247 507 1242 
4793 156 1210 200 201 
4794 1210 846 1395 1166 
4795 200 1395 103 202 
4796 201 1166 202 128 
4797 1210 200 201 1166 
4798 1210 1166 1395 200 
4799 200 201 1166 202 
4800 200 202 1166 1395 
4801 100 1378 479 524 
4802 1378 720 1341 1415 
4803 479 1341 179 525 
4804 524 1415 525 187 
4805 1378 479 524 1415 
4806 1378 1415 1341 479 
4807 479 524 1415 525 
4808 479 525 1415 1341 
4809 859 1265 1367 1234 
4810 1265 45 46 348 
4811 1367 46 47 352 
4812 1234 348 352 104 
4813 1265 1367 1234 348 
4814 1265 348 46 1367 
4815 1367 1234 348 352 
4816 1367 352 348 46 
4817 873 1128 1298 1132 
4818 1128 872 1414 879 
4819 1298 1414 722 841 
4820 1132 879 841 717 
4821 1128 1298 1132 879 
4822 1128 879 1414 1298 
4823 1298 1132 879 841 
4824 1298 841 879 1414 
4825 185 1125 1184 1347 
4826 1125 698 1182 821 
4827 1184 1182 868 1152 
4828 1347 821 1152 694 
4829 1125 1184 1347 821 
4830 1125 821 1182 1184 
4831 1184 1347 821 1152 
4832 1184 1152 821 1182 
4833 851 1144 1404 1321 
4834 1144 99 245 1409 
4835 1404 245 141 985 
4836 1321 1409 985 868 
4837 1144 1404 1321 1409 
4838 1144 1409 245 1404 
4839 1404 1321 1409 985 
4840 1404 985 1409 245 
4841 844 1273 1241 1372 
4842 1273 854 1009 1010 
4843 1241 1009 169 246 
4844 1372 1010 246 147 
4845 1273 1241 1372 1010 
4846 1273 1010 1009 1241 
4847 1241 1372 1010 246 
4848 1241 246 1010 1009 
4849 43 1124 42 1204 
4850 1124 698 825 829 
4851 42 825 2 762 
4852 1204 829 762 690 
4853 1124 42 1204 829 
4854 1124 829 825 42 
4855 42 1204 829 762 
4856 42 762 829 825 
4857 872 878 1416 1414 
4858 878 696 744 812 
4859 1416 744 706 811 
4860 1414 812 811 722 
4861 878 1416 1414 812 
4862 878 812 744 1416 
4863 1416 1414 812 811 
4864 1416 811 812 744 
4865 182 483 481 1113 
4866 483 43 42 1204 
4867 481 42 2 762 
4868 1113 1204 762 690 
4869 483 481 1113 1204 
4870 483 1204 42 481 
4871 481 1113 1204 762 
4872 481 762 1204 42 
4873 873 1128 1079 1298 
4874 1128 872 1416 1414 
4875 1079 1416 706 811 
4876 1298 1414 811 722 
4877 1128 1079 1298 1414 
4878 1128 1414 1416 1079 
4879 1079 1298 1414 811 
4880 1079 811 1414 1416 
4881 872 1128 1416 1078 
4882 1128 873 1079 1081 
4883 1416 1079 706 1042 
4884 1078 1081 1042 852 
4885 1128 1416 1078 1081 
4886 1128 1081 1079 1416 
4887 1416 1078 1081 1042 
4888 1416 1042 1081 1079 
4889 706 919 1042 923 
4890 919 861 1365 921 
4891 1042 1365 852 1035 
4892 923 921 1035 853 
4893 919 1042 923 921 
4894 919 921 1365 1042 
4895 1042 923 921 1035 
4896 1042 1035 921 1365 
4897 177 229 476 1410 
4898 229 96 394 1002 
4899 476 394 32 615 
4900 1410 1002 615 540 
4901 229 476 1410 1002 
4902 229 1002 394 476 
4903 476 1410 1002 615 
4904 476 615 1002 394 
4905 851 1319 1041 1040 
4906 1319 861 1365 919 
4907 1041 1365 852 1042 
4908 1040 919 1042 706 
4909 1319 1041 1040 919 
4910 1319 919 1365 1041 
4911 1041 1040 919 1042 
4912 1041 1042 919 1365 
4913 866 1278 1417 1174 
4914 1278 546 636 1336 
4915 1417 636 537 1021 
4916 1174 1336 1021 49 
4917 1278 1417 1174 1336 
4918 1278 1336 636 1417 
4919 1417 1174 1336 1021 
4920 1417 1021 1336 636 
4921 849 977 1020 1019 
4922 977 866 1417 1174 
4923 1020 1417 537 1021 
4924 1019 1174 1021 49 
4925 977 1020 1019 1174 
4926 977 1174 1417 1020 
4927 1020 1019 1174 1021 
4928 1020 1021 1174 1417 
4929 849 1315 1020 977 
4930 1315 546 636 1278 
4931 1020 636 537 1417 
4932 977 1278 1417 866 
4933 1315 1020 977 1278 
4934 1315 1278 636 1020 
4935 1020 977 1278 1417 
4936 1020 1417 1278 636 
4937 867 1351 944 1059 
4938 1351 856 1226 1227 
4939 944 1226 844 1228 
4940 1059 1227 1228 863 
4941 1351 944 1059 1227 
4942 1351 1227 1226 944 
4943 944 1059 1227 1228 
4944 944 1228 1227 1226 
4945 188 429 1276 534 
4946 429 153 936 398 
4947 1276 936 844 1106 
4948 534 398 1106 91 
4949 429 1276 534 398 
4950 429 398 936 1276 
4951 1276 534 398 1106 
4952 1276 1106 398 936 
4953 43 44 441 1183 
4954 44 45 442 1383 
4955 441 442 158 1173 
4956 1183 1383 1173 868 
4957 44 441 1183 1383 
4958 44 1383 442 441 
4959 441 1183 1383 1173 
4960 441 1173 1383 442 
4961 545 1331 672 1055 
4962 1331 183 484 486 
4963 672 484 1 50 
4964 1055 486 50 49 
4965 1331 672 1055 486 
4966 1331 486 484 672 
4967 672 1055 486 50 
4968 672 50 486 484 
4969 854 1332 1386 1333 
4970 1332 857 1307 1229 
4971 1386 1307 852 1366 
4972 1333 1229 1366 863 
4973 1332 1386 1333 1229 
4974 1332 1229 1307 1386 
4975 1386 1333 1229 1366 
4976 1386 1366 1229 1307 
4977 554 953 598 602 
4978 953 849 1334 1037 
4979 598 1334 563 601 
4980 602 1037 601 542 
4981 953 598 602 1037 
4982 953 1037 1334 598 
4983 598 602 1037 601 
4984 598 601 1037 1334 
4985 859 1265 1234 1266 
4986 1265 45 348 347 
4987 1234 348 104 331 
4988 1266 347 331 108 
4989 1265 1234 1266 347 
4990 1265 347 348 1234 
4991 1234 1266 347 331 
4992 1234 331 347 348 
4993 109 966 330 264 
4994 966 859 1234 1266 
4995 330 1234 104 331 
4996 264 1266 331 108 
4997 966 330 264 1266 
4998 966 1266 1234 330 
4999 330 264 1266 331 
5000 330 331 1266 1234 
5001 859 965 1234 1356 
5002 965 110 337 269 
5003 1234 337 104 437 
5004 1356 269 437 157 
5005 965 1234 1356 269 
5006 965 269 337 1234 
5007 1234 1356 269 437 
5008 1234 437 269 337 
5009 850 1287 973 1397 
5010 1287 149 1381 1388 
5011 973 1381 843 1123 
5012 1397 1388 1123 865 
5013 1287 973 1397 1388 
5014 1287 1388 1381 973 
5015 973 1397 1388 1123 
5016 973 1123 1388 1381 
5017 112 207 1239 206 
5018 207 110 1240 208 
5019 1239 1240 849 1289 
5020 206 208 1289 106 
5021 207 1239 206 208 
5022 207 208 1240 1239 
5023 1239 206 208 1289 
5024 1239 1289 208 1240 
5025 130 1244 1032 1036 
5026 1244 873 1081 1080 
5027 1032 1081 852 1035 
5028 1036 1080 1035 853 
5029 1244 1032 1036 1080 
5030 1244 1080 1081 1032 
5031 1032 1036 1080 1035 
5032 1032 1035 1080 1081 
5033 847 1218 1217 1099 
5034 1218 846 1016 900 
5035 1217 1016 845 1017 
5036 1099 900 1017 552 
5037 1218 1217 1099 900 
5038 1218 900 1016 1217 
5039 1217 1099 900 1017 
5040 1217 1017 900 1016 
5041 188 1276 449 535 
5042 1276 844 1275 1241 
5043 449 1275 146 489 
5044 535 1241 489 169 
5045 1276 449 535 1241 
5046 1276 1241 1275 449 
5047 449 535 1241 489 
5048 449 489 1241 1275 
5049 569 662 1271 659 
5050 662 555 1304 624 
5051 1271 1304 870 931 
5052 659 624 931 553 
5053 662 1271 659 624 
5054 662 624 1304 1271 
5055 1271 659 624 931 
5056 1271 931 624 1304 
5057 872 1128 1078 1212 
5058 1128 873 1081 1244 
5059 1078 1081 852 1032 
5060 1212 1244 1032 130 
5061 1128 1078 1212 1244 
5062 1128 1244 1081 1078 
5063 1078 1212 1244 1032 
5064 1078 1032 1244 1081 
5065 566 680 689 1261 
5066 680 557 640 945 
5067 689 640 562 937 
5068 1261 945 937 844 
5069 680 689 1261 945 
5070 680 945 640 689 
5071 689 1261 945 937 
5072 689 937 945 640 
5073 569 1271 658 659 
5074 1271 870 927 931 
5075 658 927 543 593 
5076 659 931 593 553 
5077 1271 658 659 931 
5078 1271 931 927 658 
5079 658 659 931 593 
5080 658 593 931 927 
5081 554 953 603 604 
5082 953 849 954 976 
5083 603 954 551 605 
5084 604 976 605 548 
5085 953 603 604 976 
5086 953 976 954 603 
5087 603 604 976 605 
5088 603 605 976 954 
5089 546 1315 631 632 
5090 1315 849 953 976 
5091 631 953 554 604 
5092 632 976 604 548 
5093 1315 631 632 976 
5094 1315 976 953 631 
5095 631 632 976 604 
5096 631 604 976 953 
5097 151 1247 1352 1413 
5098 1247 870 1251 1272 
5099 1352 1251 564 673 
5100 1413 1272 673 538 
5101 1247 1352 1413 1272 
5102 1247 1272 1251 1352 
5103 1352 1413 1272 673 
5104 1352 673 1272 1251 
5105 846 1164 1233 1326 
5106 1164 858 1230 1087 
5107 1233 1230 856 1227 
5108 1326 1087 1227 863 
5109 1164 1233 1326 1087 
5110 1164 1087 1230 1233 
5111 1233 1326 1087 1227 
5112 1233 1227 1087 1230 
5113 543 620 1053 677 
5114 620 18 401 670 
5115 1053 401 150 1253 
5116 677 670 1253 564 
5117 620 1053 677 670 
5118 620 670 401 1053 
5119 1053 677 670 1253 
5120 1053 1253 670 401 
5121 20 383 669 619 
5122 383 151 1352 1413 
5123 669 1352 564 673 
5124 619 1413 673 538 
5125 383 669 619 1413 
5126 383 1413 1352 669 
5127 669 619 1413 673 
5128 669 673 1413 1352 
5129 845 1411 1418 959 
5130 1411 567 585 578 
5131 1418 585 560 586 
5132 959 578 586 559 
5133 1411 1418 959 578 
5134 1411 578 585 1418 
5135 1418 959 578 586 
5136 1418 586 578 585 
5137 567 1411 577 578 
5138 1411 845 1023 959 
5139 577 1023 561 579 
5140 578 959 579 559 
5141 1411 577 578 959 
5142 1411 959 1023 577 
5143 577 578 959 579 
5144 577 579 959 1023 
5145 565 675 589 1399 
5146 675 22 618 380 
5147 589 618 538 1413 
5148 1399 380 1413 151 
5149 675 589 1399 380 
5150 675 380 618 589 
5151 589 1399 380 1413 
5152 589 1413 380 618 
5153 866 977 1004 1174 
5154 977 849 1327 1019 
5155 1004 1327 47 48 
5156 1174 1019 48 49 
5157 977 1004 1174 1019 
5158 977 1019 1327 1004 
5159 1004 1174 1019 48 
5160 1004 48 1019 1327 
5161 170 447 1177 276 
5162 447 140 1085 312 
5163 1177 1085 864 1086 
5164 276 312 1086 147 
5165 447 1177 276 312 
5166 447 312 1085 1177 
5167 1177 276 312 1086 
5168 1177 1086 312 1085 
5169 709 735 1088 734 
5170 735 697 1137 724 
5171 1088 1137 871 1138 
5172 734 724 1138 705 
5173 735 1088 734 724 
5174 735 724 1137 1088 
5175 1088 734 724 1138 
5176 1088 1138 724 1137 
5177 22 21 618 380 
5178 21 20 619 383 
5179 618 619 538 1413 
5180 380 383 1413 151 
5181 21 618 380 383 
5182 21 383 619 618 
5183 618 380 383 1413 
5184 618 1413 383 619 
5185 66 877 336 461 
5186 877 872 946 1130 
5187 336 946 135 462 
5188 461 1130 462 175 
5189 877 336 461 1130 
5190 877 1130 946 336 
5191 336 461 1130 462 
5192 336 462 1130 946 
5193 850 967 1062 1397 
5194 967 109 196 1370 
5195 1062 196 174 1398 
5196 1397 1370 1398 865 
5197 967 1062 1397 1370 
5198 967 1370 196 1062 
5199 1062 1397 1370 1398 
5200 1062 1398 1370 196 
5201 109 264 191 1370 
5202 264 108 263 913 
5203 191 263 159 1403 
5204 1370 913 1403 865 
5205 264 191 1370 913 
5206 264 913 263 191 
5207 191 1370 913 1403 
5208 191 1403 913 263 
5209 848 1024 971 1188 
5210 1024 860 1120 1325 
5211 971 1120 843 907 
5212 1188 1325 907 858 
5213 1024 971 1188 1325 
5214 1024 1325 1120 971 
5215 971 1188 1325 907 
5216 971 907 1325 1120 
5217 707 753 751 1354 
5218 753 716 752 1376 
5219 751 752 690 1160 
5220 1354 1376 1160 865 
5221 753 751 1354 1376 
5222 753 1376 752 751 
5223 751 1354 1376 1160 
5224 751 1160 1376 752 
5225 699 785 789 1159 
5226 785 707 751 1354 
5227 789 751 690 1160 
5228 1159 1354 1160 865 
5229 785 789 1159 1354 
5230 785 1354 751 789 
5231 789 1159 1354 1160 
5232 789 1160 1354 751 
5233 43 483 914 1204 
5234 483 182 1377 1113 
5235 914 1377 865 1160 
5236 1204 1113 1160 690 
5237 483 914 1204 1113 
5238 483 1113 1377 914 
5239 914 1204 1113 1160 
5240 914 1160 1113 1377 
5241 698 1125 825 820 
5242 1125 185 498 497 
5243 825 498 2 51 
5244 820 497 51 52 
5245 1125 825 820 497 
5246 1125 497 498 825 
5247 825 820 497 51 
5248 825 51 497 498 
5249 867 1335 941 944 
5250 1335 553 626 1300 
5251 941 626 549 943 
5252 944 1300 943 844 
5253 1335 941 944 1300 
5254 1335 1300 626 941 
5255 941 944 1300 943 
5256 941 943 1300 626 
5257 846 1210 1142 1211 
5258 1210 156 315 220 
5259 1142 315 95 289 
5260 1211 220 289 136 
5261 1210 1142 1211 220 
5262 1210 220 315 1142 
5263 1142 1211 220 289 
5264 1142 289 220 315 
5265 553 591 626 1300 
5266 591 557 630 945 
5267 626 630 549 943 
5268 1300 945 943 844 
5269 591 626 1300 945 
5270 591 945 630 626 
5271 626 1300 945 943 
5272 626 943 945 630 
5273 133 371 1056 357 
5274 371 134 1013 372 
5275 1056 1013 857 1259 
5276 357 372 1259 132 
5277 371 1056 357 372 
5278 371 372 1013 1056 
5279 1056 357 372 1259 
5280 1056 1259 372 1013 
5281 851 1213 1041 1312 
5282 1213 145 1340 1337 
5283 1041 1340 852 1386 
5284 1312 1337 1386 854 
5285 1213 1041 1312 1337 
5286 1213 1337 1340 1041 
5287 1041 1312 1337 1386 
5288 1041 1386 1337 1340 
5289 696 909 744 745 
5290 909 852 1042 910 
5291 744 1042 706 746 
5292 745 910 746 710 
5293 909 744 745 910 
5294 909 910 1042 744 
5295 744 745 910 746 
5296 744 746 910 1042 
5297 696 744 909 878 
5298 744 706 1042 1416 
5299 909 1042 852 1078 
5300 878 1416 1078 872 
5301 744 909 878 1416 
5302 744 1416 1042 909 
5303 909 878 1416 1078 
5304 909 1078 1416 1042 
5305 132 1102 357 325 
5306 1102 862 1094 1104 
5307 357 1094 133 356 
5308 325 1104 356 131 
5309 1102 357 325 1104 
5310 1102 1104 1094 357 
5311 357 325 1104 356 
5312 357 356 1104 1094 
5313 132 357 1102 1259 
5314 357 133 1094 1056 
5315 1102 1094 862 1305 
5316 1259 1056 1305 857 
5317 357 1102 1259 1056 
5318 357 1056 1094 1102 
5319 1102 1259 1056 1305 
5320 1102 1305 1056 1094 
5321 159 1402 444 190 
5322 1402 695 764 897 
5323 444 764 86 384 
5324 190 897 384 98 
5325 1402 444 190 897 
5326 1402 897 764 444 
5327 444 190 897 384 
5328 444 384 897 764 
5329 159 444 1402 990 
5330 444 86 764 824 
5331 1402 764 695 755 
5332 990 824 755 716 
5333 444 1402 990 824 
5334 444 824 764 1402 
5335 1402 990 824 755 
5336 1402 755 824 764 
5337 99 1408 396 324 
5338 1408 711 792 1200 
5339 396 792 56 471 
5340 324 1200 471 173 
5341 1408 396 324 1200 
5342 1408 1200 792 396 
5343 396 324 1200 471 
5344 396 471 1200 792 
5345 56 792 396 836 
5346 792 711 1408 801 
5347 396 1408 99 1363 
5348 836 801 1363 723 
5349 792 396 836 801 
5350 792 801 1408 396 
5351 396 836 801 1363 
5352 396 1363 801 1408 
5353 147 1330 248 1372 
5354 1330 866 1071 1318 
5355 248 1071 154 1133 
5356 1372 1318 1133 844 
5357 1330 248 1372 1318 
5358 1330 1318 1071 248 
5359 248 1372 1318 1133 
5360 248 1133 1318 1071 
5361 147 248 1330 276 
5362 248 154 1071 275 
5363 1330 1071 866 1072 
5364 276 275 1072 170 
5365 248 1330 276 275 
5366 248 275 1071 1330 
5367 1330 276 275 1072 
5368 1330 1072 275 1071 
5369 566 1387 1261 1260 
5370 1387 91 1106 398 
5371 1261 1106 844 936 
5372 1260 398 936 153 
5373 1387 1261 1260 398 
5374 1387 398 1106 1261 
5375 1261 1260 398 936 
5376 1261 936 398 1106 
5377 844 1106 1261 1105 
5378 1106 91 1387 1107 
5379 1261 1387 566 679 
5380 1105 1107 679 539 
5381 1106 1261 1105 1107 
5382 1106 1107 1387 1261 
5383 1261 1105 1107 679 
5384 1261 679 1107 1387 
5385 702 1400 796 1179 
5386 1400 868 1405 1320 
5387 796 1405 721 1349 
5388 1179 1320 1349 861 
5389 1400 796 1179 1320 
5390 1400 1320 1405 796 
5391 796 1179 1320 1349 
5392 796 1349 1320 1405 
5393 702 796 1400 787 
5394 796 721 1405 808 
5395 1400 1405 868 1151 
5396 787 808 1151 700 
5397 796 1400 787 808 
5398 796 808 1405 1400 
5399 1400 787 808 1151 
5400 1400 1151 808 1405 
5401 565 1091 1143 588 
5402 1091 156 1210 1263 
5403 1143 1210 846 899 
5404 588 1263 899 544 
5405 1091 1143 588 1263 
5406 1091 1263 1210 1143 
5407 1143 588 1263 899 
5408 1143 899 1263 1210 
5409 565 1143 1091 1092 
5410 1143 846 1210 1142 
5411 1091 1210 156 315 
5412 1092 1142 315 95 
5413 1143 1091 1092 1142 
5414 1143 1142 1210 1091 
5415 1091 1092 1142 315 
5416 1091 315 1142 1210 
5417 694 1044 1152 1043 
5418 1044 173 984 236 
5419 1152 984 868 983 
5420 1043 236 983 107 
5421 1044 1152 1043 236 
5422 1044 236 984 1152 
5423 1152 1043 236 983 
5424 1152 983 236 984 
5425 694 1152 1044 790 
5426 1152 868 984 1185 
5427 1044 984 173 1200 
5428 790 1185 1200 711 
5429 1152 1044 790 1185 
5430 1152 1185 984 1044 
5431 1044 790 1185 1200 
5432 1044 1200 1185 984 
5433 172 321 1419 235 
5434 321 92 1362 242 
5435 1419 1362 845 1379 
5436 235 242 1379 112 
5437 321 1419 235 242 
5438 321 242 1362 1419 
5439 1419 235 242 1379 
5440 1419 1379 242 1362 
5441 845 957 1419 1379 
5442 957 849 1290 1239 
5443 1419 1290 172 235 
5444 1379 1239 235 112 
5445 957 1419 1379 1239 
5446 957 1239 1290 1419 
5447 1419 1379 1239 235 
5448 1419 235 1239 1290 
5449 172 1290 1419 1374 
5450 1290 849 957 1037 
5451 1419 957 845 1038 
5452 1374 1037 1038 542 
5453 1290 1419 1374 1037 
5454 1290 1037 957 1419 
5455 1419 1374 1037 1038 
5456 1419 1038 1037 957 
5457 560 653 1418 586 
5458 653 542 1038 657 
5459 1418 1038 845 959 
5460 586 657 959 559 
5461 653 1418 586 657 
5462 653 657 1038 1418 
5463 1418 586 657 959 
5464 1418 959 657 1038 
5465 172 1206 1290 1374 
5466 1206 563 1334 601 
5467 1290 1334 849 1037 
5468 1374 601 1037 542 
5469 1206 1290 1374 601 
5470 1206 601 1334 1290 
5471 1290 1374 601 1037 
5472 1290 1037 601 1334 
5473 172 1290 1206 234 
5474 1290 849 1334 1289 
5475 1206 1334 563 1157 
5476 234 1289 1157 106 
5477 1290 1206 234 1289 
5478 1290 1289 1334 1206 
5479 1206 234 1289 1157 
5480 1206 1157 1289 1334 
5481 177 1358 1406 1135 
5482 1358 560 1418 585 
5483 1406 1418 845 1411 
5484 1135 585 1411 567 
5485 1358 1406 1135 585 
5486 1358 585 1418 1406 
5487 1406 1135 585 1411 
5488 1406 1411 585 1418 
5489 845 1418 1406 1362 
5490 1418 560 1358 1280 
5491 1406 1358 177 464 
5492 1362 1280 464 92 
5493 1418 1406 1362 1280 
5494 1418 1280 1358 1406 
5495 1406 1362 1280 464 
5496 1406 464 1280 1358 
5497 558 1180 639 1149 
5498 1180 154 417 419 
5499 639 417 8 420 
5500 1149 419 420 105 
5501 1180 639 1149 419 
5502 1180 419 417 639 
5503 639 1149 419 420 
5504 639 420 419 417 
5505 558 639 1180 646 
5506 639 8 417 684 
5507 1180 417 154 1134 
5508 646 684 1134 570 
5509 639 1180 646 684 
5510 639 684 417 1180 
5511 1180 646 684 1134 
5512 1180 1134 684 417 
5513 862 1103 1202 1104 
5514 1103 130 300 317 
5515 1202 300 129 316 
5516 1104 317 316 131 
5517 1103 1202 1104 317 
5518 1103 317 300 1202 
5519 1202 1104 317 316 
5520 1202 316 317 300 
5521 129 300 1202 1284 
5522 300 130 1103 1036 
5523 1202 1103 862 902 
5524 1284 1036 902 853 
5525 300 1202 1284 1036 
5526 300 1036 1103 1202 
5527 1202 1284 1036 902 
5528 1202 902 1036 1103 
5529 109 192 1370 191 
5530 192 98 1390 190 
5531 1370 1390 865 1403 
5532 191 190 1403 159 
5533 192 1370 191 190 
5534 192 190 1390 1370 
5535 1370 191 190 1403 
5536 1370 1403 190 1390 
5537 109 1370 192 196 
5538 1370 865 1390 1398 
5539 192 1390 98 197 
5540 196 1398 197 174 
5541 1370 192 196 1398 
5542 1370 1398 1390 192 
5543 192 196 1398 197 
5544 192 197 1398 1390 
5545 549 1221 642 633 
5546 1221 866 1317 1220 
5547 642 1317 568 654 
5548 633 1220 654 547 
5549 1221 642 633 1220 
5550 1221 1220 1317 642 
5551 642 633 1220 654 
5552 642 654 1220 1317 
5553 549 642 1221 941 
5554 642 568 1317 940 
5555 1221 1317 866 1060 
5556 941 940 1060 867 
5557 642 1221 941 940 
5558 642 940 1317 1221 
5559 1221 941 940 1060 
5560 1221 1060 940 1317 
5561 145 1385 332 365 
5562 1385 857 1175 1176 
5563 332 1175 146 366 
5564 365 1176 366 148 
5565 1385 332 365 1176 
5566 1385 1176 1175 332 
5567 332 365 1176 366 
5568 332 366 1176 1175 
5569 145 332 1385 1337 
5570 332 146 1175 1274 
5571 1385 1175 857 1332 
5572 1337 1274 1332 854 
5573 332 1385 1337 1274 
5574 332 1274 1175 1385 
5575 1385 1337 1274 1332 
5576 1385 1332 1274 1175 
5577 127 1368 292 934 
5578 1368 862 1310 901 
5579 292 1310 166 932 
5580 934 901 932 858 
5581 1368 292 934 901 
5582 1368 901 1310 292 
5583 292 934 901 932 
5584 292 932 901 1310 
5585 127 292 1368 521 
5586 292 166 1310 516 
5587 1368 1310 862 1203 
5588 521 516 1203 181 
5589 292 1368 521 516 
5590 292 516 1310 1368 
5591 1368 521 516 1203 
5592 1368 1203 516 1310 
5593 720 731 1378 739 
5594 731 712 1420 738 
5595 1378 1420 100 1295 
5596 739 738 1295 713 
5597 731 1378 739 738 
5598 731 738 1420 1378 
5599 1378 739 738 1295 
5600 1378 1295 738 1420 
5601 720 1378 731 1046 
5602 1378 100 1420 1262 
5603 731 1420 712 1209 
5604 1046 1262 1209 843 
5605 1378 731 1046 1262 
5606 1378 1262 1420 731 
5607 731 1046 1262 1209 
5608 731 1209 1262 1420 
5609 149 385 876 875 
5610 385 100 1420 1295 
5611 876 1420 712 738 
5612 875 1295 738 713 
5613 385 876 875 1295 
5614 385 1295 1420 876 
5615 876 875 1295 738 
5616 876 738 1295 1420 
5617 149 876 385 1381 
5618 876 712 1420 1209 
5619 385 1420 100 1262 
5620 1381 1209 1262 843 
5621 876 385 1381 1209 
5622 876 1209 1420 385 
5623 385 1381 1209 1262 
5624 385 1262 1209 1420 
5625 692 1000 770 831 
5626 1000 152 416 1116 
5627 770 416 60 832 
5628 831 1116 832 719 
5629 1000 770 831 1116 
5630 1000 1116 416 770 
5631 770 831 1116 832 
5632 770 832 1116 416 
5633 692 770 1000 992 
5634 770 60 416 478 
5635 1000 416 152 233 
5636 992 478 233 178 
5637 770 1000 992 478 
5638 770 478 416 1000 
5639 1000 992 478 233 
5640 1000 233 478 416 
5641 695 874 763 897 
5642 874 149 374 314 
5643 763 374 84 376 
5644 897 314 376 98 
5645 874 763 897 314 
5646 874 314 374 763 
5647 763 897 314 376 
5648 763 376 314 374 
5649 84 374 763 805 
5650 374 149 874 875 
5651 763 874 695 806 
5652 805 875 806 713 
5653 374 763 805 875 
5654 374 875 874 763 
5655 763 805 875 806 
5656 763 806 875 874 
5657 540 1410 1282 594 
5658 1410 177 1406 1135 
5659 1282 1406 845 1411 
5660 594 1135 1411 567 
5661 1410 1282 594 1135 
5662 1410 1135 1406 1282 
5663 1282 594 1135 1411 
5664 1282 1411 1135 1406 
5665 540 1282 1410 1002 
5666 1282 845 1406 1190 
5667 1410 1406 177 229 
5668 1002 1190 229 96 
5669 1282 1410 1002 1190 
5670 1282 1190 1406 1410 
5671 1410 1002 1190 229 
5672 1410 229 1190 1406 
5673 560 1281 1418 653 
5674 1281 172 1419 1374 
5675 1418 1419 845 1038 
5676 653 1374 1038 542 
5677 1281 1418 653 1374 
5678 1281 1374 1419 1418 
5679 1418 653 1374 1038 
5680 1418 1038 1374 1419 
5681 560 1418 1281 1280 
5682 1418 845 1419 1362 
5683 1281 1419 172 321 
5684 1280 1362 321 92 
5685 1418 1281 1280 1362 
5686 1418 1362 1419 1281 
5687 1281 1280 1362 321 
5688 1281 321 1362 1419 
5689 868 984 1409 985 
5690 984 173 324 237 
5691 1409 324 99 245 
5692 985 237 245 141 
5693 984 1409 985 237 
5694 984 237 324 1409 
5695 1409 985 237 245 
5696 1409 245 237 324 
5697 868 1409 984 1185 
5698 1409 99 324 1408 
5699 984 324 173 1200 
5700 1185 1408 1200 711 
5701 1409 984 1185 1408 
5702 1409 1408 324 984 
5703 984 1185 1408 1200 
5704 984 1200 1408 324 
5705 148 1401 365 1176 
5706 1401 852 1340 1307 
5707 365 1340 145 1385 
5708 1176 1307 1385 857 
5709 1401 365 1176 1307 
5710 1401 1307 1340 365 
5711 365 1176 1307 1385 
5712 365 1385 1307 1340 
5713 145 1340 365 452 
5714 1340 852 1401 962 
5715 365 1401 148 304 
5716 452 962 304 168 
5717 1340 365 452 962 
5718 1340 962 1401 365 
5719 365 452 962 304 
5720 365 304 962 1401 
5721 138 195 1299 194 
5722 195 105 1070 193 
5723 1299 1070 866 981 
5724 194 193 981 160 
5725 195 1299 194 193 
5726 195 193 1070 1299 
5727 1299 194 193 981 
5728 1299 981 193 1070 
5729 138 1299 195 198 
5730 1299 866 1070 1072 
5731 195 1070 105 199 
5732 198 1072 199 170 
5733 1299 195 198 1072 
5734 1299 1072 1070 195 
5735 195 198 1072 199 
5736 195 199 1072 1070 
5737 102 1064 379 377 
5738 1064 543 621 1053 
5739 379 621 16 378 
5740 377 1053 378 150 
5741 1064 379 377 1053 
5742 1064 1053 621 379 
5743 379 377 1053 378 
5744 379 378 1053 621 
5745 102 379 1064 938 
5746 379 16 621 664 
5747 1064 621 543 641 
5748 938 664 641 562 
5749 379 1064 938 664 
5750 379 664 621 1064 
5751 1064 938 664 641 
5752 1064 641 664 621 
5753 179 1343 1341 1342 
5754 1343 843 1046 1045 
5755 1341 1046 720 748 
5756 1342 1045 748 693 
5757 1343 1341 1342 1045 
5758 1343 1045 1046 1341 
5759 1341 1342 1045 748 
5760 1341 748 1045 1046 
5761 179 1341 1343 525 
5762 1341 720 1046 1415 
5763 1343 1046 843 948 
5764 525 1415 948 187 
5765 1341 1343 525 1415 
5766 1341 1415 1046 1343 
5767 1343 525 1415 948 
5768 1343 948 1415 1046 
5769 186 1148 458 1396 
5770 1148 855 918 1248 
5771 458 918 94 1249 
5772 1396 1248 1249 697 
5773 1148 458 1396 1248 
5774 1148 1248 918 458 
5775 458 1396 1248 1249 
5776 458 1249 1248 918 
5777 186 458 1148 282 
5778 458 94 918 231 
5779 1148 918 855 1147 
5780 282 231 1147 123 
5781 458 1148 282 231 
5782 458 231 918 1148 
5783 1148 282 231 1147 
5784 1148 1147 231 918 
5785 862 1310 1095 1203 
5786 1310 166 506 516 
5787 1095 506 165 515 
5788 1203 516 515 181 
5789 1310 1095 1203 516 
5790 1310 516 506 1095 
5791 1095 1203 516 515 
5792 1095 515 516 506 
5793 862 1095 1310 1096 
5794 1095 165 506 1097 
5795 1310 506 166 1231 
5796 1096 1097 1231 856 
5797 1095 1310 1096 1097 
5798 1095 1097 506 1310 
5799 1310 1096 1097 1231 
5800 1310 1231 1097 506 
$EndElements
