$MeshFormat
4.1 0 8
$EndMeshFormat
$PhysicalNames
2
3 1 "Resonator"
3 2 "Sample"
$EndPhysicalNames
$Entities
10 15 7 1
9 0.01135 0.02159 0.0254 0 
10 0.01135 0.02159 0 0 
11 0 0 0.0254 0 
12 0 0 0 0 
13 0 0.04318 0.0254 0 
14 0 0.04318 0 0 
15 0.0127 0 0 0 
16 0.0127 0 0.0254 0 
17 0.0127 0.04318 0.0254 0 
18 0.0127 0.04318 0 0 
13 0.001349899999999999 0.0165899 0.0253999 0.0113501 0.0265901 0.0254001 0 2 9 -9 
14 0.0113499 0.0215899 -9.999999999940612e-08 0.0113501 0.0215901 0.0254001 0 2 10 -9 
15 0.001349899999999999 0.0165899 -1e-07 0.0113501 0.0265901 1e-07 0 2 10 -10 
16 -1e-07 -1e-07 -9.999999999940612e-08 1e-07 1e-07 0.0254001 0 2 12 -11 
17 -1e-07 -9.999999999940612e-08 0.0253999 1e-07 0.04318010000000001 0.0254001 0 2 11 -13 
18 -1e-07 0.0431799 -9.999999999940612e-08 1e-07 0.04318010000000001 0.0254001 0 2 14 -13 
19 -1e-07 -9.999999999940612e-08 -1e-07 1e-07 0.04318010000000001 1e-07 0 2 12 -14 
20 -1.000000000002735e-07 -1e-07 -1e-07 0.0127001 1e-07 1e-07 0 2 12 -15 
21 0.0126999 -1e-07 -9.999999999940612e-08 0.0127001 1e-07 0.0254001 0 2 15 -16 
22 -1.000000000002735e-07 -1e-07 0.0253999 0.0127001 1e-07 0.0254001 0 2 11 -16 
23 -1.000000000002735e-07 0.0431799 0.0253999 0.0127001 0.04318010000000001 0.0254001 0 2 13 -17 
24 0.0126999 -9.999999999940612e-08 0.0253999 0.0127001 0.04318010000000001 0.0254001 0 2 16 -17 
25 -1.000000000002735e-07 0.0431799 -1e-07 0.0127001 0.04318010000000001 1e-07 0 2 14 -18 
26 0.0126999 0.0431799 -9.999999999940612e-08 0.0127001 0.04318010000000001 0.0254001 0 2 18 -17 
27 0.0126999 -9.999999999940612e-08 -1e-07 0.0127001 0.04318010000000001 1e-07 0 2 15 -18 
7 0.001349899999999999 0.0165899 -9.999999999940612e-08 0.0113501 0.0265901 0.0254001 0 4 -13 -14 15 14 
8 -1e-07 -9.999999999940612e-08 -9.999999999940612e-08 1e-07 0.04318010000000001 0.0254001 0 4 -16 19 18 -17 
9 -1.000000000002735e-07 -1e-07 -9.999999999940612e-08 0.0127001 1e-07 0.0254001 0 4 -20 16 22 -21 
10 -1.000000000002735e-07 -9.999999999940612e-08 0.0253999 0.0127001 0.04318010000000001 0.0254001 0 5 -17 22 24 -23 -13 
11 -1.000000000002735e-07 0.0431799 -9.999999999940612e-08 0.0127001 0.04318010000000001 0.0254001 0 4 -25 18 23 -26 
12 -1.000000000002735e-07 -9.999999999940612e-08 -1e-07 0.0127001 0.04318010000000001 1e-07 0 5 -19 20 27 -25 -15 
13 0.0126999 -9.999999999940612e-08 -9.999999999940612e-08 0.0127001 0.04318010000000001 0.0254001 0 4 -21 27 26 -24 
1 -1.000000000002735e-07 -9.999999999940612e-08 -9.999999999940612e-08 0.0127001 0.04318010000000001 0.0254001 1 1 7 -8 -9 10 11 -12 13 -7 
$EndEntities
$Nodes
33 2152 1 2152
0 9 0 1
1
0.01135 0.02159 0.0254
0 10 0 1
2
0.01135 0.02159 0
0 11 0 1
3
0 0 0.0254
0 12 0 1
4
0 0 0
0 13 0 1
5
0 0.04318 0.0254
0 14 0 1
6
0 0.04318 0
0 15 0 1
7
0.0127 0 0
0 16 0 1
8
0.0127 0 0.0254
0 17 0 1
9
0.0127 0.04318 0.0254
0 18 0 1
10
0.0127 0.04318 0
1 13 0 13
11
12
13
14
15
16
17
18
19
20
21
22
23
0.0108548443395121 0.02375941869558779 0.0254
0.009467449009293669 0.02549915741234015 0.0254
0.007462604669781574 0.02646463956090912 0.0254
0.00523739533021843 0.02646463956090912 0.0254
0.003232550990706339 0.02549915741234016 0.0254
0.001845155660487911 0.02375941869558781 0.0254
0.00135 0.02159000000000003 0.0254
0.001845155660487887 0.01942058130441224 0.0254
0.0032325509907063 0.01768084258765988 0.0254
0.005237395330218384 0.01671536043909089 0.0254
0.00746260466978154 0.01671536043909088 0.0254
0.009467449009293652 0.01768084258765984 0.0254
0.01085484433951209 0.0194205813044122 0.0254
1 14 0 9
24
25
26
27
28
29
30
31
32
0.01135 0.02159 0.002540000000000001
0.01135 0.02159 0.005080000000000001
0.01135 0.02159 0.007620000000000004
0.01135 0.02159 0.01016000000000001
0.01135 0.02159 0.01270000000000001
0.01135 0.02159 0.01524000000000001
0.01135 0.02159 0.01778000000000001
0.01135 0.02159 0.02032000000000002
0.01135 0.02159 0.02286000000000001
1 15 0 13
33
34
35
36
37
38
39
40
41
42
43
44
45
0.0108548443395121 0.02375941869558779 0
0.009467449009293669 0.02549915741234015 0
0.007462604669781574 0.02646463956090912 0
0.00523739533021843 0.02646463956090912 0
0.003232550990706339 0.02549915741234016 0
0.001845155660487911 0.02375941869558781 0
0.00135 0.02159000000000003 0
0.001845155660487887 0.01942058130441224 0
0.0032325509907063 0.01768084258765988 0
0.005237395330218384 0.01671536043909089 0
0.00746260466978154 0.01671536043909088 0
0.009467449009293652 0.01768084258765984 0
0.01085484433951209 0.0194205813044122 0
1 16 0 9
46
47
48
49
50
51
52
53
54
0 0 0.002540000000000001
0 0 0.005080000000000001
0 0 0.007620000000000004
0 0 0.01016000000000001
0 0 0.01270000000000001
0 0 0.01524000000000001
0 0 0.01778000000000001
0 0 0.02032000000000002
0 0 0.02286000000000001
1 17 0 17
55
56
57
58
59
60
61
62
63
64
65
66
67
68
69
70
71
0 0.002398888888888884 0.0254
0 0.004797777777777767 0.0254
0 0.00719666666666665 0.0254
0 0.009595555555555533 0.0254
0 0.01199444444444442 0.0254
0 0.01439333333333331 0.0254
0 0.0167922222222222 0.0254
0 0.01919111111111109 0.0254
0 0.02158999999999998 0.0254
0 0.02398888888888887 0.0254
0 0.02638777777777776 0.0254
0 0.02878666666666665 0.0254
0 0.03118555555555555 0.0254
0 0.03358444444444444 0.0254
0 0.03598333333333333 0.0254
0 0.03838222222222222 0.0254
0 0.04078111111111112 0.0254
1 18 0 9
72
73
74
75
76
77
78
79
80
0 0.04318 0.002540000000000001
0 0.04318 0.005080000000000001
0 0.04318 0.007620000000000004
0 0.04318 0.01016000000000001
0 0.04318 0.01270000000000001
0 0.04318 0.01524000000000001
0 0.04318 0.01778000000000001
0 0.04318 0.02032000000000002
0 0.04318 0.02286000000000001
1 19 0 17
81
82
83
84
85
86
87
88
89
90
91
92
93
94
95
96
97
0 0.002398888888888884 0
0 0.004797777777777767 0
0 0.00719666666666665 0
0 0.009595555555555533 0
0 0.01199444444444442 0
0 0.01439333333333331 0
0 0.0167922222222222 0
0 0.01919111111111109 0
0 0.02158999999999998 0
0 0.02398888888888887 0
0 0.02638777777777776 0
0 0.02878666666666665 0
0 0.03118555555555555 0
0 0.03358444444444444 0
0 0.03598333333333333 0
0 0.03838222222222222 0
0 0.04078111111111112 0
1 20 0 5
98
99
100
101
102
0.002116666666666667 0 0
0.004233333333333335 0 0
0.006350000000000003 0 0
0.008466666666666673 0 0
0.01058333333333334 0 0
1 21 0 9
103
104
105
106
107
108
109
110
111
0.0127 0 0.002540000000000001
0.0127 0 0.005080000000000001
0.0127 0 0.007620000000000004
0.0127 0 0.01016000000000001
0.0127 0 0.01270000000000001
0.0127 0 0.01524000000000001
0.0127 0 0.01778000000000001
0.0127 0 0.02032000000000002
0.0127 0 0.02286000000000001
1 22 0 5
112
113
114
115
116
0.002116666666666667 0 0.0254
0.004233333333333335 0 0.0254
0.006350000000000003 0 0.0254
0.008466666666666673 0 0.0254
0.01058333333333334 0 0.0254
1 23 0 5
117
118
119
120
121
0.002116666666666667 0.04318 0.0254
0.004233333333333335 0.04318 0.0254
0.006350000000000003 0.04318 0.0254
0.008466666666666673 0.04318 0.0254
0.01058333333333334 0.04318 0.0254
1 24 0 17
122
123
124
125
126
127
128
129
130
131
132
133
134
135
136
137
138
0.0127 0.002398888888888884 0.0254
0.0127 0.004797777777777767 0.0254
0.0127 0.00719666666666665 0.0254
0.0127 0.009595555555555533 0.0254
0.0127 0.01199444444444442 0.0254
0.0127 0.01439333333333331 0.0254
0.0127 0.0167922222222222 0.0254
0.0127 0.01919111111111109 0.0254
0.0127 0.02158999999999998 0.0254
0.0127 0.02398888888888887 0.0254
0.0127 0.02638777777777776 0.0254
0.0127 0.02878666666666665 0.0254
0.0127 0.03118555555555555 0.0254
0.0127 0.03358444444444444 0.0254
0.0127 0.03598333333333333 0.0254
0.0127 0.03838222222222222 0.0254
0.0127 0.04078111111111112 0.0254
1 25 0 5
139
140
141
142
143
0.002116666666666667 0.04318 0
0.004233333333333335 0.04318 0
0.006350000000000003 0.04318 0
0.008466666666666673 0.04318 0
0.01058333333333334 0.04318 0
1 26 0 9
144
145
146
147
148
149
150
151
152
0.0127 0.04318 0.002540000000000001
0.0127 0.04318 0.005080000000000001
0.0127 0.04318 0.007620000000000004
0.0127 0.04318 0.01016000000000001
0.0127 0.04318 0.01270000000000001
0.0127 0.04318 0.01524000000000001
0.0127 0.04318 0.01778000000000001
0.0127 0.04318 0.02032000000000002
0.0127 0.04318 0.02286000000000001
1 27 0 17
153
154
155
156
157
158
159
160
161
162
163
164
165
166
167
168
169
0.0127 0.002398888888888884 0
0.0127 0.004797777777777767 0
0.0127 0.00719666666666665 0
0.0127 0.009595555555555533 0
0.0127 0.01199444444444442 0
0.0127 0.01439333333333331 0
0.0127 0.0167922222222222 0
0.0127 0.01919111111111109 0
0.0127 0.02158999999999998 0
0.0127 0.02398888888888887 0
0.0127 0.02638777777777776 0
0.0127 0.02878666666666665 0
0.0127 0.03118555555555555 0
0.0127 0.03358444444444444 0
0.0127 0.03598333333333333 0
0.0127 0.03838222222222222 0
0.0127 0.04078111111111112 0
2 7 0 165
170
171
172
173
174
175
176
177
178
179
180
181
182
183
184
185
186
187
188
189
190
191
192
193
194
195
196
197
198
199
200
201
202
203
204
205
206
207
208
209
210
211
212
213
214
215
216
217
218
219
220
221
222
223
224
225
226
227
228
229
230
231
232
233
234
235
236
237
238
239
240
241
242
243
244
245
246
247
248
249
250
251
252
253
254
255
256
257
258
259
260
261
262
263
264
265
266
267
268
269
270
271
272
273
274
275
276
277
278
279
280
281
282
283
284
285
286
287
288
289
290
291
292
293
294
295
296
297
298
299
300
301
302
303
304
305
306
307
308
309
310
311
312
313
314
315
316
317
318
319
320
321
322
323
324
325
326
327
328
329
330
331
332
333
334
0.001352790831796721 0.02142296548492871 0.0214117431053637
0.001352728343370861 0.02142484555757997 0.003445781287693785
0.009417764553271091 0.01764173194353608 0.01244995611501969
0.009414520000000265 0.02554078690511123 0.01270000000000001
0.007394137760210254 0.02647976240094579 0.003838205304540588
0.007236622796516858 0.02651076213778888 0.02140141530435223
0.00746260466978154 0.01671536043909088 0.003724775604272847
0.007483363129436297 0.01672014496962853 0.02159334646688363
0.009557085807926037 0.01775403850115784 0.007907237787947091
0.005396547724016401 0.01668174891051592 0.010747321302972
0.005297961556249712 0.01670193135145675 0.0149321355095192
0.002090775259251896 0.01897102985740592 0.01242390735138801
0.001997234061486821 0.01912962834422938 0.01701795109223215
0.001533672711223909 0.0229327551703087 0.01457650657391332
0.001515266154425544 0.02286489161988651 0.01089794933813898
0.009195920538130935 0.01747894949062353 0.01733833851256295
0.009557085807925565 0.02542596149884256 0.007907237787946777
0.004874127284669219 0.02636721673447439 0.007888458724210592
0.003953740876395423 0.02597838719947794 0.01218752627421746
0.004107357381585708 0.02605884258909082 0.01680736995963494
0.003292449803366855 0.02554618336216468 0.003722327808806005
0.00955708580792557 0.02542596149884255 0.01749276221205322
0.003120097882642255 0.02540676987939907 0.0211493835395796
0.003232550990706467 0.01768084258765975 0.02167522439572762
0.003174196978910463 0.01772809953892665 0.003866068076078146
0.002152778431280431 0.018872771429733 0.007929413761236501
0.001667406693426919 0.02334308868150958 0.0183742889426478
0.005237395330218184 0.01671536043909094 0.01871794474955749
0.00178217478873534 0.02362346326235194 0.00687382498430732
0.005237395330218245 0.01671536043909093 0.006510752551631319
0.01014377399197835 0.01833311822477563 0.02176055232355984
0.01033158366382058 0.01856560063351464 0.003500516831154456
0.01030713178156609 0.02464632263730772 0.003632248740308301
0.0103275124467612 0.02461975159639528 0.02189243232061134
0.006953859839828895 0.0265534013835113 0.01054806210618295
0.006608917038811375 0.02658329169656782 0.01440187969738729
0.008467501036855965 0.02611948003184846 0.01944708875820272
0.00692677750046888 0.02655662135812193 0.01715006608584408
0.005635328565725093 0.02653866090382353 0.01910439263199358
0.003594371908994657 0.02576211143476085 0.01897837674960727
0.005054840079173119 0.02641934372140602 0.02127539942196591
0.002545295953202343 0.01834589347951065 0.01934658774397989
0.001882026155070942 0.01934562709849057 0.02154348375054566
0.001536440253379822 0.0202373571921169 0.01921484709879792
0.002413595738352956 0.02467297283297907 0.01154273780617822
0.004404197248859583 0.02619584972113229 0.01003799249921402
0.002741328624867136 0.02505085118233892 0.009393204031174784
0.004115248701789771 0.02606279405239585 0.0232746917697898
0.002395886045051789 0.0246502259444825 0.0232746917697898
0.001365144988471978 0.02120112918077597 0.00740161937277191
0.001442735030999231 0.02254851474898297 0.005159803136000552
0.001578946970924313 0.02009432189500959 0.005687597524465142
0.003031323014222457 0.02532983730449207 0.007381141854258956
0.001633445437766569 0.02324955206651524 0.008885887161223148
0.002619324279050376 0.01826102738594668 0.005897740918657323
0.001864883479384415 0.0193800837580349 0.003655924681885966
0.01077886005032077 0.01926939692005017 0.01882916925628148
0.01077886005032077 0.01926939692005017 0.01628916925628148
0.001415796694482116 0.02239847865761342 0.01989301602400575
0.001365249136075125 0.02119979643184587 0.01769612001743998
0.006234679686153894 0.02658866994561698 0.02340070765217611
0.008177059722625085 0.02624422955707614 0.01594732095472026
0.005324059694535745 0.02648361282588068 0.01560462482851111
0.006126918401411942 0.02658502098097409 0.00586333201437559
0.007335274097723058 0.02649196235729693 0.007897848256078685
0.008539942817035816 0.02608490271953835 0.005872721546243682
0.003462166701283262 0.01750828236659825 0.0136780214304536
0.00350338758633369 0.01747942853530548 0.01158561432718001
0.005347203864454361 0.01669159210451654 0.0128397284062456
0.001779549870132953 0.02361755656157807 0.02128056332247165
0.001457453769531526 0.02262101473448673 0.02340587155268185
0.007462022583120115 0.01671522761817222 0.01369104581226944
0.0075110215146128 0.01672666482312743 0.01159863870899585
0.003387500080200353 0.01756214769074298 0.01597504330087567
0.002043274534530151 0.01904989847347129 0.01472092922181008
0.01084103678265695 0.01939213999153215 0.01384497805750985
0.01084103678265695 0.01939213999153215 0.01130497805750985
0.01084013362830113 0.02378970452561232 0.01143000000000001
0.01084013362830113 0.02378970452561232 0.01397000000000001
0.009307962537256296 0.01755881436445947 0.01489414731379132
0.001412560323952646 0.02080152714352782 0.009413681549687738
0.01103875622952888 0.01985346177120855 0.02104027616177993
0.009697205837693812 0.01787567461305442 0.0195494454180614
0.007597865083101371 0.01674822008612779 0.009327279545459546
0.009487927652858674 0.01769726188327228 0.01017859695148339
0.01087964838809967 0.02370714087395857 0.01636638110602662
0.01087964838809967 0.02370714087395857 0.01890638110602662
0.01087964838809967 0.02370714087395858 0.006493618893973389
0.01087964838809967 0.02370714087395858 0.009033618893973392
0.01087964838809979 0.0194728591260417 0.009033618893973548
0.01087964838809979 0.0194728591260417 0.006493618893973546
0.003362569439978715 0.01758060370516322 0.01786794792089482
0.004180581304412173 0.01708515566048792 0.02019658457264255
0.001386733830783247 0.0209850298077521 0.01579722883307273
0.001398714507941008 0.02089374431698825 0.01350020696265066
0.001524350134944322 0.02289885575213165 0.01273722795602615
0.001403732665052913 0.0208589463417536 0.01166092834476349
0.002121491430080867 0.01892172054047548 0.01017666055631226
0.001494627633490172 0.02039611592584005 0.02340587155268185
0.001494403136568857 0.02039702929632047 0.001722890643846892
0.001457647801393722 0.02262193505841808 0.001722890643846892
0.009486328437996161 0.02548402669854953 0.01030361889397339
0.009486328437996162 0.02548402669854953 0.01509638110602662
0.003551338680090708 0.01744663243044458 0.009338367532104251
0.00248990030243754 0.02476799155519303 0.01569193826677413
0.004030200308117991 0.02601928091111234 0.0144974481169262
0.002435371115509167 0.02470057562144213 0.01338201642406539
0.005240337950005293 0.02646531026036308 0.003780266556673297
0.004046414799862737 0.02602773537130242 0.005805393266508299
0.00244084258765989 0.01847255099070629 0.02353761219786381
0.002417544075122444 0.01850199248723462 0.001933034038039073
0.00414681588334866 0.01710157268654875 0.001933034038039073
0.004180581304412264 0.01708515566048788 0.02353761219786381
0.007327467410854923 0.0166864749964218 0.01613523701104107
0.001826019993764044 0.02371922636259683 0.003584054548249895
0.002464696308715146 0.02473712809184633 0.001861163904403003
0.004214950035778178 0.02611123452723661 0.001861163904403003
0.006360651354135749 0.01659001134514736 0.02349667323344182
0.008529010311590153 0.01708978733147157 0.02349667323344182
0.008519418695587765 0.01708515566048789 0.001862387802136423
0.006349999999999959 0.01659 0.001862387802136423
0.006314941413330607 0.02658987708803934 0.001919102652270294
0.008487778670944935 0.02610994495033434 0.001919102652270294
0.008414941594006776 0.02614368161088814 0.02340070765217611
0.008942217339221483 0.01731444047331352 0.02167694939522174
0.008375492705988457 0.01701863485400832 0.01946584248972329
0.005200823346785162 0.01672385234300212 0.003795421840175496
0.005247782157200793 0.01671300135052151 0.02163428543130563
0.007518942187905506 0.01672856254166171 0.007208995169789205
0.006349999999999888 0.01659 0.005117764077952083
0.008571405970315684 0.01711056303593344 0.005816006696109969
0.01108856087431104 0.01999436820022646 0.004290258415577229
0.01108856087431104 0.01999436820022646 0.001750258415577228
0.01108748679332228 0.02318881796434022 0.02110621616030568
0.01108748679332228 0.02318881796434022 0.02364621616030567
0.009953257221736915 0.02505648776054391 0.005769743264127538
0.009013371847695559 0.02582160139910445 0.003735227022424444
0.01103875622952888 0.01985346177120855 0.02358027616177992
0.01108210623865475 0.02320467351067786 0.00181612437015415
0.01108210623865475 0.02320467351067786 0.004356124370154151
0.005316834834356286 0.01669790742723521 0.00862903692730166
0.009059895918447296 0.01738804044389018 0.003612646217713651
0.009967167464629518 0.01813802961588231 0.005703877309550773
0.008959393249999004 0.02585509869368338 0.02164692381248178
0.00996484531093836 0.025044402029004 0.01969259726633228
0.001596110380247478 0.02313936550988114 0.01647539775828056
0.005267657615475046 0.01670855196046697 0.01682504012953834
0.009926977134874091 0.01809640091358669 0.001750258415577228
0.009924626996345979 0.02508600369522038 0.02364621616030567
0.006360651354135646 0.01659001134514736 0.02015564560822056
0.007297028529017383 0.01668050542670356 0.01802814163106022
0.009820967692160426 0.01799105803325776 0.02358027616177992
0.009912899820367763 0.02509795451367651 0.00181612437015415
0.002417977533965615 0.02467855942578428 0.005298076396556663
0.002630651538801505 0.02493162341148436 0.01759082945114137
0.00226140721273661 0.02446809121119151 0.0197618362411137
0.004146815883348596 0.01710157268654878 0.005188410313854732
0.003484311737748665 0.01749270445493678 0.00722008315643391
0.008091554620960466 0.02627689529456454 0.01355093984869365
0.005904166180461245 0.02657008355405364 0.009218260415196772
0.008337110177096409 0.02617817972011558 0.009227649947064865
0.008252787345654424 0.02621378636154585 0.01162403105309148
0.005408812385291976 0.02650061766725126 0.01136779419020021
0.005239353719896867 0.02646508613672549 0.01329470298580237
0.006781647244034658 0.02657133322080719 0.01247497090178512
2 8 0 205
335
336
337
338
339
340
341
342
343
344
345
346
347
348
349
350
351
352
353
354
355
356
357
358
359
360
361
362
363
364
365
366
367
368
369
370
371
372
373
374
375
376
377
378
379
380
381
382
383
384
385
386
387
388
389
390
391
392
393
394
395
396
397
398
399
400
401
402
403
404
405
406
407
408
409
410
411
412
413
414
415
416
417
418
419
420
421
422
423
424
425
426
427
428
429
430
431
432
433
434
435
436
437
438
439
440
441
442
443
444
445
446
447
448
449
450
451
452
453
454
455
456
457
458
459
460
461
462
463
464
465
466
467
468
469
470
471
472
473
474
475
476
477
478
479
480
481
482
483
484
485
486
487
488
489
490
491
492
493
494
495
496
497
498
499
500
501
502
503
504
505
506
507
508
509
510
511
512
513
514
515
516
517
518
519
520
521
522
523
524
525
526
527
528
529
530
531
532
533
534
535
536
537
538
539
0 0.01711317063310729 0.02067193451729498
0 0.02628123234985176 0.004609138468954365
0 0.01199444444444442 0.004154997437268002
0 0.03123964230196884 0.0212783731368741
0 0.004345443153021835 0.01263119334324694
0 0.03883518030653263 0.01276986567419172
0 0.007276775179501834 0.02174784243963045
0 0.03590513986310696 0.003654474816745896
0 0.03838056869738509 0.01790348319830652
0 0.03423362215142692 0.01491133817945978
0 0.03434531868883326 0.01051637866377298
0 0.03013850673083404 0.01266278032859885
0 0.03026666848635906 0.008103220684335766
0 0.02608274409447468 0.01021984757913854
0 0.02600187042479171 0.01505612776776385
0 0.02188444638965498 0.01273989010173222
0 0.02186657043450179 0.007977968139126592
0 0.01765835267343972 0.01039543856259209
0 0.02173178911779626 0.0175844791044232
0 0.01735109862079918 0.005107817892437842
0 0.0261831118836928 0.02052446623548579
0 0.004799520368265535 0.007496668089899008
0 0.009044146914650233 0.01047902851038239
0 0.008858080071764023 0.01488615556895565
0 0.01306154436087996 0.01266784483533095
0 0.01305829301967352 0.0172943705799809
0 0.01741793269909195 0.01522565961689239
0 0.03839626904852571 0.007505905178184212
0 0.004789077739819056 0.01789593715953996
0 0.007393638997509889 0.003673008886786182
0 0.03579539030450074 0.02173257809027175
0 0.01345710507735725 0.008250288742465171
0 0.03129773218091635 0.003760341373705504
0 0.02173578028103054 0.00353898490010376
0 0.0118817745245647 0.02158502596967403
0 0.03001648405964523 0.01711698014255582
0 0.0216268673763709 0.02189931615603818
0 0.03968546500025066 0.02191023472599582
0 0.003495199603806264 0.003490183514912592
0 0.003415538229144085 0.02200824500563308
0 0.03976520277401443 0.003392179442744538
0 0.03404222565354827 0.006708064143348872
0 0.009172800107064626 0.0186818663435562
0 0.03393314150298536 0.0185885505494936
0 0.009623709988021962 0.006758447329339581
0 0.01319388888888887 0.002077498718634001
0 0.0146727715326218 0.004631407664852922
0 0.01587221597706625 0.002553908946218921
0 0.01827110486595514 0.002553908946218921
0 0.01942247987545178 0.01912820681085909
0 0.01957486090844411 0.0164050693606578
0 0.01726555166609962 0.01794879706709368
0 0.02618198822216322 0.007414493024046452
0 0.02407390139217678 0.006293553304040479
0 0.02397465726448824 0.009098907859132567
0 0.02748488927517973 0.02296223311774289
0 0.02508600038629084 0.02296223311774289
0 0.0150857318263904 0.01898315254863794
0 0.01523811285938273 0.01626001509843664
0 0.02827395041810541 0.006356179576645065
0 0.02817470629041687 0.009161534131737153
0 0.03001315448431775 0.02333918656843705
0 0.02871137709283082 0.02090141968617994
0 0.01937001900473909 0.02128562533666658
0 0.02167932824708358 0.0197418976302307
0 0.02400850631544115 0.004074061684529062
0 0.02180117535776616 0.005758476519615176
0 0.01305991869027674 0.01498110770765593
0 0.01523973852998596 0.01394675222611167
0 0.01272577476090084 0.006202643089866586
0 0.01540410184907822 0.006679053317451507
0 0.01535994851715984 0.01153164169896152
0 0.01753814268626584 0.01281054908974224
0 0.02390498963003185 0.02121189119576199
0 0.02280787813262988 0.02364965807801909
0 0.01954343945091486 0.004323401396270801
0 0.02046344569607082 0.00176949245005188
0 0.0110528456377651 0.01157343667285667
0 0.01325932471911861 0.01045906678889806
0 0.01125062599600374 0.009364658626423781
0 0.0307822003336377 0.005931781029020635
0 0.02878948226538405 0.004184739921329934
0 0.03860787450195886 0.01533667443624912
0 0.03653440122897977 0.01384060192682575
0 0.03630709542440601 0.01640741068888315
0 0.01247003377211911 0.01943969827482746
0 0.014497472578836 0.0211284802434845
0 0.004572481760643685 0.01006393071657297
0 0.006694795033836035 0.01155511092681466
0 0.006921833641457884 0.0089878483001407
0 0.002172721576510917 0.01139559667162347
0 0.002399760184132768 0.008828334044949506
0 0.04100759015326631 0.01400493283709587
0 0.04078028434869255 0.01657174159915326
0 0.03062806318080703 0.01919767663971496
0 0.02809979797166902 0.0188207231890208
0 0.03428947042013009 0.01271385842161638
0 0.03224191270983365 0.01158957949618591
0 0.03218606444113048 0.01378705925402932
0 0.03659024949768294 0.01164312216898235
0 0.006601761612392929 0.01375867445610129
0 0.008951113493207128 0.01268259203966902
0 0.01095981221632199 0.0137770002021433
0 0.04078028434869255 0.01911174159915327
0 0.002399760184132768 0.006288334044949505
0 0.03230599358759616 0.009309799674054372
0 0.03020258760859655 0.01038300050646731
0 0.01095818654571877 0.01609026307446827
0 0.002172721576510917 0.01393559667162347
0 0.04100759015326631 0.01146493283709587
0 0.02811062541265436 0.0114413139538687
0 0.0260423072596332 0.01263798767345119
0 0.02807018857781288 0.01385945404818135
0 0.02398359524206483 0.01147986884043538
0 0.02394315840722334 0.01389800893474803
0 0.03861572467752918 0.01013788542618797
0 0.03637079386867949 0.009011141920978596
0 0.004567260446420446 0.01526356525139345
0 0.006823578905791539 0.0163910463642478
0 0.02180811775372562 0.01516218460307771
0 0.02386682977129399 0.01632030343609353
0 0.02187550841207839 0.01035892912042941
0 0.02395745050074453 0.01905447266995449
0 0.02609249115424226 0.01779029700162482
0 0.01079499999999998 0.002077498718634001
0 0.02513506061937032 0.002304569234477182
0 0.02753394950825921 0.002304569234477182
0 0.01815214087210919 0.02303596725864749
0 0.0157532519832203 0.02303596725864749
0 0.03241204337320663 0.02333918656843705
0 0.01976246155397076 0.009186703350859343
0 0.01960883452765048 0.006542893015782217
0 0.01750472564711945 0.007751628227514967
0 0.01977139953154735 0.01156766433216215
0 0.01965118954437347 0.0139827748593123
0 0.0347447921537757 0.001827237408372948
0 0.03714368104266459 0.001827237408372948
0 0.008436165367528684 0.02357392121981523
0 0.006037276478639801 0.02357392121981523
0 0.006980938923441841 0.01828890175154808
0 0.009015440089414324 0.01678401095625592
0 0.03621924735103699 0.007106984660766542
0 0.03419377217119077 0.008612221403560924
0 0.04078813452426286 0.006292952589092107
0 0.04078813452426286 0.00883295258909211
0 0.002394538869909528 0.01910796857976999
0 0.002394538869909528 0.01656796857976998
0 0.01555772887539849 0.009322863652528631
0 0.006095708387643829 0.001836504443393091
0 0.008494597276532711 0.001836504443393091
0 0.03708880626336148 0.02356628904513588
0 0.03468991737447259 0.02356628904513588
0 0.006032926459660445 0.01982188979958521
0 0.00822478764328323 0.02021485439159332
0 0.03715070445581634 0.005580189997465054
0 0.03497368275832761 0.005181269480047384
0 0.03007749539523964 0.01488988023557734
0 0.03212505310553607 0.0160141591610078
0 0.0228623345849597 0.00176949245005188
0 0.0300421994237915 0.001880170686852752
0 0.01313755392894901 0.02349251298483701
0 0.02800917724221847 0.01608655395515984
0 0.01154040753268961 0.007504368035902376
0 0.009333928451336099 0.008618737919860986
0 0.009694041720977155 0.003914003162027092
0 0.03351751630323479 0.02150547561357293
0 0.020408989243741 0.02364965807801909
0 0.03244108831268039 0.001880170686852752
0 0.03360143602201165 0.0037074080952257
0 0.03408338182720614 0.01674994436447669
0 0.03615685510018522 0.01824601687390006
0 0.01073866504006012 0.02349251298483701
0 0.009579274852033269 0.02166643420465224
0 0.007211615178143749 0.007127557709619294
0 0.04143273250012533 0.02111511736299792
0 0.04143273250012533 0.02365511736299791
0 0.001747599801903132 0.004285091757456297
0 0.001747599801903132 0.001745091757456296
0 0.004146488690792016 0.001745091757456296
0 0.03903384361123644 0.02365511736299791
0 0.04147260138700722 0.001696089721372269
0 0.04147260138700722 0.004236089721372269
0 0.001707769114572043 0.02370412250281654
0 0.001707769114572043 0.02116412250281655
0 0.03708797950094292 0.01981803064428914
0 0.03486426590374305 0.02016056431988267
0 0.006096579682887712 0.005584838488342595
0 0.008508674492765926 0.005215728108062881
0 0.004106658003460926 0.02370412250281654
0 0.03907371249811832 0.001696089721372269
0 0.00410230798448157 0.01995209108258652
0 0.03908073591127007 0.005449042310464375
0 0.004147359986035899 0.005493425802405799
0 0.03903301684881788 0.01990685896215117
0 0.00534615670432296 0.02187804372263177
0 0.03783517131856069 0.003523327129745217
0 0.0319748127813153 0.01785276534602471
0 0.03266997891723231 0.005234202758527188
0 0.01052728731581467 0.02013344615661512
0 0.0377404276523757 0.02182140640813379
0 0.005444419300658076 0.003581596200849387
0 0.01111554656336907 0.01798811846176855
0 0.03215444706995366 0.007405642413842319
0 0.01080907721623319 0.005456722383303791
0 0.0325863919024771 0.01993346184318385
2 9 0 61
540
541
542
543
544
545
546
547
548
549
550
551
552
553
554
555
556
557
558
559
560
561
562
563
564
565
566
567
568
569
570
571
572
573
574
575
576
577
578
579
580
581
582
583
584
585
586
587
588
589
590
591
592
593
594
595
596
597
598
599
600
0.006405524583602469 0 0.02174878748920198
0.006405524583602469 0 0.003651212510798018
0.004158789770033004 0 0.01270000000000001
0.004218451322197486 0 0.007933427980697853
0.004218451322197483 0 0.01746657201930215
0.009124553104809523 0 0.01827834907518527
0.009124553104809523 0 0.007121650924814732
0.008938327458594865 0 0.01270000000000001
0.009785015264462326 0 0.0221947349426075
0.002971461847826657 0 0.02206707190170083
0.002971461847826658 0 0.003332928098299175
0.00978501526446233 0 0.003205265057392506
0.006671502213503504 0 0.007527539452756292
0.009031440281702195 0 0.009910825462407371
0.006578389390396175 0 0.01031671399034893
0.006671502213503502 0 0.01787246054724371
0.006578389390396174 0 0.01508328600965108
0.009031440281702195 0 0.01548917453759264
0.004188620546115245 0 0.01031671399034893
0.006548558614313934 0 0.01270000000000001
0.004188620546115244 0 0.01508328600965108
0.002079394885016502 0 0.01143000000000001
0.002079394885016502 0 0.01397000000000001
0.002109225661098741 0 0.01635328600965108
0.002109225661098741 0 0.01889328600965108
0.002109225661098743 0 0.006506713990348927
0.002109225661098743 0 0.009046713990348929
0.005319428958467902 0 0.02357439374460099
0.007436095625134571 0 0.02357439374460099
0.007436095625134571 0 0.001825606255399009
0.005319428958467902 0 0.001825606255399009
0.01124250763223117 0 0.004142632528696254
0.01124250763223117 0 0.001602632528696253
0.001485730923913329 0 0.02119353595085042
0.001485730923913329 0 0.02373353595085041
0.001485730923913329 0 0.001666464049149587
0.001485730923913329 0 0.004206464049149588
0.01124250763223116 0 0.02379736747130375
0.01124250763223116 0 0.02125736747130376
0.01091227655240476 0 0.008640825462407369
0.01081916372929743 0 0.01143000000000001
0.01091227655240476 0 0.01675917453759264
0.01081916372929743 0 0.01397000000000001
0.01091227655240476 0 0.01929917453759265
0.01091227655240476 0 0.006100825462407367
0.005311987952899977 0 0.01960767975425207
0.007765038844205996 0 0.02001356828219363
0.005311987952899977 0 0.005792320245747936
0.007765038844205995 0 0.005386431717806376
0.00359495658501207 0 0.01976682196050149
0.003594956585012072 0 0.005633178039498514
0.004688493215714564 0 0.0219079296954514
0.004688493215714563 0 0.003492070304548597
0.009125840965564501 0 0.001602632528696253
0.003602397590579996 0 0.001666464049149587
0.003602397590579996 0 0.02373353595085041
0.0091258409655645 0 0.02379736747130375
0.009454784184635925 0 0.02023654200889639
0.008095269924032398 0 0.02197176121590474
0.0080952699240324 0 0.003428238784095262
0.009454784184635925 0 0.005163457991103619
2 10 0 111
601
602
603
604
605
606
607
608
609
610
611
612
613
614
615
616
617
618
619
620
621
622
623
624
625
626
627
628
629
630
631
632
633
634
635
636
637
638
639
640
641
642
643
644
645
646
647
648
649
650
651
652
653
654
655
656
657
658
659
660
661
662
663
664
665
666
667
668
669
670
671
672
673
674
675
676
677
678
679
680
681
682
683
684
685
686
687
688
689
690
691
692
693
694
695
696
697
698
699
700
701
702
703
704
705
706
707
708
709
710
711
0.006336089563480335 0.003725089196221669 0.0254
0.006336089563480336 0.03945491080377833 0.0254
0.008902090966463452 0.01105813963859112 0.0254
0.008902090966463464 0.03212186036140885 0.0254
0.003979476633397265 0.01199444444444442 0.0254
0.003979476633397272 0.03118555555555554 0.0254
0.006513173684471445 0.03520910462472211 0.0254
0.006513173684471437 0.00797089537527788 0.0254
0.0022321033382229 0.01642632091153796 0.0254
0.002232103338222951 0.02675367908846209 0.0254
0.009477751236573653 0.006718731286999196 0.0254
0.009477751236573656 0.03646126871300079 0.0254
0.003157567758002618 0.006747108539694358 0.0254
0.00315756775800262 0.03643289146030562 0.0254
0.007998285046620084 0.01455304633841948 0.0254
0.00799828504662011 0.0286269536615805 0.0254
0.009715153205026705 0.003164930178571207 0.0254
0.009715153205026701 0.04001506982142877 0.0254
0.002745398130963258 0.04012600489726124 0.0254
0.002745398130963258 0.003053995102738759 0.0254
0.01108372450464683 0.0271429120395034 0.0254
0.01108372450464683 0.02474402315061451 0.0254
0.01108372450464683 0.01603708796049658 0.0254
0.01108372450464683 0.01843597684938546 0.0254
0.003568522195699946 0.03380922350793059 0.0254
0.00157878387900131 0.03500866795237503 0.0254
0.001989738316698636 0.03238499999999999 0.0254
0.001578783879001309 0.008171332047624946 0.0254
0.003568522195699942 0.00937077649206939 0.0254
0.001989738316698633 0.01079499999999998 0.0254
0.004835370721237032 0.03582099804251387 0.0254
0.005246325158934358 0.03319733009013882 0.0254
0.004835370721237027 0.007359001957486119 0.0254
0.005246325158934351 0.009982669909861151 0.0254
0.00111605166911145 0.01540982712243564 0.0254
0.00111605166911145 0.01780871601132453 0.0254
0.001116051669111476 0.02537128398867548 0.0254
0.001116051669111476 0.02777017287756437 0.0254
0.002038629499355432 0.02525654889202495 0.0254
0.000922577830243956 0.02387415379223834 0.0254
0.002038629499355394 0.0179234511079751 0.0254
0.0009225778302439439 0.01930584620776167 0.0254
0.003734749334220642 0.01657084067531443 0.0254
0.003734749334220691 0.02660915932468561 0.0254
0.008732867027956868 0.01611694446303966 0.0254
0.01034914252331004 0.0144731898358764 0.0254
0.01034914252331005 0.02870681016412358 0.0254
0.008732867027956889 0.02706305553696033 0.0254
0.01080104548323173 0.01272573648596222 0.0254
0.01080104548323173 0.01032684759707333 0.0254
0.01080104548323173 0.03285315240292665 0.0254
0.01080104548323173 0.03045426351403775 0.0254
0.003105789985810083 0.01421038267799119 0.0254
0.004608435981807824 0.01435490244176766 0.0254
0.003105789985810112 0.02896961732200882 0.0254
0.004608435981807851 0.02882509755823233 0.0254
0.005988880840008674 0.01327374539143195 0.0254
0.006617840188419233 0.01563420338875519 0.0254
0.00661784018841927 0.02754579661124481 0.0254
0.005988880840008691 0.02990625460856802 0.0254
0.001989738316698633 0.01319388888888887 0.0254
0.001989738316698636 0.0299861111111111 0.0254
0.008450188006541768 0.0128055929885053 0.0254
0.008450188006541787 0.03037440701149467 0.0254
0.007707632325467455 0.03366548249306548 0.0254
0.006440783799930369 0.0316537079584822 0.0254
0.007707632325467445 0.009514517506934501 0.0254
0.006440783799930358 0.01152629204151777 0.0254
0.007401378115073504 0.001862544598110834 0.0254
0.005284711448406835 0.001862544598110834 0.0254
0.005284711448406835 0.04131745540188916 0.0254
0.007401378115073505 0.04131745540188916 0.0254
0.001578783879001309 0.005772443158736063 0.0254
0.00157878387900131 0.03740755684126392 0.0254
0.009189921101518552 0.00888843546279516 0.0254
0.01108887561828683 0.008157143421277364 0.0254
0.01108887561828683 0.03502285657872262 0.0254
0.009189921101518561 0.03429156453720482 0.0254
0.007995462460522551 0.03583518666886145 0.0254
0.007906920400026995 0.03795808975838956 0.0254
0.00642463162397589 0.03733200771425022 0.0254
0.007906920400026994 0.005221910241610432 0.0254
0.007995462460522546 0.007344813331138538 0.0254
0.006424631623975886 0.005847992285749774 0.0254
0.01120757660251335 0.003981353978174487 0.0254
0.01120757660251335 0.001582465089285603 0.0254
0.01120757660251335 0.04159753491071438 0.0254
0.01120757660251335 0.0391986460218255 0.0254
0.00802562138425352 0.003445009687396438 0.0254
0.009596452220800179 0.004941830732785201 0.0254
0.009596452220800179 0.03823816926721478 0.0254
0.008025621384253518 0.03973499031260355 0.0254
0.009090909935846686 0.04159753491071438 0.0254
0.00909090993584669 0.001582465089285603 0.0254
0.001372699065481629 0.03925411355974173 0.0254
0.001372699065481629 0.04165300244863062 0.0254
0.001372699065481629 0.001526997551369379 0.0254
0.001372699065481629 0.003925886440258263 0.0254
0.004540743847221796 0.003389542149480214 0.0254
0.003489365732148296 0.001526997551369379 0.0254
0.003489365732148296 0.04165300244863062 0.0254
0.004540743847221797 0.03979045785051978 0.0254
0.01108887561828683 0.005758254532388481 0.0254
0.01108887561828683 0.0374217454676115 0.0254
0.002951482944482938 0.004900551821216558 0.0254
0.004746828660741476 0.005236098867958013 0.0254
0.002951482944482939 0.03827944817878343 0.0254
0.004746828660741478 0.03794390113204198 0.0254
0.012025 0.02278944444444444 0.0254
0.012025 0.02039055555555555 0.0254
0.0009225778302439439 0.02170473509665056 0.0254
2 11 0 61
712
713
714
715
716
717
718
719
720
721
722
723
724
725
726
727
728
729
730
731
732
733
734
735
736
737
738
739
740
741
742
743
744
745
746
747
748
749
750
751
752
753
754
755
756
757
758
759
760
761
762
763
764
765
766
767
768
769
770
771
772
0.006405524583602469 0.04318 0.02174878748920198
0.006405524583602469 0.04318 0.003651212510798018
0.004158789770033004 0.04318 0.01270000000000001
0.004218451322197486 0.04318 0.007933427980697853
0.004218451322197483 0.04318 0.01746657201930215
0.009124553104809523 0.04318 0.01827834907518527
0.009124553104809523 0.04318 0.007121650924814732
0.008938327458594865 0.04318 0.01270000000000001
0.009785015264462326 0.04318 0.0221947349426075
0.002971461847826657 0.04318 0.02206707190170083
0.002971461847826658 0.04318 0.003332928098299175
0.00978501526446233 0.04318 0.003205265057392506
0.006578389390396175 0.04318 0.01031671399034893
0.009031440281702195 0.04318 0.009910825462407371
0.006671502213503504 0.04318 0.007527539452756292
0.009031440281702195 0.04318 0.01548917453759264
0.006578389390396174 0.04318 0.01508328600965108
0.006671502213503502 0.04318 0.01787246054724371
0.006548558614313934 0.04318 0.01270000000000001
0.004188620546115245 0.04318 0.01031671399034893
0.004188620546115244 0.04318 0.01508328600965108
0.002079394885016502 0.04318 0.01397000000000001
0.002079394885016502 0.04318 0.01143000000000001
0.002109225661098741 0.04318 0.01889328600965108
0.002109225661098741 0.04318 0.01635328600965108
0.002109225661098743 0.04318 0.009046713990348929
0.002109225661098743 0.04318 0.006506713990348927
0.007436095625134571 0.04318 0.02357439374460099
0.005319428958467902 0.04318 0.02357439374460099
0.005319428958467902 0.04318 0.001825606255399009
0.007436095625134571 0.04318 0.001825606255399009
0.01124250763223117 0.04318 0.001602632528696253
0.01124250763223117 0.04318 0.004142632528696254
0.001485730923913329 0.04318 0.02373353595085041
0.001485730923913329 0.04318 0.02119353595085042
0.001485730923913329 0.04318 0.004206464049149588
0.001485730923913329 0.04318 0.001666464049149587
0.01124250763223116 0.04318 0.02125736747130376
0.01124250763223116 0.04318 0.02379736747130375
0.01081916372929743 0.04318 0.01143000000000001
0.01091227655240476 0.04318 0.008640825462407369
0.01081916372929743 0.04318 0.01397000000000001
0.01091227655240476 0.04318 0.01675917453759264
0.01091227655240476 0.04318 0.01929917453759265
0.01091227655240476 0.04318 0.006100825462407367
0.007765038844205996 0.04318 0.02001356828219363
0.005311987952899977 0.04318 0.01960767975425207
0.007765038844205995 0.04318 0.005386431717806376
0.005311987952899977 0.04318 0.005792320245747936
0.00359495658501207 0.04318 0.01976682196050149
0.003594956585012072 0.04318 0.005633178039498514
0.004688493215714564 0.04318 0.0219079296954514
0.004688493215714563 0.04318 0.003492070304548597
0.009125840965564501 0.04318 0.001602632528696253
0.003602397590579996 0.04318 0.001666464049149587
0.003602397590579996 0.04318 0.02373353595085041
0.0091258409655645 0.04318 0.02379736747130375
0.008095269924032398 0.04318 0.02197176121590474
0.009454784184635925 0.04318 0.02023654200889639
0.009454784184635925 0.04318 0.005163457991103619
0.0080952699240324 0.04318 0.003428238784095262
2 12 0 111
773
774
775
776
777
778
779
780
781
782
783
784
785
786
787
788
789
790
791
792
793
794
795
796
797
798
799
800
801
802
803
804
805
806
807
808
809
810
811
812
813
814
815
816
817
818
819
820
821
822
823
824
825
826
827
828
829
830
831
832
833
834
835
836
837
838
839
840
841
842
843
844
845
846
847
848
849
850
851
852
853
854
855
856
857
858
859
860
861
862
863
864
865
866
867
868
869
870
871
872
873
874
875
876
877
878
879
880
881
882
883
0.006336089563480335 0.003725089196221669 0
0.006336089563480336 0.03945491080377833 0
0.008902090966463452 0.01105813963859112 0
0.008902090966463464 0.03212186036140885 0
0.003979476633397265 0.01199444444444442 0
0.003979476633397272 0.03118555555555554 0
0.006513173684471445 0.03520910462472211 0
0.006513173684471437 0.00797089537527788 0
0.0022321033382229 0.01642632091153796 0
0.002232103338222951 0.02675367908846209 0
0.009477751236573653 0.006718731286999196 0
0.009477751236573656 0.03646126871300079 0
0.003157567758002618 0.006747108539694358 0
0.00315756775800262 0.03643289146030562 0
0.007998285046620084 0.01455304633841948 0
0.00799828504662011 0.0286269536615805 0
0.009715153205026705 0.003164930178571207 0
0.009715153205026701 0.04001506982142877 0
0.002745398130963258 0.04012600489726124 0
0.002745398130963258 0.003053995102738759 0
0.01108372450464683 0.02474402315061451 0
0.01108372450464683 0.0271429120395034 0
0.01108372450464683 0.01843597684938546 0
0.01108372450464683 0.01603708796049658 0
0.001989738316698636 0.03238499999999999 0
0.00157878387900131 0.03500866795237503 0
0.003568522195699946 0.03380922350793059 0
0.001989738316698633 0.01079499999999998 0
0.003568522195699942 0.00937077649206939 0
0.001578783879001309 0.008171332047624946 0
0.005246325158934358 0.03319733009013882 0
0.004835370721237032 0.03582099804251387 0
0.005246325158934351 0.009982669909861151 0
0.004835370721237027 0.007359001957486119 0
0.00111605166911145 0.01780871601132453 0
0.00111605166911145 0.01540982712243564 0
0.001116051669111476 0.02777017287756437 0
0.001116051669111476 0.02537128398867548 0
0.000922577830243956 0.02387415379223834 0
0.002038629499355432 0.02525654889202495 0
0.0009225778302439439 0.01930584620776167 0
0.002038629499355394 0.0179234511079751 0
0.003734749334220642 0.01657084067531443 0
0.003734749334220691 0.02660915932468561 0
0.01034914252331004 0.0144731898358764 0
0.008732867027956868 0.01611694446303966 0
0.008732867027956889 0.02706305553696033 0
0.01034914252331005 0.02870681016412358 0
0.01080104548323173 0.01032684759707333 0
0.01080104548323173 0.01272573648596222 0
0.01080104548323173 0.03045426351403775 0
0.01080104548323173 0.03285315240292665 0
0.004608435981807824 0.01435490244176766 0
0.003105789985810083 0.01421038267799119 0
0.004608435981807851 0.02882509755823233 0
0.003105789985810112 0.02896961732200882 0
0.006617840188419233 0.01563420338875519 0
0.005988880840008674 0.01327374539143195 0
0.005988880840008691 0.02990625460856802 0
0.00661784018841927 0.02754579661124481 0
0.001989738316698633 0.01319388888888887 0
0.001989738316698636 0.0299861111111111 0
0.008450188006541768 0.0128055929885053 0
0.008450188006541787 0.03037440701149467 0
0.006440783799930369 0.0316537079584822 0
0.007707632325467455 0.03366548249306548 0
0.006440783799930358 0.01152629204151777 0
0.007707632325467445 0.009514517506934501 0
0.005284711448406835 0.001862544598110834 0
0.007401378115073504 0.001862544598110834 0
0.007401378115073505 0.04131745540188916 0
0.005284711448406835 0.04131745540188916 0
0.001578783879001309 0.005772443158736063 0
0.00157878387900131 0.03740755684126392 0
0.01108887561828683 0.008157143421277364 0
0.009189921101518552 0.00888843546279516 0
0.009189921101518561 0.03429156453720482 0
0.01108887561828683 0.03502285657872262 0
0.00642463162397589 0.03733200771425022 0
0.007906920400026995 0.03795808975838956 0
0.007995462460522551 0.03583518666886145 0
0.006424631623975886 0.005847992285749774 0
0.007995462460522546 0.007344813331138538 0
0.007906920400026994 0.005221910241610432 0
0.01120757660251335 0.001582465089285603 0
0.01120757660251335 0.003981353978174487 0
0.01120757660251335 0.0391986460218255 0
0.01120757660251335 0.04159753491071438 0
0.009596452220800179 0.004941830732785201 0
0.00802562138425352 0.003445009687396438 0
0.008025621384253518 0.03973499031260355 0
0.009596452220800179 0.03823816926721478 0
0.009090909935846686 0.04159753491071438 0
0.00909090993584669 0.001582465089285603 0
0.001372699065481629 0.04165300244863062 0
0.001372699065481629 0.03925411355974173 0
0.001372699065481629 0.003925886440258263 0
0.001372699065481629 0.001526997551369379 0
0.003489365732148296 0.001526997551369379 0
0.004540743847221796 0.003389542149480214 0
0.004540743847221797 0.03979045785051978 0
0.003489365732148296 0.04165300244863062 0
0.01108887561828683 0.005758254532388481 0
0.01108887561828683 0.0374217454676115 0
0.004746828660741476 0.005236098867958013 0
0.002951482944482938 0.004900551821216558 0
0.004746828660741478 0.03794390113204198 0
0.002951482944482939 0.03827944817878343 0
0.012025 0.02039055555555555 0
0.012025 0.02278944444444444 0
0.0009225778302439439 0.02170473509665056 0
2 13 0 205
884
885
886
887
888
889
890
891
892
893
894
895
896
897
898
899
900
901
902
903
904
905
906
907
908
909
910
911
912
913
914
915
916
917
918
919
920
921
922
923
924
925
926
927
928
929
930
931
932
933
934
935
936
937
938
939
940
941
942
943
944
945
946
947
948
949
950
951
952
953
954
955
956
957
958
959
960
961
962
963
964
965
966
967
968
969
970
971
972
973
974
975
976
977
978
979
980
981
982
983
984
985
986
987
988
989
990
991
992
993
994
995
996
997
998
999
1000
1001
1002
1003
1004
1005
1006
1007
1008
1009
1010
1011
1012
1013
1014
1015
1016
1017
1018
1019
1020
1021
1022
1023
1024
1025
1026
1027
1028
1029
1030
1031
1032
1033
1034
1035
1036
1037
1038
1039
1040
1041
1042
1043
1044
1045
1046
1047
1048
1049
1050
1051
1052
1053
1054
1055
1056
1057
1058
1059
1060
1061
1062
1063
1064
1065
1066
1067
1068
1069
1070
1071
1072
1073
1074
1075
1076
1077
1078
1079
1080
1081
1082
1083
1084
1085
1086
1087
1088
0.0127 0.01711317063310729 0.02067193451729498
0.0127 0.02628123234985176 0.004609138468954365
0.0127 0.01199444444444442 0.004154997437268002
0.0127 0.03123964230196884 0.0212783731368741
0.0127 0.004345443153021835 0.01263119334324694
0.0127 0.03883518030653263 0.01276986567419172
0.0127 0.007276775179501834 0.02174784243963045
0.0127 0.03590513986310696 0.003654474816745896
0.0127 0.03838056869738509 0.01790348319830652
0.0127 0.03423362215142692 0.01491133817945978
0.0127 0.03434531868883326 0.01051637866377298
0.0127 0.03013850673083404 0.01266278032859885
0.0127 0.03026666848635906 0.008103220684335766
0.0127 0.02608274409447468 0.01021984757913854
0.0127 0.02600187042479171 0.01505612776776385
0.0127 0.02188444638965498 0.01273989010173222
0.0127 0.02186657043450179 0.007977968139126592
0.0127 0.01765835267343972 0.01039543856259209
0.0127 0.02173178911779626 0.0175844791044232
0.0127 0.01735109862079918 0.005107817892437842
0.0127 0.0261831118836928 0.02052446623548579
0.0127 0.004799520368265535 0.007496668089899008
0.0127 0.009044146914650233 0.01047902851038239
0.0127 0.008858080071764023 0.01488615556895565
0.0127 0.01306154436087996 0.01266784483533095
0.0127 0.01305829301967352 0.0172943705799809
0.0127 0.01741793269909195 0.01522565961689239
0.0127 0.03839626904852571 0.007505905178184212
0.0127 0.004789077739819056 0.01789593715953996
0.0127 0.007393638997509889 0.003673008886786182
0.0127 0.03579539030450074 0.02173257809027175
0.0127 0.01345710507735725 0.008250288742465171
0.0127 0.03129773218091635 0.003760341373705504
0.0127 0.02173578028103054 0.00353898490010376
0.0127 0.0118817745245647 0.02158502596967403
0.0127 0.03001648405964523 0.01711698014255582
0.0127 0.0216268673763709 0.02189931615603818
0.0127 0.03968546500025066 0.02191023472599582
0.0127 0.003495199603806264 0.003490183514912592
0.0127 0.003415538229144085 0.02200824500563308
0.0127 0.03976520277401443 0.003392179442744538
0.0127 0.03404222565354827 0.006708064143348872
0.0127 0.009172800107064626 0.0186818663435562
0.0127 0.03393314150298536 0.0185885505494936
0.0127 0.009623709988021962 0.006758447329339581
0.0127 0.01587221597706625 0.002553908946218921
0.0127 0.0146727715326218 0.004631407664852922
0.0127 0.01319388888888887 0.002077498718634001
0.0127 0.01827110486595514 0.002553908946218921
0.0127 0.01726555166609962 0.01794879706709368
0.0127 0.01957486090844411 0.0164050693606578
0.0127 0.01942247987545178 0.01912820681085909
0.0127 0.02397465726448824 0.009098907859132567
0.0127 0.02407390139217678 0.006293553304040479
0.0127 0.02618198822216322 0.007414493024046452
0.0127 0.02508600038629084 0.02296223311774289
0.0127 0.02748488927517973 0.02296223311774289
0.0127 0.01523811285938273 0.01626001509843664
0.0127 0.0150857318263904 0.01898315254863794
0.0127 0.02817470629041687 0.009161534131737153
0.0127 0.02827395041810541 0.006356179576645065
0.0127 0.02871137709283082 0.02090141968617994
0.0127 0.03001315448431775 0.02333918656843705
0.0127 0.02167932824708358 0.0197418976302307
0.0127 0.01937001900473909 0.02128562533666658
0.0127 0.02180117535776616 0.005758476519615176
0.0127 0.02400850631544115 0.004074061684529062
0.0127 0.01523973852998596 0.01394675222611167
0.0127 0.01305991869027674 0.01498110770765593
0.0127 0.01540410184907822 0.006679053317451507
0.0127 0.01272577476090084 0.006202643089866586
0.0127 0.01753814268626584 0.01281054908974224
0.0127 0.01535994851715984 0.01153164169896152
0.0127 0.02280787813262988 0.02364965807801909
0.0127 0.02390498963003185 0.02121189119576199
0.0127 0.02046344569607082 0.00176949245005188
0.0127 0.01954343945091486 0.004323401396270801
0.0127 0.01125062599600374 0.009364658626423781
0.0127 0.01325932471911861 0.01045906678889806
0.0127 0.0110528456377651 0.01157343667285667
0.0127 0.02878948226538405 0.004184739921329934
0.0127 0.0307822003336377 0.005931781029020635
0.0127 0.03630709542440601 0.01640741068888315
0.0127 0.03653440122897977 0.01384060192682575
0.0127 0.03860787450195886 0.01533667443624912
0.0127 0.014497472578836 0.0211284802434845
0.0127 0.01247003377211911 0.01943969827482746
0.0127 0.006921833641457884 0.0089878483001407
0.0127 0.006694795033836035 0.01155511092681466
0.0127 0.004572481760643685 0.01006393071657297
0.0127 0.002399760184132768 0.008828334044949506
0.0127 0.002172721576510917 0.01139559667162347
0.0127 0.04078028434869255 0.01657174159915326
0.0127 0.04100759015326631 0.01400493283709587
0.0127 0.02809979797166902 0.0188207231890208
0.0127 0.03062806318080703 0.01919767663971496
0.0127 0.03218606444113048 0.01378705925402932
0.0127 0.03224191270983365 0.01158957949618591
0.0127 0.03428947042013009 0.01271385842161638
0.0127 0.03659024949768294 0.01164312216898235
0.0127 0.008951113493207128 0.01268259203966902
0.0127 0.006601761612392929 0.01375867445610129
0.0127 0.01095981221632199 0.0137770002021433
0.0127 0.04078028434869255 0.01911174159915327
0.0127 0.002399760184132768 0.006288334044949505
0.0127 0.03020258760859655 0.01038300050646731
0.0127 0.03230599358759616 0.009309799674054372
0.0127 0.01095818654571877 0.01609026307446827
0.0127 0.002172721576510917 0.01393559667162347
0.0127 0.04100759015326631 0.01146493283709587
0.0127 0.02811062541265436 0.0114413139538687
0.0127 0.02807018857781288 0.01385945404818135
0.0127 0.0260423072596332 0.01263798767345119
0.0127 0.02394315840722334 0.01389800893474803
0.0127 0.02398359524206483 0.01147986884043538
0.0127 0.03637079386867949 0.009011141920978596
0.0127 0.03861572467752918 0.01013788542618797
0.0127 0.006823578905791539 0.0163910463642478
0.0127 0.004567260446420446 0.01526356525139345
0.0127 0.02386682977129399 0.01632030343609353
0.0127 0.02180811775372562 0.01516218460307771
0.0127 0.02187550841207839 0.01035892912042941
0.0127 0.02609249115424226 0.01779029700162482
0.0127 0.02395745050074453 0.01905447266995449
0.0127 0.01079499999999998 0.002077498718634001
0.0127 0.02753394950825921 0.002304569234477182
0.0127 0.02513506061937032 0.002304569234477182
0.0127 0.0157532519832203 0.02303596725864749
0.0127 0.01815214087210919 0.02303596725864749
0.0127 0.03241204337320663 0.02333918656843705
0.0127 0.01750472564711945 0.007751628227514967
0.0127 0.01960883452765048 0.006542893015782217
0.0127 0.01976246155397076 0.009186703350859343
0.0127 0.01977139953154735 0.01156766433216215
0.0127 0.01965118954437347 0.0139827748593123
0.0127 0.03714368104266459 0.001827237408372948
0.0127 0.0347447921537757 0.001827237408372948
0.0127 0.006037276478639801 0.02357392121981523
0.0127 0.008436165367528684 0.02357392121981523
0.0127 0.009015440089414324 0.01678401095625592
0.0127 0.006980938923441841 0.01828890175154808
0.0127 0.03419377217119077 0.008612221403560924
0.0127 0.03621924735103699 0.007106984660766542
0.0127 0.04078813452426286 0.00883295258909211
0.0127 0.04078813452426286 0.006292952589092107
0.0127 0.002394538869909528 0.01656796857976998
0.0127 0.002394538869909528 0.01910796857976999
0.0127 0.01555772887539849 0.009322863652528631
0.0127 0.008494597276532711 0.001836504443393091
0.0127 0.006095708387643829 0.001836504443393091
0.0127 0.03468991737447259 0.02356628904513588
0.0127 0.03708880626336148 0.02356628904513588
0.0127 0.00822478764328323 0.02021485439159332
0.0127 0.006032926459660445 0.01982188979958521
0.0127 0.03497368275832761 0.005181269480047384
0.0127 0.03715070445581634 0.005580189997465054
0.0127 0.03212505310553607 0.0160141591610078
0.0127 0.03007749539523964 0.01488988023557734
0.0127 0.0228623345849597 0.00176949245005188
0.0127 0.0300421994237915 0.001880170686852752
0.0127 0.01313755392894901 0.02349251298483701
0.0127 0.02800917724221847 0.01608655395515984
0.0127 0.009333928451336099 0.008618737919860986
0.0127 0.01154040753268961 0.007504368035902376
0.0127 0.009694041720977155 0.003914003162027092
0.0127 0.03351751630323479 0.02150547561357293
0.0127 0.020408989243741 0.02364965807801909
0.0127 0.03360143602201165 0.0037074080952257
0.0127 0.03244108831268039 0.001880170686852752
0.0127 0.03615685510018522 0.01824601687390006
0.0127 0.03408338182720614 0.01674994436447669
0.0127 0.009579274852033269 0.02166643420465224
0.0127 0.01073866504006012 0.02349251298483701
0.0127 0.007211615178143749 0.007127557709619294
0.0127 0.04143273250012533 0.02365511736299791
0.0127 0.04143273250012533 0.02111511736299792
0.0127 0.001747599801903132 0.001745091757456296
0.0127 0.001747599801903132 0.004285091757456297
0.0127 0.004146488690792016 0.001745091757456296
0.0127 0.03903384361123644 0.02365511736299791
0.0127 0.04147260138700722 0.004236089721372269
0.0127 0.04147260138700722 0.001696089721372269
0.0127 0.001707769114572043 0.02116412250281655
0.0127 0.001707769114572043 0.02370412250281654
0.0127 0.03486426590374305 0.02016056431988267
0.0127 0.03708797950094292 0.01981803064428914
0.0127 0.008508674492765926 0.005215728108062881
0.0127 0.006096579682887712 0.005584838488342595
0.0127 0.004106658003460926 0.02370412250281654
0.0127 0.03907371249811832 0.001696089721372269
0.0127 0.00410230798448157 0.01995209108258652
0.0127 0.03908073591127007 0.005449042310464375
0.0127 0.004147359986035899 0.005493425802405799
0.0127 0.03903301684881788 0.01990685896215117
0.0127 0.00534615670432296 0.02187804372263177
0.0127 0.03783517131856069 0.003523327129745217
0.0127 0.0319748127813153 0.01785276534602471
0.0127 0.03266997891723231 0.005234202758527188
0.0127 0.01052728731581467 0.02013344615661512
0.0127 0.0377404276523757 0.02182140640813379
0.0127 0.005444419300658076 0.003581596200849387
0.0127 0.01111554656336907 0.01798811846176855
0.0127 0.03215444706995366 0.007405642413842319
0.0127 0.01080907721623319 0.005456722383303791
0.0127 0.0325863919024771 0.01993346184318385
3 1 0 1064
1089
1090
1091
1092
1093
1094
1095
1096
1097
1098
1099
1100
1101
1102
1103
1104
1105
1106
1107
1108
1109
1110
1111
1112
1113
1114
1115
1116
1117
1118
1119
1120
1121
1122
1123
1124
1125
1126
1127
1128
1129
1130
1131
1132
1133
1134
1135
1136
1137
1138
1139
1140
1141
1142
1143
1144
1145
1146
1147
1148
1149
1150
1151
1152
1153
1154
1155
1156
1157
1158
1159
1160
1161
1162
1163
1164
1165
1166
1167
1168
1169
1170
1171
1172
1173
1174
1175
1176
1177
1178
1179
1180
1181
1182
1183
1184
1185
1186
1187
1188
1189
1190
1191
1192
1193
1194
1195
1196
1197
1198
1199
1200
1201
1202
1203
1204
1205
1206
1207
1208
1209
1210
1211
1212
1213
1214
1215
1216
1217
1218
1219
1220
1221
1222
1223
1224
1225
1226
1227
1228
1229
1230
1231
1232
1233
1234
1235
1236
1237
1238
1239
1240
1241
1242
1243
1244
1245
1246
1247
1248
1249
1250
1251
1252
1253
1254
1255
1256
1257
1258
1259
1260
1261
1262
1263
1264
1265
1266
1267
1268
1269
1270
1271
1272
1273
1274
1275
1276
1277
1278
1279
1280
1281
1282
1283
1284
1285
1286
1287
1288
1289
1290
1291
1292
1293
1294
1295
1296
1297
1298
1299
1300
1301
1302
1303
1304
1305
1306
1307
1308
1309
1310
1311
1312
1313
1314
1315
1316
1317
1318
1319
1320
1321
1322
1323
1324
1325
1326
1327
1328
1329
1330
1331
1332
1333
1334
1335
1336
1337
1338
1339
1340
1341
1342
1343
1344
1345
1346
1347
1348
1349
1350
1351
1352
1353
1354
1355
1356
1357
1358
1359
1360
1361
1362
1363
1364
1365
1366
1367
1368
1369
1370
1371
1372
1373
1374
1375
1376
1377
1378
1379
1380
1381
1382
1383
1384
1385
1386
1387
1388
1389
1390
1391
1392
1393
1394
1395
1396
1397
1398
1399
1400
1401
1402
1403
1404
1405
1406
1407
1408
1409
1410
1411
1412
1413
1414
1415
1416
1417
1418
1419
1420
1421
1422
1423
1424
1425
1426
1427
1428
1429
1430
1431
1432
1433
1434
1435
1436
1437
1438
1439
1440
1441
1442
1443
1444
1445
1446
1447
1448
1449
1450
1451
1452
1453
1454
1455
1456
1457
1458
1459
1460
1461
1462
1463
1464
1465
1466
1467
1468
1469
1470
1471
1472
1473
1474
1475
1476
1477
1478
1479
1480
1481
1482
1483
1484
1485
1486
1487
1488
1489
1490
1491
1492
1493
1494
1495
1496
1497
1498
1499
1500
1501
1502
1503
1504
1505
1506
1507
1508
1509
1510
1511
1512
1513
1514
1515
1516
1517
1518
1519
1520
1521
1522
1523
1524
1525
1526
1527
1528
1529
1530
1531
1532
1533
1534
1535
1536
1537
1538
1539
1540
1541
1542
1543
1544
1545
1546
1547
1548
1549
1550
1551
1552
1553
1554
1555
1556
1557
1558
1559
1560
1561
1562
1563
1564
1565
1566
1567
1568
1569
1570
1571
1572
1573
1574
1575
1576
1577
1578
1579
1580
1581
1582
1583
1584
1585
1586
1587
1588
1589
1590
1591
1592
1593
1594
1595
1596
1597
1598
1599
1600
1601
1602
1603
1604
1605
1606
1607
1608
1609
1610
1611
1612
1613
1614
1615
1616
1617
1618
1619
1620
1621
1622
1623
1624
1625
1626
1627
1628
1629
1630
1631
1632
1633
1634
1635
1636
1637
1638
1639
1640
1641
1642
1643
1644
1645
1646
1647
1648
1649
1650
1651
1652
1653
1654
1655
1656
1657
1658
1659
1660
1661
1662
1663
1664
1665
1666
1667
1668
1669
1670
1671
1672
1673
1674
1675
1676
1677
1678
1679
1680
1681
1682
1683
1684
1685
1686
1687
1688
1689
1690
1691
1692
1693
1694
1695
1696
1697
1698
1699
1700
1701
1702
1703
1704
1705
1706
1707
1708
1709
1710
1711
1712
1713
1714
1715
1716
1717
1718
1719
1720
1721
1722
1723
1724
1725
1726
1727
1728
1729
1730
1731
1732
1733
1734
1735
1736
1737
1738
1739
1740
1741
1742
1743
1744
1745
1746
1747
1748
1749
1750
1751
1752
1753
1754
1755
1756
1757
1758
1759
1760
1761
1762
1763
1764
1765
1766
1767
1768
1769
1770
1771
1772
1773
1774
1775
1776
1777
1778
1779
1780
1781
1782
1783
1784
1785
1786
1787
1788
1789
1790
1791
1792
1793
1794
1795
1796
1797
1798
1799
1800
1801
1802
1803
1804
1805
1806
1807
1808
1809
1810
1811
1812
1813
1814
1815
1816
1817
1818
1819
1820
1821
1822
1823
1824
1825
1826
1827
1828
1829
1830
1831
1832
1833
1834
1835
1836
1837
1838
1839
1840
1841
1842
1843
1844
1845
1846
1847
1848
1849
1850
1851
1852
1853
1854
1855
1856
1857
1858
1859
1860
1861
1862
1863
1864
1865
1866
1867
1868
1869
1870
1871
1872
1873
1874
1875
1876
1877
1878
1879
1880
1881
1882
1883
1884
1885
1886
1887
1888
1889
1890
1891
1892
1893
1894
1895
1896
1897
1898
1899
1900
1901
1902
1903
1904
1905
1906
1907
1908
1909
1910
1911
1912
1913
1914
1915
1916
1917
1918
1919
1920
1921
1922
1923
1924
1925
1926
1927
1928
1929
1930
1931
1932
1933
1934
1935
1936
1937
1938
1939
1940
1941
1942
1943
1944
1945
1946
1947
1948
1949
1950
1951
1952
1953
1954
1955
1956
1957
1958
1959
1960
1961
1962
1963
1964
1965
1966
1967
1968
1969
1970
1971
1972
1973
1974
1975
1976
1977
1978
1979
1980
1981
1982
1983
1984
1985
1986
1987
1988
1989
1990
1991
1992
1993
1994
1995
1996
1997
1998
1999
2000
2001
2002
2003
2004
2005
2006
2007
2008
2009
2010
2011
2012
2013
2014
2015
2016
2017
2018
2019
2020
2021
2022
2023
2024
2025
2026
2027
2028
2029
2030
2031
2032
2033
2034
2035
2036
2037
2038
2039
2040
2041
2042
2043
2044
2045
2046
2047
2048
2049
2050
2051
2052
2053
2054
2055
2056
2057
2058
2059
2060
2061
2062
2063
2064
2065
2066
2067
2068
2069
2070
2071
2072
2073
2074
2075
2076
2077
2078
2079
2080
2081
2082
2083
2084
2085
2086
2087
2088
2089
2090
2091
2092
2093
2094
2095
2096
2097
2098
2099
2100
2101
2102
2103
2104
2105
2106
2107
2108
2109
2110
2111
2112
2113
2114
2115
2116
2117
2118
2119
2120
2121
2122
2123
2124
2125
2126
2127
2128
2129
2130
2131
2132
2133
2134
2135
2136
2137
2138
2139
2140
2141
2142
2143
2144
2145
2146
2147
2148
2149
2150
2151
2152
0.006726476363837719 0.01081038452684879 0.005485432222485542
0.006726476363837719 0.01081038452684879 0.01284600421786308
0.006726476363837719 0.03289209678769112 0.02020657435059547
0.006726476363837719 0.03289209678769112 0.01284600421786308
0.006726476363837719 0.03289209678769112 0.005485432222485542
0.006726476363837719 0.01081038452684879 0.02020657435059547
0.004886333830654621 0.01265052706003189 0.01468614675104618
0.004886333830654621 0.01265052706003189 0.00732557475566864
0.004886333830654621 0.01265052706003189 0.01100586168467999
0.004886333830654621 0.03105195425450802 0.00732557475566864
0.004886333830654621 0.03841252252459526 0.01468614675104618
0.004886333830654621 0.005289955995976925 0.01100586168467999
0.004886333830654621 0.03473224118351936 0.01100586168467999
0.004886333830654621 0.008970241993665695 0.01100586168467999
0.008566618897020817 0.008970241993665695 0.01100586168467999
0.004886333830654621 0.008970241993665695 0.01468614675104618
0.004886333830654621 0.03105195425450802 0.01100586168467999
0.004886333830654621 0.005289955995976925 0.01468614675104618
0.004886333830654621 0.008970241993665695 0.01836643181741238
0.004886333830654621 0.03473224118351936 0.00732557475566864
0.004886333830654621 0.005289955995976925 0.01836643181741238
0.004886333830654621 0.03105195425450802 0.01468614675104618
0.004886333830654621 0.008970241993665695 0.00732557475566864
0.004886333830654621 0.008970241993665695 0.003645289689302444
0.004886333830654621 0.03473224118351936 0.02204671688377857
0.004886333830654621 0.03473224118351936 0.003645289689302444
0.004886333830654621 0.008970241993665695 0.02204671688377857
0.004886333830654621 0.03473224118351936 0.01836643181741238
0.004886333830654621 0.005289955995976925 0.02204671688377857
0.004886333830654621 0.03841252252459526 0.003645289689302444
0.004886333830654621 0.03105195425450802 0.01836643181741238
0.004886333830654621 0.03841252252459526 0.02204671688377857
0.004886333830654621 0.005289955995976925 0.003645289689302444
0.008566618897020817 0.01265052706003189 0.00732557475566864
0.004886333830654621 0.01265052706003189 0.003645289689302444
0.008566618897020817 0.005289955995976925 0.01100586168467999
0.008566618897020817 0.005289955995976925 0.01468614675104618
0.004886333830654621 0.005289955995976925 0.00732557475566864
0.008566618897020817 0.005289955995976925 0.02204671688377857
0.008566618897020817 0.005289955995976925 0.003645289689302444
0.008566618897020817 0.008970241993665695 0.003645289689302444
0.004886333830654621 0.01265052706003189 0.02204671688377857
0.008566618897020817 0.008970241993665695 0.02204671688377857
0.008566618897020817 0.03473224118351936 0.02204671688377857
0.008566618897020817 0.03841252252459526 0.02204671688377857
0.004886333830654621 0.03841252252459526 0.01836643181741238
0.004886333830654621 0.03841252252459526 0.00732557475566864
0.008566618897020817 0.03841252252459526 0.003645289689302444
0.008566618897020817 0.03841252252459526 0.00732557475566864
0.008566618897020817 0.01265052706003189 0.003645289689302444
0.008566618897020817 0.008970241993665695 0.00732557475566864
0.008566618897020817 0.03473224118351936 0.003645289689302444
0.008566618897020817 0.01265052706003189 0.01100586168467999
0.008566618897020817 0.03105195425450802 0.00732557475566864
0.008566618897020817 0.03473224118351936 0.01100586168467999
0.008566618897020817 0.008970241993665695 0.01468614675104618
0.008566618897020817 0.03105195425450802 0.01100586168467999
0.008566618897020817 0.01265052706003189 0.01468614675104618
0.008566618897020817 0.008970241993665695 0.01836643181741238
0.008566618897020817 0.005289955995976925 0.01836643181741238
0.008566618897020817 0.03473224118351936 0.00732557475566864
0.008566618897020817 0.03105195425450802 0.01468614675104618
0.008566618897020817 0.03473224118351936 0.01836643181741238
0.008566618897020817 0.03105195425450802 0.01836643181741238
0.004886333830654621 0.03105195425450802 0.02204671688377857
0.004886333830654621 0.01265052706003189 0.01836643181741238
0.004886333830654621 0.03105195425450802 0.003645289689302444
0.008566618897020817 0.01265052706003189 0.02204671688377857
0.008566618897020817 0.01265052706003189 0.01836643181741238
0.008566618897020817 0.03105195425450802 0.003645289689302444
0.008566618897020817 0.03105195425450802 0.02204671688377857
0.006894212398559037 0.01185433334931151 0.001822644844651222
0.006726476363837719 0.01265052706003189 0.003645289689302444
0.008734354931742135 0.01185433334931151 0.001822644844651222
0.00828245197182045 0.01360178669922569 0.001822644844651222
0.006442309438637352 0.01360178669922569 0.001822644844651222
0.008881269717575876 0.01506473827532771 0.01601224263180457
0.008992191725145954 0.01514612950178398 0.01356805143303293
0.006932290226635264 0.01467622920574432 0.01480914113028269
0.01105726000000013 0.02783964681797264 0.01268139016429943
0.01105726000000013 0.02577132866495147 0.01387806388388193
0.01105726000000013 0.02581176549979296 0.01145992378956927
0.004552392576426053 0.002644977997988462 0.007629501368183246
0.007005443467732072 0.002644977997988462 0.007223612840241686
0.005645929207128544 0.002644977997988462 0.00548839363323333
0.004886333830654621 0.03657238185405731 0.02204671688377857
0.004886333830654621 0.03657238185405731 0.02020657435059547
0.004886333830654621 0.03473224118351936 0.02020657435059547
0.002443166915327311 0.03526381574401005 0.02188964748702516
0.002443166915327311 0.03526381574401005 0.02004950495384206
0.002443166915327311 0.037103956414548 0.02188964748702516
0.001045387629625948 0.01831469126542282 0.01140967295699005
0.001045387629625948 0.01601628710914294 0.01254587609335948
0.001045387629625948 0.01819448127824894 0.0138247834841402
0.01108887561828683 0.03612832950875076 0.02356628904513588
0.01063330944851041 0.03715883119385111 0.00364988225302417
0.01063330944851041 0.03839737237340874 0.001822644844651222
0.01063330944851041 0.03908886264930485 0.003518734566023491
0.0008910873943676701 0.02485310367841331 0.00854683628172293
0.0007576330772127719 0.02447381785718059 0.01055889845863876
0.0007576330772127719 0.02236573102719415 0.009437958738632783
0.0008910873943676701 0.02274501684842686 0.007425896561716956
0.002443166915327311 0.03249254787874669 0.01847749118345299
0.002443166915327311 0.03053421915707662 0.0177417059799841
0.002443166915327311 0.03114579827823843 0.01982240247714324
0.002698273862008201 0.01717005079197782 0.01057137993278205
0.002698273862008201 0.01487164663569794 0.01170758306915148
0.001076389215640215 0.01826556205158636 0.009162426161914296
0.001076389215640215 0.01811193502526609 0.006518615826837172
0.001076389215640215 0.01616493825354513 0.008089851251850836
0.007539896290746127 0.008470568684471788 0.02372335844188929
0.007539896290746127 0.006630425685627403 0.02372335844188929
0.008566618897020817 0.00713009899482131 0.02204671688377857
0.009022185066797235 0.007844486640332445 0.02372335844188929
0.009022185066797235 0.00600434364148806 0.02372335844188929
0.01112854290396278 0.02357887530831941 0.01753862065823821
0.012025 0.02166089455889813 0.0164122395522116
0.01112854290396278 0.02571391596181713 0.01627444498990854
0.012025 0.02379593521239586 0.01514806388388193
0.002618697665109122 0.01508623275822409 0.007380520647048245
0.002618697665109122 0.01703322952994505 0.005809285222034581
0.00884558600091517 0.002644977997988462 0.01648224791311573
0.01063330944851041 0.00503951686789799 0.01629104195529307
0.01091227655240476 0.002394538869909528 0.01808714311736262
0.01063330944851041 0.002644977997988462 0.0149630733755231
0.009164934355220334 0.01655932348596706 0.001750258415577228
0.01151579183191029 0.01647946698342398 0.001750258415577228
0.0094491012804207 0.01560806384677327 0.00357290326022845
0.01063330944851041 0.0135219301966826 0.001822644844651222
0.001578783879001309 0.007070373768602123 0.001836504443393091
0.001578783879001309 0.005121154071750311 0.001745091757456296
0.007696211403415182 0.02755335803126314 0.001919102652270294
0.004552392576426053 0.002644977997988462 0.009469644832688919
0.004886333830654621 0.005289955995976925 0.009165718220174313
0.002443166915327311 0.00504473818212123 0.007411121422783824
0.002443166915327311 0.00504473818212123 0.009251264887289497
0.002109225661098743 0.002399760184132768 0.00771504803529843
0.01150356589078304 0.02431760576309829 0.00181612437015415
0.01150356589078304 0.02671649465198719 0.00181612437015415
0.009750084234744515 0.001582465089285603 0.02379736747130375
0.002443166915327311 0.0128544100398527 0.01599025866551354
0.002443166915327311 0.0128544100398527 0.01783040119869664
0.004886333830654621 0.01265052706003189 0.01652628928422928
0.005092147693452166 0.01467622920574432 0.01480914113028269
0.005092147693452166 0.01467622920574432 0.01664928366346579
0.002648980778124856 0.01488011218556513 0.01611325304475005
0.008566618897020817 0.008970241993665695 0.02020657435059547
0.006726476363837719 0.008970241993665695 0.01836643181741238
0.006726476363837719 0.008970241993665695 0.02020657435059547
0.007646547630429268 0.009890313260257244 0.02112664561718702
0.00580640509724617 0.009890313260257244 0.01928650308400393
0.007646547630429268 0.009890313260257244 0.01928650308400393
0.006726476363837719 0.01265052706003189 0.01836643181741238
0.006726476363837719 0.01265052706003189 0.02020657435059547
0.004886333830654621 0.01265052706003189 0.02020657435059547
0.00580640509724617 0.01173045579344034 0.01928650308400393
0.00580640509724617 0.01173045579344034 0.02112664561718702
0.007646547630429268 0.01173045579344034 0.01928650308400393
0.00381586598080894 0.03926926371092825 0.02372335844188929
0.00402195079432862 0.03742270699245044 0.02372335844188929
0.005611211697067478 0.0389337166641868 0.02372335844188929
0.001076389215640215 0.0203696709321174 0.007953690950181547
0.0006763641716854307 0.02164570799604088 0.005711874713410189
0.007730444858200812 0.01563420338875518 0.001862387802136423
0.005061864580436433 0.01468294374956141 0.005078021120466882
0.004030265404782542 0.01518931329947927 0.003755678882690295
0.004886333830654621 0.01265052706003189 0.005485432222485542
0.004030265404782542 0.01518931329947927 0.005595821415873393
0.005061864580436433 0.01468294374956141 0.006918163653649979
0.01063330944851041 0.008181940495587792 0.005499291821227411
0.01063330944851041 0.00929697599084383 0.00704201104250411
0.01063330944851041 0.008181940495587792 0.003659149288044313
0.01063330944851041 0.00929697599084383 0.005201868509321013
0.008566618897020817 0.008970241993665695 0.005485432222485542
0.01151579183191029 0.01887835587231287 0.001750258415577228
0.01151579183191029 0.01795834962715691 0.004304167361796149
0.00580640509724617 0.03381216898560524 0.004565360955893993
0.006726476363837719 0.03473224118351936 0.003645289689302444
0.007646547630429268 0.03381216898560524 0.004565360955893993
0.00580640509724617 0.03197202552109957 0.004565360955893993
0.006726476363837719 0.03289209771901369 0.003645289689302444
0.004886333830654621 0.03289209771901369 0.003645289689302444
0.00690200711361953 0.01468294374956141 0.005078021120466882
0.00690200711361953 0.01468294374956141 0.006918163653649979
0.008566618897020817 0.01265052706003189 0.005485432222485542
0.006726476363837719 0.01265052706003189 0.005485432222485542
0.002676100610432604 0.02608022448393058 0.0232746917697898
0.001560048941321128 0.02469782938414397 0.0232746917697898
0.004432905232025946 0.03295889836953746 0.001822644844651222
0.001989738316698636 0.03124164386823594 0.001880170686852752
0.002443166915327311 0.03301498668221785 0.003702815531503974
0.002443166915327311 0.0341583428139819 0.001822644844651222
0.003928897839240639 0.04079626126229763 0.0202167518595566
0.005645929207128545 0.04079626126229763 0.02005760965330718
0.004552392576426052 0.04079626126229763 0.01791650191835726
0.002443166915327311 0.04079626126229763 0.0149630733755231
0.002443166915327311 0.03862385141556395 0.01372800621261895
0.002079394885016502 0.04100759015326631 0.01273493283709587
0.004522561800343813 0.04079626126229763 0.01369307337552309
0.009022185066797236 0.03743689561879802 0.001822644844651222
0.009140886051023759 0.03921379617301202 0.001822644844651222
0.004559833581993978 0.04079626126229763 0.02372335844188929
0.003928897839240639 0.04079626126229763 0.0220568943927397
0.005645929207128545 0.04079626126229763 0.02189775218649027
0.004522561800343813 0.002644977997988462 0.01369307337552309
0.004886333830654621 0.005289955995976925 0.01284600421786308
0.004522561800343813 0.002644977997988462 0.01185293084234
0.002079394885016502 0.002172721576510917 0.01266559667162347
0.002443166915327311 0.00481769957449938 0.01181852751396346
0.002443166915327311 0.00481769957449938 0.01365867004714656
0.01063330944851041 0.01048234321905506 0.003900143563285223
0.002443166915327311 0.03053421915707662 0.015901563446801
0.004886333830654621 0.03105195425450802 0.01652628928422928
0.002053678690792854 0.02803766332436802 0.01696217505109538
0.004496845606120165 0.02855539842179942 0.01758690088852366
0.004496845606120165 0.02855539842179942 0.01574675835534056
0.01063330944851041 0.03301498668221785 0.003702815531503974
0.01063330944851041 0.0341583428139819 0.001822644844651222
0.008734354931742142 0.03342705077246411 0.001822644844651222
0.01080104548323173 0.0317097962711626 0.001880170686852752
0.01150356589078304 0.02546377749357974 0.004120693604631333
0.001587098489455231 0.01753959907986291 0.004486942984257994
0.004432905232025943 0.01232248575223816 0.02372335844188929
0.005061864580436502 0.01468294374956139 0.02372335844188929
0.006442309438637352 0.01360178669922569 0.02372335844188929
0.01063330944851041 0.03117484321771218 0.003702815531503974
0.01063330944851041 0.02866659330217989 0.004127214079128404
0.01063330944851041 0.03117484321771218 0.005542958064687072
0.01063330944851041 0.02866659330217989 0.005967356612311502
0.008566618897020817 0.03105195425450802 0.005485432222485542
0.00884558600091517 0.04079626126229763 0.005383470307058588
0.01091227655240476 0.04147260138700722 0.005256915183779635
0.009175817080741572 0.04079626126229763 0.003425277373347475
0.01124250763223117 0.04147260138700722 0.003298722250068522
0.001989738316698633 0.01193810948450456 0.02349251298483701
0.004432905232025943 0.01048234321905506 0.02372335844188929
0.002443166915327311 0.0104260082591152 0.0218158714267263
0.002443166915327311 0.009282898774610613 0.02372335844188929
0.0007576330772127719 0.02237466900477074 0.0118189197199356
0.0007576330772127719 0.02026162214666311 0.01064669395036553
0.001045387629625948 0.02042773812353045 0.01258189872656012
0.01063330944851041 0.006884881180965615 0.007411121422783824
0.004886333830654621 0.008970241993665695 0.01284600421786308
0.004886333830654621 0.00713009899482131 0.01284600421786308
0.004886333830654621 0.00713009899482131 0.01100586168467999
0.006726476363837719 0.008970241993665695 0.01284600421786308
0.006726476363837719 0.00713009899482131 0.01284600421786308
0.006726476363837719 0.008970241993665695 0.01468614675104618
0.012025 0.02173722319482749 0.01144994505086611
0.01105888227663555 0.01976308916659553 0.01259492310837595
0.012025 0.01962417633671986 0.01027771928129605
0.01105888227663555 0.0176500423084879 0.01142269733880589
0.0009986170307434107 0.01609396068195145 0.01715616083610653
0.0009986170307434107 0.01812139948866833 0.01884494280476356
0.0009986170307434107 0.01827378052166066 0.01612180535456227
0.01063330944851041 0.03433269134325236 0.01847749118345299
0.008566618897020817 0.03289209771901369 0.01836643181741238
0.01063330944851041 0.03249254787874669 0.01847749118345299
0.01063330944851041 0.03433269134325236 0.02031763371663609
0.008566618897020817 0.03289209771901369 0.02020657435059547
0.008566618897020817 0.03473224118351936 0.02020657435059547
0.0008910873943676701 0.02495234780610185 0.005741481726630842
0.006370807073541403 0.04131745540188916 0.02357439374460099
0.002109225661098743 0.001747599801903132 0.005711805747805223
0.002443166915327311 0.004392577799891594 0.005407879135290616
0.003928897839240639 0.002644977997988462 0.005329251426983908
0.001485730923913329 0.001747599801903132 0.003411555806605883
0.002443166915327311 0.006341797496743407 0.003659149288044313
0.004021950794328619 0.006018532267835641 0.001822644844651222
0.002443166915327311 0.004392577799891594 0.003567736602107518
0.01063330944851041 0.008123508586583766 0.02189727966170451
0.01063330944851041 0.009071521050365161 0.02036429161366739
0.01063330944851041 0.0104260082591152 0.0218158714267263
0.002443166915327311 0.01488184884656959 0.01951918316735368
0.005061864580436403 0.01468294374956142 0.01854218828348493
0.002618697665109092 0.01691426553609911 0.01969493963342624
0.002618697665109092 0.01488682672938223 0.0180061576647692
0.012025 0.02173722319482749 0.01398994505086611
0.012025 0.01950396634954597 0.0152328298084462
0.004432905232025946 0.03111875490503178 0.02372335844188929
0.006894212398559043 0.03158690730795843 0.02372335844188929
0.005699753757563033 0.03313052943961507 0.02372335844188929
0.00580640509724617 0.03381216898560524 0.006405503489077091
0.004886333830654621 0.03473224118351936 0.005485432222485542
0.004886333830654621 0.03289209771901369 0.005485432222485542
0.0006763641716854307 0.01938797208918958 0.004276799590065813
0.01063330944851041 0.03053421915707662 0.015901563446801
0.01063330944851041 0.03059523049267103 0.01367446353982252
0.01063330944851041 0.02852691233964987 0.01487113725940501
0.006726476363837719 0.03473224118351936 0.02204671688377857
0.008566618897020817 0.03657238185405731 0.02204671688377857
0.006726476363837719 0.03657238185405731 0.02204671688377857
0.005699753757563033 0.03497067290412074 0.02372335844188929
0.007539896290746131 0.03681081357465869 0.02372335844188929
0.007539896290746131 0.03497067290412074 0.02372335844188929
0.004552392576426052 0.04079626126229763 0.01607635938517417
0.004886333830654621 0.03841252252459526 0.01652628928422928
0.002443166915327311 0.03839654561099018 0.01813495750785945
0.002443166915327311 0.03839654561099018 0.01629481497467635
0.002109225661098741 0.04078028434869255 0.01768502760880433
0.0009225778302439556 0.02269314303597935 0.02364965807801909
0.001560048941321128 0.02351681862788498 0.02152434984780889
0.0006763954158983607 0.02152491643064981 0.02165552963070094
0.001485730923913329 0.04147260138700722 0.003362553770521856
0.00580640509724617 0.01173045579344034 0.01376607548445463
0.007646547630429268 0.01173045579344034 0.01376607548445463
0.006726476363837719 0.01265052706003189 0.01468614675104618
0.006726476363837719 0.01081038452684879 0.01468614675104618
0.008566618897020817 0.01081038452684879 0.01468614675104618
0.007646547630429268 0.009890313260257244 0.01376607548445463
0.0008337033467134595 0.02476310028260119 0.01944937758906679
0.001560048941321128 0.02579494088154594 0.02083692488753269
0.002053678690792854 0.02612097723639181 0.01866591809756036
0.004886333830654621 0.03657238185405731 0.009165718220174313
0.002443166915327311 0.03840439578656049 0.007415739966926426
0.002443166915327311 0.03656425511602254 0.009255883431432098
0.002443166915327311 0.036783710745026 0.01188786367943585
0.002443166915327311 0.03862385141556395 0.01004772021493018
0.01108887561828683 0.03618320428805387 0.001827237408372948
0.01063330944851041 0.03531869052331316 0.00364988225302417
0.009022185066797236 0.03559675494826008 0.001822644844651222
0.008566618897020817 0.03657238185405731 0.003645289689302444
0.01112854290396302 0.01770619558729878 0.009151338175269591
0.006726476363837719 0.03841252252459526 0.003645289689302444
0.004886333830654621 0.03657238185405731 0.005485432222485542
0.006726476363837719 0.03657238185405731 0.005485432222485542
0.006726476363837719 0.03841252252459526 0.005485432222485542
0.004886333830654621 0.03657238185405731 0.00732557475566864
0.004886333830654621 0.03841252252459526 0.005485432222485542
0.008566618897020817 0.00713009899482131 0.01100586168467999
0.006726476363837719 0.008970241993665695 0.009165718220174313
0.006726476363837719 0.00713009899482131 0.009165718220174313
0.006726476363837719 0.005289955995976925 0.01100586168467999
0.004886333830654621 0.00713009899482131 0.009165718220174313
0.006726476363837719 0.00713009899482131 0.01100586168467999
0.008566618897020817 0.03289209771901369 0.02204671688377857
0.008734354931742142 0.03158690730795843 0.02372335844188929
0.008734354931742142 0.03342705077246411 0.02372335844188929
0.006894212398559043 0.03342705077246411 0.02372335844188929
0.006726476363837719 0.03289209771901369 0.02204671688377857
0.012025 0.02166289014051527 0.00430949245005188
0.012025 0.02172828521725089 0.006528984069563297
0.012025 0.02393561617492588 0.004844569234477182
0.008566618897020817 0.03105195425450802 0.009165718220174313
0.006726476363837719 0.03289209771901369 0.00732557475566864
0.006726476363837719 0.03289209771901369 0.009165718220174313
0.008566618897020817 0.03289209771901369 0.009165718220174313
0.006726476363837719 0.03473224118351936 0.00732557475566864
0.008566618897020817 0.03289209771901369 0.00732557475566864
0.008566618897020817 0.008970241993665695 0.009165718220174313
0.006726476363837719 0.008970241993665695 0.00732557475566864
0.008566618897020817 0.00713009899482131 0.009165718220174313
0.002443166915327311 0.03269863647167064 0.01076112017422648
0.002443166915327311 0.03264278820296747 0.01295859993206988
0.002443166915327311 0.03059523049267103 0.01183432100663942
0.01124250763223117 0.001747599801903132 0.003347724286152549
0.004420037353525022 0.02851517072699298 0.01159669397944872
0.00488023055766192 0.0287095854944912 0.009447160204445288
0.00243706364233461 0.02622498041447454 0.009054153151674566
0.002443166915327311 0.02856734917449135 0.01061285463190926
0.001976870438197712 0.02603056564697631 0.011203686926678
0.001372699065481629 0.003274597353272511 0.001745091757456296
0.012025 0.02166089455889813 0.01895223955221161
0.012025 0.01935158531655364 0.0204959672586475
0.012025 0.02160843368818545 0.0211096580780191
0.003815865980808939 0.004171975549357842 0.001822644844651222
0.005611211697067478 0.004507522596099297 0.001822644844651222
0.006981583310518609 0.0146661379852739 0.009036448029320321
0.009061852352473428 0.01520228278059487 0.007616406271807865
0.009061852352473428 0.01520228278059487 0.009456549736313538
0.008566618897020817 0.01265052706003189 0.009165718220174313
0.006981583310518609 0.0146661379852739 0.01087659149382599
0.01063330944851041 0.0128544100398527 0.01599025866551354
0.01063330944851041 0.01101426750666961 0.01599025866551354
0.01063330944851041 0.01075430356589796 0.01478615116000091
0.01063330944851041 0.008914161032714859 0.01478615116000091
0.01063330944851041 0.00503951686789799 0.01813118448847617
0.01063330944851041 0.00503951686789799 0.01997132702165927
0.008566618897020817 0.005289955995976925 0.02020657435059547
0.01063330944851041 0.004352747112560505 0.02018733841152272
0.01063330944851041 0.004352747112560505 0.02202748094470582
0.006174469250218081 0.01468294374956138 0.003685032646787646
0.008014611783401179 0.01468294374956138 0.003685032646787646
0.01063330944851041 0.03655640494045223 0.01813495750785945
0.01063330944851041 0.03448293166747314 0.01663888499843608
0.01063330944851041 0.03526381574401005 0.02004950495384206
0.01063330944851041 0.03526381574401005 0.02188964748702516
0.008752473177807842 0.002644977997988462 0.0136930733755231
0.006061478313585739 0.02878135819614845 0.0217240660940654
0.006061478313585739 0.02878135819614845 0.0198839235608823
0.004886333830654621 0.03105195425450802 0.02020657435059547
0.006726476363837719 0.03105195425450802 0.02020657435059547
0.006726476363837719 0.03105195425450802 0.01836643181741238
0.007901620846768837 0.02878135819614845 0.0198839235608823
0.007646547630429268 0.03381216898560524 0.01560621801763773
0.008566618897020817 0.03473224118351936 0.01468614675104618
0.007646547630429268 0.03381216898560524 0.01192593295127153
0.00580640509724617 0.03565230965614319 0.01376607548445463
0.006726476363837719 0.03657238185405731 0.01284600421786308
0.006726476363837719 0.03657238185405731 0.01652628928422928
0.01063330944851041 0.009007194454157964 0.008902301633025515
0.008566618897020817 0.01081038452684879 0.00732557475566864
0.01063330944851041 0.01113711852402693 0.00704201104250411
0.01063330944851041 0.01084733698734106 0.008902301633025515
0.001372699065481629 0.03990573494875595 0.02365511736299791
0.01063330944851041 0.03453877993617631 0.01076112017422648
0.01063330944851041 0.036783710745026 0.01188786367943585
0.01063330944851041 0.03656425511602254 0.009255883431432098
0.01081916372929743 0.04100759015326631 0.01273493283709587
0.00879316691532731 0.03862385141556395 0.01372800621261895
0.006912330644624743 0.04079626126229763 0.0136930733755231
0.008752473177807842 0.03895612059175968 0.01185293084234
0.001578783879001309 0.007011941859598097 0.02357392121981523
0.001578783879001309 0.005081323384419222 0.02370412250281654
0.0006763641716854307 0.02158031291930525 0.003492383093898772
0.008566618897020817 0.01081038452684879 0.02204671688377857
0.008566618897020817 0.01081038452684879 0.02020657435059547
0.008566618897020817 0.01265052706003189 0.02020657435059547
0.01063330944851041 0.0122661507922983 0.0218158714267263
0.01063330944851041 0.0122661507922983 0.0199757288935432
0.006184848480045459 0.01468533601483021 0.019979889142148
0.008024991013228556 0.01468533601483021 0.019979889142148
0.006902007113619501 0.01468294374956142 0.01854218828348493
0.01094796026906547 0.01729606006186541 0.01900513651492897
0.01142188699598917 0.01772314442894146 0.02121624342042741
0.009140886051023759 0.03921379617301202 0.02372335844188929
0.007451354230250576 0.0389337166641868 0.02372335844188929
0.007486071740311643 0.04079626126229763 0.02189775218649027
0.008060338894314584 0.04159753491071438 0.02357439374460099
0.007646547630429268 0.03197202552109957 0.01376607548445463
0.008566618897020817 0.03105195425450802 0.01284600421786308
0.007646547630429268 0.03197202552109957 0.01192593295127153
0.008566618897020817 0.03289209771901369 0.01100586168467999
0.008566618897020817 0.03289209771901369 0.01284600421786308
0.004886333830654621 0.03841252252459526 0.02020657435059547
0.006726476363837719 0.03841252252459526 0.02020657435059547
0.006726476363837719 0.03841252252459526 0.02204671688377857
0.006726476363837719 0.03657238185405731 0.02020657435059547
0.004886333830654621 0.03657238185405731 0.01836643181741238
0.002443166915327311 0.03904899376242296 0.0219784758048872
0.00157878387900131 0.03805917823027814 0.02365511736299791
0.01120757660251335 0.03985026741083972 0.02365511736299791
0.009750084234744515 0.04159753491071438 0.02379736747130375
0.01124250763223116 0.04143273250012533 0.02205248483430166
0.01063330944851041 0.03904899376242296 0.0219784758048872
0.009175817080741572 0.04079626126229763 0.02212072591319304
0.00157878387900131 0.03611414088240318 0.02356628904513588
0.005699753757563033 0.03497067290412074 0.001822644844651222
0.007539896290746131 0.03497067290412074 0.001822644844651222
0.005699753757563033 0.03681081357465869 0.001822644844651222
0.006726476363837719 0.03657238185405731 0.003645289689302444
0.004886333830654621 0.03657238185405731 0.003645289689302444
0.002443166915327311 0.0329859417427441 0.02166254501032634
0.002443166915327311 0.03433269134325236 0.02031763371663609
0.01063330944851041 0.03264278820296747 0.01479874246525298
0.009713238181918859 0.03356285946955902 0.01387867119866143
0.008566618897020817 0.03289209771901369 0.01652628928422928
0.009022185066797236 0.03559675494826008 0.02372335844188929
0.009022185066797236 0.03743689561879802 0.02372335844188929
0.01091227655240476 0.04143273250012533 0.02009429190059055
0.00884558600091517 0.04079626126229763 0.02016253297948192
0.00580640509724617 0.03197202552109957 0.01376607548445463
0.006726476363837719 0.03105195425450802 0.01468614675104618
0.006726476363837719 0.03289209771901369 0.01652628928422928
0.004886333830654621 0.03289209771901369 0.01652628928422928
0.00580640509724617 0.03381216898560524 0.01560621801763773
0.0115137562233806 0.02312330948638309 0.02189587423832476
0.012025 0.02160843368818545 0.02364965807801909
0.002858429989394957 0.001526997551369379 0.001666464049149587
0.003928897839240639 0.002644977997988462 0.00348910889380081
0.004653775705653496 0.001862544598110834 0.001666464049149587
0.008566618897020817 0.03657238185405731 0.009165718220174313
0.006726476363837719 0.03473224118351936 0.009165718220174313
0.006726476363837719 0.03657238185405731 0.00732557475566864
0.008566618897020817 0.03657238185405731 0.00732557475566864
0.008566618897020817 0.03473224118351936 0.009165718220174313
0.00884558600091517 0.002644977997988462 0.01832239044629883
0.01091227655240476 0.001707769114572043 0.02014329704040917
0.00402195079432862 0.03558256632191249 0.001822644844651222
0.002443166915327311 0.03531869052331316 0.00364988225302417
0.00157878387900131 0.03616901566170629 0.001827237408372948
0.001372699065481629 0.03994560383563783 0.001696089721372269
0.0008337033467134595 0.02467247955315064 0.01671520835520583
0.0008337033467134595 0.02253743889965292 0.0179793840235355
0.007980378328615536 0.0287658583277269 0.003741747496921516
0.007980378328615536 0.0287658583277269 0.005581890030104614
0.006726476363837719 0.03105195425450802 0.005485432222485542
0.006140235795432438 0.0287658583277269 0.003741747496921516
0.006726476363837719 0.03105195425450802 0.003645289689302444
0.007760239368424856 0.02880267781900966 0.008936818430925798
0.009061852352473192 0.02823895787667529 0.007616406271807708
0.009061852352473192 0.02823895787667529 0.00945654973631338
0.007760239368424856 0.02880267781900966 0.01077696189543147
0.01063330944851041 0.0135219301966826 0.02372335844188929
0.01142188699598917 0.01636322577905447 0.02358027616177992
0.009355196444499583 0.01549182264240376 0.02190363460366921
0.00828245197182045 0.01360178669922569 0.02372335844188929
0.009071029519299216 0.01644308228159756 0.02358027616177992
0.002443166915327311 0.03269863647167064 0.008920976709720809
0.004886333830654621 0.03289209771901369 0.00732557475566864
0.002443166915327311 0.03453877993617631 0.008920976709720809
0.004886333830654621 0.03289209771901369 0.009165718220174313
0.004886333830654621 0.03105195425450802 0.009165718220174313
0.01063330944851041 0.01500081284041553 0.006216696324053242
0.01063330944851041 0.01232248575223816 0.005740286096468321
0.01063330944851041 0.01305381606869457 0.007787931749066905
0.001485730923913329 0.04143273250012533 0.02198865331384833
0.002443166915327311 0.03904899376242296 0.0201383332717041
0.007646547630429268 0.03197202552109957 0.004565360955893993
0.007646547630429268 0.03197202552109957 0.006405503489077091
0.007646547630429268 0.03381216898560524 0.006405503489077091
0.008566618897020817 0.03289209771901369 0.005485432222485542
0.008566618897020817 0.03289209771901369 0.003645289689302444
0.008566618897020817 0.03473224118351936 0.005485432222485542
0.01063330944851041 0.03840439578656049 0.007415739966926426
0.01063330944851041 0.03715883119385111 0.005490024786207268
0.01063330944851041 0.03531869052331316 0.005490024786207268
0.01063330944851041 0.03656425511602254 0.007415739966926426
0.00879316691532731 0.03839654561099018 0.01813495750785945
0.006726476363837719 0.03657238185405731 0.01836643181741238
0.00879316691532731 0.03839654561099018 0.01629481497467635
0.009968311398258429 0.02634693701074085 0.02096294076991901
0.01112854290396278 0.02580453669126768 0.0190086142237695
0.009061852352473193 0.02823895787667529 0.0179295970147328
0.01063330944851041 0.02861753306910041 0.01944544902644908
0.01063330944851041 0.01488184884656959 0.01951918316735368
0.01063330944851041 0.0128544100398527 0.01783040119869664
0.002443166915327311 0.00628336558773938 0.02189727966170451
0.002443166915327311 0.004352747112560505 0.02202748094470582
0.004021950794328619 0.006018532267835641 0.02372335844188929
0.004059442410680544 0.01516568482384582 0.02002082810657
0.004059442410680544 0.01516568482384582 0.0218609706397531
0.005061864580436403 0.01468294374956142 0.02038233081666803
0.006442309438637365 0.02983945395804426 0.02372335844188929
0.008024991013228556 0.01468533601483021 0.0218200316753311
0.006184848480045459 0.01468533601483021 0.0218200316753311
0.006726476363837719 0.01265052706003189 0.02204671688377857
0.00774082408802819 0.015636595654024 0.02349667323344182
0.002443166915327311 0.008123508586583766 0.02189727966170451
0.01063330944851041 0.03254708995402814 0.005176676916325658
0.01063330944851041 0.03438723341853381 0.005176676916325658
0.01063330944851041 0.03438723341853381 0.007016819449508755
0.01105726000000013 0.0237126166473831 0.01271994505086611
0.002443166915327311 0.03656425511602254 0.007415739966926426
0.004886333830654621 0.03473224118351936 0.009165718220174313
0.006726476363837719 0.005289955995976925 0.01468614675104618
0.008566618897020817 0.00713009899482131 0.01468614675104618
0.006726476363837719 0.00713009899482131 0.01468614675104618
0.006726476363837719 0.005289955995976925 0.01652628928422928
0.008566618897020817 0.00713009899482131 0.01652628928422928
0.008566618897020817 0.005289955995976925 0.01652628928422928
0.00488023055766192 0.0287095854944912 0.007607016739939616
0.005920096835241758 0.02880267781900966 0.008936818430925798
0.006726476363837719 0.03105195425450802 0.00732557475566864
0.006720373090845018 0.0287095854944912 0.007607016739939616
0.004021950794328619 0.007858675266680026 0.02372335844188929
0.002443166915327311 0.03715883119385111 0.005490024786207268
0.002443166915327311 0.03531869052331316 0.005490024786207268
0.01112854290396302 0.01560557178925755 0.008078763265206131
0.01063330944851041 0.01515443986673581 0.01070065012363604
0.01063330944851041 0.01305381606869457 0.009628075213572578
0.008566618897020817 0.01081038452684879 0.01836643181741238
0.006726476363837719 0.01081038452684879 0.01836643181741238
0.002443166915327311 0.007074018033870474 0.01478615116000091
0.002443166915327311 0.007074018033870474 0.01294600862681781
0.006894212398559037 0.01001419081612841 0.02372335844188929
0.004886333830654621 0.01081038452684879 0.02204671688377857
0.006894212398559037 0.01185433334931151 0.02372335844188929
0.01063330944851041 0.006341797496743407 0.003659149288044313
0.008566618897020817 0.00713009899482131 0.005485432222485542
0.01063330944851041 0.00504473818212123 0.005570978889600726
0.002443166915327311 0.00503951686789799 0.01629104195529307
0.002443166915327311 0.002644977997988462 0.0149630733755231
0.004552392576426052 0.002644977997988462 0.01607635938517417
0.002109225661098741 0.002394538869909528 0.01768125458942105
0.01063330944851041 0.03254708995402814 0.007016819449508755
0.01151579183191029 0.02015069045727259 0.003519750865629108
0.002443166915327311 0.01305381606869457 0.007787931749066905
0.002443166915327311 0.01113711852402693 0.00704201104250411
0.002443166915327311 0.01084733698734106 0.008902301633025515
0.006392535109609151 0.04079626126229763 0.007629501368183246
0.004552392576426053 0.04079626126229763 0.007629501368183246
0.006726476363837719 0.03841252252459526 0.00732557475566864
0.008752473177807842 0.04079626126229763 0.01001278737783433
0.006912330644624743 0.04079626126229763 0.01001278737783433
0.001989738316698633 0.01199444444444442 0.002077498718634001
0.0008910873943676701 0.02267962177169124 0.00520640494220554
0.002443166915327311 0.03438723341853381 0.007016819449508755
0.005699753757563029 0.008470568684471788 0.02372335844188929
0.002443166915327311 0.01305381606869457 0.009628075213572578
0.002443166915327311 0.01285603571045593 0.01183685326000547
0.002443166915327311 0.01084733698734106 0.01074244509753119
0.007005443467732072 0.04079626126229763 0.01832239044629883
0.007005443467732072 0.04079626126229763 0.01648224791311573
0.01091227655240476 0.04078028434869255 0.0180909161367459
0.01063330944851041 0.0341583428139819 0.02372335844188929
0.01142188699598917 0.01876211466794336 0.02358027616177992
0.01142188699598917 0.01997999280057326 0.02182993423979901
0.006726476363837719 0.03105195425450802 0.02204671688377857
0.00580640509724617 0.03197202552109957 0.02112664561718702
0.007646547630429268 0.03197202552109957 0.02112664561718702
0.008566618897020817 0.03105195425450802 0.02020657435059547
0.007646547630429268 0.03197202552109957 0.01928650308400393
0.01063330944851041 0.03839654561099018 0.01997510004104255
0.01063330944851041 0.037103956414548 0.02188964748702516
0.005141440777335511 0.0146661379852739 0.009036448029320321
0.006726476363837719 0.01265052706003189 0.00732557475566864
0.0009986170307434107 0.02043070873101282 0.01730121509832768
0.002443166915327311 0.02866659330217989 0.005967356612311502
0.002443166915327311 0.03065931137043354 0.007714397720002203
0.002443166915327311 0.03117484321771218 0.005542958064687072
0.0115137562233806 0.02540143174004404 0.02120844927804856
0.006370807073541402 0.04131745540188916 0.001825606255399009
0.008060338894314584 0.04159753491071438 0.001825606255399009
0.01112854290396278 0.02772122277924389 0.01730487117730452
0.004420037353525022 0.02851517072699298 0.01343683651263182
0.004886333830654621 0.03105195425450802 0.01284600421786308
0.001976870438197712 0.02805844696515599 0.01242515330140815
0.002443166915327311 0.03059523049267103 0.01367446353982252
0.006726476363837719 0.008970241993665695 0.01100586168467999
0.004886333830654621 0.008970241993665695 0.009165718220174313
0.006726476363837719 0.01081038452684879 0.009165718220174313
0.006726476363837719 0.01081038452684879 0.00732557475566864
0.008566618897020817 0.01081038452684879 0.009165718220174313
0.0007576330772127719 0.02443338102233911 0.01297703855295141
0.0007668363556119543 0.02446731279755021 0.01481631717083858
0.0007668363556119543 0.02240860077998184 0.01365819833782277
0.009152708414093099 0.02663663814944411 0.00181612437015415
0.01034914252331005 0.02745409300571613 0.002304569234477182
0.003559218584438761 0.01453842398578492 0.02372335844188929
0.01063330944851041 0.01285603571045593 0.01183685326000547
0.007451354230250576 0.004507522596099297 0.001822644844651222
0.007539896290746127 0.006630425685627403 0.001822644844651222
0.005699753757563029 0.006630425685627403 0.001822644844651222
0.006726476363837719 0.005289955995976925 0.003645289689302444
0.002443166915327311 0.02991931046058734 0.001822644844651222
0.002443166915327311 0.03117484321771218 0.003702815531503974
0.001116051669111476 0.02902570563468922 0.001880170686852752
0.003559218584438786 0.02890281667148505 0.001822644844651222
0.005061864580436502 0.01468294374956139 0.001822644844651222
0.008566618897020817 0.00713009899482131 0.003645289689302444
0.009022185066797235 0.007844486640332445 0.001822644844651222
0.009022185066797235 0.00600434364148806 0.001822644844651222
0.007539896290746127 0.008470568684471788 0.001822644844651222
0.001976870438197712 0.02599012881213483 0.01362182702099065
0.002443166915327311 0.02852691233964987 0.01487113725940501
0.006140235795432438 0.0287658583277269 0.005581890030104614
0.008734354931742135 0.01185433334931151 0.02372335844188929
0.002443166915327311 0.008914161032714859 0.01478615116000091
0.002443166915327311 0.008914161032714859 0.01294600862681781
0.004886333830654621 0.03841252252459526 0.01100586075335741
0.004522561800343813 0.04079626126229763 0.01001278737783432
0.009826929919914448 0.02631807273899299 0.01038395484266075
0.01112854290396278 0.02575435279665862 0.009063542683542657
0.01063330944851041 0.02856734917449135 0.01061285463190926
0.003559218584438786 0.02890281667148505 0.02372335844188929
0.002443166915327311 0.02991931046058734 0.02372335844188929
0.00402195079432862 0.03558256632191249 0.02372335844188929
0.002443166915327311 0.0341583428139819 0.02372335844188929
0.005699753757563033 0.03681081357465869 0.02372335844188929
0.002443166915327311 0.006657842573343765 0.01181852751396346
0.002443166915327311 0.009007194454157964 0.01074244509753119
0.002443166915327311 0.01113711852402693 0.005201868509321013
0.002443166915327311 0.01232248575223816 0.005740286096468321
0.002443166915327311 0.01232248575223816 0.003900143563285223
0.002443166915327311 0.04079626126229763 0.0193432159087062
0.006726476363837719 0.005289955995976925 0.009165718220174313
0.004886333830654621 0.00713009899482131 0.00732557475566864
0.005699753757563029 0.006630425685627403 0.02372335844188929
0.005611211697067478 0.004507522596099297 0.02372335844188929
0.006726476363837719 0.005289955995976925 0.02204671688377857
0.007451354230250576 0.004507522596099297 0.02372335844188929
0.002703150158566682 0.0170772102252323 0.001933034038039073
0.001587098489455231 0.01845960532501887 0.001933034038039073
0.00111605166911145 0.01688870976616857 0.002553908946218921
0.001587098489455231 0.01606071643612998 0.001933034038039073
0.008566618897020817 0.008970241993665695 0.01284600421786308
0.01063330944851041 0.01488184884656959 0.02135932570053677
0.012025 0.0238865559418464 0.0204222331177429
0.001989738316698636 0.03121259892876219 0.02333918656843705
0.008566618897020817 0.008970241993665695 0.01652628928422928
0.006726476363837719 0.008970241993665695 0.01652628928422928
0.008566618897020817 0.01081038452684879 0.01652628928422928
0.01063330944851041 0.00628336558773938 0.02189727966170451
0.01063330944851041 0.005043866886877346 0.02372335844188929
0.001616275495353233 0.01843597684938542 0.02353761219786381
0.002732327164464684 0.01705358174959885 0.02353761219786381
0.006912330644624743 0.002644977997988462 0.0136930733755231
0.006912330644624743 0.002644977997988462 0.01185293084234
0.008566618897020817 0.01081038452684879 0.005485432222485542
0.01063330944851041 0.006657842573343765 0.01181852751396346
0.01063330944851041 0.008914161032714859 0.01294600862681781
0.01063330944851041 0.009007194454157964 0.01074244509753119
0.002443166915327311 0.00628336558773938 0.02005713712852141
0.002443166915327311 0.00503951686789799 0.01813118448847617
0.002443166915327311 0.007231378051520776 0.01852414908048429
0.008014611783401179 0.01468294374956138 0.005525175179970743
0.01008130233489077 0.01703322952994503 0.004416296748355345
0.01112854290396302 0.01755256856097851 0.006507527840192467
0.002443166915327311 0.004352747112560505 0.02018733841152272
0.003928897839240639 0.002644977997988462 0.0202167518595566
0.001485730923913329 0.001707769114572043 0.02203765845366695
0.002109225661098741 0.001707769114572043 0.01973740851246761
0.004552392576426052 0.002644977997988462 0.01791650191835726
0.004886333830654621 0.01081038452684879 0.003645289689302444
0.002443166915327311 0.00929697599084383 0.005201868509321013
0.002443166915327311 0.01048234321905506 0.003900143563285223
0.002443166915327311 0.03655640494045223 0.01813495750785945
0.002443166915327311 0.037103956414548 0.02004950495384206
0.006726476363837719 0.008970241993665695 0.02204671688377857
0.008734354931742135 0.01001419081612841 0.02372335844188929
0.002443166915327311 0.009282898774610613 0.001822644844651222
0.004432905232025943 0.01048234321905506 0.001822644844651222
0.007617453921568484 0.02756885789968469 0.02340070765217611
0.01063330944851041 0.03908886264930485 0.005358877099206589
0.008566618897020817 0.03841252252459526 0.005485432222485542
0.01063330944851041 0.03840439578656049 0.005575597433743328
0.01063330944851041 0.03114579827823843 0.01982240247714324
0.01063330944851041 0.03053421915707662 0.0177417059799841
0.006894212398559043 0.03342705077246411 0.001822644844651222
0.004886333830654621 0.01081038452684879 0.01100586168467999
0.004886333830654621 0.01081038452684879 0.009165718220174313
0.006726476363837719 0.01265052706003189 0.009165718220174313
0.002443166915327311 0.03453877993617631 0.01076112017422648
0.007901620846768837 0.02878135819614845 0.0217240660940654
0.002443166915327311 0.03715883119385111 0.00364988225302417
0.002443166915327311 0.03231819934947623 0.02372335844188929
0.002443166915327311 0.03114579827823843 0.02166254501032634
0.004886333830654621 0.03289209771901369 0.02204671688377857
0.01063330944851041 0.03264278820296747 0.01295859993206988
0.01063330944851041 0.03448293166747314 0.01295859993206988
0.007646547630429268 0.03381216898560524 0.01928650308400393
0.00580640509724617 0.03381216898560524 0.01928650308400393
0.006726476363837719 0.03289209771901369 0.01836643181741238
0.006726476363837719 0.03473224118351936 0.01836643181741238
0.006726476363837719 0.03841252252459526 0.01100586075335741
0.004432905232025946 0.03111875490503178 0.001822644844651222
0.009175817080741572 0.002644977997988462 0.003425277373347475
0.00884558600091517 0.002644977997988462 0.005383470307058588
0.007486071740311642 0.002644977997988462 0.003648251100050231
0.00580640509724617 0.01173045579344034 0.006405503489077091
0.007646547630429268 0.01173045579344034 0.006405503489077091
0.00580640509724617 0.01173045579344034 0.004565360955893993
0.006894212398559037 0.01001419081612841 0.001822644844651222
0.005699753757563029 0.008470568684471788 0.001822644844651222
0.008734354931742135 0.01001419081612841 0.001822644844651222
0.006726476363837719 0.008970241993665695 0.003645289689302444
0.009140886051023761 0.004227443087274066 0.001822644844651222
0.01063330944851041 0.005043866886877346 0.001822644844651222
0.01063330944851041 0.004392577799891594 0.003567736602107518
0.01120757660251335 0.003330064891188735 0.001745091757456296
0.006932290226635264 0.01467622920574432 0.01664928366346579
0.008566618897020817 0.01265052706003189 0.01652628928422928
0.006726476363837719 0.01265052706003189 0.01652628928422928
0.01080104548323173 0.01152629204151777 0.002077498718634001
0.01063330944851041 0.01232248575223816 0.003900143563285223
0.004886333830654621 0.008970241993665695 0.005485432222485542
0.002443166915327311 0.00929697599084383 0.00704201104250411
0.004886333830654621 0.01081038452684879 0.005485432222485542
0.01063330944851041 0.01113711852402693 0.005201868509321013
0.006726476363837719 0.03473224118351936 0.005485432222485542
0.00243706364233461 0.02632422454216308 0.006248798596582478
0.00243706364233461 0.02831694261041673 0.007995839704273179
0.01063330944851041 0.01285603571045593 0.01367699579318857
0.01063330944851041 0.01101589317727283 0.01367699579318857
0.0009225778302439434 0.02052372434039157 0.02364965807801909
0.01063330944851041 0.01101426750666961 0.01783040119869664
0.0008337033467134595 0.02248497802894023 0.02013680254934299
0.01091227655240476 0.002399760184132768 0.00730915950735687
0.008566618897020817 0.00713009899482131 0.01836643181741238
0.006726476363837719 0.00713009899482131 0.01836643181741238
0.01108887561828683 0.007056185142254543 0.001836504443393091
0.002648980778124856 0.01705993202527435 0.01507889756320579
0.002618697665109092 0.01706664656909145 0.01697180218322494
0.01063330944851041 0.01101589317727283 0.01183685326000547
0.008566618897020817 0.01081038452684879 0.01100586168467999
0.01063330944851041 0.01084733698734106 0.01074244509753119
0.002858429989394957 0.04165300244863062 0.02373353595085041
0.007486071740311642 0.04079626126229763 0.003648251100050231
0.002443166915327311 0.01101426750666961 0.01599025866551354
0.002443166915327311 0.01101426750666961 0.01783040119869664
0.004886333830654621 0.008970241993665695 0.01652628928422928
0.002443166915327311 0.008914161032714859 0.01662629369318401
0.01063330944851041 0.01091166358354826 0.01852414908048429
0.002443166915327311 0.008123508586583766 0.02005713712852141
0.002443166915327311 0.009071521050365161 0.01852414908048429
0.002443166915327311 0.009071521050365161 0.02036429161366739
0.004886333830654621 0.008970241993665695 0.02020657435059547
0.006392535109609149 0.002644977997988462 0.01607635938517417
0.01063330944851041 0.00628336558773938 0.02005713712852141
0.00580640509724617 0.03381216898560524 0.01192593295127153
0.004886333830654621 0.03289209771901369 0.01284600421786308
0.004886333830654621 0.03289209771901369 0.01100586168467999
0.00580640509724617 0.03197202552109957 0.01192593295127153
0.008566618897020817 0.01081038452684879 0.003645289689302444
0.01094796026906547 0.0196053693042099 0.01746140880849308
0.002443166915327311 0.002644977997988462 0.01058293084234
0.006726476363837719 0.008970241993665695 0.005485432222485542
0.004886333830654621 0.00713009899482131 0.003645289689302444
0.004886333830654621 0.00713009899482131 0.005485432222485542
0.006726476363837719 0.00713009899482131 0.003645289689302444
0.002443166915327311 0.01500081284041553 0.006216696324053242
0.001646224901683428 0.02591370785600822 0.004165733138880185
0.001646224901683428 0.02364098182159761 0.003630656354454882
0.001646224901683428 0.02476753612552678 0.001861163904403003
0.007646547630429268 0.01173045579344034 0.004565360955893993
0.012025 0.02166289014051527 0.00176949245005188
0.002443166915327311 0.03264278820296747 0.01479874246525298
0.005747625434732998 0.02881762297553792 0.01454401322421673
0.005747625434732998 0.02881762297553792 0.01270387069103364
0.002443166915327311 0.03438723341853381 0.005176676916325658
0.006726476363837719 0.03473224118351936 0.01100586168467999
0.006726476363837719 0.03657238185405731 0.009165718220174313
0.008992191725145954 0.01514612950178398 0.01172790889984984
0.007646547630429268 0.01173045579344034 0.01192593295127153
0.006726476363837719 0.01265052706003189 0.01284600421786308
0.008566618897020817 0.01265052706003189 0.01284600421786308
0.002443166915327311 0.01503422987956192 0.01495590318396928
0.002443166915327311 0.01285603571045593 0.01367699579318857
0.004886333830654621 0.01081038452684879 0.00732557475566864
0.00580640509724617 0.009890313260257244 0.006405503489077091
0.006726476363837719 0.005289955995976925 0.005485432222485542
0.008566618897020817 0.005289955995976925 0.007325575686991215
0.00884558600091517 0.002644977997988462 0.009063756304747358
0.012025 0.02383637204723734 0.01018992378956927
0.002648980778124856 0.01488173785616835 0.01379999017242507
0.005645929207128545 0.002644977997988462 0.02189775218649027
0.006370807073541402 0.001862544598110834 0.02357439374460099
0.007486071740311643 0.002644977997988462 0.02189775218649027
0.0007668363556119543 0.02233227214405249 0.01608049283916826
0.005141440777335511 0.0146661379852739 0.01271673402700909
0.006981583310518609 0.0146661379852739 0.01271673402700909
0.004003215856648438 0.02822936206695354 0.02159805021167909
0.004003215856648438 0.02822936206695354 0.01975790767849599
0.002443166915327311 0.03264278820296747 0.01663888499843608
0.002443166915327311 0.03448293166747314 0.01663888499843608
0.004886333830654621 0.03289209771901369 0.01836643181741238
0.002443166915327311 0.03433269134325236 0.01847749118345299
0.006726476363837719 0.03105195425450802 0.01100586168467999
0.006726476363837719 0.03289209771901369 0.01100586168467999
0.01063330944851041 0.02991931046058734 0.001822644844651222
0.008282451971820464 0.02983945395804426 0.001822644844651222
0.001587098489455231 0.01486127199168554 0.004010532756673074
0.007646547630429268 0.03381216898560524 0.02112664561718702
0.01094796026906547 0.01744844109485774 0.01628199906472767
0.01105888227663555 0.01752983232131401 0.01383780786595604
0.01063330944851041 0.01503422987956192 0.01495590318396928
0.006370807073541401 0.001862544598110834 0.001825606255399009
0.008060338894314586 0.001582465089285603 0.001825606255399009
0.009750084234744518 0.001582465089285603 0.001602632528696253
0.008566618897020817 0.03657238185405731 0.02020657435059547
0.002443166915327311 0.008181940495587792 0.003659149288044313
0.002443166915327311 0.008181940495587792 0.005499291821227411
0.007539896290746131 0.03681081357465869 0.001822644844651222
0.006726476363837719 0.03473224118351936 0.02020657435059547
0.001372699065481629 0.003234766665941422 0.02370412250281654
0.01063330944851041 0.002644977997988462 0.01058293084234
0.01063330944851041 0.00504473818212123 0.009251264887289497
0.002443166915327311 0.006341797496743407 0.005499291821227411
0.004886333830654621 0.005289955995976925 0.005485432222485542
0.01063330944851041 0.03453877993617631 0.008920976709720809
0.008282451971820464 0.02983945395804426 0.02372335844188929
0.009447065671891009 0.02783585292545165 0.02196957460219496
0.009162898746690656 0.02662335262898789 0.02364621616030567
0.005061864580436526 0.02875829690770857 0.02372335844188929
0.00111605166911145 0.01676974577232263 0.02303596725864749
0.001560048941321128 0.02832320609068395 0.02121387833822685
0.001116051669111476 0.02899666069521546 0.02333918656843705
0.006726476363837719 0.01081038452684879 0.02204671688377857
0.009061852352473193 0.02823895787667529 0.0160894544815497
0.008990569448510542 0.02829637057980963 0.01369307337552309
0.001616275495353233 0.01739700661038352 0.0211735794565113
0.007646547630429268 0.009890313260257244 0.004565360955893993
0.007646547630429268 0.009890313260257244 0.006405503489077091
0.01063330944851041 0.03839737237340874 0.02372335844188929
0.006726476363837719 0.03105195425450802 0.01284600421786308
0.00157878387900131 0.03809904711716003 0.001696089721372269
0.002443166915327311 0.03908886264930485 0.003518734566023491
0.00381586598080894 0.03926926371092825 0.001822644844651222
0.00402195079432862 0.03742270699245044 0.001822644844651222
0.004886333830654621 0.03657238185405731 0.01652628928422928
0.003928897839240639 0.04079626126229763 0.005329251426983908
0.002443166915327311 0.04079626126229763 0.006202787377834321
0.01004706888010513 0.02638049737539877 0.004223671886747477
0.012025 0.01947054931039959 0.005093908946218922
0.01063330944851041 0.03249254787874669 0.02031763371663609
0.01063330944851041 0.03114579827823843 0.02166254501032634
0.01063330944851041 0.0329859417427441 0.02166254501032634
0.002443166915327311 0.007456832991999444 0.00704201104250411
0.002443166915327311 0.007167051455313579 0.008902301633025515
0.002443166915327311 0.007167051455313579 0.01074244509753119
0.01124250763223116 0.001707769114572043 0.02210148997412029
0.01120757660251335 0.003290234203857646 0.02370412250281654
0.006726476363837719 0.00713009899482131 0.02204671688377857
0.004886333830654621 0.005289955995976925 0.02020657435059547
0.004886333830654621 0.00713009899482131 0.01836643181741238
0.004886333830654621 0.00713009899482131 0.02020657435059547
0.006726476363837719 0.00713009899482131 0.02020657435059547
0.006726476363837719 0.005289955995976925 0.02020657435059547
0.004886333830654621 0.005289955995976925 0.01652628928422928
0.004886333830654621 0.00713009899482131 0.01652628928422928
0.002443166915327311 0.007074018033870474 0.01662629369318401
0.002443166915327311 0.0135219301966826 0.001822644844651222
0.004432905232025943 0.01232248575223816 0.001822644844651222
0.004432905232025946 0.03295889836953746 0.02372335844188929
0.006726476363837719 0.03105195425450802 0.01652628928422928
0.005920096835241758 0.02880267781900966 0.01077696189543147
0.001116051669111476 0.02651745571915692 0.002304569234477182
0.002762276570794903 0.02614993122531338 0.001861163904403003
0.004021950794328619 0.007858675266680026 0.001822644844651222
0.005611211697067478 0.0389337166641868 0.001822644844651222
0.006726476363837719 0.00713009899482131 0.01652628928422928
0.007646547630429268 0.01173045579344034 0.02112664561718702
0.004886333830654621 0.01265052706003189 0.01284600421786308
0.00580640509724617 0.01173045579344034 0.01192593295127153
0.00580640509724617 0.009890313260257244 0.01376607548445463
0.004886333830654621 0.01081038452684879 0.01284600421786308
0.004886333830654621 0.01081038452684879 0.01468614675104618
0.01063330944851041 0.03059523049267103 0.01183432100663942
0.002443166915327311 0.03908886264930485 0.005358877099206589
0.01063330944851041 0.03269863647167064 0.01076112017422648
0.008990569448510542 0.02829637057980963 0.01185293084234
0.005645929207128544 0.002644977997988462 0.003648251100050231
0.003559218584438761 0.01453842398578492 0.001822644844651222
0.01063330944851041 0.03264278820296747 0.01663888499843608
0.01112854290396278 0.02784631499260081 0.008005229236141272
0.01112854290396278 0.02585359692434716 0.006258188128450571
0.01063330944851041 0.008914161032714859 0.01662629369318401
0.01063330944851041 0.007074018033870474 0.01662629369318401
0.01063330944851041 0.009071521050365161 0.01852414908048429
0.01063330944851041 0.008123508586583766 0.02005713712852141
0.009140886051023761 0.004227443087274066 0.02372335844188929
0.008060338894314588 0.001582465089285603 0.02357439374460099
0.004886333830654621 0.00713009899482131 0.02204671688377857
0.01063330944851041 0.009282898774610613 0.02372335844188929
0.01108887561828683 0.006997753233250515 0.02357392121981523
0.002053678690792854 0.02603035650694126 0.0159317488636994
0.01063330944851041 0.00481769957449938 0.01365867004714656
0.01063330944851041 0.02991931046058734 0.02372335844188929
0.0115137562233806 0.02670320913153097 0.02364621616030567
0.01063330944851041 0.02861753306910041 0.02128559155963218
0.005645929207128545 0.002644977997988462 0.02005760965330718
0.01094796026906547 0.01526862125514853 0.01731635454627193
0.006726476363837719 0.005289955995976925 0.01836643181741238
0.01063330944851041 0.03862385141556395 0.01004772021493018
0.002443166915327311 0.03632307233801109 0.01479874246525298
0.00580640509724617 0.03381216898560524 0.02112664561718702
0.002443166915327311 0.0104260082591152 0.0199757288935432
0.002698273862008201 0.01506942699393658 0.009498805022718586
0.008566618897020817 0.03105195425450802 0.01652628928422928
0.004886333830654621 0.01081038452684879 0.01836643181741238
0.006726476363837719 0.01081038452684879 0.01652628928422928
0.01063330944851041 0.0104260082591152 0.0199757288935432
0.007587767967916096 0.02881762297553792 0.01638415575739983
0.005747625434732998 0.02881762297553792 0.01638415575739983
0.01112854290396278 0.02364626596667217 0.007942602963536684
0.012025 0.02172828521725089 0.009068984069563298
0.007587767967916096 0.02881762297553792 0.01454401322421673
0.007486071740311642 0.04079626126229763 0.00548839363323333
0.005645929207128544 0.04079626126229763 0.00548839363323333
0.004886333830654621 0.01265052706003189 0.009165718220174313
0.008566618897020817 0.00713009899482131 0.01284600421786308
0.006726476363837719 0.01265052706003189 0.01100586168467999
0.00580640509724617 0.009890313260257244 0.01192593295127153
0.002443166915327311 0.03249254787874669 0.02031763371663609
0.008566618897020817 0.03657238185405731 0.005485432222485542
0.003928897839240639 0.002644977997988462 0.0220568943927397
0.01063330944851041 0.00481769957449938 0.01181852751396346
0.008752473177807842 0.002644977997988462 0.01185293084234
0.01081916372929743 0.002172721576510917 0.01266559667162347
0.006392535109609151 0.002644977997988462 0.009469644832688919
0.00580640509724617 0.009890313260257244 0.004565360955893993
0.01063330944851041 0.007167051455313579 0.01074244509753119
0.006726476363837719 0.00713009899482131 0.005485432222485542
0.005141440777335511 0.0146661379852739 0.01087659149382599
0.008566618897020817 0.005289955995976925 0.01284600421786308
0.002109225661098743 0.04078813452426286 0.007719666579441033
0.01105888227663555 0.01535163815220802 0.01255890047517532
0.006726476363837719 0.01081038452684879 0.003645289689302444
0.003928897839240639 0.04079626126229763 0.00348910889380081
0.006726476363837719 0.005289955995976925 0.01284600421786308
0.002443166915327311 0.01101589317727283 0.01183685326000547
0.0009986170307434107 0.02050703736694218 0.01487892059698219
0.006726476363837719 0.01081038452684879 0.01100586168467999
0.002443166915327311 0.01488184884656959 0.02135932570053677
0.002443166915327311 0.03065931137043354 0.009554541184507876
0.008881269717575876 0.01506473827532771 0.01785238516498766
0.0006763641716854307 0.02030797833434553 0.001722890643846892
0.0006763641716854307 0.02270686722323442 0.001722890643846892
0.001116051669111476 0.02646839548607745 0.02296223311774289
0.01063330944851041 0.007074018033870474 0.01294600862681781
0.01091227655240476 0.001747599801903132 0.005305917219863662
0.01080104548323173 0.01146995708157791 0.02349251298483701
0.01063330944851041 0.007074018033870474 0.01478615116000091
0.008566618897020817 0.00713009899482131 0.02020657435059547
0.00580640509724617 0.009890313260257244 0.02112664561718702
0.004653775705653496 0.001862544598110834 0.02373353595085041
0.004886333830654621 0.00713009899482131 0.01468614675104618
0.01091227655240476 0.04078813452426286 0.007313778051499472
0.01063330944851041 0.006879659866742376 0.01813118448847617
0.002443166915327311 0.01075430356589796 0.01478615116000091
0.008566618897020817 0.01081038452684879 0.01284600421786308
0.002443166915327311 0.03448293166747314 0.01295859993206988
0.002443166915327311 0.03254708995402814 0.007016819449508755
0.004886333830654621 0.03105195425450802 0.005485432222485542
0.002443166915327311 0.03254708995402814 0.005176676916325658
0.01063330944851041 0.03269863647167064 0.008920976709720809
0.01063330944851041 0.03065931137043354 0.007714397720002203
0.01063330944851041 0.03065931137043354 0.009554541184507876
0.004886333830654621 0.01081038452684879 0.01652628928422928
0.01112854290396302 0.01981030446782982 0.007942602963536841
0.002443166915327311 0.01101589317727283 0.01367699579318857
0.002443166915327311 0.01515443986673581 0.01070065012363604
0.004886333830654621 0.03289209771901369 0.02020657435059547
0.00580640509724617 0.03197202552109957 0.01928650308400393
0.006726476363837719 0.03105195425450802 0.009165718220174313
0.002443166915327311 0.009007194454157964 0.008902301633025515
0.00884558600091517 0.04079626126229763 0.007223612840241686
0.006726476363837719 0.00713009899482131 0.00732557475566864
0.01150356589078304 0.02319105145916913 0.00358561682020603
0.004886333830654621 0.03473223838955164 0.01468614675104618
0.004886333830654621 0.03657238185405731 0.01284600421786308
0.002443166915327311 0.02861753306910041 0.01944544902644908
0.01063330944851041 0.036783710745026 0.01556814874580205
0.004886333830654621 0.01081038452684879 0.02020657435059547
0.008734354931742142 0.03158690730795843 0.001822644844651222
0.002443166915327311 0.02866659330217989 0.004127214079128404
0.01063330944851041 0.01500081284041553 0.004376553790870144
0.0115137562233806 0.02430432024264208 0.02364621616030567
0.002443166915327311 0.0122661507922983 0.0218158714267263
0.002443166915327311 0.0122661507922983 0.0199757288935432
0.00580640509724617 0.03197202552109957 0.006405503489077091
0.002443166915327311 0.0135219301966826 0.02372335844188929
0.00111605166911145 0.01415404771805133 0.02349251298483701
0.003815865980808939 0.004171975549357842 0.02372335844188929
0.002858429989394957 0.001526997551369379 0.02373353595085041
0.01081916372929743 0.04078028434869255 0.01530174159915326
0.002109225661098743 0.04100759015326631 0.01035164682744479
0.002443166915327311 0.04079626126229763 0.008742787377834323
0.006392535109609149 0.002644977997988462 0.01791650191835726
0.006336988139303262 0.02855539842179942 0.01758690088852366
0.009750084234744515 0.04159753491071438 0.001602632528696253
0.01080104548323173 0.03168075133168884 0.02333918656843705
0.00488023055766192 0.0287095854944912 0.005766874206756518
0.005061864580436526 0.02875829690770857 0.001822644844651222
0.007646547630429268 0.009890313260257244 0.01192593295127153
0.006442309438637365 0.02983945395804426 0.001822644844651222
0.01120757660251335 0.0398901362977216 0.001696089721372269
0.01063330944851041 0.009282898774610613 0.001822644844651222
0.005645929207128544 0.04079626126229763 0.003648251100050231
0.004559833581993978 0.04079626126229763 0.001822644844651222
0.01063330944851041 0.04079626126229763 0.008742787377834323
0.007451354230250576 0.0389337166641868 0.001822644844651222
0.007587767967916096 0.02881762297553792 0.01270387069103364
0.004089391817010738 0.02829906880833635 0.003683808749054225
0.006894212398559043 0.03158690730795843 0.001822644844651222
0.009175817080741572 0.002644977997988462 0.02212072591319304
0.007486071740311643 0.002644977997988462 0.02005760965330718
0.00884558600091517 0.002644977997988462 0.02016253297948192
0.005699753757563033 0.03313052943961507 0.001822644844651222
0.002858429989394958 0.04165300244863062 0.001666464049149587
0.009355196444499583 0.01549182264240376 0.02006349207048611
0.001616275495353233 0.01965385498201532 0.0217872702758829
0.0009986170307434107 0.02037824786030014 0.01945863362413517
$EndNodes
$Elements
1 9552 1 9552
3 1 4 9552
1 775 1160 1162 835 
2 1160 1123 1161 1164 
3 1162 1161 1138 1163 
4 835 1164 1163 787 
5 1160 1162 835 1164 
6 1160 1164 1161 1162 
7 1162 835 1164 1163 
8 1162 1163 1164 1161 
9 185 283 249 1165 
10 283 180 241 1167 
11 249 241 172 1166 
12 1165 1167 1166 1146 
13 283 249 1165 1167 
14 283 1167 241 249 
15 249 1165 1167 1166 
16 249 1166 1167 241 
17 895 994 995 1168 
18 994 897 996 1170 
19 995 996 898 1169 
20 1168 1170 1169 173 
21 994 995 1168 1170 
22 994 1170 996 995 
23 995 1168 1170 1169 
24 995 1169 1170 996 
25 543 1171 552 587 
26 1171 1126 1172 1173 
27 552 1172 546 588 
28 587 1173 588 541 
29 1171 552 587 1173 
30 1171 1173 1172 552 
31 552 587 1173 588 
32 552 588 1173 1172 
33 1113 1174 1176 1177 
34 1174 1120 1175 1179 
35 1176 1175 1116 1178 
36 1177 1179 1178 365 
37 1174 1176 1177 1179 
38 1174 1179 1175 1176 
39 1176 1177 1179 1178 
40 1176 1178 1179 1175 
41 352 407 406 1180 
42 407 361 403 1182 
43 406 403 359 1181 
44 1180 1182 1181 181 
45 407 406 1180 1182 
46 407 1182 403 406 
47 406 1180 1182 1181 
48 406 1181 1182 403 
49 137 136 704 1035 
50 136 135 677 1034 
51 704 677 612 1183 
52 1035 1034 1183 914 
53 136 704 1035 1034 
54 136 1034 677 704 
55 704 1035 1034 1183 
56 704 1183 1034 677 
57 1136 1184 1185 1186 
58 1184 891 1019 1079 
59 1185 1019 168 1073 
60 1186 1079 1073 924 
61 1184 1185 1186 1079 
62 1184 1079 1019 1185 
63 1185 1186 1079 1073 
64 1185 1073 1079 1019 
65 348 1187 1188 389 
66 1187 198 223 1190 
67 1188 223 184 1189 
68 389 1190 1189 351 
69 1187 1188 389 1190 
70 1187 1190 223 1188 
71 1188 389 1190 1189 
72 1188 1189 1190 223 
73 378 539 531 1191 
74 539 338 429 1193 
75 531 429 370 1192 
76 1191 1193 1192 1119 
77 539 531 1191 1193 
78 539 1193 429 531 
79 531 1191 1193 1192 
80 531 1192 1193 429 
81 179 1194 1195 237 
82 1194 352 406 1180 
83 1195 406 359 1181 
84 237 1180 1181 181 
85 1194 1195 237 1180 
86 1194 1180 406 1195 
87 1195 237 1180 1181 
88 1195 1181 1180 406 
89 352 482 467 1196 
90 482 366 405 1198 
91 467 405 354 1197 
92 1196 1198 1197 195 
93 482 467 1196 1198 
94 482 1198 405 467 
95 467 1196 1198 1197 
96 467 1197 1198 405 
97 1131 1199 1201 1202 
98 1199 608 1200 683 
99 1201 1200 1127 1203 
100 1202 683 1203 611 
101 1199 1201 1202 683 
102 1199 683 1200 1201 
103 1201 1202 683 1203 
104 1201 1203 683 1200 
105 191 1204 255 1206 
106 1204 902 1205 1003 
107 255 1205 29 1207 
108 1206 1003 1207 898 
109 1204 255 1206 1003 
110 1204 1003 1205 255 
111 255 1206 1003 1207 
112 255 1207 1003 1205 
113 366 1208 405 1198 
114 1208 199 1209 327 
115 405 1209 354 1197 
116 1198 327 1197 195 
117 1208 405 1198 327 
118 1208 327 1209 405 
119 405 1198 327 1197 
120 405 1197 327 1209 
121 545 1210 1212 581 
122 1210 1125 1211 1213 
123 1212 1211 912 1029 
124 581 1213 1029 108 
125 1210 1212 581 1213 
126 1210 1213 1211 1212 
127 1212 581 1213 1029 
128 1212 1029 1213 1211 
129 201 1214 1215 1216 
130 1214 787 817 1163 
131 1215 817 158 1217 
132 1216 1163 1217 1138 
133 1214 1215 1216 1163 
134 1214 1163 817 1215 
135 1215 1216 1163 1217 
136 1215 1217 1163 817 
137 364 483 1218 535 
138 483 82 845 513 
139 1218 845 785 1219 
140 535 513 1219 373 
141 483 1218 535 513 
142 483 513 845 1218 
143 1218 535 513 1219 
144 1218 1219 513 845 
145 34 292 819 35 
146 292 174 1220 291 
147 819 1220 788 832 
148 35 291 832 36 
149 292 819 35 291 
150 292 291 1220 819 
151 819 35 291 832 
152 819 832 291 1220 
153 1126 1171 1222 1223 
154 1171 543 1221 1225 
155 1222 1221 1100 1224 
156 1223 1225 1224 356 
157 1171 1222 1223 1225 
158 1171 1225 1221 1222 
159 1222 1223 1225 1224 
160 1222 1224 1225 1221 
161 162 793 1226 163 
162 793 34 322 794 
163 1226 322 202 1227 
164 163 794 1227 164 
165 793 1226 163 794 
166 793 794 322 1226 
167 1226 163 794 1227 
168 1226 1227 794 322 
169 548 1228 596 577 
170 1228 617 694 686 
171 596 694 115 116 
172 577 686 116 8 
173 1228 596 577 686 
174 1228 686 694 596 
175 596 577 686 116 
176 596 116 686 694 
177 1095 1229 1231 1232 
178 1229 360 1230 1234 
179 1231 1230 1154 1233 
180 1232 1234 1233 180 
181 1229 1231 1232 1234 
182 1229 1234 1230 1231 
183 1231 1232 1234 1233 
184 1231 1233 1234 1230 
185 1131 1235 1237 1238 
186 1235 1147 1236 1240 
187 1237 1236 1107 1239 
188 1238 1240 1239 1094 
189 1235 1237 1238 1240 
190 1235 1240 1236 1237 
191 1237 1238 1240 1239 
192 1237 1239 1240 1236 
193 1154 1241 1243 1244 
194 1241 1157 1242 1246 
195 1243 1242 1130 1245 
196 1244 1246 1245 1094 
197 1241 1243 1244 1246 
198 1241 1246 1242 1243 
199 1243 1244 1246 1245 
200 1243 1245 1246 1242 
201 619 702 707 1247 
202 702 602 708 1249 
203 707 708 614 1248 
204 1247 1249 1248 1120 
205 702 707 1247 1249 
206 702 1249 708 707 
207 707 1247 1249 1248 
208 707 1248 1249 708 
209 198 220 219 1190 
210 220 171 221 1251 
211 219 221 195 1250 
212 1190 1251 1250 351 
213 220 219 1190 1251 
214 220 1251 221 219 
215 219 1190 1251 1250 
216 219 1250 1251 221 
217 176 289 311 1252 
218 289 44 317 818 
219 311 317 201 1214 
220 1252 818 1214 787 
221 289 311 1252 818 
222 289 818 317 311 
223 311 1252 818 1214 
224 311 1214 818 317 
225 1123 1253 1254 1255 
226 1253 199 326 1257 
227 1254 326 194 1256 
228 1255 1257 1256 1096 
229 1253 1254 1255 1257 
230 1253 1257 326 1254 
231 1254 1255 1257 1256 
232 1254 1256 1257 326 
233 913 1258 1070 1260 
234 1258 1139 1259 1262 
235 1070 1259 928 1261 
236 1260 1262 1261 1129 
237 1258 1070 1260 1262 
238 1258 1262 1259 1070 
239 1070 1260 1262 1261 
240 1070 1261 1262 1259 
241 201 1263 1264 1215 
242 1263 160 932 159 
243 1264 932 903 929 
244 1215 159 929 158 
245 1263 1264 1215 159 
246 1263 159 932 1264 
247 1264 1215 159 929 
248 1264 929 159 932 
249 1093 1265 1267 1268 
250 1265 1114 1266 1270 
251 1267 1266 1140 1269 
252 1268 1270 1269 1155 
253 1265 1267 1268 1270 
254 1265 1270 1266 1267 
255 1267 1268 1270 1269 
256 1267 1269 1270 1266 
257 199 1253 1271 1272 
258 1253 1123 1161 1274 
259 1271 1161 1138 1273 
260 1272 1274 1273 1122 
261 1253 1271 1272 1274 
262 1253 1274 1161 1271 
263 1271 1272 1274 1273 
264 1271 1273 1274 1161 
265 16 640 639 218 
266 640 64 637 1276 
267 639 637 610 1275 
268 218 1276 1275 192 
269 640 639 218 1276 
270 640 1276 637 639 
271 639 218 1276 1275 
272 639 1275 1276 637 
273 1114 1277 1279 1280 
274 1277 778 1278 797 
275 1279 1278 367 502 
276 1280 797 502 94 
277 1277 1279 1280 797 
278 1277 797 1278 1279 
279 1279 1280 797 502 
280 1279 502 797 1278 
281 1134 1281 1282 1283 
282 1281 721 763 761 
283 1282 763 712 758 
284 1283 761 758 716 
285 1281 1282 1283 761 
286 1281 761 763 1282 
287 1282 1283 761 758 
288 1282 758 761 763 
289 77 1284 427 733 
290 1284 1099 1285 1287 
291 427 1285 340 1286 
292 733 1287 1286 714 
293 1284 427 733 1287 
294 1284 1287 1285 427 
295 427 733 1287 1286 
296 427 1286 1287 1285 
297 784 1288 876 864 
298 1288 1136 1185 1289 
299 876 1185 168 859 
300 864 1289 859 790 
301 1288 876 864 1289 
302 1288 1289 1185 876 
303 876 864 1289 859 
304 876 859 1289 1185 
305 775 835 1162 822 
306 835 787 1163 817 
307 1162 1163 1138 1217 
308 822 817 1217 158 
309 835 1162 822 817 
310 835 817 1163 1162 
311 1162 822 817 1217 
312 1162 1217 817 1163 
313 721 767 1291 763 
314 767 118 1290 740 
315 1291 1290 1120 1292 
316 763 740 1292 712 
317 767 1291 763 740 
318 767 740 1290 1291 
319 1291 763 740 1292 
320 1291 1292 740 1290 
321 602 671 1249 702 
322 671 118 1290 701 
323 1249 1290 1120 1247 
324 702 701 1247 619 
325 671 1249 702 701 
326 671 701 1290 1249 
327 1249 702 701 1247 
328 1249 1247 701 1290 
329 542 1293 1295 1296 
330 1293 1106 1294 1298 
331 1295 1294 1100 1297 
332 1296 1298 1297 339 
333 1293 1295 1296 1298 
334 1293 1298 1294 1295 
335 1295 1296 1298 1297 
336 1295 1297 1298 1294 
337 886 1048 1087 1299 
338 1048 913 1070 1260 
339 1087 1070 928 1261 
340 1299 1260 1261 1129 
341 1048 1087 1299 1260 
342 1048 1260 1070 1087 
343 1087 1299 1260 1261 
344 1087 1261 1260 1070 
345 370 1300 1192 1302 
346 1300 1110 1301 1304 
347 1192 1301 1119 1303 
348 1302 1304 1303 189 
349 1300 1192 1302 1304 
350 1300 1304 1301 1192 
351 1192 1302 1304 1303 
352 1192 1303 1304 1301 
353 166 1052 1306 824 
354 1052 916 1305 1308 
355 1306 1305 1140 1307 
356 824 1308 1307 776 
357 1052 1306 824 1308 
358 1052 1308 1305 1306 
359 1306 824 1308 1307 
360 1306 1307 1308 1305 
361 162 1226 1010 163 
362 1226 202 1309 1227 
363 1010 1309 885 1009 
364 163 1227 1009 164 
365 1226 1010 163 1227 
366 1226 1227 1309 1010 
367 1010 163 1227 1009 
368 1010 1009 1227 1309 
369 199 326 1209 327 
370 326 194 1310 224 
371 1209 1310 354 1197 
372 327 224 1197 195 
373 326 1209 327 224 
374 326 224 1310 1209 
375 1209 327 224 1197 
376 1209 1197 224 1310 
377 20 654 1312 658 
378 654 605 1311 657 
379 1312 1311 1130 1313 
380 658 657 1313 615 
381 654 1312 658 657 
382 654 657 1311 1312 
383 1312 658 657 1313 
384 1312 1313 657 1311 
385 916 1314 964 1316 
386 1314 1158 1315 1318 
387 964 1315 885 1317 
388 1316 1318 1317 1142 
389 1314 964 1316 1318 
390 1314 1318 1315 964 
391 964 1316 1318 1317 
392 964 1317 1318 1315 
393 1136 1319 1186 1321 
394 1319 718 1320 771 
395 1186 1320 924 1322 
396 1321 771 1322 723 
397 1319 1186 1321 771 
398 1319 771 1320 1186 
399 1186 1321 771 1322 
400 1186 1322 771 1320 
401 605 630 1323 1324 
402 630 58 506 1326 
403 1323 506 369 1325 
404 1324 1326 1325 1115 
405 630 1323 1324 1326 
406 630 1326 506 1323 
407 1323 1324 1326 1325 
408 1323 1325 1326 506 
409 350 448 1327 456 
410 448 348 1188 389 
411 1327 1188 184 1189 
412 456 389 1189 351 
413 448 1327 456 389 
414 448 389 1188 1327 
415 1327 456 389 1189 
416 1327 1189 389 1188 
417 350 468 1327 1329 
418 468 352 1328 1180 
419 1327 1328 184 266 
420 1329 1180 266 181 
421 468 1327 1329 1180 
422 468 1180 1328 1327 
423 1327 1329 1180 266 
424 1327 266 1180 1328 
425 1139 1258 1259 1330 
426 1258 913 1070 1071 
427 1259 1070 928 1057 
428 1330 1071 1057 905 
429 1258 1259 1330 1071 
430 1258 1071 1070 1259 
431 1259 1330 1071 1057 
432 1259 1057 1071 1070 
433 1102 1331 1333 1334 
434 1331 1104 1332 1336 
435 1333 1332 1100 1335 
436 1334 1336 1335 1144 
437 1331 1333 1334 1336 
438 1331 1336 1332 1333 
439 1333 1334 1336 1335 
440 1333 1335 1336 1332 
441 27 1337 246 1339 
442 1337 899 1338 1017 
443 246 1338 172 1340 
444 1339 1017 1340 901 
445 1337 246 1339 1017 
446 1337 1017 1338 246 
447 246 1339 1017 1340 
448 246 1340 1017 1338 
449 182 1341 1342 1343 
450 1341 360 392 393 
451 1342 392 335 386 
452 1343 393 386 361 
453 1341 1342 1343 393 
454 1341 393 392 1342 
455 1342 1343 393 386 
456 1342 386 393 392 
457 927 1344 1346 1347 
458 1344 1151 1345 1349 
459 1346 1345 1152 1348 
460 1347 1349 1348 1132 
461 1344 1346 1347 1349 
462 1344 1349 1345 1346 
463 1346 1347 1349 1348 
464 1346 1348 1349 1345 
465 336 1350 387 388 
466 1350 198 1187 1190 
467 387 1187 348 389 
468 388 1190 389 351 
469 1350 387 388 1190 
470 1350 1190 1187 387 
471 387 388 1190 389 
472 387 389 1190 1187 
473 118 671 1290 740 
474 671 602 1249 1351 
475 1290 1249 1120 1292 
476 740 1351 1292 712 
477 671 1290 740 1351 
478 671 1351 1249 1290 
479 1290 740 1351 1292 
480 1290 1292 1351 1249 
481 1126 1171 1353 1354 
482 1171 543 1352 590 
483 1353 1352 373 1355 
484 1354 590 1355 550 
485 1171 1353 1354 590 
486 1171 590 1352 1353 
487 1353 1354 590 1355 
488 1353 1355 590 1352 
489 1121 1356 1357 1358 
490 1356 364 1218 535 
491 1357 1218 785 1219 
492 1358 535 1219 373 
493 1356 1357 1358 535 
494 1356 535 1218 1357 
495 1357 1358 535 1219 
496 1357 1219 535 1218 
497 1131 1359 1360 1361 
498 1359 890 1036 1055 
499 1360 1036 926 1082 
500 1361 1055 1082 918 
501 1359 1360 1361 1055 
502 1359 1055 1036 1360 
503 1360 1361 1055 1082 
504 1360 1082 1055 1036 
505 1154 1230 1362 1363 
506 1230 360 392 1365 
507 1362 392 335 1364 
508 1363 1365 1364 197 
509 1230 1362 1363 1365 
510 1230 1365 392 1362 
511 1362 1363 1365 1364 
512 1362 1364 1365 392 
513 899 1018 1004 1366 
514 1018 910 934 1367 
515 1004 934 902 1205 
516 1366 1367 1205 29 
517 1018 1004 1366 1367 
518 1018 1367 934 1004 
519 1004 1366 1367 1205 
520 1004 1205 1367 934 
521 1153 1368 1369 1370 
522 1368 606 666 632 
523 1369 666 604 665 
524 1370 632 665 607 
525 1368 1369 1370 632 
526 1368 632 666 1369 
527 1369 1370 632 665 
528 1369 665 632 666 
529 47 565 576 511 
530 565 543 590 1352 
531 576 590 550 1355 
532 511 1352 1355 373 
533 565 576 511 1352 
534 565 1352 590 576 
535 576 511 1352 1355 
536 576 1355 1352 590 
537 1114 1265 1372 1270 
538 1265 1093 1371 1268 
539 1372 1371 1108 1373 
540 1270 1268 1373 1155 
541 1265 1372 1270 1268 
542 1265 1268 1371 1372 
543 1372 1270 1268 1373 
544 1372 1373 1268 1371 
545 171 225 221 1374 
546 225 194 224 1310 
547 221 224 195 1197 
548 1374 1310 1197 354 
549 225 221 1374 1310 
550 225 1310 224 221 
551 221 1374 1310 1197 
552 221 1197 1310 224 
553 919 1375 1041 1045 
554 1375 1150 1376 1377 
555 1041 1376 895 995 
556 1045 1377 995 898 
557 1375 1041 1045 1377 
558 1375 1377 1376 1041 
559 1041 1045 1377 995 
560 1041 995 1377 1376 
561 1113 1378 1380 1381 
562 1378 1132 1379 1383 
563 1380 1379 1133 1382 
564 1381 1383 1382 607 
565 1378 1380 1381 1383 
566 1378 1383 1379 1380 
567 1380 1381 1383 1382 
568 1380 1382 1383 1379 
569 1134 1283 1385 1386 
570 1283 716 1384 1388 
571 1385 1384 1099 1387 
572 1386 1388 1387 343 
573 1283 1385 1386 1388 
574 1283 1388 1384 1385 
575 1385 1386 1388 1387 
576 1385 1387 1388 1384 
577 16 1389 218 240 
578 1389 371 1390 1391 
579 218 1390 192 239 
580 240 1391 239 170 
581 1389 218 240 1391 
582 1389 1391 1390 218 
583 218 240 1391 239 
584 218 239 1391 1390 
585 375 1392 515 516 
586 1392 722 748 747 
587 515 748 6 72 
588 516 747 72 73 
589 1392 515 516 747 
590 1392 747 748 515 
591 515 516 747 72 
592 515 72 747 748 
593 1095 1393 1395 1396 
594 1393 1090 1394 1398 
595 1395 1394 1146 1397 
596 1396 1398 1397 1144 
597 1393 1395 1396 1398 
598 1393 1398 1394 1395 
599 1395 1396 1398 1397 
600 1395 1397 1398 1394 
601 196 1399 325 324 
602 1399 355 1400 1401 
603 325 1400 192 209 
604 324 1401 209 189 
605 1399 325 324 1401 
606 1399 1401 1400 325 
607 325 324 1401 209 
608 325 209 1401 1400 
609 1101 1402 1404 1405 
610 1402 1135 1403 1406 
611 1404 1403 362 450 
612 1405 1406 450 340 
613 1402 1404 1405 1406 
614 1402 1406 1403 1404 
615 1404 1405 1406 450 
616 1404 450 1406 1403 
617 891 1184 1407 1408 
618 1184 1136 1288 1410 
619 1407 1288 784 1409 
620 1408 1410 1409 1140 
621 1184 1407 1408 1410 
622 1184 1410 1288 1407 
623 1407 1408 1410 1409 
624 1407 1409 1410 1288 
625 27 246 259 1339 
626 246 172 254 1340 
627 259 254 178 1411 
628 1339 1340 1411 901 
629 246 259 1339 1340 
630 246 1340 254 259 
631 259 1339 1340 1411 
632 259 1411 1340 254 
633 1136 1412 1414 1415 
634 1412 1118 1413 1417 
635 1414 1413 1108 1416 
636 1415 1417 1416 1135 
637 1412 1414 1415 1417 
638 1412 1417 1413 1414 
639 1414 1415 1417 1416 
640 1414 1416 1417 1413 
641 1124 1418 1420 1421 
642 1418 1103 1419 1423 
643 1420 1419 1111 1422 
644 1421 1423 1422 1100 
645 1418 1420 1421 1423 
646 1418 1423 1419 1420 
647 1420 1421 1423 1422 
648 1420 1422 1423 1419 
649 1132 1424 1426 1378 
650 1424 1159 1425 1428 
651 1426 1425 604 1427 
652 1378 1428 1427 1113 
653 1424 1426 1378 1428 
654 1424 1428 1425 1426 
655 1426 1378 1428 1427 
656 1426 1427 1428 1425 
657 900 949 1430 937 
658 949 917 1429 950 
659 1430 1429 25 1431 
660 937 950 1431 885 
661 949 1430 937 950 
662 949 950 1429 1430 
663 1430 937 950 1431 
664 1430 1431 950 1429 
665 1145 1432 1434 1435 
666 1432 1142 1433 1437 
667 1434 1433 1108 1436 
668 1435 1437 1436 1149 
669 1432 1434 1435 1437 
670 1432 1437 1433 1434 
671 1434 1435 1437 1436 
672 1434 1436 1437 1433 
673 1139 1438 1439 1440 
674 1438 1103 1419 1418 
675 1439 1419 1111 1420 
676 1440 1418 1420 1124 
677 1438 1439 1440 1418 
678 1438 1418 1419 1439 
679 1439 1440 1418 1420 
680 1439 1420 1418 1419 
681 344 431 1442 433 
682 431 345 1441 432 
683 1442 1441 1105 1443 
684 433 432 1443 346 
685 431 1442 433 432 
686 431 432 1441 1442 
687 1442 433 432 1443 
688 1442 1443 432 1441 
689 7 572 103 1060 
690 572 551 571 1444 
691 103 571 104 1061 
692 1060 1444 1061 922 
693 572 103 1060 1444 
694 572 1444 571 103 
695 103 1060 1444 1061 
696 103 1061 1444 571 
697 187 215 1446 1447 
698 215 188 1445 1449 
699 1446 1445 1105 1448 
700 1447 1449 1448 348 
701 215 1446 1447 1449 
702 215 1449 1445 1446 
703 1446 1447 1449 1448 
704 1446 1448 1449 1445 
705 4 870 81 512 
706 870 792 869 1450 
707 81 869 82 513 
708 512 1450 513 373 
709 870 81 512 1450 
710 870 1450 869 81 
711 81 512 1450 513 
712 81 513 1450 869 
713 884 935 1452 948 
714 935 902 1451 947 
715 1452 1451 31 1453 
716 948 947 1453 920 
717 935 1452 948 947 
718 935 947 1451 1452 
719 1452 948 947 1453 
720 1452 1453 947 1451 
721 792 872 878 1454 
722 872 773 877 1455 
723 878 877 785 1357 
724 1454 1455 1357 1121 
725 872 878 1454 1455 
726 872 1455 877 878 
727 878 1454 1455 1357 
728 878 1357 1455 877 
729 178 253 1457 1458 
730 253 179 1456 1460 
731 1457 1456 1122 1459 
732 1458 1460 1459 1141 
733 253 1457 1458 1460 
734 253 1460 1456 1457 
735 1457 1458 1460 1459 
736 1457 1459 1460 1456 
737 1146 1461 1397 1463 
738 1461 909 1462 991 
739 1397 1462 1144 1464 
740 1463 991 1464 907 
741 1461 1397 1463 991 
742 1461 991 1462 1397 
743 1397 1463 991 1464 
744 1397 1464 991 1462 
745 4 46 575 512 
746 46 47 576 511 
747 575 576 550 1355 
748 512 511 1355 373 
749 46 575 512 511 
750 46 511 576 575 
751 575 512 511 1355 
752 575 1355 511 576 
753 1148 1465 1467 1468 
754 1465 912 1466 1074 
755 1467 1466 1127 1469 
756 1468 1074 1469 923 
757 1465 1467 1468 1074 
758 1465 1074 1466 1467 
759 1467 1468 1074 1469 
760 1467 1469 1074 1466 
761 176 1470 1471 299 
762 1470 1123 1161 1253 
763 1471 1161 1138 1271 
764 299 1253 1271 199 
765 1470 1471 299 1253 
766 1470 1253 1161 1471 
767 1471 299 1253 1271 
768 1471 1271 1253 1161 
769 892 1053 1472 966 
770 1053 927 1344 1054 
771 1472 1344 1151 1473 
772 966 1054 1473 893 
773 1053 1472 966 1054 
774 1053 1054 1344 1472 
775 1472 966 1054 1473 
776 1472 1473 1054 1344 
777 927 1068 1344 1347 
778 1068 914 1474 1475 
779 1344 1474 1151 1349 
780 1347 1475 1349 1132 
781 1068 1344 1347 1475 
782 1068 1475 1474 1344 
783 1344 1347 1475 1349 
784 1344 1349 1475 1474 
785 1125 1210 1476 1213 
786 1210 545 557 581 
787 1476 557 547 582 
788 1213 581 582 108 
789 1210 1476 1213 581 
790 1210 581 557 1476 
791 1476 1213 581 582 
792 1476 582 581 557 
793 1153 1477 1479 1480 
794 1477 175 1478 1482 
795 1479 1478 1119 1481 
796 1480 1482 1481 1152 
797 1477 1479 1480 1482 
798 1477 1482 1478 1479 
799 1479 1480 1482 1481 
800 1479 1481 1482 1478 
801 1092 1483 1485 1486 
802 1483 1151 1484 1488 
803 1485 1484 1143 1487 
804 1486 1488 1487 1099 
805 1483 1485 1486 1488 
806 1483 1488 1484 1485 
807 1485 1486 1488 1487 
808 1485 1487 1488 1484 
809 1139 1489 1259 1490 
810 1489 906 1046 1492 
811 1259 1046 928 1491 
812 1490 1492 1491 1122 
813 1489 1259 1490 1492 
814 1489 1492 1046 1259 
815 1259 1490 1492 1491 
816 1259 1491 1492 1046 
817 619 1493 695 696 
818 1493 372 514 510 
819 695 514 70 71 
820 696 510 71 5 
821 1493 695 696 510 
822 1493 510 514 695 
823 695 696 510 71 
824 695 71 510 514 
825 889 983 1495 1000 
826 983 894 1494 999 
827 1495 1494 1143 1496 
828 1000 999 1496 911 
829 983 1495 1000 999 
830 983 999 1494 1495 
831 1495 1000 999 1496 
832 1495 1496 999 1494 
833 719 1497 1499 1500 
834 1497 889 1498 1495 
835 1499 1498 1099 1487 
836 1500 1495 1487 1143 
837 1497 1499 1500 1495 
838 1497 1495 1498 1499 
839 1499 1500 1495 1487 
840 1499 1487 1495 1498 
841 613 1501 1502 673 
842 1501 341 529 473 
843 1502 529 374 523 
844 673 473 523 56 
845 1501 1502 673 473 
846 1501 473 529 1502 
847 1502 673 473 523 
848 1502 523 473 529 
849 351 1251 466 401 
850 1251 171 1374 1503 
851 466 1374 354 410 
852 401 1503 410 368 
853 1251 466 401 1503 
854 1251 1503 1374 466 
855 466 401 1503 410 
856 466 410 1503 1374 
857 1156 1504 1506 1507 
858 1504 1131 1505 1361 
859 1506 1505 1157 1508 
860 1507 1361 1508 918 
861 1504 1506 1507 1361 
862 1504 1361 1505 1506 
863 1506 1507 1361 1508 
864 1506 1508 1361 1505 
865 177 1509 319 1510 
866 1509 1154 1363 1241 
867 319 1363 197 1511 
868 1510 1241 1511 1157 
869 1509 319 1510 1241 
870 1509 1241 1363 319 
871 319 1510 1241 1511 
872 319 1511 1241 1363 
873 185 1512 226 252 
874 1512 884 1452 1513 
875 226 1452 31 251 
876 252 1513 251 200 
877 1512 226 252 1513 
878 1512 1513 1452 226 
879 226 252 1513 251 
880 226 251 1513 1452 
881 602 692 1515 1351 
882 692 618 1514 1517 
883 1515 1514 1133 1516 
884 1351 1517 1516 712 
885 692 1515 1351 1517 
886 692 1517 1514 1515 
887 1515 1351 1517 1516 
888 1515 1516 1517 1514 
889 1092 1518 1520 1485 
890 1518 1150 1519 1522 
891 1520 1519 1145 1521 
892 1485 1522 1521 1143 
893 1518 1520 1485 1522 
894 1518 1522 1519 1520 
895 1520 1485 1522 1521 
896 1520 1521 1522 1519 
897 1120 1523 1525 1175 
898 1523 1134 1524 1527 
899 1525 1524 1133 1526 
900 1175 1527 1526 1116 
901 1523 1525 1175 1527 
902 1523 1527 1524 1525 
903 1525 1175 1527 1526 
904 1525 1526 1527 1524 
905 1120 1247 1528 1248 
906 1247 619 1493 707 
907 1528 1493 372 1529 
908 1248 707 1529 614 
909 1247 1528 1248 707 
910 1247 707 1493 1528 
911 1528 1248 707 1529 
912 1528 1529 707 1493 
913 921 1530 1532 1533 
914 1530 618 1531 1514 
915 1532 1531 720 1534 
916 1533 1514 1534 1133 
917 1530 1532 1533 1514 
918 1530 1514 1531 1532 
919 1532 1533 1514 1534 
920 1532 1534 1514 1531 
921 372 1529 514 534 
922 1529 614 674 1535 
923 514 674 70 485 
924 534 1535 485 365 
925 1529 514 534 1535 
926 1529 1535 674 514 
927 514 534 1535 485 
928 514 485 1535 674 
929 1120 1291 1292 1523 
930 1291 721 763 1281 
931 1292 763 712 1282 
932 1523 1281 1282 1134 
933 1291 1292 1523 1281 
934 1291 1281 763 1292 
935 1292 1523 1281 1282 
936 1292 1282 1281 763 
937 779 1536 1537 1538 
938 1536 1114 1266 1540 
939 1537 1266 1140 1539 
940 1538 1540 1539 1118 
941 1536 1537 1538 1540 
942 1536 1540 1266 1537 
943 1537 1538 1540 1539 
944 1537 1539 1540 1266 
945 338 539 500 1541 
946 539 378 520 1542 
947 500 520 365 1177 
948 1541 1542 1177 1113 
949 539 500 1541 1542 
950 539 1542 520 500 
951 500 1541 1542 1177 
952 500 1177 1542 520 
953 1092 1518 1544 1483 
954 1518 1150 1543 1545 
955 1544 1543 893 1473 
956 1483 1545 1473 1151 
957 1518 1544 1483 1545 
958 1518 1545 1543 1544 
959 1544 1483 1545 1473 
960 1544 1473 1545 1543 
961 1132 1546 1379 1383 
962 1546 612 1547 679 
963 1379 1547 1133 1382 
964 1383 679 1382 607 
965 1546 1379 1383 679 
966 1546 679 1547 1379 
967 1379 1383 679 1382 
968 1379 1382 679 1547 
969 717 1548 770 1549 
970 1548 921 1532 1533 
971 770 1532 720 1534 
972 1549 1533 1534 1133 
973 1548 770 1549 1533 
974 1548 1533 1532 770 
975 770 1549 1533 1534 
976 770 1534 1533 1532 
977 1150 1518 1551 1552 
978 1518 1092 1550 1554 
979 1551 1550 1110 1553 
980 1552 1554 1553 1116 
981 1518 1551 1552 1554 
982 1518 1554 1550 1551 
983 1551 1552 1554 1553 
984 1551 1553 1554 1550 
985 203 1555 304 303 
986 1555 920 1556 1453 
987 304 1556 1 32 
988 303 1453 32 31 
989 1555 304 303 1453 
990 1555 1453 1556 304 
991 304 303 1453 32 
992 304 32 1453 1556 
993 792 872 1454 1557 
994 872 773 1455 1559 
995 1454 1455 1121 1558 
996 1557 1559 1558 550 
997 872 1454 1557 1559 
998 872 1559 1455 1454 
999 1454 1557 1559 1558 
1000 1454 1558 1559 1455 
1001 1137 1560 1562 1563 
1002 1560 1143 1561 1564 
1003 1562 1561 1108 1436 
1004 1563 1564 1436 1149 
1005 1560 1562 1563 1564 
1006 1560 1564 1561 1562 
1007 1562 1563 1564 1436 
1008 1562 1436 1564 1561 
1009 1121 1454 1558 1358 
1010 1454 792 1557 1450 
1011 1558 1557 550 1355 
1012 1358 1450 1355 373 
1013 1454 1558 1358 1450 
1014 1454 1450 1557 1558 
1015 1558 1358 1450 1355 
1016 1558 1355 1450 1557 
1017 1148 1565 1465 1468 
1018 1565 545 1212 1566 
1019 1465 1212 912 1074 
1020 1468 1566 1074 923 
1021 1565 1465 1468 1566 
1022 1565 1566 1212 1465 
1023 1465 1468 1566 1074 
1024 1465 1074 1566 1212 
1025 786 1567 1569 798 
1026 1567 1114 1568 1280 
1027 1569 1568 342 470 
1028 798 1280 470 94 
1029 1567 1569 798 1280 
1030 1567 1280 1568 1569 
1031 1569 798 1280 470 
1032 1569 470 1280 1568 
1033 375 515 1570 524 
1034 515 6 867 97 
1035 1570 867 791 868 
1036 524 97 868 96 
1037 515 1570 524 97 
1038 515 97 867 1570 
1039 1570 524 97 868 
1040 1570 868 97 867 
1041 349 458 455 1571 
1042 458 355 457 1399 
1043 455 457 353 1572 
1044 1571 1399 1572 196 
1045 458 455 1571 1399 
1046 458 1399 457 455 
1047 455 1571 1399 1572 
1048 455 1572 1399 457 
1049 1142 1318 1574 1575 
1050 1318 1158 1573 1577 
1051 1574 1573 174 1576 
1052 1575 1577 1576 1155 
1053 1318 1574 1575 1577 
1054 1318 1577 1573 1574 
1055 1574 1575 1577 1576 
1056 1574 1576 1577 1573 
1057 1142 1578 1579 1432 
1058 1578 204 330 1581 
1059 1579 330 186 1580 
1060 1432 1581 1580 1145 
1061 1578 1579 1432 1581 
1062 1578 1581 330 1579 
1063 1579 1432 1581 1580 
1064 1579 1580 1581 330 
1065 1156 1582 1584 1585 
1066 1582 127 1583 646 
1067 1584 1583 200 1586 
1068 1585 646 1586 615 
1069 1582 1584 1585 646 
1070 1582 646 1583 1584 
1071 1584 1585 646 1586 
1072 1584 1586 646 1583 
1073 345 1587 1589 1441 
1074 1587 1098 1588 1591 
1075 1589 1588 1108 1590 
1076 1441 1591 1590 1105 
1077 1587 1589 1441 1591 
1078 1587 1591 1588 1589 
1079 1589 1441 1591 1590 
1080 1589 1590 1591 1588 
1081 886 930 1593 954 
1082 930 903 1592 953 
1083 1593 1592 1122 1594 
1084 954 953 1594 915 
1085 930 1593 954 953 
1086 930 953 1592 1593 
1087 1593 954 953 1594 
1088 1593 1594 953 1592 
1089 721 1291 1595 1281 
1090 1291 1120 1528 1523 
1091 1595 1528 372 1596 
1092 1281 1523 1596 1134 
1093 1291 1595 1281 1523 
1094 1291 1523 1528 1595 
1095 1595 1281 1523 1596 
1096 1595 1596 1523 1528 
1097 1142 1318 1598 1437 
1098 1318 1158 1597 1600 
1099 1598 1597 1093 1599 
1100 1437 1600 1599 1149 
1101 1318 1598 1437 1600 
1102 1318 1600 1597 1598 
1103 1598 1437 1600 1599 
1104 1598 1599 1600 1597 
1105 1093 1597 1267 1599 
1106 1597 1158 1601 1600 
1107 1267 1601 1140 1602 
1108 1599 1600 1602 1149 
1109 1597 1267 1599 1600 
1110 1597 1600 1601 1267 
1111 1267 1599 1600 1602 
1112 1267 1602 1600 1601 
1113 891 1039 1604 1605 
1114 1039 911 1603 1606 
1115 1604 1603 1137 1563 
1116 1605 1606 1563 1149 
1117 1039 1604 1605 1606 
1118 1039 1606 1603 1604 
1119 1604 1605 1606 1563 
1120 1604 1563 1606 1603 
1121 1134 1607 1608 1385 
1122 1607 892 1472 1609 
1123 1608 1472 1151 1488 
1124 1385 1609 1488 1099 
1125 1607 1608 1385 1609 
1126 1607 1609 1472 1608 
1127 1608 1385 1609 1488 
1128 1608 1488 1609 1472 
1129 191 206 1611 1612 
1130 206 175 1610 1482 
1131 1611 1610 904 1613 
1132 1612 1482 1613 1152 
1133 206 1611 1612 1482 
1134 206 1482 1610 1611 
1135 1611 1612 1482 1613 
1136 1611 1613 1482 1610 
1137 909 942 1615 970 
1138 942 884 1614 969 
1139 1615 1614 1157 1508 
1140 970 969 1508 918 
1141 942 1615 970 969 
1142 942 969 1614 1615 
1143 1615 970 969 1508 
1144 1615 1508 969 1614 
1145 341 1501 529 1616 
1146 1501 613 1502 1618 
1147 529 1502 374 1617 
1148 1616 1618 1617 1117 
1149 1501 529 1616 1618 
1150 1501 1618 1502 529 
1151 529 1616 1618 1617 
1152 529 1617 1618 1502 
1153 193 1619 262 1620 
1154 1619 1154 1363 1243 
1155 262 1363 197 1621 
1156 1620 1243 1621 1130 
1157 1619 262 1620 1243 
1158 1619 1243 1363 262 
1159 262 1620 1243 1621 
1160 262 1621 1243 1363 
1161 1153 1622 1369 1368 
1162 1622 616 664 660 
1163 1369 664 604 666 
1164 1368 660 666 606 
1165 1622 1369 1368 660 
1166 1622 660 664 1369 
1167 1369 1368 660 666 
1168 1369 666 660 664 
1169 1156 1623 1625 1585 
1170 1623 177 1624 1626 
1171 1625 1624 1130 1313 
1172 1585 1626 1313 615 
1173 1623 1625 1585 1626 
1174 1623 1626 1624 1625 
1175 1625 1585 1626 1313 
1176 1625 1313 1626 1624 
1177 58 472 506 1326 
1178 472 341 507 1627 
1179 506 507 369 1325 
1180 1326 1627 1325 1115 
1181 472 506 1326 1627 
1182 472 1627 507 506 
1183 506 1326 1627 1325 
1184 506 1325 1627 507 
1185 1158 1628 1601 1600 
1186 1628 925 1629 1630 
1187 1601 1629 1140 1602 
1188 1600 1630 1602 1149 
1189 1628 1601 1600 1630 
1190 1628 1630 1629 1601 
1191 1601 1600 1630 1602 
1192 1601 1602 1630 1629 
1193 27 1337 247 28 
1194 1337 899 1631 1366 
1195 247 1631 173 248 
1196 28 1366 248 29 
1197 1337 247 28 1366 
1198 1337 1366 1631 247 
1199 247 28 1366 248 
1200 247 248 1366 1631 
1201 1135 1402 1403 1416 
1202 1402 1101 1404 1633 
1203 1403 1404 362 1632 
1204 1416 1633 1632 1108 
1205 1402 1403 1416 1633 
1206 1402 1633 1404 1403 
1207 1403 1416 1633 1632 
1208 1403 1632 1633 1404 
1209 1143 1521 1561 1564 
1210 1521 1145 1434 1435 
1211 1561 1434 1108 1436 
1212 1564 1435 1436 1149 
1213 1521 1561 1564 1435 
1214 1521 1435 1434 1561 
1215 1561 1564 1435 1436 
1216 1561 1436 1435 1434 
1217 1106 1634 1636 1637 
1218 1634 1125 1635 1639 
1219 1636 1635 1144 1638 
1220 1637 1639 1638 1148 
1221 1634 1636 1637 1639 
1222 1634 1639 1635 1636 
1223 1636 1637 1639 1638 
1224 1636 1638 1639 1635 
1225 204 329 1641 1578 
1226 329 187 1640 1643 
1227 1641 1640 1098 1642 
1228 1578 1643 1642 1142 
1229 329 1641 1578 1643 
1230 329 1643 1640 1641 
1231 1641 1578 1643 1642 
1232 1641 1642 1643 1640 
1233 605 629 630 1324 
1234 629 613 628 1644 
1235 630 628 58 1326 
1236 1324 1644 1326 1115 
1237 629 630 1324 1644 
1238 629 1644 628 630 
1239 630 1324 1644 1326 
1240 630 1326 1644 628 
1241 1135 1645 1416 1403 
1242 1645 342 1646 489 
1243 1416 1646 1108 1632 
1244 1403 489 1632 362 
1245 1645 1416 1403 489 
1246 1645 489 1646 1416 
1247 1416 1403 489 1632 
1248 1416 1632 489 1646 
1249 920 957 1556 1050 
1250 957 131 709 130 
1251 1556 709 1 710 
1252 1050 130 710 129 
1253 957 1556 1050 130 
1254 957 130 709 1556 
1255 1556 1050 130 710 
1256 1556 710 130 709 
1257 901 1411 1031 1648 
1258 1411 178 1647 1458 
1259 1031 1647 915 1649 
1260 1648 1458 1649 1141 
1261 1411 1031 1648 1458 
1262 1411 1458 1647 1031 
1263 1031 1648 1458 1649 
1264 1031 1649 1458 1647 
1265 1107 1236 1651 1239 
1266 1236 1147 1650 1240 
1267 1651 1650 1157 1246 
1268 1239 1240 1246 1094 
1269 1236 1651 1239 1240 
1270 1236 1240 1650 1651 
1271 1651 1239 1240 1246 
1272 1651 1246 1240 1650 
1273 358 1652 435 1653 
1274 1652 1106 1298 1294 
1275 435 1298 339 1297 
1276 1653 1294 1297 1100 
1277 1652 435 1653 1294 
1278 1652 1294 1298 435 
1279 435 1653 1294 1297 
1280 435 1297 1294 1298 
1281 605 668 1324 1311 
1282 668 603 1654 1656 
1283 1324 1654 1115 1655 
1284 1311 1656 1655 1130 
1285 668 1324 1311 1656 
1286 668 1656 1654 1324 
1287 1324 1311 1656 1655 
1288 1324 1655 1656 1654 
1289 1128 1657 1658 1659 
1290 1657 913 1258 1071 
1291 1658 1258 1139 1330 
1292 1659 1071 1330 905 
1293 1657 1658 1659 1071 
1294 1657 1071 1258 1658 
1295 1658 1659 1071 1330 
1296 1658 1330 1071 1258 
1297 1106 1660 1661 1662 
1298 1660 363 481 1663 
1299 1661 481 51 563 
1300 1662 1663 563 544 
1301 1660 1661 1662 1663 
1302 1660 1663 481 1661 
1303 1661 1662 1663 563 
1304 1661 563 1663 481 
1305 166 1052 824 165 
1306 1052 916 1308 1043 
1307 824 1308 776 823 
1308 165 1043 823 164 
1309 1052 824 165 1043 
1310 1052 1043 1308 824 
1311 824 165 1043 823 
1312 824 823 1043 1308 
1313 891 1051 1038 1408 
1314 1051 916 1081 1305 
1315 1038 1081 925 1629 
1316 1408 1305 1629 1140 
1317 1051 1038 1408 1305 
1318 1051 1305 1081 1038 
1319 1038 1408 1305 1629 
1320 1038 1629 1305 1081 
1321 1114 1567 1536 1277 
1322 1567 786 804 799 
1323 1536 804 779 803 
1324 1277 799 803 778 
1325 1567 1536 1277 799 
1326 1567 799 804 1536 
1327 1536 1277 799 803 
1328 1536 803 799 804 
1329 1158 1318 1628 1600 
1330 1318 1142 1664 1437 
1331 1628 1664 925 1630 
1332 1600 1437 1630 1149 
1333 1318 1628 1600 1437 
1334 1318 1437 1664 1628 
1335 1628 1600 1437 1630 
1336 1628 1630 1437 1664 
1337 201 317 1215 1214 
1338 317 44 796 818 
1339 1215 796 158 817 
1340 1214 818 817 787 
1341 317 1215 1214 818 
1342 317 818 796 1215 
1343 1215 1214 818 817 
1344 1215 817 818 796 
1345 160 1263 932 959 
1346 1263 201 1264 1665 
1347 932 1264 903 960 
1348 959 1665 960 917 
1349 1263 932 959 1665 
1350 1263 1665 1264 932 
1351 932 959 1665 960 
1352 932 960 1665 1264 
1353 360 1341 392 1365 
1354 1341 182 1342 261 
1355 392 1342 335 1364 
1356 1365 261 1364 197 
1357 1341 392 1365 261 
1358 1341 261 1342 392 
1359 392 1365 261 1364 
1360 392 1364 261 1342 
1361 1096 1666 1667 1668 
1362 1666 366 497 414 
1363 1667 497 379 498 
1364 1668 414 498 357 
1365 1666 1667 1668 414 
1366 1666 414 497 1667 
1367 1667 1668 414 498 
1368 1667 498 414 497 
1369 1137 1669 1671 1672 
1370 1669 715 1670 724 
1371 1671 1670 1135 1673 
1372 1672 724 1673 719 
1373 1669 1671 1672 724 
1374 1669 724 1670 1671 
1375 1671 1672 724 1673 
1376 1671 1673 724 1670 
1377 1114 1567 1277 1280 
1378 1567 786 799 798 
1379 1277 799 778 797 
1380 1280 798 797 94 
1381 1567 1277 1280 798 
1382 1567 798 799 1277 
1383 1277 1280 798 797 
1384 1277 797 798 799 
1385 34 33 793 322 
1386 33 2 882 308 
1387 793 882 162 1226 
1388 322 308 1226 202 
1389 33 793 322 308 
1390 33 308 882 793 
1391 793 322 308 1226 
1392 793 1226 308 882 
1393 86 85 833 380 
1394 85 84 800 459 
1395 833 800 777 1674 
1396 380 459 1674 337 
1397 85 833 380 459 
1398 85 459 800 833 
1399 833 380 459 1674 
1400 833 1674 459 800 
1401 198 1350 1675 1190 
1402 1350 336 400 388 
1403 1675 400 368 401 
1404 1190 388 401 351 
1405 1350 1675 1190 388 
1406 1350 388 400 1675 
1407 1675 1190 388 401 
1408 1675 401 388 400 
1409 362 489 1632 476 
1410 489 342 1646 490 
1411 1632 1646 1108 1676 
1412 476 490 1676 376 
1413 489 1632 476 490 
1414 489 490 1646 1632 
1415 1632 476 490 1676 
1416 1632 1676 490 1646 
1417 613 629 633 1644 
1418 629 605 634 1324 
1419 633 634 608 1677 
1420 1644 1324 1677 1115 
1421 629 633 1644 1324 
1422 629 1324 634 633 
1423 633 1644 1324 1677 
1424 633 1677 1324 634 
1425 359 413 1679 412 
1426 413 366 1678 414 
1427 1679 1678 1097 1680 
1428 412 414 1680 357 
1429 413 1679 412 414 
1430 413 414 1678 1679 
1431 1679 412 414 1680 
1432 1679 1680 414 1678 
1433 1134 1607 1385 1681 
1434 1607 892 1609 1683 
1435 1385 1609 1099 1682 
1436 1681 1683 1682 717 
1437 1607 1385 1681 1683 
1438 1607 1683 1609 1385 
1439 1385 1681 1683 1682 
1440 1385 1682 1683 1609 
1441 135 1684 651 677 
1442 1684 1132 1426 1546 
1443 651 1426 604 678 
1444 677 1546 678 612 
1445 1684 651 677 1546 
1446 1684 1546 1426 651 
1447 651 677 1546 678 
1448 651 678 1546 1426 
1449 199 310 1272 298 
1450 310 179 1456 253 
1451 1272 1456 1122 1457 
1452 298 253 1457 178 
1453 310 1272 298 253 
1454 310 253 1456 1272 
1455 1272 298 253 1457 
1456 1272 1457 253 1456 
1457 51 562 50 443 
1458 562 542 561 1296 
1459 50 561 49 425 
1460 443 1296 425 339 
1461 562 50 443 1296 
1462 562 1296 561 50 
1463 50 443 1296 425 
1464 50 425 1296 561 
1465 200 321 1685 307 
1466 321 22 624 23 
1467 1685 624 129 710 
1468 307 23 710 1 
1469 321 1685 307 23 
1470 321 23 624 1685 
1471 1685 307 23 710 
1472 1685 710 23 624 
1473 920 948 1050 1686 
1474 948 884 1012 1513 
1475 1050 1012 129 1685 
1476 1686 1513 1685 200 
1477 948 1050 1686 1513 
1478 948 1513 1012 1050 
1479 1050 1686 1513 1685 
1480 1050 1685 1513 1012 
1481 1159 1687 1689 1690 
1482 1687 1153 1688 1480 
1483 1689 1688 1091 1691 
1484 1690 1480 1691 1152 
1485 1687 1689 1690 1480 
1486 1687 1480 1688 1689 
1487 1689 1690 1480 1691 
1488 1689 1691 1480 1688 
1489 892 1077 1692 1069 
1490 1077 921 1533 1083 
1491 1692 1533 1133 1693 
1492 1069 1083 1693 914 
1493 1077 1692 1069 1083 
1494 1077 1083 1533 1692 
1495 1692 1069 1083 1693 
1496 1692 1693 1083 1533 
1497 179 310 1456 1694 
1498 310 199 1272 1257 
1499 1456 1272 1122 1695 
1500 1694 1257 1695 1096 
1501 310 1456 1694 1257 
1502 310 1257 1272 1456 
1503 1456 1694 1257 1695 
1504 1456 1695 1257 1272 
1505 925 1038 1629 1630 
1506 1038 891 1408 1605 
1507 1629 1408 1140 1602 
1508 1630 1605 1602 1149 
1509 1038 1629 1630 1605 
1510 1038 1605 1408 1629 
1511 1629 1630 1605 1602 
1512 1629 1602 1605 1408 
1513 361 1343 385 386 
1514 1343 182 1696 1342 
1515 385 1696 353 384 
1516 386 1342 384 335 
1517 1343 385 386 1342 
1518 1343 1342 1696 385 
1519 385 386 1342 384 
1520 385 384 1342 1696 
1521 1098 1697 1698 1699 
1522 1697 336 394 416 
1523 1698 394 347 415 
1524 1699 416 415 367 
1525 1697 1698 1699 416 
1526 1697 416 394 1698 
1527 1698 1699 416 415 
1528 1698 415 416 394 
1529 191 206 314 1611 
1530 206 175 313 1610 
1531 314 313 203 1700 
1532 1611 1610 1700 904 
1533 206 314 1611 1610 
1534 206 1610 313 314 
1535 314 1611 1610 1700 
1536 314 1700 1610 313 
1537 142 742 843 865 
1538 742 713 1701 1702 
1539 843 1701 774 863 
1540 865 1702 863 790 
1541 742 843 865 1702 
1542 742 1702 1701 843 
1543 843 865 1702 863 
1544 843 863 1702 1701 
1545 919 1703 1045 978 
1546 1703 191 1206 1611 
1547 1045 1206 898 1006 
1548 978 1611 1006 904 
1549 1703 1045 978 1611 
1550 1703 1611 1206 1045 
1551 1045 978 1611 1006 
1552 1045 1006 1611 1206 
1553 188 1704 1445 1706 
1554 1704 1110 1705 1707 
1555 1445 1705 1105 1443 
1556 1706 1707 1443 346 
1557 1704 1445 1706 1707 
1558 1704 1707 1705 1445 
1559 1445 1706 1707 1443 
1560 1445 1443 1707 1705 
1561 1102 1708 1709 1710 
1562 1708 1103 1419 1712 
1563 1709 1419 1111 1711 
1564 1710 1712 1711 1122 
1565 1708 1709 1710 1712 
1566 1708 1712 1419 1709 
1567 1709 1710 1712 1711 
1568 1709 1711 1712 1419 
1569 349 449 1713 1714 
1570 449 350 1327 1715 
1571 1713 1327 184 265 
1572 1714 1715 265 183 
1573 449 1713 1714 1715 
1574 449 1715 1327 1713 
1575 1713 1714 1715 265 
1576 1713 265 1715 1327 
1577 202 1227 1716 1309 
1578 1227 164 820 1009 
1579 1716 820 788 1717 
1580 1309 1009 1717 885 
1581 1227 1716 1309 1009 
1582 1227 1009 820 1716 
1583 1716 1309 1009 1717 
1584 1716 1717 1009 820 
1585 605 654 1311 653 
1586 654 20 1312 643 
1587 1311 1312 1130 1718 
1588 653 643 1718 609 
1589 654 1311 653 643 
1590 654 643 1312 1311 
1591 1311 653 643 1718 
1592 1311 1718 643 1312 
1593 908 956 962 1719 
1594 956 901 1031 1648 
1595 962 1031 915 1649 
1596 1719 1648 1649 1141 
1597 956 962 1719 1648 
1598 956 1648 1031 962 
1599 962 1719 1648 1649 
1600 962 1649 1648 1031 
1601 773 1720 854 1455 
1602 1720 1128 1721 1723 
1603 854 1721 780 1722 
1604 1455 1723 1722 1121 
1605 1720 854 1455 1723 
1606 1720 1723 1721 854 
1607 854 1455 1723 1722 
1608 854 1722 1723 1721 
1609 367 494 1725 1726 
1610 494 92 1724 809 
1611 1725 1724 1155 1727 
1612 1726 809 1727 782 
1613 494 1725 1726 809 
1614 494 809 1724 1725 
1615 1725 1726 809 1727 
1616 1725 1727 809 1724 
1617 614 626 674 1535 
1618 626 68 69 486 
1619 674 69 70 485 
1620 1535 486 485 365 
1621 626 674 1535 486 
1622 626 486 69 674 
1623 674 1535 486 485 
1624 674 485 486 69 
1625 1123 1470 1728 1254 
1626 1470 176 290 296 
1627 1728 290 42 281 
1628 1254 296 281 194 
1629 1470 1728 1254 296 
1630 1470 296 290 1728 
1631 1728 1254 296 281 
1632 1728 281 296 290 
1633 1128 1729 1731 1721 
1634 1729 1129 1730 1732 
1635 1731 1730 783 855 
1636 1721 1732 855 780 
1637 1729 1731 1721 1732 
1638 1729 1732 1730 1731 
1639 1731 1721 1732 855 
1640 1731 855 1732 1730 
1641 188 1733 1704 1706 
1642 1733 349 1734 447 
1643 1704 1734 1110 1707 
1644 1706 447 1707 346 
1645 1733 1704 1706 447 
1646 1733 447 1734 1704 
1647 1704 1706 447 1707 
1648 1704 1707 447 1734 
1649 1098 1640 1735 1642 
1650 1640 187 233 1643 
1651 1735 233 174 1574 
1652 1642 1643 1574 1142 
1653 1640 1735 1642 1643 
1654 1640 1643 233 1735 
1655 1735 1642 1643 1574 
1656 1735 1574 1643 233 
1657 1156 1736 1582 1585 
1658 1736 603 649 663 
1659 1582 649 127 646 
1660 1585 663 646 615 
1661 1736 1582 1585 663 
1662 1736 663 649 1582 
1663 1582 1585 663 646 
1664 1582 646 663 649 
1665 1104 1737 1331 1332 
1666 1737 358 1738 1653 
1667 1331 1738 1102 1333 
1668 1332 1653 1333 1100 
1669 1737 1331 1332 1653 
1670 1737 1653 1738 1331 
1671 1331 1332 1653 1333 
1672 1331 1333 1653 1738 
1673 1099 1499 1739 1287 
1674 1499 719 1673 730 
1675 1739 1673 1135 1740 
1676 1287 730 1740 714 
1677 1499 1739 1287 730 
1678 1499 730 1673 1739 
1679 1739 1287 730 1740 
1680 1739 1740 730 1673 
1681 204 1741 330 1581 
1682 1741 897 1742 1743 
1683 330 1742 186 1580 
1684 1581 1743 1580 1145 
1685 1741 330 1581 1743 
1686 1741 1743 1742 330 
1687 330 1581 1743 1580 
1688 330 1580 1743 1742 
1689 606 1368 655 662 
1690 1368 1153 1744 1745 
1691 655 1744 610 638 
1692 662 1745 638 66 
1693 1368 655 662 1745 
1694 1368 1745 1744 655 
1695 655 662 1745 638 
1696 655 638 1745 1744 
1697 614 626 1535 1746 
1698 626 68 486 1747 
1699 1535 486 365 1177 
1700 1746 1747 1177 1113 
1701 626 1535 1746 1747 
1702 626 1747 486 1535 
1703 1535 1746 1747 1177 
1704 1535 1177 1747 486 
1705 1120 1174 1525 1748 
1706 1174 1113 1380 1381 
1707 1525 1380 1133 1382 
1708 1748 1381 1382 607 
1709 1174 1525 1748 1381 
1710 1174 1381 1380 1525 
1711 1525 1748 1381 1382 
1712 1525 1382 1381 1380 
1713 348 1449 1448 445 
1714 1449 188 1445 1706 
1715 1448 1445 1105 1443 
1716 445 1706 1443 346 
1717 1449 1448 445 1706 
1718 1449 1706 1445 1448 
1719 1448 445 1706 1443 
1720 1448 1443 1706 1445 
1721 349 1733 446 447 
1722 1733 188 1449 1706 
1723 446 1449 348 445 
1724 447 1706 445 346 
1725 1733 446 447 1706 
1726 1733 1706 1449 446 
1727 446 447 1706 445 
1728 446 445 1706 1449 
1729 1103 1708 1419 1423 
1730 1708 1102 1709 1333 
1731 1419 1709 1111 1422 
1732 1423 1333 1422 1100 
1733 1708 1419 1423 1333 
1734 1708 1333 1709 1419 
1735 1419 1423 1333 1422 
1736 1419 1422 1333 1709 
1737 339 435 1749 423 
1738 435 358 1738 436 
1739 1749 1738 1102 1750 
1740 423 436 1750 357 
1741 435 1749 423 436 
1742 435 436 1738 1749 
1743 1749 423 436 1750 
1744 1749 1750 436 1738 
1745 1096 1255 1667 1752 
1746 1255 1123 1751 1753 
1747 1667 1751 379 538 
1748 1752 1753 538 337 
1749 1255 1667 1752 1753 
1750 1255 1753 1751 1667 
1751 1667 1752 1753 538 
1752 1667 538 1753 1751 
1753 1134 1281 1754 1596 
1754 1281 721 746 1595 
1755 1754 746 79 509 
1756 1596 1595 509 372 
1757 1281 1754 1596 1595 
1758 1281 1595 746 1754 
1759 1754 1596 1595 509 
1760 1754 509 1595 746 
1761 1126 1755 1756 1222 
1762 1755 1124 1420 1421 
1763 1756 1420 1111 1422 
1764 1222 1421 1422 1100 
1765 1755 1756 1222 1421 
1766 1755 1421 1420 1756 
1767 1756 1222 1421 1422 
1768 1756 1422 1421 1420 
1769 1117 1757 1758 1759 
1770 1757 608 684 1200 
1771 1758 684 601 1760 
1772 1759 1200 1760 1127 
1773 1757 1758 1759 1200 
1774 1757 1200 684 1758 
1775 1758 1759 1200 1760 
1776 1758 1760 1200 684 
1777 88 807 1762 383 
1778 807 781 1761 1763 
1779 1762 1761 194 1310 
1780 383 1763 1310 354 
1781 807 1762 383 1763 
1782 807 1763 1761 1762 
1783 1762 383 1763 1310 
1784 1762 1310 1763 1761 
1785 781 808 1761 1763 
1786 808 86 1764 382 
1787 1761 1764 194 1310 
1788 1763 382 1310 354 
1789 808 1761 1763 382 
1790 808 382 1764 1761 
1791 1761 1763 382 1310 
1792 1761 1310 382 1764 
1793 1103 1708 1423 1765 
1794 1708 1102 1333 1334 
1795 1423 1333 1100 1335 
1796 1765 1334 1335 1144 
1797 1708 1423 1765 1334 
1798 1708 1334 1333 1423 
1799 1423 1765 1334 1335 
1800 1423 1335 1334 1333 
1801 884 1766 1614 969 
1802 1766 1156 1506 1507 
1803 1614 1506 1157 1508 
1804 969 1507 1508 918 
1805 1766 1614 969 1507 
1806 1766 1507 1506 1614 
1807 1614 969 1507 1508 
1808 1614 1508 1507 1506 
1809 902 1204 1451 1007 
1810 1204 191 256 1611 
1811 1451 256 31 1767 
1812 1007 1611 1767 904 
1813 1204 1451 1007 1611 
1814 1204 1611 256 1451 
1815 1451 1007 1611 1767 
1816 1451 1767 1611 256 
1817 68 464 627 67 
1818 464 338 1768 396 
1819 627 1768 606 662 
1820 67 396 662 66 
1821 464 627 67 396 
1822 464 396 1768 627 
1823 627 67 396 662 
1824 627 662 396 1768 
1825 86 808 87 382 
1826 808 781 807 1763 
1827 87 807 88 383 
1828 382 1763 383 354 
1829 808 87 382 1763 
1830 808 1763 807 87 
1831 87 382 1763 383 
1832 87 383 1763 807 
1833 1107 1236 1770 1651 
1834 1236 1147 1769 1650 
1835 1770 1769 1144 1771 
1836 1651 1650 1771 1157 
1837 1236 1770 1651 1650 
1838 1236 1650 1769 1770 
1839 1770 1651 1650 1771 
1840 1770 1771 1650 1769 
1841 890 1078 1021 1772 
1842 1078 923 1072 1469 
1843 1021 1072 123 1773 
1844 1772 1469 1773 1127 
1845 1078 1021 1772 1469 
1846 1078 1469 1072 1021 
1847 1021 1772 1469 1773 
1848 1021 1773 1469 1072 
1849 20 282 287 1312 
1850 282 193 297 1620 
1851 287 297 177 1624 
1852 1312 1620 1624 1130 
1853 282 287 1312 1620 
1854 282 1620 297 287 
1855 287 1312 1620 1624 
1856 287 1624 1620 297 
1857 62 1774 642 636 
1858 1774 193 279 1775 
1859 642 279 18 641 
1860 636 1775 641 609 
1861 1774 642 636 1775 
1862 1774 1775 279 642 
1863 642 636 1775 641 
1864 642 641 1775 279 
1865 1106 1293 1294 1776 
1866 1293 542 1295 559 
1867 1294 1295 1100 1777 
1868 1776 559 1777 547 
1869 1293 1294 1776 559 
1870 1293 559 1295 1294 
1871 1294 1776 559 1777 
1872 1294 1777 559 1295 
1873 792 1454 878 1450 
1874 1454 1121 1357 1358 
1875 878 1357 785 1219 
1876 1450 1358 1219 373 
1877 1454 878 1450 1358 
1878 1454 1358 1357 878 
1879 878 1450 1358 1219 
1880 878 1219 1358 1357 
1881 1139 1262 1490 1259 
1882 1262 1129 1778 1261 
1883 1490 1778 1122 1491 
1884 1259 1261 1491 928 
1885 1262 1490 1259 1261 
1886 1262 1261 1778 1490 
1887 1490 1259 1261 1491 
1888 1490 1491 1261 1778 
1889 888 1779 985 972 
1890 1779 1103 1780 1781 
1891 985 1780 907 984 
1892 972 1781 984 906 
1893 1779 985 972 1781 
1894 1779 1781 1780 985 
1895 985 972 1781 984 
1896 985 984 1781 1780 
1897 363 487 1783 474 
1898 487 341 1782 488 
1899 1783 1782 1109 1784 
1900 474 488 1784 377 
1901 487 1783 474 488 
1902 487 488 1782 1783 
1903 1783 474 488 1784 
1904 1783 1784 488 1782 
1905 176 299 1471 1785 
1906 299 199 1271 1272 
1907 1471 1271 1138 1273 
1908 1785 1272 1273 1122 
1909 299 1471 1785 1272 
1910 299 1272 1271 1471 
1911 1471 1785 1272 1273 
1912 1471 1273 1272 1271 
1913 176 1786 300 1785 
1914 1786 903 1787 1592 
1915 300 1787 178 1457 
1916 1785 1592 1457 1122 
1917 1786 300 1785 1592 
1918 1786 1592 1787 300 
1919 300 1785 1592 1457 
1920 300 1457 1592 1787 
1921 374 1788 1790 1791 
1922 1788 1109 1789 1792 
1923 1790 1789 549 589 
1924 1791 1792 589 544 
1925 1788 1790 1791 1792 
1926 1788 1792 1789 1790 
1927 1790 1791 1792 589 
1928 1790 589 1792 1789 
1929 199 299 298 1272 
1930 299 176 300 1785 
1931 298 300 178 1457 
1932 1272 1785 1457 1122 
1933 299 298 1272 1785 
1934 299 1785 300 298 
1935 298 1272 1785 1457 
1936 298 1457 1785 300 
1937 1123 1793 1751 1753 
1938 1793 1112 1794 1795 
1939 1751 1794 379 538 
1940 1753 1795 538 337 
1941 1793 1751 1753 1795 
1942 1793 1795 1794 1751 
1943 1751 1753 1795 538 
1944 1751 538 1795 1794 
1945 1116 1527 1796 1178 
1946 1527 1134 1386 1797 
1947 1796 1386 343 519 
1948 1178 1797 519 365 
1949 1527 1796 1178 1797 
1950 1527 1797 1386 1796 
1951 1796 1178 1797 519 
1952 1796 519 1797 1386 
1953 608 1199 1677 667 
1954 1199 1131 1798 1799 
1955 1677 1798 1115 1654 
1956 667 1799 1654 603 
1957 1199 1677 667 1799 
1958 1199 1799 1798 1677 
1959 1677 667 1799 1654 
1960 1677 1654 1799 1798 
1961 84 1800 800 459 
1962 1800 1112 1801 1795 
1963 800 1801 777 1674 
1964 459 1795 1674 337 
1965 1800 800 459 1795 
1966 1800 1795 1801 800 
1967 800 459 1795 1674 
1968 800 1674 1795 1801 
1969 177 297 319 1624 
1970 297 193 262 1620 
1971 319 262 197 1621 
1972 1624 1620 1621 1130 
1973 297 319 1624 1620 
1974 297 1620 262 319 
1975 319 1624 1620 1621 
1976 319 1621 1620 262 
1977 616 659 1802 648 
1978 659 14 230 13 
1979 1802 230 175 293 
1980 648 13 293 12 
1981 659 1802 648 13 
1982 659 13 230 1802 
1983 1802 648 13 293 
1984 1802 293 13 230 
1985 1120 1523 1175 1179 
1986 1523 1134 1527 1797 
1987 1175 1527 1116 1178 
1988 1179 1797 1178 365 
1989 1523 1175 1179 1797 
1990 1523 1797 1527 1175 
1991 1175 1179 1797 1178 
1992 1175 1178 1797 1527 
1993 1136 1186 1804 1805 
1994 1186 924 1803 1075 
1995 1804 1803 1137 1603 
1996 1805 1075 1603 911 
1997 1186 1804 1805 1075 
1998 1186 1075 1803 1804 
1999 1804 1805 1075 1603 
2000 1804 1603 1075 1803 
2001 176 311 300 1786 
2002 311 201 312 1264 
2003 300 312 178 1787 
2004 1786 1264 1787 903 
2005 311 300 1786 1264 
2006 311 1264 312 300 
2007 300 1786 1264 1787 
2008 300 1787 1264 312 
2009 887 979 945 1806 
2010 979 919 978 1807 
2011 945 978 904 1613 
2012 1806 1807 1613 1152 
2013 979 945 1806 1807 
2014 979 1807 978 945 
2015 945 1806 1807 1613 
2016 945 1613 1807 978 
2017 784 850 1409 849 
2018 850 166 1306 824 
2019 1409 1306 1140 1307 
2020 849 824 1307 776 
2021 850 1409 849 824 
2022 850 824 1306 1409 
2023 1409 849 824 1307 
2024 1409 1307 824 1306 
2025 1114 1808 1536 1266 
2026 1808 776 838 1307 
2027 1536 838 779 1537 
2028 1266 1307 1537 1140 
2029 1808 1536 1266 1307 
2030 1808 1307 838 1536 
2031 1536 1266 1307 1537 
2032 1536 1537 1307 838 
2033 1097 1809 1810 1811 
2034 1809 1102 1709 1710 
2035 1810 1709 1111 1711 
2036 1811 1710 1711 1122 
2037 1809 1810 1811 1710 
2038 1809 1710 1709 1810 
2039 1810 1811 1710 1711 
2040 1810 1711 1710 1709 
2041 1101 1812 1404 1633 
2042 1812 345 451 1589 
2043 1404 451 362 1632 
2044 1633 1589 1632 1108 
2045 1812 1404 1633 1589 
2046 1812 1589 451 1404 
2047 1404 1633 1589 1632 
2048 1404 1632 1589 451 
2049 1153 1687 1477 1480 
2050 1687 1159 1813 1690 
2051 1477 1813 175 1482 
2052 1480 1690 1482 1152 
2053 1687 1477 1480 1690 
2054 1687 1690 1813 1477 
2055 1477 1480 1690 1482 
2056 1477 1482 1690 1813 
2057 1118 1814 1413 1417 
2058 1814 342 1646 1645 
2059 1413 1646 1108 1416 
2060 1417 1645 1416 1135 
2061 1814 1413 1417 1645 
2062 1814 1645 1646 1413 
2063 1413 1417 1645 1416 
2064 1413 1416 1645 1646 
2065 338 464 1816 1541 
2066 464 68 1815 1747 
2067 1816 1815 1153 1817 
2068 1541 1747 1817 1113 
2069 464 1816 1541 1747 
2070 464 1747 1815 1816 
2071 1816 1541 1747 1817 
2072 1816 1817 1747 1815 
2073 1145 1519 1818 1521 
2074 1519 1150 1543 1522 
2075 1818 1543 893 1819 
2076 1521 1522 1819 1143 
2077 1519 1818 1521 1522 
2078 1519 1522 1543 1818 
2079 1818 1521 1522 1819 
2080 1818 1819 1522 1543 
2081 1091 1820 1691 1821 
2082 1820 1151 1345 1823 
2083 1691 1345 1152 1822 
2084 1821 1823 1822 1116 
2085 1820 1691 1821 1823 
2086 1820 1823 1345 1691 
2087 1691 1821 1823 1822 
2088 1691 1822 1823 1345 
2089 781 814 1761 815 
2090 814 40 280 41 
2091 1761 280 194 281 
2092 815 41 281 42 
2093 814 1761 815 41 
2094 814 41 280 1761 
2095 1761 815 41 281 
2096 1761 281 41 280 
2097 1137 1672 1671 1824 
2098 1672 719 1673 1499 
2099 1671 1673 1135 1739 
2100 1824 1499 1739 1099 
2101 1672 1671 1824 1499 
2102 1672 1499 1673 1671 
2103 1671 1824 1499 1739 
2104 1671 1739 1499 1673 
2105 187 1643 234 233 
2106 1643 1142 1579 1574 
2107 234 1579 186 235 
2108 233 1574 235 174 
2109 1643 234 233 1574 
2110 1643 1574 1579 234 
2111 234 233 1574 235 
2112 234 235 1574 1579 
2113 778 834 1825 1278 
2114 834 92 1724 494 
2115 1825 1724 1155 1725 
2116 1278 494 1725 367 
2117 834 1825 1278 494 
2118 834 494 1724 1825 
2119 1825 1278 494 1725 
2120 1825 1725 494 1724 
2121 1128 1826 1827 1828 
2122 1826 551 600 599 
2123 1827 600 546 588 
2124 1828 599 588 541 
2125 1826 1827 1828 599 
2126 1826 599 600 1827 
2127 1827 1828 599 588 
2128 1827 588 599 600 
2129 1096 1255 1695 1829 
2130 1255 1123 1274 1831 
2131 1695 1274 1122 1830 
2132 1829 1831 1830 1089 
2133 1255 1695 1829 1831 
2134 1255 1831 1274 1695 
2135 1695 1829 1831 1830 
2136 1695 1830 1831 1274 
2137 775 1832 840 1834 
2138 1832 1112 1833 1835 
2139 840 1833 780 1732 
2140 1834 1835 1732 1129 
2141 1832 840 1834 1835 
2142 1832 1835 1833 840 
2143 840 1834 1835 1732 
2144 840 1732 1835 1833 
2145 1128 1836 1837 1838 
2146 1836 789 858 1839 
2147 1837 858 154 1062 
2148 1838 1839 1062 922 
2149 1836 1837 1838 1839 
2150 1836 1839 858 1837 
2151 1837 1838 1839 1062 
2152 1837 1062 1839 858 
2153 180 1232 1167 1840 
2154 1232 1095 1395 1842 
2155 1167 1395 1146 1841 
2156 1840 1842 1841 1157 
2157 1232 1167 1840 1842 
2158 1232 1842 1395 1167 
2159 1167 1840 1842 1841 
2160 1167 1841 1842 1395 
2161 886 1843 1844 931 
2162 1843 775 1162 822 
2163 1844 1162 1138 1217 
2164 931 822 1217 158 
2165 1843 1844 931 822 
2166 1843 822 1162 1844 
2167 1844 931 822 1217 
2168 1844 1217 822 1162 
2169 1112 1793 1794 1845 
2170 1793 1123 1751 1847 
2171 1794 1751 379 1846 
2172 1845 1847 1846 1111 
2173 1793 1794 1845 1847 
2174 1793 1847 1751 1794 
2175 1794 1845 1847 1846 
2176 1794 1846 1847 1751 
2177 1137 1804 1562 1671 
2178 1804 1136 1414 1415 
2179 1562 1414 1108 1416 
2180 1671 1415 1416 1135 
2181 1804 1562 1671 1415 
2182 1804 1415 1414 1562 
2183 1562 1671 1415 1416 
2184 1562 1416 1415 1414 
2185 77 736 1284 733 
2186 736 716 1384 732 
2187 1284 1384 1099 1287 
2188 733 732 1287 714 
2189 736 1284 733 732 
2190 736 732 1384 1284 
2191 1284 733 732 1287 
2192 1284 1287 732 1384 
2193 928 1087 1848 1491 
2194 1087 886 1844 1593 
2195 1848 1844 1138 1273 
2196 1491 1593 1273 1122 
2197 1087 1848 1491 1593 
2198 1087 1593 1844 1848 
2199 1848 1491 1593 1273 
2200 1848 1273 1593 1844 
2201 1114 1540 1372 1266 
2202 1540 1118 1413 1539 
2203 1372 1413 1108 1849 
2204 1266 1539 1849 1140 
2205 1540 1372 1266 1539 
2206 1540 1539 1413 1372 
2207 1372 1266 1539 1849 
2208 1372 1849 1539 1413 
2209 171 220 1503 1251 
2210 220 198 1675 1190 
2211 1503 1675 368 401 
2212 1251 1190 401 351 
2213 220 1503 1251 1190 
2214 220 1190 1675 1503 
2215 1503 1251 1190 401 
2216 1503 401 1190 1675 
2217 543 565 566 1225 
2218 565 47 48 439 
2219 566 48 49 426 
2220 1225 439 426 356 
2221 565 566 1225 439 
2222 565 439 48 566 
2223 566 1225 439 426 
2224 566 426 439 48 
2225 187 1850 1447 1851 
2226 1850 336 387 394 
2227 1447 387 348 395 
2228 1851 394 395 347 
2229 1850 1447 1851 394 
2230 1850 394 387 1447 
2231 1447 1851 394 395 
2232 1447 395 394 387 
2233 908 1852 1853 986 
2234 1852 1146 1397 1463 
2235 1853 1397 1144 1464 
2236 986 1463 1464 907 
2237 1852 1853 986 1463 
2238 1852 1463 1397 1853 
2239 1853 986 1463 1464 
2240 1853 1464 1463 1397 
2241 371 1389 409 1854 
2242 1389 16 640 17 
2243 409 640 64 711 
2244 1854 17 711 18 
2245 1389 409 1854 17 
2246 1389 17 640 409 
2247 409 1854 17 711 
2248 409 711 17 640 
2249 181 1180 266 267 
2250 1180 352 1328 1196 
2251 266 1328 184 250 
2252 267 1196 250 195 
2253 1180 266 267 1196 
2254 1180 1196 1328 266 
2255 266 267 1196 250 
2256 266 250 1196 1328 
2257 909 1855 1615 1462 
2258 1855 1147 1650 1769 
2259 1615 1650 1157 1771 
2260 1462 1769 1771 1144 
2261 1855 1615 1462 1769 
2262 1855 1769 1650 1615 
2263 1615 1462 1769 1771 
2264 1615 1771 1769 1650 
2265 355 408 457 1399 
2266 408 371 399 1856 
2267 457 399 353 1572 
2268 1399 1856 1572 196 
2269 408 457 1399 1856 
2270 408 1856 399 457 
2271 457 1399 1856 1572 
2272 457 1572 1856 399 
2273 905 974 1857 988 
2274 974 106 579 105 
2275 1857 579 546 584 
2276 988 105 584 104 
2277 974 1857 988 105 
2278 974 105 579 1857 
2279 1857 988 105 584 
2280 1857 584 105 579 
2281 1148 1858 1638 1859 
2282 1858 1147 1769 1236 
2283 1638 1769 1144 1770 
2284 1859 1236 1770 1107 
2285 1858 1638 1859 1236 
2286 1858 1236 1769 1638 
2287 1638 1859 1236 1770 
2288 1638 1770 1236 1769 
2289 1106 1293 1776 1662 
2290 1293 542 559 560 
2291 1776 559 547 556 
2292 1662 560 556 544 
2293 1293 1776 1662 560 
2294 1293 560 559 1776 
2295 1776 1662 560 556 
2296 1776 556 560 559 
2297 1128 1657 1837 1731 
2298 1657 913 1033 1860 
2299 1837 1033 154 875 
2300 1731 1860 875 783 
2301 1657 1837 1731 1860 
2302 1657 1860 1033 1837 
2303 1837 1731 1860 875 
2304 1837 875 1860 1033 
2305 361 393 1861 1862 
2306 393 360 1234 1365 
2307 1861 1234 180 316 
2308 1862 1365 316 197 
2309 393 1861 1862 1365 
2310 393 1365 1234 1861 
2311 1861 1862 1365 316 
2312 1861 316 1365 1234 
2313 908 1863 1719 963 
2314 1863 1103 1864 1781 
2315 1719 1864 1141 1865 
2316 963 1781 1865 906 
2317 1863 1719 963 1781 
2318 1863 1781 1864 1719 
2319 1719 963 1781 1865 
2320 1719 1865 1781 1864 
2321 118 701 117 767 
2322 701 619 696 1866 
2323 117 696 5 745 
2324 767 1866 745 721 
2325 701 117 767 1866 
2326 701 1866 696 117 
2327 117 767 1866 745 
2328 117 745 1866 696 
2329 187 329 234 1643 
2330 329 204 330 1578 
2331 234 330 186 1579 
2332 1643 1578 1579 1142 
2333 329 234 1643 1578 
2334 329 1578 330 234 
2335 234 1643 1578 1579 
2336 234 1579 1578 330 
2337 891 1184 1019 1407 
2338 1184 1136 1185 1288 
2339 1019 1185 168 876 
2340 1407 1288 876 784 
2341 1184 1019 1407 1288 
2342 1184 1288 1185 1019 
2343 1019 1407 1288 876 
2344 1019 876 1288 1185 
2345 718 1319 759 771 
2346 1319 1136 1867 1321 
2347 759 1867 713 772 
2348 771 1321 772 723 
2349 1319 759 771 1321 
2350 1319 1321 1867 759 
2351 759 771 1321 772 
2352 759 772 1321 1867 
2353 360 442 1868 1869 
2354 442 358 1737 1871 
2355 1868 1737 1104 1870 
2356 1869 1871 1870 1107 
2357 442 1868 1869 1871 
2358 442 1871 1737 1868 
2359 1868 1869 1871 1870 
2360 1868 1870 1871 1737 
2361 182 1343 243 261 
2362 1343 361 1861 1862 
2363 243 1861 180 316 
2364 261 1862 316 197 
2365 1343 243 261 1862 
2366 1343 1862 1861 243 
2367 243 261 1862 316 
2368 243 316 1862 1861 
2369 909 1615 1085 970 
2370 1615 1157 1872 1508 
2371 1085 1872 926 1082 
2372 970 1508 1082 918 
2373 1615 1085 970 1508 
2374 1615 1508 1872 1085 
2375 1085 970 1508 1082 
2376 1085 1082 1508 1872 
2377 182 1341 1343 261 
2378 1341 360 393 1365 
2379 1343 393 361 1862 
2380 261 1365 1862 197 
2381 1341 1343 261 1365 
2382 1341 1365 393 1343 
2383 1343 261 1365 1862 
2384 1343 1862 1365 393 
2385 377 488 1874 1875 
2386 488 341 1873 1627 
2387 1874 1873 1107 1876 
2388 1875 1627 1876 1115 
2389 488 1874 1875 1627 
2390 488 1627 1873 1874 
2391 1874 1875 1627 1876 
2392 1874 1876 1627 1873 
2393 1125 1634 1476 1877 
2394 1634 1106 1776 1662 
2395 1476 1776 547 556 
2396 1877 1662 556 544 
2397 1634 1476 1877 1662 
2398 1634 1662 1776 1476 
2399 1476 1877 1662 556 
2400 1476 556 1662 1776 
2401 201 311 1214 1216 
2402 311 176 1252 1471 
2403 1214 1252 787 1163 
2404 1216 1471 1163 1138 
2405 311 1214 1216 1471 
2406 311 1471 1252 1214 
2407 1214 1216 1471 1163 
2408 1214 1163 1471 1252 
2409 914 1034 1183 1475 
2410 1034 135 677 1684 
2411 1183 677 612 1546 
2412 1475 1684 1546 1132 
2413 1034 1183 1475 1684 
2414 1034 1684 677 1183 
2415 1183 1475 1684 1546 
2416 1183 1546 1684 677 
2417 1106 1660 1652 1298 
2418 1660 363 453 452 
2419 1652 453 358 435 
2420 1298 452 435 339 
2421 1660 1652 1298 452 
2422 1660 452 453 1652 
2423 1652 1298 452 435 
2424 1652 435 452 453 
2425 1148 1878 1467 1465 
2426 1878 890 1772 1037 
2427 1467 1772 1127 1466 
2428 1465 1037 1466 912 
2429 1878 1467 1465 1037 
2430 1878 1037 1772 1467 
2431 1467 1465 1037 1466 
2432 1467 1466 1037 1772 
2433 1101 1879 1880 1881 
2434 1879 1092 1550 1882 
2435 1880 1550 1110 1705 
2436 1881 1882 1705 1105 
2437 1879 1880 1881 1882 
2438 1879 1882 1550 1880 
2439 1880 1881 1882 1705 
2440 1880 1705 1882 1550 
2441 886 1299 1087 1844 
2442 1299 1129 1261 1883 
2443 1087 1261 928 1848 
2444 1844 1883 1848 1138 
2445 1299 1087 1844 1883 
2446 1299 1883 1261 1087 
2447 1087 1844 1883 1848 
2448 1087 1848 1883 1261 
2449 185 1884 226 1512 
2450 1884 902 1451 935 
2451 226 1451 31 1452 
2452 1512 935 1452 884 
2453 1884 226 1512 935 
2454 1884 935 1451 226 
2455 226 1512 935 1452 
2456 226 1452 935 1451 
2457 7 857 1060 153 
2458 857 789 1839 858 
2459 1060 1839 922 1062 
2460 153 858 1062 154 
2461 857 1060 153 858 
2462 857 858 1839 1060 
2463 1060 153 858 1062 
2464 1060 1062 858 1839 
2465 545 1210 557 555 
2466 1210 1125 1476 1877 
2467 557 1476 547 556 
2468 555 1877 556 544 
2469 1210 557 555 1877 
2470 1210 1877 1476 557 
2471 557 555 1877 556 
2472 557 556 1877 1476 
2473 356 422 426 1224 
2474 422 339 425 1297 
2475 426 425 49 1885 
2476 1224 1297 1885 1100 
2477 422 426 1224 1297 
2478 422 1297 425 426 
2479 426 1224 1297 1885 
2480 426 1885 1297 425 
2481 1112 1835 1845 1887 
2482 1835 1129 1886 1889 
2483 1845 1886 1111 1888 
2484 1887 1889 1888 1121 
2485 1835 1845 1887 1889 
2486 1835 1889 1886 1845 
2487 1845 1887 1889 1888 
2488 1845 1888 1889 1886 
2489 366 1208 1666 405 
2490 1208 199 1257 1209 
2491 1666 1257 1096 1890 
2492 405 1209 1890 354 
2493 1208 1666 405 1209 
2494 1208 1209 1257 1666 
2495 1666 405 1209 1890 
2496 1666 1890 1209 1257 
2497 1096 1257 1256 1890 
2498 1257 199 326 1209 
2499 1256 326 194 1310 
2500 1890 1209 1310 354 
2501 1257 1256 1890 1209 
2502 1257 1209 326 1256 
2503 1256 1890 1209 1310 
2504 1256 1310 1209 326 
2505 336 1891 400 460 
2506 1891 190 1892 1893 
2507 400 1892 368 493 
2508 460 1893 493 90 
2509 1891 400 460 1893 
2510 1891 1893 1892 400 
2511 400 460 1893 493 
2512 400 493 1893 1892 
2513 1123 1161 1274 1831 
2514 1161 1138 1273 1894 
2515 1274 1273 1122 1830 
2516 1831 1894 1830 1089 
2517 1161 1274 1831 1894 
2518 1161 1894 1273 1274 
2519 1274 1831 1894 1830 
2520 1274 1830 1894 1273 
2521 160 881 959 161 
2522 881 2 1895 882 
2523 959 1895 917 1042 
2524 161 882 1042 162 
2525 881 959 161 882 
2526 881 882 1895 959 
2527 959 161 882 1042 
2528 959 1042 882 1895 
2529 352 468 1328 465 
2530 468 350 1327 456 
2531 1328 1327 184 1189 
2532 465 456 1189 351 
2533 468 1328 465 456 
2534 468 456 1327 1328 
2535 1328 465 456 1189 
2536 1328 1189 456 1327 
2537 190 323 1891 1892 
2538 323 198 1350 1675 
2539 1891 1350 336 400 
2540 1892 1675 400 368 
2541 323 1891 1892 1675 
2542 323 1675 1350 1891 
2543 1891 1892 1675 400 
2544 1891 400 1675 1350 
2545 188 215 214 1449 
2546 215 187 216 1447 
2547 214 216 184 1188 
2548 1449 1447 1188 348 
2549 215 214 1449 1447 
2550 215 1447 216 214 
2551 214 1449 1447 1188 
2552 214 1188 1447 216 
2553 1110 1896 1705 1707 
2554 1896 344 1442 433 
2555 1705 1442 1105 1443 
2556 1707 433 1443 346 
2557 1896 1705 1707 433 
2558 1896 433 1442 1705 
2559 1705 1707 433 1443 
2560 1705 1443 433 1442 
2561 137 1063 688 138 
2562 1063 921 1530 1058 
2563 688 1530 618 687 
2564 138 1058 687 9 
2565 1063 688 138 1058 
2566 1063 1058 1530 688 
2567 688 138 1058 687 
2568 688 687 1058 1530 
2569 205 333 1897 1898 
2570 333 188 1704 1445 
2571 1897 1704 1110 1705 
2572 1898 1445 1705 1105 
2573 333 1897 1898 1445 
2574 333 1445 1704 1897 
2575 1897 1898 1445 1705 
2576 1897 1705 1445 1704 
2577 198 323 220 1675 
2578 323 190 284 1892 
2579 220 284 171 1503 
2580 1675 1892 1503 368 
2581 323 220 1675 1892 
2582 323 1892 284 220 
2583 220 1675 1892 1503 
2584 220 1503 1892 284 
2585 342 1568 1646 490 
2586 1568 1114 1372 1899 
2587 1646 1372 1108 1676 
2588 490 1899 1676 376 
2589 1568 1646 490 1899 
2590 1568 1899 1372 1646 
2591 1646 490 1899 1676 
2592 1646 1676 1899 1372 
2593 1101 1900 1633 1402 
2594 1900 1143 1561 1901 
2595 1633 1561 1108 1416 
2596 1402 1901 1416 1135 
2597 1900 1633 1402 1901 
2598 1900 1901 1561 1633 
2599 1633 1402 1901 1416 
2600 1633 1416 1901 1561 
2601 172 242 254 1902 
2602 242 179 253 1460 
2603 254 253 178 1458 
2604 1902 1460 1458 1141 
2605 242 254 1902 1460 
2606 242 1460 253 254 
2607 254 1902 1460 1458 
2608 254 1458 1460 253 
2609 1095 1393 1904 1395 
2610 1393 1090 1903 1394 
2611 1904 1903 1141 1905 
2612 1395 1394 1905 1146 
2613 1393 1904 1395 1394 
2614 1393 1394 1903 1904 
2615 1904 1395 1394 1905 
2616 1904 1905 1394 1903 
2617 1095 1229 1906 1907 
2618 1229 360 393 402 
2619 1906 393 361 403 
2620 1907 402 403 359 
2621 1229 1906 1907 402 
2622 1229 402 393 1906 
2623 1906 1907 402 403 
2624 1906 403 402 393 
2625 1123 1255 1847 1831 
2626 1255 1096 1908 1829 
2627 1847 1908 1111 1909 
2628 1831 1829 1909 1089 
2629 1255 1847 1831 1829 
2630 1255 1829 1908 1847 
2631 1847 1831 1829 1909 
2632 1847 1909 1829 1908 
2633 1126 1910 1755 1172 
2634 1910 1128 1911 1827 
2635 1755 1911 1124 1912 
2636 1172 1827 1912 546 
2637 1910 1755 1172 1827 
2638 1910 1827 1911 1755 
2639 1755 1172 1827 1912 
2640 1755 1912 1827 1911 
2641 899 1337 1631 998 
2642 1337 27 247 1913 
2643 1631 247 173 1170 
2644 998 1913 1170 897 
2645 1337 1631 998 1913 
2646 1337 1913 247 1631 
2647 1631 998 1913 1170 
2648 1631 1170 1913 247 
2649 1103 1438 1419 1712 
2650 1438 1139 1439 1490 
2651 1419 1439 1111 1711 
2652 1712 1490 1711 1122 
2653 1438 1419 1712 1490 
2654 1438 1490 1439 1419 
2655 1419 1712 1490 1711 
2656 1419 1711 1490 1439 
2657 913 1032 1033 1860 
2658 1032 156 155 847 
2659 1033 155 154 875 
2660 1860 847 875 783 
2661 1032 1033 1860 847 
2662 1032 847 155 1033 
2663 1033 1860 847 875 
2664 1033 875 847 155 
2665 605 634 1324 668 
2666 634 608 1677 667 
2667 1324 1677 1115 1654 
2668 668 667 1654 603 
2669 634 1324 668 667 
2670 634 667 1677 1324 
2671 1324 668 667 1654 
2672 1324 1654 667 1677 
2673 1095 1906 1232 1907 
2674 1906 361 1861 403 
2675 1232 1861 180 1914 
2676 1907 403 1914 359 
2677 1906 1232 1907 403 
2678 1906 403 1861 1232 
2679 1232 1907 403 1914 
2680 1232 1914 403 1861 
2681 540 1915 1916 1917 
2682 1915 1117 1758 1759 
2683 1916 1758 601 1760 
2684 1917 1759 1760 1127 
2685 1915 1916 1917 1759 
2686 1915 1759 1758 1916 
2687 1916 1917 1759 1760 
2688 1916 1760 1759 1758 
2689 196 1571 315 1572 
2690 1571 349 1714 455 
2691 315 1714 183 1918 
2692 1572 455 1918 353 
2693 1571 315 1572 455 
2694 1571 455 1714 315 
2695 315 1572 455 1918 
2696 315 1918 455 1714 
2697 179 1919 1460 1920 
2698 1919 1095 1904 1395 
2699 1460 1904 1141 1905 
2700 1920 1395 1905 1146 
2701 1919 1460 1920 1395 
2702 1919 1395 1904 1460 
2703 1460 1920 1395 1905 
2704 1460 1905 1395 1904 
2705 1153 1477 1921 1479 
2706 1477 175 210 1478 
2707 1921 210 192 1922 
2708 1479 1478 1922 1119 
2709 1477 1921 1479 1478 
2710 1477 1478 210 1921 
2711 1921 1479 1478 1922 
2712 1921 1922 1478 210 
2713 344 504 1923 1924 
2714 504 378 1191 1926 
2715 1923 1191 1119 1925 
2716 1924 1926 1925 1116 
2717 504 1923 1924 1926 
2718 504 1926 1191 1923 
2719 1923 1924 1926 1925 
2720 1923 1925 1926 1191 
2721 1092 1520 1882 1485 
2722 1520 1145 1927 1521 
2723 1882 1927 1105 1928 
2724 1485 1521 1928 1143 
2725 1520 1882 1485 1521 
2726 1520 1521 1927 1882 
2727 1882 1485 1521 1928 
2728 1882 1928 1521 1927 
2729 164 1929 820 1009 
2730 1929 1158 1930 1315 
2731 820 1930 788 1717 
2732 1009 1315 1717 885 
2733 1929 820 1009 1315 
2734 1929 1315 1930 820 
2735 820 1009 1315 1717 
2736 820 1717 1315 1930 
2737 194 1764 1931 1310 
2738 1764 86 380 382 
2739 1931 380 337 381 
2740 1310 382 381 354 
2741 1764 1931 1310 382 
2742 1764 382 380 1931 
2743 1931 1310 382 381 
2744 1931 381 382 380 
2745 187 1640 1850 1851 
2746 1640 1098 1697 1698 
2747 1850 1697 336 394 
2748 1851 1698 394 347 
2749 1640 1850 1851 1698 
2750 1640 1698 1697 1850 
2751 1850 1851 1698 394 
2752 1850 394 1698 1697 
2753 1120 1248 1174 1748 
2754 1248 614 1746 631 
2755 1174 1746 1113 1381 
2756 1748 631 1381 607 
2757 1248 1174 1748 631 
2758 1248 631 1746 1174 
2759 1174 1748 631 1381 
2760 1174 1381 631 1746 
2761 1159 1424 1690 1689 
2762 1424 1132 1348 1932 
2763 1690 1348 1152 1691 
2764 1689 1932 1691 1091 
2765 1424 1690 1689 1932 
2766 1424 1932 1348 1690 
2767 1690 1689 1932 1691 
2768 1690 1691 1932 1348 
2769 910 1933 1934 1935 
2770 1933 185 249 1165 
2771 1934 249 172 1166 
2772 1935 1165 1166 1146 
2773 1933 1934 1935 1165 
2774 1933 1165 249 1934 
2775 1934 1935 1165 1166 
2776 1934 1166 1165 249 
2777 1106 1293 1661 1298 
2778 1293 542 562 1296 
2779 1661 562 51 443 
2780 1298 1296 443 339 
2781 1293 1661 1298 1296 
2782 1293 1296 562 1661 
2783 1661 1298 1296 443 
2784 1661 443 1296 562 
2785 99 841 570 100 
2786 841 773 1936 842 
2787 570 1936 541 569 
2788 100 842 569 101 
2789 841 570 100 842 
2790 841 842 1936 570 
2791 570 100 842 569 
2792 570 569 842 1936 
2793 1120 1249 1248 1748 
2794 1249 602 708 681 
2795 1248 708 614 631 
2796 1748 681 631 607 
2797 1249 1248 1748 681 
2798 1249 681 708 1248 
2799 1248 1748 681 631 
2800 1248 631 681 708 
2801 773 862 1936 842 
2802 862 789 1937 866 
2803 1936 1937 541 569 
2804 842 866 569 101 
2805 862 1936 842 866 
2806 862 866 1937 1936 
2807 1936 842 866 569 
2808 1936 569 866 1937 
2809 789 1938 1937 866 
2810 1938 551 599 593 
2811 1937 599 541 569 
2812 866 593 569 101 
2813 1938 1937 866 593 
2814 1938 593 599 1937 
2815 1937 866 593 569 
2816 1937 569 593 599 
2817 1134 1607 1524 1608 
2818 1607 892 1692 1472 
2819 1524 1692 1133 1939 
2820 1608 1472 1939 1151 
2821 1607 1524 1608 1472 
2822 1607 1472 1692 1524 
2823 1524 1608 1472 1939 
2824 1524 1939 1472 1692 
2825 1112 1940 1794 1795 
2826 1940 364 522 499 
2827 1794 522 379 538 
2828 1795 499 538 337 
2829 1940 1794 1795 499 
2830 1940 499 522 1794 
2831 1794 1795 499 538 
2832 1794 538 499 522 
2833 1134 1608 1524 1527 
2834 1608 1151 1939 1823 
2835 1524 1939 1133 1526 
2836 1527 1823 1526 1116 
2837 1608 1524 1527 1823 
2838 1608 1823 1939 1524 
2839 1524 1527 1823 1526 
2840 1524 1526 1823 1939 
2841 773 841 1936 1559 
2842 841 99 570 594 
2843 1936 570 541 592 
2844 1559 594 592 550 
2845 841 1936 1559 594 
2846 841 594 570 1936 
2847 1936 1559 594 592 
2848 1936 592 594 570 
2849 1134 1681 1282 1524 
2850 1681 717 757 1549 
2851 1282 757 712 1516 
2852 1524 1549 1516 1133 
2853 1681 1282 1524 1549 
2854 1681 1549 757 1282 
2855 1282 1524 1549 1516 
2856 1282 1516 1549 757 
2857 1112 1940 1845 1794 
2858 1940 364 1941 522 
2859 1845 1941 1111 1846 
2860 1794 522 1846 379 
2861 1940 1845 1794 522 
2862 1940 522 1941 1845 
2863 1845 1794 522 1846 
2864 1845 1846 522 1941 
2865 156 821 1008 157 
2866 821 775 1843 822 
2867 1008 1843 886 931 
2868 157 822 931 158 
2869 821 1008 157 822 
2870 821 822 1843 1008 
2871 1008 157 822 931 
2872 1008 931 822 1843 
2873 784 1288 853 1409 
2874 1288 1136 1942 1410 
2875 853 1942 779 1537 
2876 1409 1410 1537 1140 
2877 1288 853 1409 1410 
2878 1288 1410 1942 853 
2879 853 1409 1410 1537 
2880 853 1537 1410 1942 
2881 891 1184 1604 1039 
2882 1184 1136 1804 1805 
2883 1604 1804 1137 1603 
2884 1039 1805 1603 911 
2885 1184 1604 1039 1805 
2886 1184 1805 1804 1604 
2887 1604 1039 1805 1603 
2888 1604 1603 1805 1804 
2889 1151 1349 1939 1823 
2890 1349 1132 1379 1943 
2891 1939 1379 1133 1526 
2892 1823 1943 1526 1116 
2893 1349 1939 1823 1943 
2894 1349 1943 1379 1939 
2895 1939 1823 1943 1526 
2896 1939 1526 1943 1379 
2897 364 1940 1941 1356 
2898 1940 1112 1845 1887 
2899 1941 1845 1111 1888 
2900 1356 1887 1888 1121 
2901 1940 1941 1356 1887 
2902 1940 1887 1845 1941 
2903 1941 1356 1887 1888 
2904 1941 1888 1887 1845 
2905 374 1502 523 1944 
2906 1502 613 673 705 
2907 523 673 56 698 
2908 1944 705 698 620 
2909 1502 523 1944 705 
2910 1502 705 673 523 
2911 523 1944 705 698 
2912 523 698 705 673 
2913 106 974 579 1945 
2914 974 905 1857 1946 
2915 579 1857 546 1912 
2916 1945 1946 1912 1124 
2917 974 579 1945 1946 
2918 974 1946 1857 579 
2919 579 1945 1946 1912 
2920 579 1912 1946 1857 
2921 1126 1947 1756 1948 
2922 1947 364 1941 1356 
2923 1756 1941 1111 1888 
2924 1948 1356 1888 1121 
2925 1947 1756 1948 1356 
2926 1947 1356 1941 1756 
2927 1756 1948 1356 1888 
2928 1756 1888 1356 1941 
2929 720 770 1534 769 
2930 770 717 1549 757 
2931 1534 1549 1133 1516 
2932 769 757 1516 712 
2933 770 1534 769 757 
2934 770 757 1549 1534 
2935 1534 769 757 1516 
2936 1534 1516 757 1549 
2937 1132 1378 1379 1943 
2938 1378 1113 1380 1176 
2939 1379 1380 1133 1526 
2940 1943 1176 1526 1116 
2941 1378 1379 1943 1176 
2942 1378 1176 1380 1379 
2943 1379 1943 1176 1526 
2944 1379 1526 1176 1380 
2945 911 999 1496 1606 
2946 999 894 1494 1949 
2947 1496 1494 1143 1564 
2948 1606 1949 1564 1149 
2949 999 1496 1606 1949 
2950 999 1949 1494 1496 
2951 1496 1606 1949 1564 
2952 1496 1564 1949 1494 
2953 616 1950 1952 1802 
2954 1950 1159 1951 1813 
2955 1952 1951 203 313 
2956 1802 1813 313 175 
2957 1950 1952 1802 1813 
2958 1950 1813 1951 1952 
2959 1952 1802 1813 313 
2960 1952 313 1813 1951 
2961 14 1953 644 656 
2962 1953 1153 1744 1368 
2963 644 1744 610 655 
2964 656 1368 655 606 
2965 1953 644 656 1368 
2966 1953 1368 1744 644 
2967 644 656 1368 655 
2968 644 655 1368 1744 
2969 927 1080 1088 1346 
2970 1080 919 979 1807 
2971 1088 979 887 1806 
2972 1346 1807 1806 1152 
2973 1080 1088 1346 1807 
2974 1080 1807 979 1088 
2975 1088 1346 1807 1806 
2976 1088 1806 1807 979 
2977 891 1184 1039 1079 
2978 1184 1136 1805 1186 
2979 1039 1805 911 1075 
2980 1079 1186 1075 924 
2981 1184 1039 1079 1186 
2982 1184 1186 1805 1039 
2983 1039 1079 1186 1075 
2984 1039 1075 1186 1805 
2985 1137 1603 1560 1563 
2986 1603 911 1496 1606 
2987 1560 1496 1143 1564 
2988 1563 1606 1564 1149 
2989 1603 1560 1563 1606 
2990 1603 1606 1496 1560 
2991 1560 1563 1606 1564 
2992 1560 1564 1606 1496 
2993 14 1953 230 217 
2994 1953 1153 1477 1921 
2995 230 1477 175 210 
2996 217 1921 210 192 
2997 1953 230 217 1921 
2998 1953 1921 1477 230 
2999 230 217 1921 210 
3000 230 210 1921 1477 
3001 62 636 61 462 
3002 636 609 635 1954 
3003 61 635 60 463 
3004 462 1954 463 335 
3005 636 61 462 1954 
3006 636 1954 635 61 
3007 61 462 1954 463 
3008 61 463 1954 635 
3009 14 1953 217 644 
3010 1953 1153 1921 1744 
3011 217 1921 192 1275 
3012 644 1744 1275 610 
3013 1953 217 644 1744 
3014 1953 1744 1921 217 
3015 217 644 1744 1275 
3016 217 1275 1744 1921 
3017 1156 1582 1766 1584 
3018 1582 127 1011 1583 
3019 1766 1011 884 1513 
3020 1584 1583 1513 200 
3021 1582 1766 1584 1583 
3022 1582 1583 1011 1766 
3023 1766 1584 1583 1513 
3024 1766 1513 1583 1011 
3025 1145 1521 1434 1927 
3026 1521 1143 1561 1928 
3027 1434 1561 1108 1590 
3028 1927 1928 1590 1105 
3029 1521 1434 1927 1928 
3030 1521 1928 1561 1434 
3031 1434 1927 1928 1590 
3032 1434 1590 1928 1561 
3033 1153 1816 1921 1744 
3034 1816 338 1955 1956 
3035 1921 1955 192 1275 
3036 1744 1956 1275 610 
3037 1816 1921 1744 1956 
3038 1816 1956 1955 1921 
3039 1921 1744 1956 1275 
3040 1921 1275 1956 1955 
3041 612 680 1547 679 
3042 680 602 1515 681 
3043 1547 1515 1133 1382 
3044 679 681 1382 607 
3045 680 1547 679 681 
3046 680 681 1515 1547 
3047 1547 679 681 1382 
3048 1547 1382 681 1515 
3049 603 1799 1654 1656 
3050 1799 1131 1798 1957 
3051 1654 1798 1115 1655 
3052 1656 1957 1655 1130 
3053 1799 1654 1656 1957 
3054 1799 1957 1798 1654 
3055 1654 1656 1957 1655 
3056 1654 1655 1957 1798 
3057 191 1958 1206 272 
3058 1958 1150 1377 1959 
3059 1206 1377 898 1169 
3060 272 1959 1169 173 
3061 1958 1206 272 1959 
3062 1958 1959 1377 1206 
3063 1206 272 1959 1169 
3064 1206 1169 1959 1377 
3065 62 1774 636 462 
3066 1774 193 1775 1960 
3067 636 1775 609 1954 
3068 462 1960 1954 335 
3069 1774 636 462 1960 
3070 1774 1960 1775 636 
3071 636 462 1960 1954 
3072 636 1954 1960 1775 
3073 1142 1318 1575 1598 
3074 1318 1158 1577 1597 
3075 1575 1577 1155 1268 
3076 1598 1597 1268 1093 
3077 1318 1575 1598 1597 
3078 1318 1597 1577 1575 
3079 1575 1598 1597 1268 
3080 1575 1268 1597 1577 
3081 92 834 93 494 
3082 834 778 797 1278 
3083 93 797 94 502 
3084 494 1278 502 367 
3085 834 93 494 1278 
3086 834 1278 797 93 
3087 93 494 1278 502 
3088 93 502 1278 797 
3089 92 834 1724 809 
3090 834 778 1825 828 
3091 1724 1825 1155 1727 
3092 809 828 1727 782 
3093 834 1724 809 828 
3094 834 828 1825 1724 
3095 1724 809 828 1727 
3096 1724 1727 828 1825 
3097 1129 1262 1778 1961 
3098 1262 1139 1490 1962 
3099 1778 1490 1122 1830 
3100 1961 1962 1830 1089 
3101 1262 1778 1961 1962 
3102 1262 1962 1490 1778 
3103 1778 1961 1962 1830 
3104 1778 1830 1962 1490 
3105 137 1063 1035 1963 
3106 1063 921 1083 1533 
3107 1035 1083 914 1693 
3108 1963 1533 1693 1133 
3109 1063 1035 1963 1533 
3110 1063 1533 1083 1035 
3111 1035 1963 1533 1693 
3112 1035 1693 1533 1083 
3113 1092 1518 1550 1882 
3114 1518 1150 1551 1964 
3115 1550 1551 1110 1705 
3116 1882 1964 1705 1105 
3117 1518 1550 1882 1964 
3118 1518 1964 1551 1550 
3119 1550 1882 1964 1705 
3120 1550 1705 1964 1551 
3121 1120 1523 1292 1525 
3122 1523 1134 1282 1524 
3123 1292 1282 712 1516 
3124 1525 1524 1516 1133 
3125 1523 1292 1525 1524 
3126 1523 1524 1282 1292 
3127 1292 1525 1524 1516 
3128 1292 1516 1524 1282 
3129 1150 1518 1543 1522 
3130 1518 1092 1544 1485 
3131 1543 1544 893 1819 
3132 1522 1485 1819 1143 
3133 1518 1543 1522 1485 
3134 1518 1485 1544 1543 
3135 1543 1522 1485 1819 
3136 1543 1819 1485 1544 
3137 892 1077 1683 1692 
3138 1077 921 1548 1533 
3139 1683 1548 717 1549 
3140 1692 1533 1549 1133 
3141 1077 1683 1692 1533 
3142 1077 1533 1548 1683 
3143 1683 1692 1533 1549 
3144 1683 1549 1533 1548 
3145 1128 1836 1720 1731 
3146 1836 789 862 861 
3147 1720 862 773 856 
3148 1731 861 856 783 
3149 1836 1720 1731 861 
3150 1836 861 862 1720 
3151 1720 1731 861 856 
3152 1720 856 861 862 
3153 1123 1255 1751 1847 
3154 1255 1096 1667 1908 
3155 1751 1667 379 1846 
3156 1847 1908 1846 1111 
3157 1255 1751 1847 1908 
3158 1255 1908 1667 1751 
3159 1751 1847 1908 1846 
3160 1751 1846 1908 1667 
3161 375 1965 1570 1966 
3162 1965 786 880 1968 
3163 1570 880 791 1967 
3164 1966 1968 1967 1118 
3165 1965 1570 1966 1968 
3166 1965 1968 880 1570 
3167 1570 1966 1968 1967 
3168 1570 1967 1968 880 
3169 1151 1608 1488 1823 
3170 1608 1134 1385 1527 
3171 1488 1385 1099 1969 
3172 1823 1527 1969 1116 
3173 1608 1488 1823 1527 
3174 1608 1527 1385 1488 
3175 1488 1823 1527 1969 
3176 1488 1969 1527 1385 
3177 722 762 747 1970 
3178 762 715 738 1670 
3179 747 738 73 1971 
3180 1970 1670 1971 1135 
3181 762 747 1970 1670 
3182 762 1670 738 747 
3183 747 1970 1670 1971 
3184 747 1971 1670 738 
3185 174 306 1220 1972 
3186 306 202 1716 1309 
3187 1220 1716 788 1717 
3188 1972 1309 1717 885 
3189 306 1220 1972 1309 
3190 306 1309 1716 1220 
3191 1220 1972 1309 1717 
3192 1220 1717 1309 1716 
3193 178 1787 1411 1647 
3194 1787 903 1014 953 
3195 1411 1014 901 1031 
3196 1647 953 1031 915 
3197 1787 1411 1647 953 
3198 1787 953 1014 1411 
3199 1411 1647 953 1031 
3200 1411 1031 953 1014 
3201 603 668 663 1656 
3202 668 605 657 1311 
3203 663 657 615 1313 
3204 1656 1311 1313 1130 
3205 668 663 1656 1311 
3206 668 1311 657 663 
3207 663 1656 1311 1313 
3208 663 1313 1311 657 
3209 786 1965 880 846 
3210 1965 375 1570 524 
3211 880 1570 791 868 
3212 846 524 868 96 
3213 1965 880 846 524 
3214 1965 524 1570 880 
3215 880 846 524 868 
3216 880 868 524 1570 
3217 903 1264 1973 960 
3218 1264 201 301 1665 
3219 1973 301 25 1429 
3220 960 1665 1429 917 
3221 1264 1973 960 1665 
3222 1264 1665 301 1973 
3223 1973 960 1665 1429 
3224 1973 1429 1665 301 
3225 1128 1836 1826 1828 
3226 1836 789 1938 1937 
3227 1826 1938 551 599 
3228 1828 1937 599 541 
3229 1836 1826 1828 1937 
3230 1836 1937 1938 1826 
3231 1826 1828 1937 599 
3232 1826 599 1937 1938 
3233 927 1974 1088 1347 
3234 1974 1159 1975 1424 
3235 1088 1975 887 1976 
3236 1347 1424 1976 1132 
3237 1974 1088 1347 1424 
3238 1974 1424 1975 1088 
3239 1088 1347 1424 1976 
3240 1088 1976 1424 1975 
3241 1126 1947 1223 1977 
3242 1947 364 521 522 
3243 1223 521 356 508 
3244 1977 522 508 379 
3245 1947 1223 1977 522 
3246 1947 522 521 1223 
3247 1223 1977 522 508 
3248 1223 508 522 521 
3249 1126 1223 1222 1978 
3250 1223 356 1224 424 
3251 1222 1224 1100 1979 
3252 1978 424 1979 357 
3253 1223 1222 1978 424 
3254 1223 424 1224 1222 
3255 1222 1978 424 1979 
3256 1222 1979 424 1224 
3257 617 1228 1981 686 
3258 1228 548 1980 577 
3259 1981 1980 923 1067 
3260 686 577 1067 8 
3261 1228 1981 686 577 
3262 1228 577 1980 1981 
3263 1981 686 577 1067 
3264 1981 1067 577 1980 
3265 1131 1199 1798 1201 
3266 1199 608 1677 1200 
3267 1798 1677 1115 1982 
3268 1201 1200 1982 1127 
3269 1199 1798 1201 1200 
3270 1199 1200 1677 1798 
3271 1798 1201 1200 1982 
3272 1798 1982 1200 1677 
3273 613 1618 633 706 
3274 1618 1117 1757 1758 
3275 633 1757 608 684 
3276 706 1758 684 601 
3277 1618 633 706 1758 
3278 1618 1758 1757 633 
3279 633 706 1758 684 
3280 633 684 1758 1757 
3281 363 525 480 1663 
3282 525 374 518 1791 
3283 480 518 53 564 
3284 1663 1791 564 544 
3285 525 480 1663 1791 
3286 525 1791 518 480 
3287 480 1663 1791 564 
3288 480 564 1791 518 
3289 1134 1607 1681 1524 
3290 1607 892 1683 1692 
3291 1681 1683 717 1549 
3292 1524 1692 1549 1133 
3293 1607 1681 1524 1692 
3294 1607 1692 1683 1681 
3295 1681 1524 1692 1549 
3296 1681 1549 1692 1683 
3297 1117 1983 1985 1759 
3298 1983 1109 1984 1987 
3299 1985 1984 1107 1986 
3300 1759 1987 1986 1127 
3301 1983 1985 1759 1987 
3302 1983 1987 1984 1985 
3303 1985 1759 1987 1986 
3304 1985 1986 1987 1984 
3305 1106 1988 1989 1652 
3306 1988 1109 1984 1990 
3307 1989 1984 1107 1871 
3308 1652 1990 1871 358 
3309 1988 1989 1652 1990 
3310 1988 1990 1984 1989 
3311 1989 1652 1990 1871 
3312 1989 1871 1990 1984 
3313 177 287 1626 288 
3314 287 20 658 21 
3315 1626 658 615 645 
3316 288 21 645 22 
3317 287 1626 288 21 
3318 287 21 658 1626 
3319 1626 288 21 645 
3320 1626 645 21 658 
3321 1123 1991 1992 1753 
3322 1991 86 833 380 
3323 1992 833 777 1674 
3324 1753 380 1674 337 
3325 1991 1992 1753 380 
3326 1991 380 833 1992 
3327 1992 1753 380 1674 
3328 1992 1674 380 833 
3329 1132 1546 1383 1426 
3330 1546 612 679 678 
3331 1383 679 607 665 
3332 1426 678 665 604 
3333 1546 1383 1426 678 
3334 1546 678 679 1383 
3335 1383 1426 678 665 
3336 1383 665 678 679 
3337 619 1866 1247 1493 
3338 1866 721 1291 1595 
3339 1247 1291 1120 1528 
3340 1493 1595 1528 372 
3341 1866 1247 1493 1595 
3342 1866 1595 1291 1247 
3343 1247 1493 1595 1528 
3344 1247 1528 1595 1291 
3345 619 701 1247 1866 
3346 701 118 1290 767 
3347 1247 1290 1120 1291 
3348 1866 767 1291 721 
3349 701 1247 1866 767 
3350 701 767 1290 1247 
3351 1247 1866 767 1291 
3352 1247 1291 767 1290 
3353 1128 1836 1731 1837 
3354 1836 789 861 858 
3355 1731 861 783 875 
3356 1837 858 875 154 
3357 1836 1731 1837 858 
3358 1836 858 861 1731 
3359 1731 1837 858 875 
3360 1731 875 858 861 
3361 614 626 1746 625 
3362 626 68 1747 627 
3363 1746 1747 1113 1993 
3364 625 627 1993 606 
3365 626 1746 625 627 
3366 626 627 1747 1746 
3367 1746 625 627 1993 
3368 1746 1993 627 1747 
3369 1128 1729 1721 1723 
3370 1729 1129 1732 1889 
3371 1721 1732 780 1722 
3372 1723 1889 1722 1121 
3373 1729 1721 1723 1889 
3374 1729 1889 1732 1721 
3375 1721 1723 1889 1722 
3376 1721 1722 1889 1732 
3377 721 1866 745 1595 
3378 1866 619 696 1493 
3379 745 696 5 510 
3380 1595 1493 510 372 
3381 1866 745 1595 1493 
3382 1866 1493 696 745 
3383 745 1595 1493 510 
3384 745 510 1493 696 
3385 892 976 1683 987 
3386 976 149 754 150 
3387 1683 754 717 755 
3388 987 150 755 151 
3389 976 1683 987 150 
3390 976 150 754 1683 
3391 1683 987 150 755 
3392 1683 755 150 754 
3393 1116 1553 1822 1925 
3394 1553 1110 1994 1301 
3395 1822 1994 1152 1481 
3396 1925 1301 1481 1119 
3397 1553 1822 1925 1301 
3398 1553 1301 1994 1822 
3399 1822 1925 1301 1481 
3400 1822 1481 1301 1994 
3401 204 332 334 1995 
3402 332 188 333 1445 
3403 334 333 205 1898 
3404 1995 1445 1898 1105 
3405 332 334 1995 1445 
3406 332 1445 333 334 
3407 334 1995 1445 1898 
3408 334 1898 1445 333 
3409 1110 1896 1301 1553 
3410 1896 344 1923 1924 
3411 1301 1923 1119 1925 
3412 1553 1924 1925 1116 
3413 1896 1301 1553 1924 
3414 1896 1924 1923 1301 
3415 1301 1553 1924 1925 
3416 1301 1925 1924 1923 
3417 913 1657 1260 1860 
3418 1657 1128 1729 1731 
3419 1260 1729 1129 1730 
3420 1860 1731 1730 783 
3421 1657 1260 1860 1731 
3422 1657 1731 1729 1260 
3423 1260 1860 1731 1730 
3424 1260 1730 1731 1729 
3425 336 1891 460 1996 
3426 1891 190 1893 1997 
3427 460 1893 90 810 
3428 1996 1997 810 782 
3429 1891 460 1996 1997 
3430 1891 1997 1893 460 
3431 460 1996 1997 810 
3432 460 810 1997 1893 
3433 38 285 37 812 
3434 285 190 286 1997 
3435 37 286 36 816 
3436 812 1997 816 782 
3437 285 37 812 1997 
3438 285 1997 286 37 
3439 37 812 1997 816 
3440 37 816 1997 286 
3441 176 1470 290 1252 
3442 1470 1123 1728 1164 
3443 290 1728 42 829 
3444 1252 1164 829 787 
3445 1470 290 1252 1164 
3446 1470 1164 1728 290 
3447 290 1252 1164 829 
3448 290 829 1164 1728 
3449 1112 1940 1998 1887 
3450 1940 364 1218 1356 
3451 1998 1218 785 1357 
3452 1887 1356 1357 1121 
3453 1940 1998 1887 1356 
3454 1940 1356 1218 1998 
3455 1998 1887 1356 1357 
3456 1998 1357 1356 1218 
3457 1118 1968 1967 1999 
3458 1968 786 880 879 
3459 1967 880 791 873 
3460 1999 879 873 774 
3461 1968 1967 1999 879 
3462 1968 879 880 1967 
3463 1967 1999 879 873 
3464 1967 873 879 880 
3465 4 98 870 575 
3466 98 99 871 594 
3467 870 871 792 1557 
3468 575 594 1557 550 
3469 98 870 575 594 
3470 98 594 871 870 
3471 870 575 594 1557 
3472 870 1557 594 871 
3473 1106 1988 1636 1989 
3474 1988 1109 2000 1984 
3475 1636 2000 1144 1770 
3476 1989 1984 1770 1107 
3477 1988 1636 1989 1984 
3478 1988 1984 2000 1636 
3479 1636 1989 1984 1770 
3480 1636 1770 1984 2000 
3481 1156 1504 1625 2001 
3482 1504 1131 1957 1238 
3483 1625 1957 1130 1245 
3484 2001 1238 1245 1094 
3485 1504 1625 2001 1238 
3486 1504 1238 1957 1625 
3487 1625 2001 1238 1245 
3488 1625 1245 1238 1957 
3489 1090 1393 2003 2004 
3490 1393 1095 2002 2006 
3491 2003 2002 1097 2005 
3492 2004 2006 2005 1104 
3493 1393 2003 2004 2006 
3494 1393 2006 2002 2003 
3495 2003 2004 2006 2005 
3496 2003 2005 2006 2002 
3497 44 795 317 796 
3498 795 160 1263 159 
3499 317 1263 201 1215 
3500 796 159 1215 158 
3501 795 317 796 159 
3502 795 159 1263 317 
3503 317 796 159 1215 
3504 317 1215 159 1263 
3505 1145 1519 2007 1818 
3506 1519 1150 1376 1543 
3507 2007 1376 895 980 
3508 1818 1543 980 893 
3509 1519 2007 1818 1543 
3510 1519 1543 1376 2007 
3511 2007 1818 1543 980 
3512 2007 980 1543 1376 
3513 792 871 872 1557 
3514 871 99 841 594 
3515 872 841 773 1559 
3516 1557 594 1559 550 
3517 871 872 1557 594 
3518 871 594 841 872 
3519 872 1557 594 1559 
3520 872 1559 594 841 
3521 7 857 102 572 
3522 857 789 866 1938 
3523 102 866 101 593 
3524 572 1938 593 551 
3525 857 102 572 1938 
3526 857 1938 866 102 
3527 102 572 1938 593 
3528 102 593 1938 866 
3529 884 1011 1012 1513 
3530 1011 127 128 1583 
3531 1012 128 129 1685 
3532 1513 1583 1685 200 
3533 1011 1012 1513 1583 
3534 1011 1583 128 1012 
3535 1012 1513 1583 1685 
3536 1012 1685 1583 128 
3537 892 1069 1692 1472 
3538 1069 914 1693 1474 
3539 1692 1693 1133 1939 
3540 1472 1474 1939 1151 
3541 1069 1692 1472 1474 
3542 1069 1474 1693 1692 
3543 1692 1472 1474 1939 
3544 1692 1939 1474 1693 
3545 375 2008 516 526 
3546 2008 1135 1971 1403 
3547 516 1971 73 478 
3548 526 1403 478 362 
3549 2008 516 526 1403 
3550 2008 1403 1971 516 
3551 516 526 1403 478 
3552 516 478 1403 1971 
3553 894 2009 981 982 
3554 2009 1145 2007 1818 
3555 981 2007 895 980 
3556 982 1818 980 893 
3557 2009 981 982 1818 
3558 2009 1818 2007 981 
3559 981 982 1818 980 
3560 981 980 1818 2007 
3561 897 1743 1170 994 
3562 1743 1145 2010 2007 
3563 1170 2010 173 1168 
3564 994 2007 1168 895 
3565 1743 1170 994 2007 
3566 1743 2007 2010 1170 
3567 1170 994 2007 1168 
3568 1170 1168 2007 2010 
3569 1128 1910 1723 1828 
3570 1910 1126 1948 1173 
3571 1723 1948 1121 2011 
3572 1828 1173 2011 541 
3573 1910 1723 1828 1173 
3574 1910 1173 1948 1723 
3575 1723 1828 1173 2011 
3576 1723 2011 1173 1948 
3577 27 1913 258 247 
3578 1913 897 1742 1170 
3579 258 1742 186 271 
3580 247 1170 271 173 
3581 1913 258 247 1170 
3582 1913 1170 1742 258 
3583 258 247 1170 271 
3584 258 271 1170 1742 
3585 789 1836 862 1937 
3586 1836 1128 1720 1828 
3587 862 1720 773 1936 
3588 1937 1828 1936 541 
3589 1836 862 1937 1828 
3590 1836 1828 1720 862 
3591 862 1937 1828 1936 
3592 862 1936 1828 1720 
3593 781 2012 815 1761 
3594 2012 1123 1728 1254 
3595 815 1728 42 281 
3596 1761 1254 281 194 
3597 2012 815 1761 1254 
3598 2012 1254 1728 815 
3599 815 1761 1254 281 
3600 815 281 1254 1728 
3601 919 1375 1040 1041 
3602 1375 1150 1543 1376 
3603 1040 1543 893 980 
3604 1041 1376 980 895 
3605 1375 1040 1041 1376 
3606 1375 1376 1543 1040 
3607 1040 1041 1376 980 
3608 1040 980 1376 1543 
3609 919 1080 1040 1807 
3610 1080 927 1054 1346 
3611 1040 1054 893 2013 
3612 1807 1346 2013 1152 
3613 1080 1040 1807 1346 
3614 1080 1346 1054 1040 
3615 1040 1807 1346 2013 
3616 1040 2013 1346 1054 
3617 897 1742 943 938 
3618 1742 186 2014 2015 
3619 943 2014 896 944 
3620 938 2015 944 885 
3621 1742 943 938 2015 
3622 1742 2015 2014 943 
3623 943 938 2015 944 
3624 943 944 2015 2014 
3625 172 254 1340 1902 
3626 254 178 1411 1458 
3627 1340 1411 901 1648 
3628 1902 1458 1648 1141 
3629 254 1340 1902 1458 
3630 254 1458 1411 1340 
3631 1340 1902 1458 1648 
3632 1340 1648 1458 1411 
3633 1147 1858 1769 2016 
3634 1858 1148 1638 2017 
3635 1769 1638 1144 1464 
3636 2016 2017 1464 907 
3637 1858 1769 2016 2017 
3638 1858 2017 1638 1769 
3639 1769 2016 2017 1464 
3640 1769 1464 2017 1638 
3641 1131 1235 1360 1359 
3642 1235 1147 2018 2019 
3643 1360 2018 926 1036 
3644 1359 2019 1036 890 
3645 1235 1360 1359 2019 
3646 1235 2019 2018 1360 
3647 1360 1359 2019 1036 
3648 1360 1036 2019 2018 
3649 923 1981 1072 1469 
3650 1981 617 685 2020 
3651 1072 685 123 1773 
3652 1469 2020 1773 1127 
3653 1981 1072 1469 2020 
3654 1981 2020 685 1072 
3655 1072 1469 2020 1773 
3656 1072 1773 2020 685 
3657 68 464 1815 627 
3658 464 338 1816 1768 
3659 1815 1816 1153 1368 
3660 627 1768 1368 606 
3661 464 1815 627 1768 
3662 464 1768 1816 1815 
3663 1815 627 1768 1368 
3664 1815 1368 1768 1816 
3665 1132 1349 1348 1932 
3666 1349 1151 1345 1820 
3667 1348 1345 1152 1691 
3668 1932 1820 1691 1091 
3669 1349 1348 1932 1820 
3670 1349 1820 1345 1348 
3671 1348 1932 1820 1691 
3672 1348 1691 1820 1345 
3673 617 2021 689 2020 
3674 2021 540 1916 1917 
3675 689 1916 601 1760 
3676 2020 1917 1760 1127 
3677 2021 689 2020 1917 
3678 2021 1917 1916 689 
3679 689 2020 1917 1760 
3680 689 1760 1917 1916 
3681 612 704 1547 691 
3682 704 137 1963 688 
3683 1547 1963 1133 1514 
3684 691 688 1514 618 
3685 704 1547 691 688 
3686 704 688 1963 1547 
3687 1547 691 688 1514 
3688 1547 1514 688 1963 
3689 916 1314 1081 1305 
3690 1314 1158 1628 1601 
3691 1081 1628 925 1629 
3692 1305 1601 1629 1140 
3693 1314 1081 1305 1601 
3694 1314 1601 1628 1081 
3695 1081 1305 1601 1629 
3696 1081 1629 1601 1628 
3697 608 1757 1677 1200 
3698 1757 1117 2022 1759 
3699 1677 2022 1115 1982 
3700 1200 1759 1982 1127 
3701 1757 1677 1200 1759 
3702 1757 1759 2022 1677 
3703 1677 1200 1759 1982 
3704 1677 1982 1759 2022 
3705 187 222 1447 1850 
3706 222 198 1187 1350 
3707 1447 1187 348 387 
3708 1850 1350 387 336 
3709 222 1447 1850 1350 
3710 222 1350 1187 1447 
3711 1447 1850 1350 387 
3712 1447 387 1350 1187 
3713 1158 1597 1601 1577 
3714 1597 1093 1267 1268 
3715 1601 1267 1140 1269 
3716 1577 1268 1269 1155 
3717 1597 1601 1577 1268 
3718 1597 1268 1267 1601 
3719 1601 1577 1268 1269 
3720 1601 1269 1268 1267 
3721 92 461 91 809 
3722 461 336 460 1996 
3723 91 460 90 810 
3724 809 1996 810 782 
3725 461 91 809 1996 
3726 461 1996 460 91 
3727 91 809 1996 810 
3728 91 810 1996 460 
3729 125 2023 1022 676 
3730 2023 1131 1359 1202 
3731 1022 1359 890 2024 
3732 676 1202 2024 611 
3733 2023 1022 676 1202 
3734 2023 1202 1359 1022 
3735 1022 676 1202 2024 
3736 1022 2024 1202 1359 
3737 349 1733 2025 1714 
3738 1733 188 275 276 
3739 2025 275 189 274 
3740 1714 276 274 183 
3741 1733 2025 1714 276 
3742 1733 276 275 2025 
3743 2025 1714 276 274 
3744 2025 274 276 275 
3745 1125 2026 1211 1213 
3746 2026 888 1002 992 
3747 1211 1002 912 1029 
3748 1213 992 1029 108 
3749 2026 1211 1213 992 
3750 2026 992 1002 1211 
3751 1211 1213 992 1029 
3752 1211 1029 992 1002 
3753 363 1660 1783 1663 
3754 1660 1106 1988 1662 
3755 1783 1988 1109 1792 
3756 1663 1662 1792 544 
3757 1660 1783 1663 1662 
3758 1660 1662 1988 1783 
3759 1783 1663 1662 1792 
3760 1783 1792 1662 1988 
3761 1159 2027 1951 2029 
3762 2027 133 2028 940 
3763 1951 2028 203 1700 
3764 2029 940 1700 904 
3765 2027 1951 2029 940 
3766 2027 940 2028 1951 
3767 1951 2029 940 1700 
3768 1951 1700 940 2028 
3769 1109 2030 1789 1792 
3770 2030 540 591 585 
3771 1789 591 549 589 
3772 1792 585 589 544 
3773 2030 1789 1792 585 
3774 2030 585 591 1789 
3775 1789 1792 585 589 
3776 1789 589 585 591 
3777 910 1933 941 933 
3778 1933 185 2031 1512 
3779 941 2031 909 942 
3780 933 1512 942 884 
3781 1933 941 933 1512 
3782 1933 1512 2031 941 
3783 941 933 1512 942 
3784 941 942 1512 2031 
3785 1159 1974 1690 1424 
3786 1974 927 1346 1347 
3787 1690 1346 1152 1348 
3788 1424 1347 1348 1132 
3789 1974 1690 1424 1347 
3790 1974 1347 1346 1690 
3791 1690 1424 1347 1348 
3792 1690 1348 1347 1346 
3793 1109 1988 2000 2032 
3794 1988 1106 1636 1637 
3795 2000 1636 1144 1638 
3796 2032 1637 1638 1148 
3797 1988 2000 2032 1637 
3798 1988 1637 1636 2000 
3799 2000 2032 1637 1638 
3800 2000 1638 1637 1636 
3801 1137 2033 1672 1560 
3802 2033 889 1497 1495 
3803 1672 1497 719 1500 
3804 1560 1495 1500 1143 
3805 2033 1672 1560 1495 
3806 2033 1495 1497 1672 
3807 1672 1560 1495 1500 
3808 1672 1500 1495 1497 
3809 1099 2034 1387 1285 
3810 2034 344 419 418 
3811 1387 419 343 417 
3812 1285 418 417 340 
3813 2034 1387 1285 418 
3814 2034 418 419 1387 
3815 1387 1285 418 417 
3816 1387 417 418 419 
3817 1151 1474 1939 1349 
3818 1474 914 1693 1475 
3819 1939 1693 1133 1379 
3820 1349 1475 1379 1132 
3821 1474 1939 1349 1475 
3822 1474 1475 1693 1939 
3823 1939 1349 1475 1379 
3824 1939 1379 1475 1693 
3825 1132 1424 1378 1932 
3826 1424 1159 1428 1689 
3827 1378 1428 1113 2035 
3828 1932 1689 2035 1091 
3829 1424 1378 1932 1689 
3830 1424 1689 1428 1378 
3831 1378 1932 1689 2035 
3832 1378 2035 1689 1428 
3833 369 533 2036 1325 
3834 533 377 1874 1875 
3835 2036 1874 1107 1876 
3836 1325 1875 1876 1115 
3837 533 2036 1325 1875 
3838 533 1875 1874 2036 
3839 2036 1325 1875 1876 
3840 2036 1876 1875 1874 
3841 792 870 1557 1450 
3842 870 4 575 512 
3843 1557 575 550 1355 
3844 1450 512 1355 373 
3845 870 1557 1450 512 
3846 870 512 575 1557 
3847 1557 1450 512 1355 
3848 1557 1355 512 575 
3849 179 1194 273 2037 
3850 1194 352 1196 482 
3851 273 1196 195 1198 
3852 2037 482 1198 366 
3853 1194 273 2037 482 
3854 1194 482 1196 273 
3855 273 2037 482 1198 
3856 273 1198 482 1196 
3857 363 481 1663 480 
3858 481 51 563 52 
3859 1663 563 544 564 
3860 480 52 564 53 
3861 481 1663 480 52 
3862 481 52 563 1663 
3863 1663 480 52 564 
3864 1663 564 52 563 
3865 1115 2022 1876 1982 
3866 2022 1117 1985 1759 
3867 1876 1985 1107 1986 
3868 1982 1759 1986 1127 
3869 2022 1876 1982 1759 
3870 2022 1759 1985 1876 
3871 1876 1982 1759 1986 
3872 1876 1986 1759 1985 
3873 1151 1545 1345 1823 
3874 1545 1150 2038 1552 
3875 1345 2038 1152 1822 
3876 1823 1552 1822 1116 
3877 1545 1345 1823 1552 
3878 1545 1552 2038 1345 
3879 1345 1823 1552 1822 
3880 1345 1822 1552 2038 
3881 341 488 507 1627 
3882 488 377 533 1875 
3883 507 533 369 1325 
3884 1627 1875 1325 1115 
3885 488 507 1627 1875 
3886 488 1875 533 507 
3887 507 1627 1875 1325 
3888 507 1325 1875 533 
3889 1154 2039 2040 1241 
3890 2039 1107 1770 1651 
3891 2040 1770 1144 1771 
3892 1241 1651 1771 1157 
3893 2039 2040 1241 1651 
3894 2039 1651 1770 2040 
3895 2040 1241 1651 1771 
3896 2040 1771 1651 1770 
3897 1157 1650 1872 1508 
3898 1650 1147 2018 2041 
3899 1872 2018 926 1082 
3900 1508 2041 1082 918 
3901 1650 1872 1508 2041 
3902 1650 2041 2018 1872 
3903 1872 1508 2041 1082 
3904 1872 1082 2041 2018 
3905 1159 1975 2029 1690 
3906 1975 887 945 1806 
3907 2029 945 904 1613 
3908 1690 1806 1613 1152 
3909 1975 2029 1690 1806 
3910 1975 1806 945 2029 
3911 2029 1690 1806 1613 
3912 2029 1613 1806 945 
3913 1110 1897 1994 1301 
3914 1897 205 2042 2043 
3915 1994 2042 1152 1481 
3916 1301 2043 1481 1119 
3917 1897 1994 1301 2043 
3918 1897 2043 2042 1994 
3919 1994 1301 2043 1481 
3920 1994 1481 2043 2042 
3921 44 795 45 317 
3922 795 160 881 1263 
3923 45 881 2 302 
3924 317 1263 302 201 
3925 795 45 317 1263 
3926 795 1263 881 45 
3927 45 317 1263 302 
3928 45 302 1263 881 
3929 175 1813 1610 1482 
3930 1813 1159 2029 1690 
3931 1610 2029 904 1613 
3932 1482 1690 1613 1152 
3933 1813 1610 1482 1690 
3934 1813 1690 2029 1610 
3935 1610 1482 1690 1613 
3936 1610 1613 1690 2029 
3937 897 1913 1742 936 
3938 1913 27 258 2045 
3939 1742 258 186 2044 
3940 936 2045 2044 900 
3941 1913 1742 936 2045 
3942 1913 2045 258 1742 
3943 1742 936 2045 2044 
3944 1742 2044 2045 258 
3945 897 1741 1742 1170 
3946 1741 204 330 331 
3947 1742 330 186 271 
3948 1170 331 271 173 
3949 1741 1742 1170 331 
3950 1741 331 330 1742 
3951 1742 1170 331 271 
3952 1742 271 331 330 
3953 191 1958 231 1612 
3954 1958 1150 2046 2038 
3955 231 2046 205 2042 
3956 1612 2038 2042 1152 
3957 1958 231 1612 2038 
3958 1958 2038 2046 231 
3959 231 1612 2038 2042 
3960 231 2042 2038 2046 
3961 1159 1974 1975 1690 
3962 1974 927 1088 1346 
3963 1975 1088 887 1806 
3964 1690 1346 1806 1152 
3965 1974 1975 1690 1346 
3966 1974 1346 1088 1975 
3967 1975 1690 1346 1806 
3968 1975 1806 1346 1088 
3969 1120 1248 1179 1174 
3970 1248 614 1535 1746 
3971 1179 1535 365 1177 
3972 1174 1746 1177 1113 
3973 1248 1179 1174 1746 
3974 1248 1746 1535 1179 
3975 1179 1174 1746 1177 
3976 1179 1177 1746 1535 
3977 927 1053 1344 1068 
3978 1053 892 1472 1069 
3979 1344 1472 1151 1474 
3980 1068 1069 1474 914 
3981 1053 1344 1068 1069 
3982 1053 1069 1472 1344 
3983 1344 1068 1069 1474 
3984 1344 1474 1069 1472 
3985 1159 1950 2027 1425 
3986 1950 616 647 664 
3987 2027 647 133 652 
3988 1425 664 652 604 
3989 1950 2027 1425 664 
3990 1950 664 647 2027 
3991 2027 1425 664 652 
3992 2027 652 664 647 
3993 77 1284 428 427 
3994 1284 1099 1387 1285 
3995 428 1387 343 417 
3996 427 1285 417 340 
3997 1284 428 427 1285 
3998 1284 1285 1387 428 
3999 428 427 1285 417 
4000 428 417 1285 1387 
4001 133 2027 946 940 
4002 2027 1159 1975 2029 
4003 946 1975 887 945 
4004 940 2029 945 904 
4005 2027 946 940 2029 
4006 2027 2029 1975 946 
4007 946 940 2029 945 
4008 946 945 2029 1975 
4009 1159 1687 1428 1689 
4010 1687 1153 1817 1688 
4011 1428 1817 1113 2035 
4012 1689 1688 2035 1091 
4013 1687 1428 1689 1688 
4014 1687 1688 1817 1428 
4015 1428 1689 1688 2035 
4016 1428 2035 1688 1817 
4017 606 625 632 1993 
4018 625 614 631 1746 
4019 632 631 607 1381 
4020 1993 1746 1381 1113 
4021 625 632 1993 1746 
4022 625 1746 631 632 
4023 632 1993 1746 1381 
4024 632 1381 1746 631 
4025 713 1867 2047 2048 
4026 1867 1136 1804 1415 
4027 2047 1804 1137 1671 
4028 2048 1415 1671 1135 
4029 1867 2047 2048 1415 
4030 1867 1415 1804 2047 
4031 2047 2048 1415 1671 
4032 2047 1671 1415 1804 
4033 68 1815 1747 627 
4034 1815 1153 1817 1368 
4035 1747 1817 1113 1993 
4036 627 1368 1993 606 
4037 1815 1747 627 1368 
4038 1815 1368 1817 1747 
4039 1747 627 1368 1993 
4040 1747 1993 1368 1817 
4041 366 1666 1678 414 
4042 1666 1096 2049 1668 
4043 1678 2049 1097 1680 
4044 414 1668 1680 357 
4045 1666 1678 414 1668 
4046 1666 1668 2049 1678 
4047 1678 414 1668 1680 
4048 1678 1680 1668 2049 
4049 1124 1418 1421 2050 
4050 1418 1103 1423 1765 
4051 1421 1423 1100 1335 
4052 2050 1765 1335 1144 
4053 1418 1421 2050 1765 
4054 1418 1765 1423 1421 
4055 1421 2050 1765 1335 
4056 1421 1335 1765 1423 
4057 1090 1393 1903 2003 
4058 1393 1095 1904 2002 
4059 1903 1904 1141 2051 
4060 2003 2002 2051 1097 
4061 1393 1903 2003 2002 
4062 1393 2002 1904 1903 
4063 1903 2003 2002 2051 
4064 1903 2051 2002 1904 
4065 1090 2004 2003 2052 
4066 2004 1104 2005 1331 
4067 2003 2005 1097 1809 
4068 2052 1331 1809 1102 
4069 2004 2003 2052 1331 
4070 2004 1331 2005 2003 
4071 2003 2052 1331 1809 
4072 2003 1809 1331 2005 
4073 378 504 1191 531 
4074 504 344 1923 492 
4075 1191 1923 1119 1192 
4076 531 492 1192 370 
4077 504 1191 531 492 
4078 504 492 1923 1191 
4079 1191 531 492 1192 
4080 1191 1192 492 1923 
4081 1153 1816 1817 2053 
4082 1816 338 1541 539 
4083 1817 1541 1113 1542 
4084 2053 539 1542 378 
4085 1816 1817 2053 539 
4086 1816 539 1541 1817 
4087 1817 2053 539 1542 
4088 1817 1542 539 1541 
4089 1106 1660 1988 1652 
4090 1660 363 1783 453 
4091 1988 1783 1109 1990 
4092 1652 453 1990 358 
4093 1660 1988 1652 453 
4094 1660 453 1783 1988 
4095 1988 1652 453 1990 
4096 1988 1990 453 1783 
4097 378 1542 1926 520 
4098 1542 1113 1176 1177 
4099 1926 1176 1116 1178 
4100 520 1177 1178 365 
4101 1542 1926 520 1177 
4102 1542 1177 1176 1926 
4103 1926 520 1177 1178 
4104 1926 1178 1177 1176 
4105 10 1065 144 743 
4106 1065 924 1064 1322 
4107 144 1064 145 744 
4108 743 1322 744 723 
4109 1065 144 743 1322 
4110 1065 1322 1064 144 
4111 144 743 1322 744 
4112 144 744 1322 1064 
4113 166 1020 167 850 
4114 1020 891 1019 1407 
4115 167 1019 168 876 
4116 850 1407 876 784 
4117 1020 167 850 1407 
4118 1020 1407 1019 167 
4119 167 850 1407 876 
4120 167 876 1407 1019 
4121 1158 1314 1315 1929 
4122 1314 916 964 1043 
4123 1315 964 885 1009 
4124 1929 1043 1009 164 
4125 1314 1315 1929 1043 
4126 1314 1043 964 1315 
4127 1315 1929 1043 1009 
4128 1315 1009 1043 964 
4129 899 1018 1338 1017 
4130 1018 910 1934 955 
4131 1338 1934 172 1340 
4132 1017 955 1340 901 
4133 1018 1338 1017 955 
4134 1018 955 1934 1338 
4135 1338 1017 955 1340 
4136 1338 1340 955 1934 
4137 1096 1829 1695 1908 
4138 1829 1089 1830 1909 
4139 1695 1830 1122 1711 
4140 1908 1909 1711 1111 
4141 1829 1695 1908 1909 
4142 1829 1909 1830 1695 
4143 1695 1908 1909 1711 
4144 1695 1711 1909 1830 
4145 1136 1184 1804 2054 
4146 1184 891 1604 1605 
4147 1804 1604 1137 1563 
4148 2054 1605 1563 1149 
4149 1184 1804 2054 1605 
4150 1184 1605 1604 1804 
4151 1804 2054 1605 1563 
4152 1804 1563 1605 1604 
4153 1120 1528 1179 1248 
4154 1528 372 534 1529 
4155 1179 534 365 1535 
4156 1248 1529 1535 614 
4157 1528 1179 1248 1529 
4158 1528 1529 534 1179 
4159 1179 1248 1529 1535 
4160 1179 1535 1529 534 
4161 1109 1983 1789 2030 
4162 1983 1117 2055 1915 
4163 1789 2055 549 591 
4164 2030 1915 591 540 
4165 1983 1789 2030 1915 
4166 1983 1915 2055 1789 
4167 1789 2030 1915 591 
4168 1789 591 1915 2055 
4169 68 464 486 1747 
4170 464 338 500 1541 
4171 486 500 365 1177 
4172 1747 1541 1177 1113 
4173 464 486 1747 1541 
4174 464 1541 500 486 
4175 486 1747 1541 1177 
4176 486 1177 1541 500 
4177 928 1046 1047 1491 
4178 1046 906 961 1492 
4179 1047 961 915 1594 
4180 1491 1492 1594 1122 
4181 1046 1047 1491 1492 
4182 1046 1492 961 1047 
4183 1047 1491 1492 1594 
4184 1047 1594 1492 961 
4185 106 975 1945 580 
4186 975 888 2056 2058 
4187 1945 2056 1124 2057 
4188 580 2058 2057 547 
4189 975 1945 580 2058 
4190 975 2058 2056 1945 
4191 1945 580 2058 2057 
4192 1945 2057 2058 2056 
4193 1126 1171 1172 1755 
4194 1171 543 552 2059 
4195 1172 552 546 1912 
4196 1755 2059 1912 1124 
4197 1171 1172 1755 2059 
4198 1171 2059 552 1172 
4199 1172 1755 2059 1912 
4200 1172 1912 2059 552 
4201 773 1720 1455 1936 
4202 1720 1128 1723 1828 
4203 1455 1723 1121 2011 
4204 1936 1828 2011 541 
4205 1720 1455 1936 1828 
4206 1720 1828 1723 1455 
4207 1455 1936 1828 2011 
4208 1455 2011 1828 1723 
4209 1129 1835 1886 1961 
4210 1835 1112 1845 2060 
4211 1886 1845 1111 1909 
4212 1961 2060 1909 1089 
4213 1835 1886 1961 2060 
4214 1835 2060 1845 1886 
4215 1886 1961 2060 1909 
4216 1886 1909 2060 1845 
4217 908 952 1852 986 
4218 952 909 1461 991 
4219 1852 1461 1146 1463 
4220 986 991 1463 907 
4221 952 1852 986 991 
4222 952 991 1461 1852 
4223 1852 986 991 1463 
4224 1852 1463 991 1461 
4225 888 1779 972 2056 
4226 1779 1103 1781 1418 
4227 972 1781 906 2061 
4228 2056 1418 2061 1124 
4229 1779 972 2056 1418 
4230 1779 1418 1781 972 
4231 972 2056 1418 2061 
4232 972 2061 1418 1781 
4233 548 578 1980 577 
4234 578 110 1066 111 
4235 1980 1066 923 1067 
4236 577 111 1067 8 
4237 578 1980 577 111 
4238 578 111 1066 1980 
4239 1980 577 111 1067 
4240 1980 1067 111 1066 
4241 1128 1910 2062 1723 
4242 1910 1126 1756 1948 
4243 2062 1756 1111 1888 
4244 1723 1948 1888 1121 
4245 1910 2062 1723 1948 
4246 1910 1948 1756 2062 
4247 2062 1723 1948 1888 
4248 2062 1888 1948 1756 
4249 356 422 1224 424 
4250 422 339 1297 423 
4251 1224 1297 1100 1979 
4252 424 423 1979 357 
4253 422 1224 424 423 
4254 422 423 1297 1224 
4255 1224 424 423 1979 
4256 1224 1979 423 1297 
4257 135 1034 1013 1684 
4258 1034 914 1049 1475 
4259 1013 1049 887 1976 
4260 1684 1475 1976 1132 
4261 1034 1013 1684 1475 
4262 1034 1475 1049 1013 
4263 1013 1684 1475 1976 
4264 1013 1976 1475 1049 
4265 188 1733 275 1704 
4266 1733 349 2025 1734 
4267 275 2025 189 1304 
4268 1704 1734 1304 1110 
4269 1733 275 1704 1734 
4270 1733 1734 2025 275 
4271 275 1704 1734 1304 
4272 275 1304 1734 2025 
4273 616 659 1622 1802 
4274 659 14 1953 230 
4275 1622 1953 1153 1477 
4276 1802 230 1477 175 
4277 659 1622 1802 230 
4278 659 230 1953 1622 
4279 1622 1802 230 1477 
4280 1622 1477 230 1953 
4281 1096 1694 2049 1695 
4282 1694 179 2063 1456 
4283 2049 2063 1097 1811 
4284 1695 1456 1811 1122 
4285 1694 2049 1695 1456 
4286 1694 1456 2063 2049 
4287 2049 1695 1456 1811 
4288 2049 1811 1456 2063 
4289 888 2026 2056 2058 
4290 2026 1125 2064 1476 
4291 2056 2064 1124 2057 
4292 2058 1476 2057 547 
4293 2026 2056 2058 1476 
4294 2026 1476 2064 2056 
4295 2056 2058 1476 2057 
4296 2056 2057 1476 2064 
4297 27 1337 2045 1913 
4298 1337 899 1005 998 
4299 2045 1005 900 936 
4300 1913 998 936 897 
4301 1337 2045 1913 998 
4302 1337 998 1005 2045 
4303 2045 1913 998 936 
4304 2045 936 998 1005 
4305 1135 1670 1971 1403 
4306 1670 715 738 2065 
4307 1971 738 73 478 
4308 1403 2065 478 362 
4309 1670 1971 1403 2065 
4310 1670 2065 738 1971 
4311 1971 1403 2065 478 
4312 1971 478 2065 738 
4313 172 2066 1166 1902 
4314 2066 908 1852 1719 
4315 1166 1852 1146 1905 
4316 1902 1719 1905 1141 
4317 2066 1166 1902 1719 
4318 2066 1719 1852 1166 
4319 1166 1902 1719 1905 
4320 1166 1905 1719 1852 
4321 1089 1962 1830 1909 
4322 1962 1139 1490 1439 
4323 1830 1490 1122 1711 
4324 1909 1439 1711 1111 
4325 1962 1830 1909 1439 
4326 1962 1439 1490 1830 
4327 1830 1909 1439 1711 
4328 1830 1711 1439 1490 
4329 1112 1835 2067 2060 
4330 1835 1129 1883 1961 
4331 2067 1883 1138 1894 
4332 2060 1961 1894 1089 
4333 1835 2067 2060 1961 
4334 1835 1961 1883 2067 
4335 2067 2060 1961 1894 
4336 2067 1894 1961 1883 
4337 375 1966 1392 2008 
4338 1966 1118 2068 1417 
4339 1392 2068 722 1970 
4340 2008 1417 1970 1135 
4341 1966 1392 2008 1417 
4342 1966 1417 2068 1392 
4343 1392 2008 1417 1970 
4344 1392 1970 1417 2068 
4345 1106 1634 1294 1636 
4346 1634 1125 2069 1635 
4347 1294 2069 1100 1335 
4348 1636 1635 1335 1144 
4349 1634 1294 1636 1635 
4350 1634 1635 2069 1294 
4351 1294 1636 1635 1335 
4352 1294 1335 1635 2069 
4353 1150 1958 2046 1959 
4354 1958 191 231 272 
4355 2046 231 205 328 
4356 1959 272 328 173 
4357 1958 2046 1959 272 
4358 1958 272 231 2046 
4359 2046 1959 272 328 
4360 2046 328 272 231 
4361 900 1015 1430 949 
4362 1015 903 1973 960 
4363 1430 1973 25 1429 
4364 949 960 1429 917 
4365 1015 1430 949 960 
4366 1015 960 1973 1430 
4367 1430 949 960 1429 
4368 1430 1429 960 1973 
4369 201 1263 302 1665 
4370 1263 160 881 959 
4371 302 881 2 1895 
4372 1665 959 1895 917 
4373 1263 302 1665 959 
4374 1263 959 881 302 
4375 302 1665 959 1895 
4376 302 1895 959 881 
4377 775 1832 1834 1162 
4378 1832 1112 1835 2067 
4379 1834 1835 1129 1883 
4380 1162 2067 1883 1138 
4381 1832 1834 1162 2067 
4382 1832 2067 1835 1834 
4383 1834 1162 2067 1883 
4384 1834 1883 2067 1835 
4385 359 437 412 2070 
4386 437 358 436 1738 
4387 412 436 357 1750 
4388 2070 1738 1750 1102 
4389 437 412 2070 1738 
4390 437 1738 436 412 
4391 412 2070 1738 1750 
4392 412 1750 1738 436 
4393 182 2071 1696 263 
4394 2071 350 454 1715 
4395 1696 454 353 1918 
4396 263 1715 1918 183 
4397 2071 1696 263 1715 
4398 2071 1715 454 1696 
4399 1696 263 1715 1918 
4400 1696 1918 1715 454 
4401 1102 1809 2072 1710 
4402 1809 1097 2051 1811 
4403 2072 2051 1141 1459 
4404 1710 1811 1459 1122 
4405 1809 2072 1710 1811 
4406 1809 1811 2051 2072 
4407 2072 1710 1811 1459 
4408 2072 1459 1811 2051 
4409 1146 1395 1397 1841 
4410 1395 1095 1396 1842 
4411 1397 1396 1144 1771 
4412 1841 1842 1771 1157 
4413 1395 1397 1841 1842 
4414 1395 1842 1396 1397 
4415 1397 1841 1842 1771 
4416 1397 1771 1842 1396 
4417 344 1896 1923 492 
4418 1896 1110 1301 1300 
4419 1923 1301 1119 1192 
4420 492 1300 1192 370 
4421 1896 1923 492 1300 
4422 1896 1300 1301 1923 
4423 1923 492 1300 1192 
4424 1923 1192 1300 1301 
4425 1154 1619 1362 1243 
4426 1619 193 1960 1620 
4427 1362 1960 335 2073 
4428 1243 1620 2073 1130 
4429 1619 1362 1243 1620 
4430 1619 1620 1960 1362 
4431 1362 1243 1620 2073 
4432 1362 2073 1620 1960 
4433 180 1234 1233 316 
4434 1234 360 1230 1365 
4435 1233 1230 1154 1363 
4436 316 1365 1363 197 
4437 1234 1233 316 1365 
4438 1234 1365 1230 1233 
4439 1233 316 1365 1363 
4440 1233 1363 1365 1230 
4441 1143 1900 1561 1928 
4442 1900 1101 1633 1881 
4443 1561 1633 1108 1590 
4444 1928 1881 1590 1105 
4445 1900 1561 1928 1881 
4446 1900 1881 1633 1561 
4447 1561 1928 1881 1590 
4448 1561 1590 1881 1633 
4449 350 449 1327 448 
4450 449 349 1713 446 
4451 1327 1713 184 1188 
4452 448 446 1188 348 
4453 449 1327 448 446 
4454 449 446 1713 1327 
4455 1327 448 446 1188 
4456 1327 1188 446 1713 
4457 187 222 1850 278 
4458 222 198 1350 323 
4459 1850 1350 336 1891 
4460 278 323 1891 190 
4461 222 1850 278 323 
4462 222 323 1350 1850 
4463 1850 278 323 1891 
4464 1850 1891 323 1350 
4465 1099 1287 1739 1285 
4466 1287 714 1740 1286 
4467 1739 1740 1135 1406 
4468 1285 1286 1406 340 
4469 1287 1739 1285 1286 
4470 1287 1286 1740 1739 
4471 1739 1285 1286 1406 
4472 1739 1406 1286 1740 
4473 179 238 1920 242 
4474 238 180 1167 241 
4475 1920 1167 1146 1166 
4476 242 241 1166 172 
4477 238 1920 242 241 
4478 238 241 1167 1920 
4479 1920 242 241 1166 
4480 1920 1166 241 1167 
4481 1114 1280 1279 1568 
4482 1280 94 502 470 
4483 1279 502 367 503 
4484 1568 470 503 342 
4485 1280 1279 1568 470 
4486 1280 470 502 1279 
4487 1279 1568 470 503 
4488 1279 503 470 502 
4489 179 1919 1920 238 
4490 1919 1095 1395 1232 
4491 1920 1395 1146 1167 
4492 238 1232 1167 180 
4493 1919 1920 238 1232 
4494 1919 1232 1395 1920 
4495 1920 238 1232 1167 
4496 1920 1167 1232 1395 
4497 187 1640 1851 1446 
4498 1640 1098 1698 1591 
4499 1851 1698 347 2074 
4500 1446 1591 2074 1105 
4501 1640 1851 1446 1591 
4502 1640 1591 1698 1851 
4503 1851 1446 1591 2074 
4504 1851 2074 1591 1698 
4505 185 295 320 2075 
4506 295 177 319 1510 
4507 320 319 197 1511 
4508 2075 1510 1511 1157 
4509 295 320 2075 1510 
4510 295 1510 319 320 
4511 320 2075 1510 1511 
4512 320 1511 1510 319 
4513 88 2076 89 411 
4514 2076 171 2077 1503 
4515 89 2077 90 493 
4516 411 1503 493 368 
4517 2076 89 411 1503 
4518 2076 1503 2077 89 
4519 89 411 1503 493 
4520 89 493 1503 2077 
4521 20 282 1312 643 
4522 282 193 1620 1775 
4523 1312 1620 1130 1718 
4524 643 1775 1718 609 
4525 282 1312 643 1775 
4526 282 1775 1620 1312 
4527 1312 643 1775 1718 
4528 1312 1718 1775 1620 
4529 1090 2004 2052 1398 
4530 2004 1104 1331 1336 
4531 2052 1331 1102 1334 
4532 1398 1336 1334 1144 
4533 2004 2052 1398 1336 
4534 2004 1336 1331 2052 
4535 2052 1398 1336 1334 
4536 2052 1334 1336 1331 
4537 64 391 637 1276 
4538 391 355 2078 1400 
4539 637 2078 610 1275 
4540 1276 1400 1275 192 
4541 391 637 1276 1400 
4542 391 1400 2078 637 
4543 637 1276 1400 1275 
4544 637 1275 1400 2078 
4545 1103 1779 1780 1418 
4546 1779 888 985 2056 
4547 1780 985 907 2079 
4548 1418 2056 2079 1124 
4549 1779 1780 1418 2056 
4550 1779 2056 985 1780 
4551 1780 1418 2056 2079 
4552 1780 2079 2056 985 
4553 1120 1249 1525 1292 
4554 1249 602 1515 1351 
4555 1525 1515 1133 1516 
4556 1292 1351 1516 712 
4557 1249 1525 1292 1351 
4558 1249 1351 1515 1525 
4559 1525 1292 1351 1516 
4560 1525 1516 1351 1515 
4561 1139 1330 1489 1440 
4562 1330 905 971 1946 
4563 1489 971 906 2061 
4564 1440 1946 2061 1124 
4565 1330 1489 1440 1946 
4566 1330 1946 971 1489 
4567 1489 1440 1946 2061 
4568 1489 2061 1946 971 
4569 339 1296 425 1297 
4570 1296 542 561 1295 
4571 425 561 49 1885 
4572 1297 1295 1885 1100 
4573 1296 425 1297 1295 
4574 1296 1295 561 425 
4575 425 1297 1295 1885 
4576 425 1885 1295 561 
4577 908 963 1719 962 
4578 963 906 1865 961 
4579 1719 1865 1141 1649 
4580 962 961 1649 915 
4581 963 1719 962 961 
4582 963 961 1865 1719 
4583 1719 962 961 1649 
4584 1719 1649 961 1865 
4585 82 483 845 83 
4586 483 364 1218 484 
4587 845 1218 785 802 
4588 83 484 802 84 
4589 483 845 83 484 
4590 483 484 1218 845 
4591 845 83 484 802 
4592 845 802 484 1218 
4593 551 1826 600 1444 
4594 1826 1128 1827 1838 
4595 600 1827 546 2080 
4596 1444 1838 2080 922 
4597 1826 600 1444 1838 
4598 1826 1838 1827 600 
4599 600 1444 1838 2080 
4600 600 2080 1838 1827 
4601 1121 1455 2011 1558 
4602 1455 773 1936 1559 
4603 2011 1936 541 592 
4604 1558 1559 592 550 
4605 1455 2011 1558 1559 
4606 1455 1559 1936 2011 
4607 2011 1558 1559 592 
4608 2011 592 1559 1936 
4609 611 1202 2024 1203 
4610 1202 1131 1359 1201 
4611 2024 1359 890 1772 
4612 1203 1201 1772 1127 
4613 1202 2024 1203 1201 
4614 1202 1201 1359 2024 
4615 2024 1203 1201 1772 
4616 2024 1772 1201 1359 
4617 125 650 126 1056 
4618 650 603 649 2081 
4619 126 649 127 1044 
4620 1056 2081 1044 918 
4621 650 126 1056 2081 
4622 650 2081 649 126 
4623 126 1056 2081 1044 
4624 126 1044 2081 649 
4625 185 283 2075 320 
4626 283 180 1840 316 
4627 2075 1840 1157 1511 
4628 320 316 1511 197 
4629 283 2075 320 316 
4630 283 316 1840 2075 
4631 2075 320 316 1511 
4632 2075 1511 316 1840 
4633 888 2026 985 2056 
4634 2026 1125 2082 2064 
4635 985 2082 907 2079 
4636 2056 2064 2079 1124 
4637 2026 985 2056 2064 
4638 2026 2064 2082 985 
4639 985 2056 2064 2079 
4640 985 2079 2064 2082 
4641 1095 1232 1231 1842 
4642 1232 180 1233 1840 
4643 1231 1233 1154 1241 
4644 1842 1840 1241 1157 
4645 1232 1231 1842 1840 
4646 1232 1840 1233 1231 
4647 1231 1842 1840 1241 
4648 1231 1241 1840 1233 
4649 1103 1418 1780 1765 
4650 1418 1124 2079 2050 
4651 1780 2079 907 1464 
4652 1765 2050 1464 1144 
4653 1418 1780 1765 2050 
4654 1418 2050 2079 1780 
4655 1780 1765 2050 1464 
4656 1780 1464 2050 2079 
4657 1117 1616 1985 1983 
4658 1616 341 1873 1782 
4659 1985 1873 1107 1984 
4660 1983 1782 1984 1109 
4661 1616 1985 1983 1782 
4662 1616 1782 1873 1985 
4663 1985 1983 1782 1984 
4664 1985 1984 1782 1873 
4665 53 518 573 564 
4666 518 374 1790 1791 
4667 573 1790 549 589 
4668 564 1791 589 544 
4669 518 573 564 1791 
4670 518 1791 1790 573 
4671 573 564 1791 589 
4672 573 589 1791 1790 
4673 908 951 2066 1852 
4674 951 910 1934 1935 
4675 2066 1934 172 1166 
4676 1852 1935 1166 1146 
4677 951 2066 1852 1935 
4678 951 1935 1934 2066 
4679 2066 1852 1935 1166 
4680 2066 1166 1935 1934 
4681 1112 1793 1845 2060 
4682 1793 1123 1847 1831 
4683 1845 1847 1111 1909 
4684 2060 1831 1909 1089 
4685 1793 1845 2060 1831 
4686 1793 1831 1847 1845 
4687 1845 2060 1831 1909 
4688 1845 1909 1831 1847 
4689 922 1076 2080 1061 
4690 1076 905 1857 988 
4691 2080 1857 546 584 
4692 1061 988 584 104 
4693 1076 2080 1061 988 
4694 1076 988 1857 2080 
4695 2080 1061 988 584 
4696 2080 584 988 1857 
4697 7 857 572 1060 
4698 857 789 1938 1839 
4699 572 1938 551 1444 
4700 1060 1839 1444 922 
4701 857 572 1060 1839 
4702 857 1839 1938 572 
4703 572 1060 1839 1444 
4704 572 1444 1839 1938 
4705 789 1836 1938 1839 
4706 1836 1128 1826 1838 
4707 1938 1826 551 1444 
4708 1839 1838 1444 922 
4709 1836 1938 1839 1838 
4710 1836 1838 1826 1938 
4711 1938 1839 1838 1444 
4712 1938 1444 1838 1826 
4713 1148 1639 1638 2017 
4714 1639 1125 1635 2082 
4715 1638 1635 1144 1464 
4716 2017 2082 1464 907 
4717 1639 1638 2017 2082 
4718 1639 2082 1635 1638 
4719 1638 2017 2082 1464 
4720 1638 1464 2082 1635 
4721 913 1657 1033 1084 
4722 1657 1128 1837 1838 
4723 1033 1837 154 1062 
4724 1084 1838 1062 922 
4725 1657 1033 1084 1838 
4726 1657 1838 1837 1033 
4727 1033 1084 1838 1062 
4728 1033 1062 1838 1837 
4729 1148 1858 1467 1878 
4730 1858 1147 2083 2019 
4731 1467 2083 1127 1772 
4732 1878 2019 1772 890 
4733 1858 1467 1878 2019 
4734 1858 2019 2083 1467 
4735 1467 1878 2019 1772 
4736 1467 1772 2019 2083 
4737 1115 1798 1876 2084 
4738 1798 1131 1237 1238 
4739 1876 1237 1107 1239 
4740 2084 1238 1239 1094 
4741 1798 1876 2084 1238 
4742 1798 1238 1237 1876 
4743 1876 2084 1238 1239 
4744 1876 1239 1238 1237 
4745 1154 2039 1241 1244 
4746 2039 1107 1651 1239 
4747 1241 1651 1157 1246 
4748 1244 1239 1246 1094 
4749 2039 1241 1244 1239 
4750 2039 1239 1651 1241 
4751 1241 1244 1239 1246 
4752 1241 1246 1239 1651 
4753 8 686 122 1067 
4754 686 617 685 1981 
4755 122 685 123 1072 
4756 1067 1981 1072 923 
4757 686 122 1067 1981 
4758 686 1981 685 122 
4759 122 1067 1981 1072 
4760 122 1072 1981 685 
4761 540 1915 591 1916 
4762 1915 1117 2055 1758 
4763 591 2055 549 2085 
4764 1916 1758 2085 601 
4765 1915 591 1916 1758 
4766 1915 1758 2055 591 
4767 591 1916 1758 2085 
4768 591 2085 1758 2055 
4769 1125 1639 1211 2082 
4770 1639 1148 1465 2017 
4771 1211 1465 912 1001 
4772 2082 2017 1001 907 
4773 1639 1211 2082 2017 
4774 1639 2017 1465 1211 
4775 1211 2082 2017 1001 
4776 1211 1001 2017 1465 
4777 920 1686 1050 1556 
4778 1686 200 1685 307 
4779 1050 1685 129 710 
4780 1556 307 710 1 
4781 1686 1050 1556 307 
4782 1686 307 1685 1050 
4783 1050 1556 307 710 
4784 1050 710 307 1685 
4785 1104 2086 1332 1336 
4786 2086 1106 1294 1636 
4787 1332 1294 1100 1335 
4788 1336 1636 1335 1144 
4789 2086 1332 1336 1636 
4790 2086 1636 1294 1332 
4791 1332 1336 1636 1335 
4792 1332 1335 1636 1294 
4793 924 1320 1075 1064 
4794 1320 718 2087 756 
4795 1075 2087 911 1028 
4796 1064 756 1028 145 
4797 1320 1075 1064 756 
4798 1320 756 2087 1075 
4799 1075 1064 756 1028 
4800 1075 1028 756 2087 
4801 1148 1858 1465 2017 
4802 1858 1147 2088 2016 
4803 1465 2088 912 1001 
4804 2017 2016 1001 907 
4805 1858 1465 2017 2016 
4806 1858 2016 2088 1465 
4807 1465 2017 2016 1001 
4808 1465 1001 2016 2088 
4809 1109 2032 2000 1984 
4810 2032 1148 1638 1859 
4811 2000 1638 1144 1770 
4812 1984 1859 1770 1107 
4813 2032 2000 1984 1859 
4814 2032 1859 1638 2000 
4815 2000 1984 1859 1770 
4816 2000 1770 1859 1638 
4817 911 1039 1026 1606 
4818 1039 891 1038 1605 
4819 1026 1038 925 1630 
4820 1606 1605 1630 1149 
4821 1039 1026 1606 1605 
4822 1039 1605 1038 1026 
4823 1026 1606 1605 1630 
4824 1026 1630 1605 1038 
4825 1129 1835 1732 1889 
4826 1835 1112 1833 1887 
4827 1732 1833 780 1722 
4828 1889 1887 1722 1121 
4829 1835 1732 1889 1887 
4830 1835 1887 1833 1732 
4831 1732 1889 1887 1722 
4832 1732 1722 1887 1833 
4833 360 1229 1868 442 
4834 1229 1095 2006 2089 
4835 1868 2006 1104 1737 
4836 442 2089 1737 358 
4837 1229 1868 442 2089 
4838 1229 2089 2006 1868 
4839 1868 442 2089 1737 
4840 1868 1737 2089 2006 
4841 174 306 1972 235 
4842 306 202 1309 305 
4843 1972 1309 885 2015 
4844 235 305 2015 186 
4845 306 1972 235 305 
4846 306 305 1309 1972 
4847 1972 235 305 2015 
4848 1972 2015 305 1309 
4849 86 808 1991 833 
4850 808 781 2012 826 
4851 1991 2012 1123 1992 
4852 833 826 1992 777 
4853 808 1991 833 826 
4854 808 826 2012 1991 
4855 1991 833 826 1992 
4856 1991 1992 826 2012 
4857 908 1863 1853 1719 
4858 1863 1103 1765 1864 
4859 1853 1765 1144 2090 
4860 1719 1864 2090 1141 
4861 1863 1853 1719 1864 
4862 1863 1864 1765 1853 
4863 1853 1719 1864 2090 
4864 1853 2090 1864 1765 
4865 344 2091 1442 431 
4866 2091 1101 1881 1812 
4867 1442 1881 1105 1441 
4868 431 1812 1441 345 
4869 2091 1442 431 1812 
4870 2091 1812 1881 1442 
4871 1442 431 1812 1441 
4872 1442 1441 1812 1881 
4873 1136 1942 1410 1412 
4874 1942 779 1537 1538 
4875 1410 1537 1140 1539 
4876 1412 1538 1539 1118 
4877 1942 1410 1412 1538 
4878 1942 1538 1537 1410 
4879 1410 1412 1538 1539 
4880 1410 1539 1538 1537 
4881 376 2092 2094 1676 
4882 2092 1098 2093 1588 
4883 2094 2093 1155 1373 
4884 1676 1588 1373 1108 
4885 2092 2094 1676 1588 
4886 2092 1588 2093 2094 
4887 2094 1676 1588 1373 
4888 2094 1373 1588 2093 
4889 891 1184 1408 1605 
4890 1184 1136 1410 2054 
4891 1408 1410 1140 1602 
4892 1605 2054 1602 1149 
4893 1184 1408 1605 2054 
4894 1184 2054 1410 1408 
4895 1408 1605 2054 1602 
4896 1408 1602 2054 1410 
4897 1102 2070 1809 1750 
4898 2070 359 1679 412 
4899 1809 1679 1097 1680 
4900 1750 412 1680 357 
4901 2070 1809 1750 412 
4902 2070 412 1679 1809 
4903 1809 1750 412 1680 
4904 1809 1680 412 1679 
4905 1126 1910 1172 1173 
4906 1910 1128 1827 1828 
4907 1172 1827 546 588 
4908 1173 1828 588 541 
4909 1910 1172 1173 1828 
4910 1910 1828 1827 1172 
4911 1172 1173 1828 588 
4912 1172 588 1828 1827 
4913 1142 2095 1432 2096 
4914 2095 894 2009 990 
4915 1432 2009 1145 2097 
4916 2096 990 2097 896 
4917 2095 1432 2096 990 
4918 2095 990 2009 1432 
4919 1432 2096 990 2097 
4920 1432 2097 990 2009 
4921 899 1337 1005 1017 
4922 1337 27 2045 1339 
4923 1005 2045 900 1016 
4924 1017 1339 1016 901 
4925 1337 1005 1017 1339 
4926 1337 1339 2045 1005 
4927 1005 1017 1339 1016 
4928 1005 1016 1339 2045 
4929 1110 1734 1304 1300 
4930 1734 349 2025 496 
4931 1304 2025 189 1302 
4932 1300 496 1302 370 
4933 1734 1304 1300 496 
4934 1734 496 2025 1304 
4935 1304 1300 496 1302 
4936 1304 1302 496 2025 
4937 1132 1932 1378 1943 
4938 1932 1091 2035 1821 
4939 1378 2035 1113 1176 
4940 1943 1821 1176 1116 
4941 1932 1378 1943 1821 
4942 1932 1821 2035 1378 
4943 1378 1943 1821 1176 
4944 1378 1176 1821 2035 
4945 1104 1870 1336 2098 
4946 1870 1107 1770 2039 
4947 1336 1770 1144 2040 
4948 2098 2039 2040 1154 
4949 1870 1336 2098 2039 
4950 1870 2039 1770 1336 
4951 1336 2098 2039 2040 
4952 1336 2040 2039 1770 
4953 1146 1461 1841 1397 
4954 1461 909 1615 1462 
4955 1841 1615 1157 1771 
4956 1397 1462 1771 1144 
4957 1461 1841 1397 1462 
4958 1461 1462 1615 1841 
4959 1841 1397 1462 1771 
4960 1841 1771 1462 1615 
4961 179 2037 310 1694 
4962 2037 366 1208 1666 
4963 310 1208 199 1257 
4964 1694 1666 1257 1096 
4965 2037 310 1694 1666 
4966 2037 1666 1208 310 
4967 310 1694 1666 1257 
4968 310 1257 1666 1208 
4969 903 1015 1787 1014 
4970 1015 900 2099 1016 
4971 1787 2099 178 1411 
4972 1014 1016 1411 901 
4973 1015 1787 1014 1016 
4974 1015 1016 2099 1787 
4975 1787 1014 1016 1411 
4976 1787 1411 1016 2099 
4977 1112 1832 1801 1793 
4978 1832 775 839 1160 
4979 1801 839 777 1992 
4980 1793 1160 1992 1123 
4981 1832 1801 1793 1160 
4982 1832 1160 839 1801 
4983 1801 1793 1160 1992 
4984 1801 1992 1160 839 
4985 1104 2100 2005 1331 
4986 2100 359 1679 2070 
4987 2005 1679 1097 1809 
4988 1331 2070 1809 1102 
4989 2100 2005 1331 2070 
4990 2100 2070 1679 2005 
4991 2005 1331 2070 1809 
4992 2005 1809 2070 1679 
4993 202 322 1716 1227 
4994 322 34 819 794 
4995 1716 819 788 820 
4996 1227 794 820 164 
4997 322 1716 1227 794 
4998 322 794 819 1716 
4999 1716 1227 794 820 
5000 1716 820 794 819 
5001 1104 2006 2005 2100 
5002 2006 1095 2002 1907 
5003 2005 2002 1097 1679 
5004 2100 1907 1679 359 
5005 2006 2005 2100 1907 
5006 2006 1907 2002 2005 
5007 2005 2100 1907 1679 
5008 2005 1679 1907 2002 
5009 366 482 413 1678 
5010 482 352 406 2101 
5011 413 406 359 1679 
5012 1678 2101 1679 1097 
5013 482 413 1678 2101 
5014 482 2101 406 413 
5015 413 1678 2101 1679 
5016 413 1679 2101 406 
5017 201 302 301 1665 
5018 302 2 24 1895 
5019 301 24 25 1429 
5020 1665 1895 1429 917 
5021 302 301 1665 1895 
5022 302 1895 24 301 
5023 301 1665 1895 1429 
5024 301 1429 1895 24 
5025 186 1579 2014 2015 
5026 1579 1142 2096 1317 
5027 2014 2096 896 944 
5028 2015 1317 944 885 
5029 1579 2014 2015 1317 
5030 1579 1317 2096 2014 
5031 2014 2015 1317 944 
5032 2014 944 1317 2096 
5033 352 1194 406 2101 
5034 1194 179 1195 2063 
5035 406 1195 359 1679 
5036 2101 2063 1679 1097 
5037 1194 406 2101 2063 
5038 1194 2063 1195 406 
5039 406 2101 2063 1679 
5040 406 1679 2063 1195 
5041 179 1194 2037 2063 
5042 1194 352 482 2101 
5043 2037 482 366 1678 
5044 2063 2101 1678 1097 
5045 1194 2037 2063 2101 
5046 1194 2101 482 2037 
5047 2037 2063 2101 1678 
5048 2037 1678 2101 482 
5049 1113 1817 1427 1381 
5050 1817 1153 1369 1370 
5051 1427 1369 604 665 
5052 1381 1370 665 607 
5053 1817 1427 1381 1370 
5054 1817 1370 1369 1427 
5055 1427 1381 1370 665 
5056 1427 665 1370 1369 
5057 175 1813 313 1610 
5058 1813 1159 1951 2029 
5059 313 1951 203 1700 
5060 1610 2029 1700 904 
5061 1813 313 1610 2029 
5062 1813 2029 1951 313 
5063 313 1610 2029 1700 
5064 313 1700 2029 1951 
5065 378 2053 1191 1542 
5066 2053 1153 1479 1817 
5067 1191 1479 1119 2102 
5068 1542 1817 2102 1113 
5069 2053 1191 1542 1817 
5070 2053 1817 1479 1191 
5071 1191 1542 1817 2102 
5072 1191 2102 1817 1479 
5073 1091 1688 2103 1691 
5074 1688 1153 1479 1480 
5075 2103 1479 1119 1481 
5076 1691 1480 1481 1152 
5077 1688 2103 1691 1480 
5078 1688 1480 1479 2103 
5079 2103 1691 1480 1481 
5080 2103 1481 1480 1479 
5081 1117 1618 1757 2022 
5082 1618 613 633 1644 
5083 1757 633 608 1677 
5084 2022 1644 1677 1115 
5085 1618 1757 2022 1644 
5086 1618 1644 633 1757 
5087 1757 2022 1644 1677 
5088 1757 1677 1644 633 
5089 1142 1432 1433 2104 
5090 1432 1145 1434 1927 
5091 1433 1434 1108 1590 
5092 2104 1927 1590 1105 
5093 1432 1433 2104 1927 
5094 1432 1927 1434 1433 
5095 1433 2104 1927 1590 
5096 1433 1590 1927 1434 
5097 1147 1855 2018 2016 
5098 1855 909 1085 991 
5099 2018 1085 926 1023 
5100 2016 991 1023 907 
5101 1855 2018 2016 991 
5102 1855 991 1085 2018 
5103 2018 2016 991 1023 
5104 2018 1023 991 1085 
5105 177 287 1624 1626 
5106 287 20 1312 658 
5107 1624 1312 1130 1313 
5108 1626 658 1313 615 
5109 287 1624 1626 658 
5110 287 658 1312 1624 
5111 1624 1626 658 1313 
5112 1624 1313 658 1312 
5113 1102 1809 1709 1750 
5114 1809 1097 1810 1680 
5115 1709 1810 1111 2105 
5116 1750 1680 2105 357 
5117 1809 1709 1750 1680 
5118 1809 1680 1810 1709 
5119 1709 1750 1680 2105 
5120 1709 2105 1680 1810 
5121 1095 2089 1907 2006 
5122 2089 358 437 1737 
5123 1907 437 359 2100 
5124 2006 1737 2100 1104 
5125 2089 1907 2006 1737 
5126 2089 1737 437 1907 
5127 1907 2006 1737 2100 
5128 1907 2100 1737 437 
5129 1112 1793 1801 1795 
5130 1793 1123 1992 1753 
5131 1801 1992 777 1674 
5132 1795 1753 1674 337 
5133 1793 1801 1795 1753 
5134 1793 1753 1992 1801 
5135 1801 1795 1753 1674 
5136 1801 1674 1753 1992 
5137 1140 1410 1849 1602 
5138 1410 1136 1414 2054 
5139 1849 1414 1108 1436 
5140 1602 2054 1436 1149 
5141 1410 1849 1602 2054 
5142 1410 2054 1414 1849 
5143 1849 1602 2054 1436 
5144 1849 1436 2054 1414 
5145 196 1571 324 315 
5146 1571 349 2025 1714 
5147 324 2025 189 274 
5148 315 1714 274 183 
5149 1571 324 315 1714 
5150 1571 1714 2025 324 
5151 324 315 1714 274 
5152 324 274 1714 2025 
5153 40 269 883 813 
5154 269 171 2077 2076 
5155 883 2077 90 89 
5156 813 2076 89 88 
5157 269 883 813 2076 
5158 269 2076 2077 883 
5159 883 813 2076 89 
5160 883 89 2076 2077 
5161 1150 1375 1543 2038 
5162 1375 919 1040 1807 
5163 1543 1040 893 2013 
5164 2038 1807 2013 1152 
5165 1375 1543 2038 1807 
5166 1375 1807 1040 1543 
5167 1543 2038 1807 2013 
5168 1543 2013 1807 1040 
5169 924 1320 1803 1075 
5170 1320 718 2106 2087 
5171 1803 2106 1137 1603 
5172 1075 2087 1603 911 
5173 1320 1803 1075 2087 
5174 1320 2087 2106 1803 
5175 1803 1075 2087 1603 
5176 1803 1603 2087 2106 
5177 38 270 811 39 
5178 270 171 2077 269 
5179 811 2077 90 883 
5180 39 269 883 40 
5181 270 811 39 269 
5182 270 269 2077 811 
5183 811 39 269 883 
5184 811 883 269 2077 
5185 1128 1658 1910 1911 
5186 1658 1139 2107 1440 
5187 1910 2107 1126 1755 
5188 1911 1440 1755 1124 
5189 1658 1910 1911 1440 
5190 1658 1440 2107 1910 
5191 1910 1911 1440 1755 
5192 1910 1755 1440 2107 
5193 903 1787 1592 953 
5194 1787 178 1457 1647 
5195 1592 1457 1122 1594 
5196 953 1647 1594 915 
5197 1787 1592 953 1647 
5198 1787 1647 1457 1592 
5199 1592 953 1647 1594 
5200 1592 1594 1647 1457 
5201 1109 2032 1984 1987 
5202 2032 1148 1859 1467 
5203 1984 1859 1107 1986 
5204 1987 1467 1986 1127 
5205 2032 1984 1987 1467 
5206 2032 1467 1859 1984 
5207 1984 1987 1467 1986 
5208 1984 1986 1467 1859 
5209 1131 1798 1237 1201 
5210 1798 1115 1876 1982 
5211 1237 1876 1107 1986 
5212 1201 1982 1986 1127 
5213 1798 1237 1201 1982 
5214 1798 1982 1876 1237 
5215 1237 1201 1982 1986 
5216 1237 1986 1982 1876 
5217 909 1855 1462 991 
5218 1855 1147 1769 2016 
5219 1462 1769 1144 1464 
5220 991 2016 1464 907 
5221 1855 1462 991 2016 
5222 1855 2016 1769 1462 
5223 1462 991 2016 1464 
5224 1462 1464 2016 1769 
5225 1118 1412 1413 1539 
5226 1412 1136 1414 1410 
5227 1413 1414 1108 1849 
5228 1539 1410 1849 1140 
5229 1412 1413 1539 1410 
5230 1412 1410 1414 1413 
5231 1413 1539 1410 1849 
5232 1413 1849 1410 1414 
5233 1151 1545 1473 1345 
5234 1545 1150 1543 2038 
5235 1473 1543 893 2013 
5236 1345 2038 2013 1152 
5237 1545 1473 1345 2038 
5238 1545 2038 1543 1473 
5239 1473 1345 2038 2013 
5240 1473 2013 2038 1543 
5241 351 465 466 1250 
5242 465 352 467 1196 
5243 466 467 354 1197 
5244 1250 1196 1197 195 
5245 465 466 1250 1196 
5246 465 1196 467 466 
5247 466 1250 1196 1197 
5248 466 1197 1196 467 
5249 1121 1948 1358 1558 
5250 1948 1126 1353 1354 
5251 1358 1353 373 1355 
5252 1558 1354 1355 550 
5253 1948 1358 1558 1354 
5254 1948 1354 1353 1358 
5255 1358 1558 1354 1355 
5256 1358 1355 1354 1353 
5257 338 1816 1955 1193 
5258 1816 1153 1921 1479 
5259 1955 1921 192 1922 
5260 1193 1479 1922 1119 
5261 1816 1955 1193 1479 
5262 1816 1479 1921 1955 
5263 1955 1193 1479 1922 
5264 1955 1922 1479 1921 
5265 540 2021 1916 568 
5266 2021 617 689 694 
5267 1916 689 601 669 
5268 568 694 669 115 
5269 2021 1916 568 694 
5270 2021 694 689 1916 
5271 1916 568 694 669 
5272 1916 669 694 689 
5273 2 308 24 1895 
5274 308 202 309 2108 
5275 24 309 25 1429 
5276 1895 2108 1429 917 
5277 308 24 1895 2108 
5278 308 2108 309 24 
5279 24 1895 2108 1429 
5280 24 1429 2108 309 
5281 113 567 670 114 
5282 567 540 1916 568 
5283 670 1916 601 669 
5284 114 568 669 115 
5285 567 670 114 568 
5286 567 568 1916 670 
5287 670 114 568 669 
5288 670 669 568 1916 
5289 1092 1879 1550 1486 
5290 1879 1101 1880 2110 
5291 1550 1880 1110 2109 
5292 1486 2110 2109 1099 
5293 1879 1550 1486 2110 
5294 1879 2110 1880 1550 
5295 1550 1486 2110 2109 
5296 1550 2109 2110 1880 
5297 205 333 232 1897 
5298 333 188 275 1704 
5299 232 275 189 1304 
5300 1897 1704 1304 1110 
5301 333 232 1897 1704 
5302 333 1704 275 232 
5303 232 1897 1704 1304 
5304 232 1304 1704 275 
5305 371 408 409 1390 
5306 408 355 391 1400 
5307 409 391 64 1276 
5308 1390 1400 1276 192 
5309 408 409 1390 1400 
5310 408 1400 391 409 
5311 409 1390 1400 1276 
5312 409 1276 1400 391 
5313 914 1475 1183 1693 
5314 1475 1132 1546 1379 
5315 1183 1546 612 1547 
5316 1693 1379 1547 1133 
5317 1475 1183 1693 1379 
5318 1475 1379 1546 1183 
5319 1183 1693 1379 1547 
5320 1183 1547 1379 1546 
5321 894 2009 982 1494 
5322 2009 1145 1818 1521 
5323 982 1818 893 1819 
5324 1494 1521 1819 1143 
5325 2009 982 1494 1521 
5326 2009 1521 1818 982 
5327 982 1494 1521 1819 
5328 982 1819 1521 1818 
5329 355 397 1400 2111 
5330 397 338 1955 1193 
5331 1400 1955 192 1922 
5332 2111 1193 1922 1119 
5333 397 1400 2111 1193 
5334 397 1193 1955 1400 
5335 1400 2111 1193 1922 
5336 1400 1922 1193 1955 
5337 1150 1375 1958 1377 
5338 1375 919 1703 1045 
5339 1958 1703 191 1206 
5340 1377 1045 1206 898 
5341 1375 1958 1377 1045 
5342 1375 1045 1703 1958 
5343 1958 1377 1045 1206 
5344 1958 1206 1045 1703 
5345 1151 2112 1484 1488 
5346 2112 889 1495 1498 
5347 1484 1495 1143 1487 
5348 1488 1498 1487 1099 
5349 2112 1484 1488 1498 
5350 2112 1498 1495 1484 
5351 1484 1488 1498 1487 
5352 1484 1487 1498 1495 
5353 204 329 332 1995 
5354 329 187 215 1446 
5355 332 215 188 1445 
5356 1995 1446 1445 1105 
5357 329 332 1995 1446 
5358 329 1446 215 332 
5359 332 1995 1446 1445 
5360 332 1445 1446 215 
5361 338 397 429 1193 
5362 397 355 430 2111 
5363 429 430 370 1192 
5364 1193 2111 1192 1119 
5365 397 429 1193 2111 
5366 397 2111 430 429 
5367 429 1193 2111 1192 
5368 429 1192 2111 430 
5369 1113 1378 1381 1427 
5370 1378 1132 1383 1426 
5371 1381 1383 607 665 
5372 1427 1426 665 604 
5373 1378 1381 1427 1426 
5374 1378 1426 1383 1381 
5375 1381 1427 1426 665 
5376 1381 665 1426 1383 
5377 1115 1876 1655 2084 
5378 1876 1107 2113 1239 
5379 1655 2113 1130 1245 
5380 2084 1239 1245 1094 
5381 1876 1655 2084 1239 
5382 1876 1239 2113 1655 
5383 1655 2084 1239 1245 
5384 1655 1245 1239 2113 
5385 1090 1393 2004 1398 
5386 1393 1095 2006 1396 
5387 2004 2006 1104 1336 
5388 1398 1396 1336 1144 
5389 1393 2004 1398 1396 
5390 1393 1396 2006 2004 
5391 2004 1398 1396 1336 
5392 2004 1336 1396 2006 
5393 180 1233 1840 316 
5394 1233 1154 1241 1363 
5395 1840 1241 1157 1511 
5396 316 1363 1511 197 
5397 1233 1840 316 1363 
5398 1233 1363 1241 1840 
5399 1840 316 1363 1511 
5400 1840 1511 1363 1241 
5401 916 1314 1308 1043 
5402 1314 1158 2114 1929 
5403 1308 2114 776 823 
5404 1043 1929 823 164 
5405 1314 1308 1043 1929 
5406 1314 1929 2114 1308 
5407 1308 1043 1929 823 
5408 1308 823 1929 2114 
5409 613 1501 628 1644 
5410 1501 341 472 1627 
5411 628 472 58 1326 
5412 1644 1627 1326 1115 
5413 1501 628 1644 1627 
5414 1501 1627 472 628 
5415 628 1644 1627 1326 
5416 628 1326 1627 472 
5417 360 536 442 1869 
5418 536 377 475 1874 
5419 442 475 358 1871 
5420 1869 1874 1871 1107 
5421 536 442 1869 1874 
5422 536 1874 475 442 
5423 442 1869 1874 1871 
5424 442 1871 1874 475 
5425 341 1501 1616 1627 
5426 1501 613 1618 1644 
5427 1616 1618 1117 2022 
5428 1627 1644 2022 1115 
5429 1501 1616 1627 1644 
5430 1501 1644 1618 1616 
5431 1616 1627 1644 2022 
5432 1616 2022 1644 1618 
5433 900 936 937 2044 
5434 936 897 938 1742 
5435 937 938 885 2015 
5436 2044 1742 2015 186 
5437 936 937 2044 1742 
5438 936 1742 938 937 
5439 937 2044 1742 2015 
5440 937 2015 1742 938 
5441 1098 1697 1699 2093 
5442 1697 336 416 2115 
5443 1699 416 367 1725 
5444 2093 2115 1725 1155 
5445 1697 1699 2093 2115 
5446 1697 2115 416 1699 
5447 1699 2093 2115 1725 
5448 1699 1725 2115 416 
5449 903 1786 2116 1592 
5450 1786 176 1471 1785 
5451 2116 1471 1138 1273 
5452 1592 1785 1273 1122 
5453 1786 2116 1592 1785 
5454 1786 1785 1471 2116 
5455 2116 1592 1785 1273 
5456 2116 1273 1785 1471 
5457 172 242 1902 1166 
5458 242 179 1460 1920 
5459 1902 1460 1141 1905 
5460 1166 1920 1905 1146 
5461 242 1902 1166 1920 
5462 242 1920 1460 1902 
5463 1902 1166 1920 1905 
5464 1902 1905 1920 1460 
5465 908 2066 956 1719 
5466 2066 172 1340 1902 
5467 956 1340 901 1648 
5468 1719 1902 1648 1141 
5469 2066 956 1719 1902 
5470 2066 1902 1340 956 
5471 956 1719 1902 1648 
5472 956 1648 1902 1340 
5473 176 1470 299 296 
5474 1470 1123 1253 1254 
5475 299 1253 199 326 
5476 296 1254 326 194 
5477 1470 299 296 1254 
5478 1470 1254 1253 299 
5479 299 296 1254 326 
5480 299 326 1254 1253 
5481 920 947 1453 958 
5482 947 902 1451 1007 
5483 1453 1451 31 1767 
5484 958 1007 1767 904 
5485 947 1453 958 1007 
5486 947 1007 1451 1453 
5487 1453 958 1007 1767 
5488 1453 1767 1007 1451 
5489 131 622 132 2117 
5490 622 12 621 318 
5491 132 621 133 2028 
5492 2117 318 2028 203 
5493 622 132 2117 318 
5494 622 318 621 132 
5495 132 2117 318 2028 
5496 132 2028 318 621 
5497 175 208 210 1478 
5498 208 189 209 1303 
5499 210 209 192 1922 
5500 1478 1303 1922 1119 
5501 208 210 1478 1303 
5502 208 1303 209 210 
5503 210 1478 1303 1922 
5504 210 1922 1303 209 
5505 191 1204 1206 1611 
5506 1204 902 1003 1007 
5507 1206 1003 898 1006 
5508 1611 1007 1006 904 
5509 1204 1206 1611 1007 
5510 1204 1007 1003 1206 
5511 1206 1611 1007 1006 
5512 1206 1006 1007 1003 
5513 910 951 1934 955 
5514 951 908 2066 956 
5515 1934 2066 172 1340 
5516 955 956 1340 901 
5517 951 1934 955 956 
5518 951 956 2066 1934 
5519 1934 955 956 1340 
5520 1934 1340 956 2066 
5521 127 623 1583 646 
5522 623 22 321 645 
5523 1583 321 200 1586 
5524 646 645 1586 615 
5525 623 1583 646 645 
5526 623 645 321 1583 
5527 1583 646 645 1586 
5528 1583 1586 645 321 
5529 775 1843 1162 1834 
5530 1843 886 1844 1299 
5531 1162 1844 1138 1883 
5532 1834 1299 1883 1129 
5533 1843 1162 1834 1299 
5534 1843 1299 1844 1162 
5535 1162 1834 1299 1883 
5536 1162 1883 1299 1844 
5537 369 1323 1325 2118 
5538 1323 605 1324 1311 
5539 1325 1324 1115 1655 
5540 2118 1311 1655 1130 
5541 1323 1325 2118 1311 
5542 1323 1311 1324 1325 
5543 1325 2118 1311 1655 
5544 1325 1655 1311 1324 
5545 190 285 1893 1997 
5546 285 38 811 812 
5547 1893 811 90 810 
5548 1997 812 810 782 
5549 285 1893 1997 812 
5550 285 812 811 1893 
5551 1893 1997 812 810 
5552 1893 810 812 811 
5553 369 2036 2119 2118 
5554 2036 1107 2039 2113 
5555 2119 2039 1154 1243 
5556 2118 2113 1243 1130 
5557 2036 2119 2118 2113 
5558 2036 2113 2039 2119 
5559 2119 2118 2113 1243 
5560 2119 1243 2113 2039 
5561 1093 2120 1371 1268 
5562 2120 1098 1588 2093 
5563 1371 1588 1108 1373 
5564 1268 2093 1373 1155 
5565 2120 1371 1268 2093 
5566 2120 2093 1588 1371 
5567 1371 1268 2093 1373 
5568 1371 1373 2093 1588 
5569 369 1325 2036 2118 
5570 1325 1115 1876 1655 
5571 2036 1876 1107 2113 
5572 2118 1655 2113 1130 
5573 1325 2036 2118 1655 
5574 1325 1655 1876 2036 
5575 2036 2118 1655 2113 
5576 2036 2113 1655 1876 
5577 609 653 635 1718 
5578 653 605 661 1311 
5579 635 661 60 2121 
5580 1718 1311 2121 1130 
5581 653 635 1718 1311 
5582 653 1311 661 635 
5583 635 1718 1311 2121 
5584 635 2121 1311 661 
5585 174 292 1220 306 
5586 292 34 819 322 
5587 1220 819 788 1716 
5588 306 322 1716 202 
5589 292 1220 306 322 
5590 292 322 819 1220 
5591 1220 306 322 1716 
5592 1220 1716 322 819 
5593 369 2122 495 2118 
5594 2122 609 635 1718 
5595 495 635 60 2121 
5596 2118 1718 2121 1130 
5597 2122 495 2118 1718 
5598 2122 1718 635 495 
5599 495 2118 1718 2121 
5600 495 2121 1718 635 
5601 338 1816 1768 396 
5602 1816 1153 1368 1745 
5603 1768 1368 606 662 
5604 396 1745 662 66 
5605 1816 1768 396 1745 
5606 1816 1745 1368 1768 
5607 1768 396 1745 662 
5608 1768 662 1745 1368 
5609 605 1323 661 1311 
5610 1323 369 495 2118 
5611 661 495 60 2121 
5612 1311 2118 2121 1130 
5613 1323 661 1311 2118 
5614 1323 2118 495 661 
5615 661 1311 2118 2121 
5616 661 2121 2118 495 
5617 203 1555 303 1700 
5618 1555 920 1453 958 
5619 303 1453 31 1767 
5620 1700 958 1767 904 
5621 1555 303 1700 958 
5622 1555 958 1453 303 
5623 303 1700 958 1767 
5624 303 1767 958 1453 
5625 1139 1438 1489 1490 
5626 1438 1103 1781 1712 
5627 1489 1781 906 1492 
5628 1490 1712 1492 1122 
5629 1438 1489 1490 1712 
5630 1438 1712 1781 1489 
5631 1489 1490 1712 1492 
5632 1489 1492 1712 1781 
5633 1884 185 227 226 
5634 1884 902 1205 1451 
5635 227 1205 29 30 
5636 226 1451 30 31 
5637 227 1884 226 1451 
5638 1451 1884 1205 227 
5639 227 226 1451 30 
5640 227 30 1451 1205 
5641 133 132 2028 940 
5642 132 131 2117 939 
5643 2028 2117 203 1700 
5644 940 939 1700 904 
5645 132 2028 940 939 
5646 132 939 2117 2028 
5647 2028 940 939 1700 
5648 2028 1700 939 2117 
5649 1117 1618 2123 1758 
5650 1618 613 705 706 
5651 2123 705 620 699 
5652 1758 706 699 601 
5653 1618 2123 1758 706 
5654 1618 706 705 2123 
5655 2123 1758 706 699 
5656 2123 699 706 705 
5657 906 1781 1865 1492 
5658 1781 1103 1864 1712 
5659 1865 1864 1141 1459 
5660 1492 1712 1459 1122 
5661 1781 1865 1492 1712 
5662 1781 1712 1864 1865 
5663 1865 1492 1712 1459 
5664 1865 1459 1712 1864 
5665 374 1617 1944 1790 
5666 1617 1117 2123 2055 
5667 1944 2123 620 2124 
5668 1790 2055 2124 549 
5669 1617 1944 1790 2055 
5670 1617 2055 2123 1944 
5671 1944 1790 2055 2124 
5672 1944 2124 2055 2123 
5673 912 1037 1466 1074 
5674 1037 890 1772 1078 
5675 1466 1772 1127 1469 
5676 1074 1078 1469 923 
5677 1037 1466 1074 1078 
5678 1037 1078 1772 1466 
5679 1466 1074 1078 1469 
5680 1466 1469 1078 1772 
5681 548 598 596 1228 
5682 598 540 568 2021 
5683 596 568 115 694 
5684 1228 2021 694 617 
5685 598 596 1228 2021 
5686 598 2021 568 596 
5687 596 1228 2021 694 
5688 596 694 2021 568 
5689 617 690 685 2020 
5690 690 611 703 1203 
5691 685 703 123 1773 
5692 2020 1203 1773 1127 
5693 690 685 2020 1203 
5694 690 1203 703 685 
5695 685 2020 1203 1773 
5696 685 1773 1203 703 
5697 1139 1262 1439 1962 
5698 1262 1129 1886 1961 
5699 1439 1886 1111 1909 
5700 1962 1961 1909 1089 
5701 1262 1439 1962 1961 
5702 1262 1961 1886 1439 
5703 1439 1962 1961 1909 
5704 1439 1909 1961 1886 
5705 374 518 1790 517 
5706 518 53 573 54 
5707 1790 573 549 574 
5708 517 54 574 3 
5709 518 1790 517 54 
5710 518 54 573 1790 
5711 1790 517 54 574 
5712 1790 574 54 573 
5713 616 648 1952 647 
5714 648 12 318 621 
5715 1952 318 203 2028 
5716 647 621 2028 133 
5717 648 1952 647 621 
5718 648 621 318 1952 
5719 1952 647 621 2028 
5720 1952 2028 621 318 
5721 131 957 709 2117 
5722 957 920 1556 1555 
5723 709 1556 1 304 
5724 2117 1555 304 203 
5725 957 709 2117 1555 
5726 957 1555 1556 709 
5727 709 2117 1555 304 
5728 709 304 1555 1556 
5729 137 1063 1963 688 
5730 1063 921 1533 1530 
5731 1963 1533 1133 1514 
5732 688 1530 1514 618 
5733 1063 1963 688 1530 
5734 1063 1530 1533 1963 
5735 1963 688 1530 1514 
5736 1963 1514 1530 1533 
5737 892 2125 1609 1683 
5738 2125 719 1499 727 
5739 1609 1499 1099 1682 
5740 1683 727 1682 717 
5741 2125 1609 1683 727 
5742 2125 727 1499 1609 
5743 1609 1683 727 1682 
5744 1609 1682 727 1499 
5745 12 648 318 293 
5746 648 616 1952 1802 
5747 318 1952 203 313 
5748 293 1802 313 175 
5749 648 318 293 1802 
5750 648 1802 1952 318 
5751 318 293 1802 313 
5752 318 313 1802 1952 
5753 186 305 2015 257 
5754 305 202 1309 309 
5755 2015 1309 885 1431 
5756 257 309 1431 25 
5757 305 2015 257 309 
5758 305 309 1309 2015 
5759 2015 257 309 1431 
5760 2015 1431 309 1309 
5761 338 1816 396 1956 
5762 1816 1153 1745 1744 
5763 396 1745 66 638 
5764 1956 1744 638 610 
5765 1816 396 1956 1744 
5766 1816 1744 1745 396 
5767 396 1956 1744 638 
5768 396 638 1744 1745 
5769 1159 1950 1951 2027 
5770 1950 616 1952 647 
5771 1951 1952 203 2028 
5772 2027 647 2028 133 
5773 1950 1951 2027 647 
5774 1950 647 1952 1951 
5775 1951 2027 647 2028 
5776 1951 2028 647 1952 
5777 29 255 1207 248 
5778 255 191 1206 272 
5779 1207 1206 898 1169 
5780 248 272 1169 173 
5781 255 1207 248 272 
5782 255 272 1206 1207 
5783 1207 248 272 1169 
5784 1207 1169 272 1206 
5785 616 1622 1950 1802 
5786 1622 1153 1687 1477 
5787 1950 1687 1159 1813 
5788 1802 1477 1813 175 
5789 1622 1950 1802 1477 
5790 1622 1477 1687 1950 
5791 1950 1802 1477 1813 
5792 1950 1813 1477 1687 
5793 889 968 2112 967 
5794 968 892 1472 966 
5795 2112 1472 1151 1473 
5796 967 966 1473 893 
5797 968 2112 967 966 
5798 968 966 1472 2112 
5799 2112 967 966 1473 
5800 2112 1473 966 1472 
5801 902 934 1884 1205 
5802 934 910 1933 1367 
5803 1884 1933 185 227 
5804 1205 1367 227 29 
5805 934 1884 1205 1367 
5806 934 1367 1933 1884 
5807 1884 1205 1367 227 
5808 1884 227 1367 1933 
5809 910 1933 1367 1934 
5810 1933 185 227 249 
5811 1367 227 29 245 
5812 1934 249 245 172 
5813 1933 1367 1934 249 
5814 1933 249 227 1367 
5815 1367 1934 249 245 
5816 1367 245 249 227 
5817 1096 2049 1908 1695 
5818 2049 1097 1810 1811 
5819 1908 1810 1111 1711 
5820 1695 1811 1711 1122 
5821 2049 1908 1695 1811 
5822 2049 1811 1810 1908 
5823 1908 1695 1811 1711 
5824 1908 1711 1811 1810 
5825 344 2034 419 1924 
5826 2034 1099 1387 1969 
5827 419 1387 343 1796 
5828 1924 1969 1796 1116 
5829 2034 419 1924 1969 
5830 2034 1969 1387 419 
5831 419 1924 1969 1796 
5832 419 1796 1969 1387 
5833 193 1619 1960 262 
5834 1619 1154 1362 1363 
5835 1960 1362 335 1364 
5836 262 1363 1364 197 
5837 1619 1960 262 1363 
5838 1619 1363 1362 1960 
5839 1960 262 1363 1364 
5840 1960 1364 1363 1362 
5841 349 1733 1713 446 
5842 1733 188 214 1449 
5843 1713 214 184 1188 
5844 446 1449 1188 348 
5845 1733 1713 446 1449 
5846 1733 1449 214 1713 
5847 1713 446 1449 1188 
5848 1713 1188 1449 214 
5849 716 736 1384 1388 
5850 736 77 1284 428 
5851 1384 1284 1099 1387 
5852 1388 428 1387 343 
5853 736 1384 1388 428 
5854 736 428 1284 1384 
5855 1384 1388 428 1387 
5856 1384 1387 428 1284 
5857 714 731 1740 1286 
5858 731 715 1670 2126 
5859 1740 1670 1135 1406 
5860 1286 2126 1406 340 
5861 731 1740 1286 2126 
5862 731 2126 1670 1740 
5863 1740 1286 2126 1406 
5864 1740 1406 2126 1670 
5865 1101 1879 1881 1900 
5866 1879 1092 1882 1485 
5867 1881 1882 1105 1928 
5868 1900 1485 1928 1143 
5869 1879 1881 1900 1485 
5870 1879 1485 1882 1881 
5871 1881 1900 1485 1928 
5872 1881 1928 1485 1882 
5873 348 395 445 1448 
5874 395 347 441 2074 
5875 445 441 346 1443 
5876 1448 2074 1443 1105 
5877 395 445 1448 2074 
5878 395 2074 441 445 
5879 445 1448 2074 1443 
5880 445 1443 2074 441 
5881 899 1337 1338 1366 
5882 1337 27 246 28 
5883 246 1338 172 245 
5884 1366 28 245 29 
5885 1337 1338 1366 28 
5886 1337 28 246 1338 
5887 1338 1366 28 245 
5888 1338 245 28 246 
5889 900 1015 2099 1430 
5890 1015 903 1787 1973 
5891 2099 1787 178 260 
5892 1430 1973 260 25 
5893 1015 2099 1430 1973 
5894 1015 1973 1787 2099 
5895 2099 1430 1973 260 
5896 2099 260 1973 1787 
5897 894 2095 1025 990 
5898 2095 1142 1664 2096 
5899 1025 1664 925 1086 
5900 990 2096 1086 896 
5901 2095 1025 990 2096 
5902 2095 2096 1664 1025 
5903 1025 990 2096 1086 
5904 1025 1086 2096 1664 
5905 715 737 1670 2126 
5906 737 75 2127 444 
5907 1670 2127 1135 1406 
5908 2126 444 1406 340 
5909 737 1670 2126 444 
5910 737 444 2127 1670 
5911 1670 2126 444 1406 
5912 1670 1406 444 2127 
5913 2 882 308 1895 
5914 882 162 1226 1042 
5915 308 1226 202 2108 
5916 1895 1042 2108 917 
5917 882 308 1895 1042 
5918 882 1042 1226 308 
5919 308 1895 1042 2108 
5920 308 2108 1042 1226 
5921 1104 1737 2100 1331 
5922 1737 358 437 1738 
5923 2100 437 359 2070 
5924 1331 1738 2070 1102 
5925 1737 2100 1331 1738 
5926 1737 1738 437 2100 
5927 2100 1331 1738 2070 
5928 2100 2070 1738 437 
5929 363 1660 481 452 
5930 1660 1106 1661 1298 
5931 481 1661 51 443 
5932 452 1298 443 339 
5933 1660 481 452 1298 
5934 1660 1298 1661 481 
5935 481 452 1298 443 
5936 481 443 1298 1661 
5937 613 1502 1618 705 
5938 1502 374 1617 1944 
5939 1618 1617 1117 2123 
5940 705 1944 2123 620 
5941 1502 1618 705 1944 
5942 1502 1944 1617 1618 
5943 1618 705 1944 2123 
5944 1618 2123 1944 1617 
5945 75 737 734 444 
5946 737 715 731 2126 
5947 734 731 714 1286 
5948 444 2126 1286 340 
5949 737 734 444 2126 
5950 737 2126 731 734 
5951 734 444 2126 1286 
5952 734 1286 2126 731 
5953 1139 1330 1259 1489 
5954 1330 905 1057 971 
5955 1259 1057 928 1046 
5956 1489 971 1046 906 
5957 1330 1259 1489 971 
5958 1330 971 1057 1259 
5959 1259 1489 971 1046 
5960 1259 1046 971 1057 
5961 1103 1708 1864 1712 
5962 1708 1102 2072 1710 
5963 1864 2072 1141 1459 
5964 1712 1710 1459 1122 
5965 1708 1864 1712 1710 
5966 1708 1710 2072 1864 
5967 1864 1712 1710 1459 
5968 1864 1459 1710 2072 
5969 1106 1988 1662 1637 
5970 1988 1109 1792 2032 
5971 1662 1792 544 2128 
5972 1637 2032 2128 1148 
5973 1988 1662 1637 2032 
5974 1988 2032 1792 1662 
5975 1662 1637 2032 2128 
5976 1662 2128 2032 1792 
5977 75 737 2127 479 
5978 737 715 1670 2065 
5979 2127 1670 1135 1403 
5980 479 2065 1403 362 
5981 737 2127 479 2065 
5982 737 2065 1670 2127 
5983 2127 479 2065 1403 
5984 2127 1403 2065 1670 
5985 16 1389 640 218 
5986 1389 371 409 1390 
5987 640 409 64 1276 
5988 218 1390 1276 192 
5989 1389 640 218 1390 
5990 1389 1390 409 640 
5991 640 218 1390 1276 
5992 640 1276 1390 409 
5993 131 957 2117 939 
5994 957 920 1555 958 
5995 2117 1555 203 1700 
5996 939 958 1700 904 
5997 957 2117 939 958 
5998 957 958 1555 2117 
5999 2117 939 958 1700 
6000 2117 1700 958 1555 
6001 344 1896 492 433 
6002 1896 1110 1300 1707 
6003 492 1300 370 491 
6004 433 1707 491 346 
6005 1896 492 433 1707 
6006 1896 1707 1300 492 
6007 492 433 1707 491 
6008 492 491 1707 1300 
6009 374 1617 1790 1788 
6010 1617 1117 2055 1983 
6011 1790 2055 549 1789 
6012 1788 1983 1789 1109 
6013 1617 1790 1788 1983 
6014 1617 1983 2055 1790 
6015 1790 1788 1983 1789 
6016 1790 1789 1983 2055 
6017 182 1343 244 243 
6018 1343 361 1182 1861 
6019 244 1182 181 236 
6020 243 1861 236 180 
6021 1343 244 243 1861 
6022 1343 1861 1182 244 
6023 244 243 1861 236 
6024 244 236 1861 1182 
6025 897 998 996 1170 
6026 998 899 997 1631 
6027 996 997 898 1169 
6028 1170 1631 1169 173 
6029 998 996 1170 1631 
6030 998 1631 997 996 
6031 996 1170 1631 1169 
6032 996 1169 1631 997 
6033 910 1018 1934 1367 
6034 1018 899 1338 1366 
6035 1934 1338 172 245 
6036 1367 1366 245 29 
6037 1018 1934 1367 1366 
6038 1018 1366 1338 1934 
6039 1934 1367 1366 245 
6040 1934 245 1366 1338 
6041 352 1194 1196 1180 
6042 1194 179 273 237 
6043 1196 273 195 267 
6044 1180 237 267 181 
6045 1194 1196 1180 237 
6046 1194 237 273 1196 
6047 1196 1180 237 267 
6048 1196 267 237 273 
6049 355 458 430 1401 
6050 458 349 496 2025 
6051 430 496 370 1302 
6052 1401 2025 1302 189 
6053 458 430 1401 2025 
6054 458 2025 496 430 
6055 430 1401 2025 1302 
6056 430 1302 2025 496 
6057 1150 2046 2038 1551 
6058 2046 205 2042 1897 
6059 2038 2042 1152 1994 
6060 1551 1897 1994 1110 
6061 2046 2038 1551 1897 
6062 2046 1897 2042 2038 
6063 2038 1551 1897 1994 
6064 2038 1994 1897 2042 
6065 905 973 971 1946 
6066 973 888 972 2056 
6067 971 972 906 2061 
6068 1946 2056 2061 1124 
6069 973 971 1946 2056 
6070 973 2056 972 971 
6071 971 1946 2056 2061 
6072 971 2061 2056 972 
6073 1095 1229 1907 2089 
6074 1229 360 402 442 
6075 1907 402 359 437 
6076 2089 442 437 358 
6077 1229 1907 2089 442 
6078 1229 442 402 1907 
6079 1907 2089 442 437 
6080 1907 437 442 402 
6081 366 1666 497 404 
6082 1666 1096 1667 1752 
6083 497 1667 379 538 
6084 404 1752 538 337 
6085 1666 497 404 1752 
6086 1666 1752 1667 497 
6087 497 404 1752 538 
6088 497 538 1752 1667 
6089 1101 2110 1402 1405 
6090 2110 1099 1739 1285 
6091 1402 1739 1135 1406 
6092 1405 1285 1406 340 
6093 2110 1402 1405 1285 
6094 2110 1285 1739 1402 
6095 1402 1405 1285 1406 
6096 1402 1406 1285 1739 
6097 88 2076 383 1762 
6098 2076 171 1374 225 
6099 383 1374 354 1310 
6100 1762 225 1310 194 
6101 2076 383 1762 225 
6102 2076 225 1374 383 
6103 383 1762 225 1310 
6104 383 1310 225 1374 
6105 378 1926 505 520 
6106 1926 1116 1796 1178 
6107 505 1796 343 519 
6108 520 1178 519 365 
6109 1926 505 520 1178 
6110 1926 1178 1796 505 
6111 505 520 1178 519 
6112 505 519 1178 1796 
6113 357 1668 2105 498 
6114 1668 1096 1908 1667 
6115 2105 1908 1111 1846 
6116 498 1667 1846 379 
6117 1668 2105 498 1667 
6118 1668 1667 1908 2105 
6119 2105 498 1667 1846 
6120 2105 1846 1667 1908 
6121 1121 1455 1357 1722 
6122 1455 773 877 854 
6123 1357 877 785 806 
6124 1722 854 806 780 
6125 1455 1357 1722 854 
6126 1455 854 877 1357 
6127 1357 1722 854 806 
6128 1357 806 854 877 
6129 175 208 1478 1482 
6130 208 189 1303 2129 
6131 1478 1303 1119 1481 
6132 1482 2129 1481 1152 
6133 208 1478 1482 2129 
6134 208 2129 1303 1478 
6135 1478 1482 2129 1481 
6136 1478 1481 2129 1303 
6137 347 1698 415 537 
6138 1698 1098 1699 2092 
6139 415 1699 367 532 
6140 537 2092 532 376 
6141 1698 415 537 2092 
6142 1698 2092 1699 415 
6143 415 537 2092 532 
6144 415 532 2092 1699 
6145 127 1582 1011 1044 
6146 1582 1156 1766 1507 
6147 1011 1766 884 969 
6148 1044 1507 969 918 
6149 1582 1011 1044 1507 
6150 1582 1507 1766 1011 
6151 1011 1044 1507 969 
6152 1011 969 1507 1766 
6153 1131 2023 1799 1202 
6154 2023 125 650 676 
6155 1799 650 603 675 
6156 1202 676 675 611 
6157 2023 1799 1202 676 
6158 2023 676 650 1799 
6159 1799 1202 676 675 
6160 1799 675 676 650 
6161 608 1199 667 683 
6162 1199 1131 1799 1202 
6163 667 1799 603 675 
6164 683 1202 675 611 
6165 1199 667 683 1202 
6166 1199 1202 1799 667 
6167 667 683 1202 675 
6168 667 675 1202 1799 
6169 175 206 208 1482 
6170 206 191 207 1612 
6171 208 207 189 2129 
6172 1482 1612 2129 1152 
6173 206 208 1482 1612 
6174 206 1612 207 208 
6175 208 1482 1612 2129 
6176 208 2129 1612 207 
6177 189 232 1303 2129 
6178 232 205 2043 2042 
6179 1303 2043 1119 1481 
6180 2129 2042 1481 1152 
6181 232 1303 2129 2042 
6182 232 2042 2043 1303 
6183 1303 2129 2042 1481 
6184 1303 1481 2042 2043 
6185 14 659 1953 656 
6186 659 616 1622 660 
6187 1953 1622 1153 1368 
6188 656 660 1368 606 
6189 659 1953 656 660 
6190 659 660 1622 1953 
6191 1953 656 660 1368 
6192 1953 1368 660 1622 
6193 345 1587 477 1589 
6194 1587 1098 2092 1588 
6195 477 2092 376 1676 
6196 1589 1588 1676 1108 
6197 1587 477 1589 1588 
6198 1587 1588 2092 477 
6199 477 1589 1588 1676 
6200 477 1676 1588 2092 
6201 1159 1687 1425 1428 
6202 1687 1153 1369 1817 
6203 1425 1369 604 1427 
6204 1428 1817 1427 1113 
6205 1687 1425 1428 1817 
6206 1687 1817 1369 1425 
6207 1425 1428 1817 1427 
6208 1425 1427 1817 1369 
6209 204 1578 1995 1581 
6210 1578 1142 2104 1432 
6211 1995 2104 1105 1927 
6212 1581 1432 1927 1145 
6213 1578 1995 1581 1432 
6214 1578 1432 2104 1995 
6215 1995 1581 1432 1927 
6216 1995 1927 1432 2104 
6217 1134 1283 1282 1681 
6218 1283 716 758 729 
6219 1282 758 712 757 
6220 1681 729 757 717 
6221 1283 1282 1681 729 
6222 1283 729 758 1282 
6223 1282 1681 729 757 
6224 1282 757 729 758 
6225 715 726 724 1669 
6226 726 718 725 2106 
6227 724 725 719 1672 
6228 1669 2106 1672 1137 
6229 726 724 1669 2106 
6230 726 2106 725 724 
6231 724 1669 2106 1672 
6232 724 1672 2106 725 
6233 921 1059 1548 1532 
6234 1059 151 755 749 
6235 1548 755 717 770 
6236 1532 749 770 720 
6237 1059 1548 1532 749 
6238 1059 749 755 1548 
6239 1548 1532 749 770 
6240 1548 770 749 755 
6241 721 1595 745 746 
6242 1595 372 510 509 
6243 745 510 5 80 
6244 746 509 80 79 
6245 1595 745 746 509 
6246 1595 509 510 745 
6247 745 746 509 80 
6248 745 80 509 510 
6249 721 1281 746 761 
6250 1281 1134 1754 1283 
6251 746 1754 79 735 
6252 761 1283 735 716 
6253 1281 746 761 1283 
6254 1281 1283 1754 746 
6255 746 761 1283 735 
6256 746 735 1283 1754 
6257 137 1035 704 1963 
6258 1035 914 1183 1693 
6259 704 1183 612 1547 
6260 1963 1693 1547 1133 
6261 1035 704 1963 1693 
6262 1035 1693 1183 704 
6263 704 1963 1693 1547 
6264 704 1547 1693 1183 
6265 191 231 207 1612 
6266 231 205 232 2042 
6267 207 232 189 2129 
6268 1612 2042 2129 1152 
6269 231 207 1612 2042 
6270 231 2042 232 207 
6271 207 1612 2042 2129 
6272 207 2129 2042 232 
6273 1095 1231 1396 1842 
6274 1231 1154 2040 1241 
6275 1396 2040 1144 1771 
6276 1842 1241 1771 1157 
6277 1231 1396 1842 1241 
6278 1231 1241 2040 1396 
6279 1396 1842 1241 1771 
6280 1396 1771 1241 2040 
6281 1095 2006 1396 1231 
6282 2006 1104 1336 2098 
6283 1396 1336 1144 2040 
6284 1231 2098 2040 1154 
6285 2006 1396 1231 2098 
6286 2006 2098 1336 1396 
6287 1396 1231 2098 2040 
6288 1396 2040 2098 1336 
6289 367 1699 1725 532 
6290 1699 1098 2093 2092 
6291 1725 2093 1155 2094 
6292 532 2092 2094 376 
6293 1699 1725 532 2092 
6294 1699 2092 2093 1725 
6295 1725 532 2092 2094 
6296 1725 2094 2092 2093 
6297 1101 2091 1405 1812 
6298 2091 344 418 431 
6299 1405 418 340 434 
6300 1812 431 434 345 
6301 2091 1405 1812 431 
6302 2091 431 418 1405 
6303 1405 1812 431 434 
6304 1405 434 431 418 
6305 917 2108 1429 950 
6306 2108 202 309 1309 
6307 1429 309 25 1431 
6308 950 1309 1431 885 
6309 2108 1429 950 1309 
6310 2108 1309 309 1429 
6311 1429 950 1309 1431 
6312 1429 1431 1309 309 
6313 1098 1642 1735 2093 
6314 1642 1142 1574 1575 
6315 1735 1574 174 1576 
6316 2093 1575 1576 1155 
6317 1642 1735 2093 1575 
6318 1642 1575 1574 1735 
6319 1735 2093 1575 1576 
6320 1735 1576 1575 1574 
6321 776 2114 836 823 
6322 2114 1158 1930 1929 
6323 836 1930 788 820 
6324 823 1929 820 164 
6325 2114 836 823 1929 
6326 2114 1929 1930 836 
6327 836 823 1929 820 
6328 836 820 1929 1930 
6329 47 565 511 439 
6330 565 543 1352 1225 
6331 511 1352 373 527 
6332 439 1225 527 356 
6333 565 511 439 1225 
6334 565 1225 1352 511 
6335 511 439 1225 527 
6336 511 527 1225 1352 
6337 1112 1887 1998 1833 
6338 1887 1121 1357 1722 
6339 1998 1357 785 806 
6340 1833 1722 806 780 
6341 1887 1998 1833 1722 
6342 1887 1722 1357 1998 
6343 1998 1833 1722 806 
6344 1998 806 1722 1357 
6345 1112 1800 1801 1998 
6346 1800 84 800 802 
6347 1801 800 777 801 
6348 1998 802 801 785 
6349 1800 1801 1998 802 
6350 1800 802 800 1801 
6351 1801 1998 802 801 
6352 1801 801 802 800 
6353 543 1171 1352 1225 
6354 1171 1126 1353 1223 
6355 1352 1353 373 527 
6356 1225 1223 527 356 
6357 1171 1352 1225 1223 
6358 1171 1223 1353 1352 
6359 1352 1225 1223 527 
6360 1352 527 1223 1353 
6361 345 440 1441 432 
6362 440 347 2074 441 
6363 1441 2074 1105 1443 
6364 432 441 1443 346 
6365 440 1441 432 441 
6366 440 441 2074 1441 
6367 1441 432 441 1443 
6368 1441 1443 441 2074 
6369 1092 1518 1483 1554 
6370 1518 1150 1545 1552 
6371 1483 1545 1151 1823 
6372 1554 1552 1823 1116 
6373 1518 1483 1554 1552 
6374 1518 1552 1545 1483 
6375 1483 1554 1552 1823 
6376 1483 1823 1552 1545 
6377 1092 1483 1544 1485 
6378 1483 1151 1473 1484 
6379 1544 1473 893 1819 
6380 1485 1484 1819 1143 
6381 1483 1544 1485 1484 
6382 1483 1484 1473 1544 
6383 1544 1485 1484 1819 
6384 1544 1819 1484 1473 
6385 1101 1879 1900 2110 
6386 1879 1092 1485 1486 
6387 1900 1485 1143 1487 
6388 2110 1486 1487 1099 
6389 1879 1900 2110 1486 
6390 1879 1486 1485 1900 
6391 1900 2110 1486 1487 
6392 1900 1487 1486 1485 
6393 776 849 838 1307 
6394 849 784 853 1409 
6395 838 853 779 1537 
6396 1307 1409 1537 1140 
6397 849 838 1307 1409 
6398 849 1409 853 838 
6399 838 1307 1409 1537 
6400 838 1537 1409 853 
6401 889 1000 1495 2033 
6402 1000 911 1496 1603 
6403 1495 1496 1143 1560 
6404 2033 1603 1560 1137 
6405 1000 1495 2033 1603 
6406 1000 1603 1496 1495 
6407 1495 2033 1603 1560 
6408 1495 1560 1603 1496 
6409 916 1314 1305 1308 
6410 1314 1158 1601 2114 
6411 1305 1601 1140 1307 
6412 1308 2114 1307 776 
6413 1314 1305 1308 2114 
6414 1314 2114 1601 1305 
6415 1305 1308 2114 1307 
6416 1305 1307 2114 1601 
6417 546 552 553 1912 
6418 552 543 554 2059 
6419 553 554 547 2057 
6420 1912 2059 2057 1124 
6421 552 553 1912 2059 
6422 552 2059 554 553 
6423 553 1912 2059 2057 
6424 553 2057 2059 554 
6425 338 397 1955 1956 
6426 397 355 1400 2078 
6427 1955 1400 192 1275 
6428 1956 2078 1275 610 
6429 397 1955 1956 2078 
6430 397 2078 1400 1955 
6431 1955 1956 2078 1275 
6432 1955 1275 2078 1400 
6433 106 579 580 1945 
6434 579 546 553 1912 
6435 580 553 547 2057 
6436 1945 1912 2057 1124 
6437 579 580 1945 1912 
6438 579 1912 553 580 
6439 580 1945 1912 2057 
6440 580 2057 1912 553 
6441 900 2045 2099 1016 
6442 2045 27 259 1339 
6443 2099 259 178 1411 
6444 1016 1339 1411 901 
6445 2045 2099 1016 1339 
6446 2045 1339 259 2099 
6447 2099 1016 1339 1411 
6448 2099 1411 1339 259 
6449 889 983 967 1495 
6450 983 894 982 1494 
6451 967 982 893 1819 
6452 1495 1494 1819 1143 
6453 983 967 1495 1494 
6454 983 1494 982 967 
6455 967 1495 1494 1819 
6456 967 1819 1494 982 
6457 713 1867 1702 772 
6458 1867 1136 1289 1321 
6459 1702 1289 790 2130 
6460 772 1321 2130 723 
6461 1867 1702 772 1321 
6462 1867 1321 1289 1702 
6463 1702 772 1321 2130 
6464 1702 2130 1321 1289 
6465 1125 1634 1877 1639 
6466 1634 1106 1662 1637 
6467 1877 1662 544 2128 
6468 1639 1637 2128 1148 
6469 1634 1877 1639 1637 
6470 1634 1637 1662 1877 
6471 1877 1639 1637 2128 
6472 1877 2128 1637 1662 
6473 924 1320 1064 1322 
6474 1320 718 756 771 
6475 1064 756 145 744 
6476 1322 771 744 723 
6477 1320 1064 1322 771 
6478 1320 771 756 1064 
6479 1064 1322 771 744 
6480 1064 744 771 756 
6481 142 742 865 765 
6482 742 713 1702 772 
6483 865 1702 790 2130 
6484 765 772 2130 723 
6485 742 865 765 772 
6486 742 772 1702 865 
6487 865 765 772 2130 
6488 865 2130 772 1702 
6489 545 1210 555 1565 
6490 1210 1125 1877 1639 
6491 555 1877 544 2128 
6492 1565 1639 2128 1148 
6493 1210 555 1565 1639 
6494 1210 1639 1877 555 
6495 555 1565 1639 2128 
6496 555 2128 1639 1877 
6497 133 134 946 652 
6498 134 135 1013 651 
6499 946 1013 887 2131 
6500 652 651 2131 604 
6501 134 946 652 651 
6502 134 651 1013 946 
6503 946 652 651 2131 
6504 946 2131 651 1013 
6505 1128 1659 1827 1838 
6506 1659 905 1857 1076 
6507 1827 1857 546 2080 
6508 1838 1076 2080 922 
6509 1659 1827 1838 1076 
6510 1659 1076 1857 1827 
6511 1827 1838 1076 2080 
6512 1827 2080 1076 1857 
6513 1159 2027 1975 1425 
6514 2027 133 946 652 
6515 1975 946 887 2131 
6516 1425 652 2131 604 
6517 2027 1975 1425 652 
6518 2027 652 946 1975 
6519 1975 1425 652 2131 
6520 1975 2131 652 946 
6521 1128 1657 1659 1838 
6522 1657 913 1071 1084 
6523 1659 1071 905 1076 
6524 1838 1084 1076 922 
6525 1657 1659 1838 1084 
6526 1657 1084 1071 1659 
6527 1659 1838 1084 1076 
6528 1659 1076 1084 1071 
6529 719 724 1673 730 
6530 724 715 1670 731 
6531 1673 1670 1135 1740 
6532 730 731 1740 714 
6533 724 1673 730 731 
6534 724 731 1670 1673 
6535 1673 730 731 1740 
6536 1673 1740 731 1670 
6537 1114 1899 1270 1372 
6538 1899 376 2094 1676 
6539 1270 2094 1155 1373 
6540 1372 1676 1373 1108 
6541 1899 1270 1372 1676 
6542 1899 1676 2094 1270 
6543 1270 1372 1676 1373 
6544 1270 1373 1676 2094 
6545 166 1020 1306 1052 
6546 1020 891 1408 1051 
6547 1306 1408 1140 1305 
6548 1052 1051 1305 916 
6549 1020 1306 1052 1051 
6550 1020 1051 1408 1306 
6551 1306 1052 1051 1305 
6552 1306 1305 1051 1408 
6553 1114 1568 1372 1540 
6554 1568 342 1646 1814 
6555 1372 1646 1108 1413 
6556 1540 1814 1413 1118 
6557 1568 1372 1540 1814 
6558 1568 1814 1646 1372 
6559 1372 1540 1814 1413 
6560 1372 1413 1814 1646 
6561 1114 1279 1270 1899 
6562 1279 367 1725 532 
6563 1270 1725 1155 2094 
6564 1899 532 2094 376 
6565 1279 1270 1899 532 
6566 1279 532 1725 1270 
6567 1270 1899 532 2094 
6568 1270 2094 532 1725 
6569 1098 1642 2093 2120 
6570 1642 1142 1575 1598 
6571 2093 1575 1155 1268 
6572 2120 1598 1268 1093 
6573 1642 2093 2120 1598 
6574 1642 1598 1575 2093 
6575 2093 2120 1598 1268 
6576 2093 1268 1598 1575 
6577 187 1640 233 2132 
6578 1640 1098 1735 2093 
6579 233 1735 174 1576 
6580 2132 2093 1576 1155 
6581 1640 233 2132 2093 
6582 1640 2093 1735 233 
6583 233 2132 2093 1576 
6584 233 1576 2093 1735 
6585 782 828 1727 816 
6586 828 778 1825 827 
6587 1727 1825 1155 2133 
6588 816 827 2133 36 
6589 828 1727 816 827 
6590 828 827 1825 1727 
6591 1727 816 827 2133 
6592 1727 2133 827 1825 
6593 1104 2086 1336 1870 
6594 2086 1106 1636 1989 
6595 1336 1636 1144 1770 
6596 1870 1989 1770 1107 
6597 2086 1336 1870 1989 
6598 2086 1989 1636 1336 
6599 1336 1870 1989 1770 
6600 1336 1770 1989 1636 
6601 1095 1919 1904 2002 
6602 1919 179 1460 2063 
6603 1904 1460 1141 2051 
6604 2002 2063 2051 1097 
6605 1919 1904 2002 2063 
6606 1919 2063 1460 1904 
6607 1904 2002 2063 2051 
6608 1904 2051 2063 1460 
6609 1139 1658 1330 1440 
6610 1658 1128 1659 1911 
6611 1330 1659 905 1946 
6612 1440 1911 1946 1124 
6613 1658 1330 1440 1911 
6614 1658 1911 1659 1330 
6615 1330 1440 1911 1946 
6616 1330 1946 1911 1659 
6617 339 1749 1297 423 
6618 1749 1102 1333 1750 
6619 1297 1333 1100 1979 
6620 423 1750 1979 357 
6621 1749 1297 423 1750 
6622 1749 1750 1333 1297 
6623 1297 423 1750 1979 
6624 1297 1979 1750 1333 
6625 1103 1438 1781 1418 
6626 1438 1139 1489 1440 
6627 1781 1489 906 2061 
6628 1418 1440 2061 1124 
6629 1438 1781 1418 1440 
6630 1438 1440 1489 1781 
6631 1781 1418 1440 2061 
6632 1781 2061 1440 1489 
6633 341 1616 1873 1627 
6634 1616 1117 1985 2022 
6635 1873 1985 1107 1876 
6636 1627 2022 1876 1115 
6637 1616 1873 1627 2022 
6638 1616 2022 1985 1873 
6639 1873 1627 2022 1876 
6640 1873 1876 2022 1985 
6641 1103 2134 1708 1765 
6642 2134 1090 2052 1398 
6643 1708 2052 1102 1334 
6644 1765 1398 1334 1144 
6645 2134 1708 1765 1398 
6646 2134 1398 2052 1708 
6647 1708 1765 1398 1334 
6648 1708 1334 1398 2052 
6649 1146 1852 1397 1905 
6650 1852 908 1853 1719 
6651 1397 1853 1144 2090 
6652 1905 1719 2090 1141 
6653 1852 1397 1905 1719 
6654 1852 1719 1853 1397 
6655 1397 1905 1719 2090 
6656 1397 2090 1719 1853 
6657 341 488 1873 1782 
6658 488 377 1874 1784 
6659 1873 1874 1107 1984 
6660 1782 1784 1984 1109 
6661 488 1873 1782 1784 
6662 488 1784 1874 1873 
6663 1873 1782 1784 1984 
6664 1873 1984 1784 1874 
6665 1112 1832 1793 2067 
6666 1832 775 1160 1162 
6667 1793 1160 1123 1161 
6668 2067 1162 1161 1138 
6669 1832 1793 2067 1162 
6670 1832 1162 1160 1793 
6671 1793 2067 1162 1161 
6672 1793 1161 1162 1160 
6673 1090 2052 2003 1903 
6674 2052 1102 1809 2072 
6675 2003 1809 1097 2051 
6676 1903 2072 2051 1141 
6677 2052 2003 1903 2072 
6678 2052 2072 1809 2003 
6679 2003 1903 2072 2051 
6680 2003 2051 2072 1809 
6681 176 1470 1252 1471 
6682 1470 1123 1164 1161 
6683 1252 1164 787 1163 
6684 1471 1161 1163 1138 
6685 1470 1252 1471 1161 
6686 1470 1161 1164 1252 
6687 1252 1471 1161 1163 
6688 1252 1163 1161 1164 
6689 355 397 390 2078 
6690 397 338 396 1956 
6691 390 396 66 638 
6692 2078 1956 638 610 
6693 397 390 2078 1956 
6694 397 1956 396 390 
6695 390 2078 1956 638 
6696 390 638 1956 396 
6697 915 961 1649 1594 
6698 961 906 1865 1492 
6699 1649 1865 1141 1459 
6700 1594 1492 1459 1122 
6701 961 1649 1594 1492 
6702 961 1492 1865 1649 
6703 1649 1594 1492 1459 
6704 1649 1459 1492 1865 
6705 174 1573 1220 1576 
6706 1573 1158 1930 1577 
6707 1220 1930 788 2135 
6708 1576 1577 2135 1155 
6709 1573 1220 1576 1577 
6710 1573 1577 1930 1220 
6711 1220 1576 1577 2135 
6712 1220 2135 1577 1930 
6713 542 558 561 1295 
6714 558 543 566 1221 
6715 561 566 49 1885 
6716 1295 1221 1885 1100 
6717 558 561 1295 1221 
6718 558 1221 566 561 
6719 561 1295 1221 1885 
6720 561 1885 1221 566 
6721 1136 1319 1804 1186 
6722 1319 718 2106 1320 
6723 1804 2106 1137 1803 
6724 1186 1320 1803 924 
6725 1319 1804 1186 1320 
6726 1319 1320 2106 1804 
6727 1804 1186 1320 1803 
6728 1804 1803 1320 2106 
6729 889 1497 1498 968 
6730 1497 719 1499 2125 
6731 1498 1499 1099 1609 
6732 968 2125 1609 892 
6733 1497 1498 968 2125 
6734 1497 2125 1499 1498 
6735 1498 968 2125 1609 
6736 1498 1609 2125 1499 
6737 1098 1698 1587 2092 
6738 1698 347 440 537 
6739 1587 440 345 477 
6740 2092 537 477 376 
6741 1698 1587 2092 537 
6742 1698 537 440 1587 
6743 1587 2092 537 477 
6744 1587 477 537 440 
6745 1136 1319 1867 1804 
6746 1319 718 759 2106 
6747 1867 759 713 2047 
6748 1804 2106 2047 1137 
6749 1319 1867 1804 2106 
6750 1319 2106 759 1867 
6751 1867 1804 2106 2047 
6752 1867 2047 2106 759 
6753 786 1567 1968 1569 
6754 1567 1114 1540 1568 
6755 1968 1540 1118 1814 
6756 1569 1568 1814 342 
6757 1567 1968 1569 1568 
6758 1567 1568 1540 1968 
6759 1968 1569 1568 1814 
6760 1968 1814 1568 1540 
6761 618 693 1531 1517 
6762 693 120 768 739 
6763 1531 768 720 769 
6764 1517 739 769 712 
6765 693 1531 1517 739 
6766 693 739 768 1531 
6767 1531 1517 739 769 
6768 1531 769 739 768 
6769 602 672 692 1351 
6770 672 120 693 739 
6771 692 693 618 1517 
6772 1351 739 1517 712 
6773 672 692 1351 739 
6774 672 739 693 692 
6775 692 1351 739 1517 
6776 692 1517 739 693 
6777 911 2087 1027 1028 
6778 2087 718 752 756 
6779 1027 752 147 146 
6780 1028 756 146 145 
6781 2087 1027 1028 756 
6782 2087 756 752 1027 
6783 1027 1028 756 146 
6784 1027 146 756 752 
6785 1106 1652 1989 2086 
6786 1652 358 1871 1737 
6787 1989 1871 1107 1870 
6788 2086 1737 1870 1104 
6789 1652 1989 2086 1737 
6790 1652 1737 1871 1989 
6791 1989 2086 1737 1870 
6792 1989 1870 1737 1871 
6793 185 2031 2075 1165 
6794 2031 909 1615 1461 
6795 2075 1615 1157 1841 
6796 1165 1461 1841 1146 
6797 2031 2075 1165 1461 
6798 2031 1461 1615 2075 
6799 2075 1165 1461 1841 
6800 2075 1841 1461 1615 
6801 608 683 684 1200 
6802 683 611 682 1203 
6803 684 682 601 1760 
6804 1200 1203 1760 1127 
6805 683 684 1200 1203 
6806 683 1203 682 684 
6807 684 1200 1203 1760 
6808 684 1760 1203 682 
6809 22 288 321 645 
6810 288 177 294 1626 
6811 321 294 200 1586 
6812 645 1626 1586 615 
6813 288 321 645 1626 
6814 288 1626 294 321 
6815 321 645 1626 1586 
6816 321 1586 1626 294 
6817 178 1647 1458 1457 
6818 1647 915 1649 1594 
6819 1458 1649 1141 1459 
6820 1457 1594 1459 1122 
6821 1647 1458 1457 1594 
6822 1647 1594 1649 1458 
6823 1458 1457 1594 1459 
6824 1458 1459 1594 1649 
6825 177 1623 294 1626 
6826 1623 1156 1584 1585 
6827 294 1584 200 1586 
6828 1626 1585 1586 615 
6829 1623 294 1626 1585 
6830 1623 1585 1584 294 
6831 294 1626 1585 1586 
6832 294 1586 1585 1584 
6833 928 1261 1491 1848 
6834 1261 1129 1778 1883 
6835 1491 1778 1122 1273 
6836 1848 1883 1273 1138 
6837 1261 1491 1848 1883 
6838 1261 1883 1778 1491 
6839 1491 1848 1883 1273 
6840 1491 1273 1883 1778 
6841 1132 1349 1932 1943 
6842 1349 1151 1820 1823 
6843 1932 1820 1091 1821 
6844 1943 1823 1821 1116 
6845 1349 1932 1943 1823 
6846 1349 1823 1820 1932 
6847 1932 1943 1823 1821 
6848 1932 1821 1823 1820 
6849 1150 1518 1519 1964 
6850 1518 1092 1520 1882 
6851 1519 1520 1145 1927 
6852 1964 1882 1927 1105 
6853 1518 1519 1964 1882 
6854 1518 1882 1520 1519 
6855 1519 1964 1882 1927 
6856 1519 1927 1882 1520 
6857 716 728 729 1384 
6858 728 719 727 1499 
6859 729 727 717 1682 
6860 1384 1499 1682 1099 
6861 728 729 1384 1499 
6862 728 1499 727 729 
6863 729 1384 1499 1682 
6864 729 1682 1499 727 
6865 716 1283 735 1388 
6866 1283 1134 1754 1386 
6867 735 1754 79 438 
6868 1388 1386 438 343 
6869 1283 735 1388 1386 
6870 1283 1386 1754 735 
6871 735 1388 1386 438 
6872 735 438 1386 1754 
6873 1134 1283 1681 1385 
6874 1283 716 729 1384 
6875 1681 729 717 1682 
6876 1385 1384 1682 1099 
6877 1283 1681 1385 1384 
6878 1283 1384 729 1681 
6879 1681 1385 1384 1682 
6880 1681 1682 1384 729 
6881 372 1493 514 1529 
6882 1493 619 695 707 
6883 514 695 70 674 
6884 1529 707 674 614 
6885 1493 514 1529 707 
6886 1493 707 695 514 
6887 514 1529 707 674 
6888 514 674 707 695 
6889 602 671 672 1351 
6890 671 118 119 740 
6891 672 119 120 739 
6892 1351 740 739 712 
6893 671 672 1351 740 
6894 671 740 119 672 
6895 672 1351 740 739 
6896 672 739 740 119 
6897 1153 1688 1479 1817 
6898 1688 1091 2103 2035 
6899 1479 2103 1119 2102 
6900 1817 2035 2102 1113 
6901 1688 1479 1817 2035 
6902 1688 2035 2103 1479 
6903 1479 1817 2035 2102 
6904 1479 2102 2035 2103 
6905 1150 1551 2038 1552 
6906 1551 1110 1994 1553 
6907 2038 1994 1152 1822 
6908 1552 1553 1822 1116 
6909 1551 2038 1552 1553 
6910 1551 1553 1994 2038 
6911 2038 1552 1553 1822 
6912 2038 1822 1553 1994 
6913 1136 1186 1289 1321 
6914 1186 924 2136 1322 
6915 1289 2136 790 2130 
6916 1321 1322 2130 723 
6917 1186 1289 1321 1322 
6918 1186 1322 2136 1289 
6919 1289 1321 1322 2130 
6920 1289 2130 1322 2136 
6921 62 501 63 642 
6922 501 371 409 1854 
6923 63 409 64 711 
6924 642 1854 711 18 
6925 501 63 642 1854 
6926 501 1854 409 63 
6927 63 642 1854 711 
6928 63 711 1854 409 
6929 787 1164 829 830 
6930 1164 1123 1728 1992 
6931 829 1728 42 825 
6932 830 1992 825 777 
6933 1164 829 830 1992 
6934 1164 1992 1728 829 
6935 829 830 1992 825 
6936 829 825 1992 1728 
6937 1123 2012 1728 1992 
6938 2012 781 815 826 
6939 1728 815 42 825 
6940 1992 826 825 777 
6941 2012 1728 1992 826 
6942 2012 826 815 1728 
6943 1728 1992 826 825 
6944 1728 825 826 815 
6945 10 1065 743 860 
6946 1065 924 1322 2136 
6947 743 1322 723 2130 
6948 860 2136 2130 790 
6949 1065 743 860 2136 
6950 1065 2136 1322 743 
6951 743 860 2136 2130 
6952 743 2130 2136 1322 
6953 142 143 765 865 
6954 143 10 743 860 
6955 765 743 723 2130 
6956 865 860 2130 790 
6957 143 765 865 860 
6958 143 860 743 765 
6959 765 865 860 2130 
6960 765 2130 860 743 
6961 156 1032 2137 847 
6962 1032 913 1260 1860 
6963 2137 1260 1129 1730 
6964 847 1860 1730 783 
6965 1032 2137 847 1860 
6966 1032 1860 1260 2137 
6967 2137 847 1860 1730 
6968 2137 1730 1860 1260 
6969 778 1277 1278 1825 
6970 1277 1114 1279 1270 
6971 1278 1279 367 1725 
6972 1825 1270 1725 1155 
6973 1277 1278 1825 1270 
6974 1277 1270 1279 1278 
6975 1278 1825 1270 1725 
6976 1278 1725 1270 1279 
6977 775 1834 840 848 
6978 1834 1129 1732 1730 
6979 840 1732 780 855 
6980 848 1730 855 783 
6981 1834 840 848 1730 
6982 1834 1730 1732 840 
6983 840 848 1730 855 
6984 840 855 1730 1732 
6985 775 821 1834 848 
6986 821 156 2137 847 
6987 1834 2137 1129 1730 
6988 848 847 1730 783 
6989 821 1834 848 847 
6990 821 847 2137 1834 
6991 1834 848 847 1730 
6992 1834 1730 847 2137 
6993 1118 2138 2139 2068 
6994 2138 713 741 764 
6995 2139 741 140 766 
6996 2068 764 766 722 
6997 2138 2139 2068 764 
6998 2138 764 741 2139 
6999 2139 2068 764 766 
7000 2139 766 764 741 
7001 1099 2110 1739 1487 
7002 2110 1101 1402 1900 
7003 1739 1402 1135 1901 
7004 1487 1900 1901 1143 
7005 2110 1739 1487 1900 
7006 2110 1900 1402 1739 
7007 1739 1487 1900 1901 
7008 1739 1901 1900 1402 
7009 1143 1560 1561 1901 
7010 1560 1137 1562 1671 
7011 1561 1562 1108 1416 
7012 1901 1671 1416 1135 
7013 1560 1561 1901 1671 
7014 1560 1671 1562 1561 
7015 1561 1901 1671 1416 
7016 1561 1416 1671 1562 
7017 713 2138 741 1701 
7018 2138 1118 2139 1999 
7019 741 2139 140 844 
7020 1701 1999 844 774 
7021 2138 741 1701 1999 
7022 2138 1999 2139 741 
7023 741 1701 1999 844 
7024 741 844 1999 2139 
7025 1118 1999 1967 2139 
7026 1999 774 873 844 
7027 1967 873 791 874 
7028 2139 844 874 140 
7029 1999 1967 2139 844 
7030 1999 844 873 1967 
7031 1967 2139 844 874 
7032 1967 874 844 873 
7033 611 2024 703 1203 
7034 2024 890 1021 1772 
7035 703 1021 123 1773 
7036 1203 1772 1773 1127 
7037 2024 703 1203 1772 
7038 2024 1772 1021 703 
7039 703 1203 1772 1773 
7040 703 1773 1772 1021 
7041 618 1530 1531 687 
7042 1530 921 1532 1058 
7043 1531 1532 720 750 
7044 687 1058 750 9 
7045 1530 1531 687 1058 
7046 1530 1058 1532 1531 
7047 1531 687 1058 750 
7048 1531 750 1058 1532 
7049 120 693 768 121 
7050 693 618 1531 687 
7051 768 1531 720 750 
7052 121 687 750 9 
7053 693 768 121 687 
7054 693 687 1531 768 
7055 768 121 687 750 
7056 768 750 687 1531 
7057 149 977 753 148 
7058 977 889 1497 993 
7059 753 1497 719 751 
7060 148 993 751 147 
7061 977 753 148 993 
7062 977 993 1497 753 
7063 753 148 993 751 
7064 753 751 993 1497 
7065 75 76 444 734 
7066 76 77 427 733 
7067 444 427 340 1286 
7068 734 733 1286 714 
7069 76 444 734 733 
7070 76 733 427 444 
7071 444 734 733 1286 
7072 444 1286 733 427 
7073 1137 2106 1672 2140 
7074 2106 718 725 752 
7075 1672 725 719 751 
7076 2140 752 751 147 
7077 2106 1672 2140 752 
7078 2106 752 725 1672 
7079 1672 2140 752 751 
7080 1672 751 752 725 
7081 889 2033 1497 993 
7082 2033 1137 1672 2140 
7083 1497 1672 719 751 
7084 993 2140 751 147 
7085 2033 1497 993 2140 
7086 2033 2140 1672 1497 
7087 1497 993 2140 751 
7088 1497 751 2140 1672 
7089 36 291 832 2133 
7090 291 174 1220 1576 
7091 832 1220 788 2135 
7092 2133 1576 2135 1155 
7093 291 832 2133 1576 
7094 291 1576 1220 832 
7095 832 2133 1576 2135 
7096 832 2135 1576 1220 
7097 1147 2088 2016 2018 
7098 2088 912 1001 1024 
7099 2016 1001 907 1023 
7100 2018 1024 1023 926 
7101 2088 2016 2018 1024 
7102 2088 1024 1001 2016 
7103 2016 2018 1024 1023 
7104 2016 1023 1024 1001 
7105 778 827 831 1825 
7106 827 36 832 2133 
7107 831 832 788 2135 
7108 1825 2133 2135 1155 
7109 827 831 1825 2133 
7110 827 2133 832 831 
7111 831 1825 2133 2135 
7112 831 2135 2133 832 
7113 350 468 1329 469 
7114 468 352 1180 407 
7115 1329 1180 181 1182 
7116 469 407 1182 361 
7117 468 1329 469 407 
7118 468 407 1180 1329 
7119 1329 469 407 1182 
7120 1329 1182 407 1180 
7121 350 1715 1329 1327 
7122 1715 183 264 265 
7123 1329 264 181 266 
7124 1327 265 266 184 
7125 1715 1329 1327 265 
7126 1715 265 264 1329 
7127 1329 1327 265 266 
7128 1329 266 265 264 
7129 180 283 1840 1167 
7130 283 185 2075 1165 
7131 1840 2075 1157 1841 
7132 1167 1165 1841 1146 
7133 283 1840 1167 1165 
7134 283 1165 2075 1840 
7135 1840 1167 1165 1841 
7136 1840 1841 1165 2075 
7137 1095 1229 1232 1906 
7138 1229 360 1234 393 
7139 1232 1234 180 1861 
7140 1906 393 1861 361 
7141 1229 1232 1906 393 
7142 1229 393 1234 1232 
7143 1232 1906 393 1861 
7144 1232 1861 393 1234 
7145 1125 2026 2082 1211 
7146 2026 888 985 1002 
7147 2082 985 907 1001 
7148 1211 1002 1001 912 
7149 2026 2082 1211 1002 
7150 2026 1002 985 2082 
7151 2082 1211 1002 1001 
7152 2082 1001 1002 985 
7153 914 1068 1049 1475 
7154 1068 927 1088 1347 
7155 1049 1088 887 1976 
7156 1475 1347 1976 1132 
7157 1068 1049 1475 1347 
7158 1068 1347 1088 1049 
7159 1049 1475 1347 1976 
7160 1049 1976 1347 1088 
7161 1107 2039 2113 1239 
7162 2039 1154 1243 1244 
7163 2113 1243 1130 1245 
7164 1239 1244 1245 1094 
7165 2039 2113 1239 1244 
7166 2039 1244 1243 2113 
7167 2113 1239 1244 1245 
7168 2113 1245 1244 1243 
7169 196 229 1572 315 
7170 229 182 1696 263 
7171 1572 1696 353 1918 
7172 315 263 1918 183 
7173 229 1572 315 263 
7174 229 263 1696 1572 
7175 1572 315 263 1918 
7176 1572 1918 263 1696 
7177 350 2071 1329 1715 
7178 2071 182 244 263 
7179 1329 244 181 264 
7180 1715 263 264 183 
7181 2071 1329 1715 263 
7182 2071 263 244 1329 
7183 1329 1715 263 264 
7184 1329 264 263 244 
7185 1147 1235 2018 2041 
7186 1235 1131 1360 1361 
7187 2018 1360 926 1082 
7188 2041 1361 1082 918 
7189 1235 2018 2041 1361 
7190 1235 1361 1360 2018 
7191 2018 2041 1361 1082 
7192 2018 1082 1361 1360 
7193 182 2071 244 1343 
7194 2071 350 1329 469 
7195 244 1329 181 1182 
7196 1343 469 1182 361 
7197 2071 244 1343 469 
7198 2071 469 1329 244 
7199 244 1343 469 1182 
7200 244 1182 469 1329 
7201 179 2037 1694 2063 
7202 2037 366 1666 1678 
7203 1694 1666 1096 2049 
7204 2063 1678 2049 1097 
7205 2037 1694 2063 1678 
7206 2037 1678 1666 1694 
7207 1694 2063 1678 2049 
7208 1694 2049 1678 1666 
7209 1158 1573 1930 1315 
7210 1573 174 1220 1972 
7211 1930 1220 788 1717 
7212 1315 1972 1717 885 
7213 1573 1930 1315 1972 
7214 1573 1972 1220 1930 
7215 1930 1315 1972 1717 
7216 1930 1717 1972 1220 
7217 1142 1574 1317 1579 
7218 1574 174 1972 235 
7219 1317 1972 885 2015 
7220 1579 235 2015 186 
7221 1574 1317 1579 235 
7222 1574 235 1972 1317 
7223 1317 1579 235 2015 
7224 1317 2015 235 1972 
7225 27 2045 259 26 
7226 2045 900 2099 1430 
7227 2099 259 178 260 
7228 26 1430 260 25 
7229 2045 259 26 1430 
7230 2045 1430 2099 259 
7231 259 26 1430 260 
7232 259 260 1430 2099 
7233 125 2023 1056 1022 
7234 2023 1131 1361 1359 
7235 1056 1361 918 1055 
7236 1022 1359 1055 890 
7237 2023 1056 1022 1359 
7238 2023 1359 1361 1056 
7239 1056 1022 1359 1055 
7240 1056 1055 1359 1361 
7241 900 2044 937 1430 
7242 2044 186 2015 257 
7243 937 2015 885 1431 
7244 1430 257 1431 25 
7245 2044 937 1430 257 
7246 2044 257 2015 937 
7247 937 1430 257 1431 
7248 937 1431 257 2015 
7249 1145 2009 2007 2097 
7250 2009 894 981 990 
7251 2007 981 895 989 
7252 2097 990 989 896 
7253 2009 2007 2097 990 
7254 2009 990 981 2007 
7255 2007 2097 990 989 
7256 2007 989 990 981 
7257 1142 1318 1317 1574 
7258 1318 1158 1315 1573 
7259 1317 1315 885 1972 
7260 1574 1573 1972 174 
7261 1318 1317 1574 1573 
7262 1318 1573 1315 1317 
7263 1317 1574 1573 1972 
7264 1317 1972 1573 1315 
7265 903 1264 1787 1973 
7266 1264 201 312 301 
7267 1787 312 178 260 
7268 1973 301 260 25 
7269 1264 1787 1973 301 
7270 1264 301 312 1787 
7271 1787 1973 301 260 
7272 1787 260 301 312 
7273 202 1226 1309 2108 
7274 1226 162 1010 1042 
7275 1309 1010 885 950 
7276 2108 1042 950 917 
7277 1226 1309 2108 1042 
7278 1226 1042 1010 1309 
7279 1309 2108 1042 950 
7280 1309 950 1042 1010 
7281 1131 1235 1505 1361 
7282 1235 1147 1650 2041 
7283 1505 1650 1157 1508 
7284 1361 2041 1508 918 
7285 1235 1505 1361 2041 
7286 1235 2041 1650 1505 
7287 1505 1361 2041 1508 
7288 1505 1508 2041 1650 
7289 545 583 1212 1566 
7290 583 110 1030 1066 
7291 1212 1030 912 1074 
7292 1566 1066 1074 923 
7293 583 1212 1566 1066 
7294 583 1066 1030 1212 
7295 1212 1566 1066 1074 
7296 1212 1074 1066 1030 
7297 786 1567 804 1968 
7298 1567 1114 1536 1540 
7299 804 1536 779 1538 
7300 1968 1540 1538 1118 
7301 1567 804 1968 1540 
7302 1567 1540 1536 804 
7303 804 1968 1540 1538 
7304 804 1538 1540 1536 
7305 545 583 1566 597 
7306 583 110 1066 578 
7307 1566 1066 923 1980 
7308 597 578 1980 548 
7309 583 1566 597 578 
7310 583 578 1066 1566 
7311 1566 597 578 1980 
7312 1566 1980 578 1066 
7313 919 1703 978 1807 
7314 1703 191 1611 1612 
7315 978 1611 904 1613 
7316 1807 1612 1613 1152 
7317 1703 978 1807 1612 
7318 1703 1612 1611 978 
7319 978 1807 1612 1613 
7320 978 1613 1612 1611 
7321 349 1734 447 496 
7322 1734 1110 1707 1300 
7323 447 1707 346 491 
7324 496 1300 491 370 
7325 1734 447 496 1300 
7326 1734 1300 1707 447 
7327 447 496 1300 491 
7328 447 491 1300 1707 
7329 347 1698 440 2074 
7330 1698 1098 1587 1591 
7331 440 1587 345 1441 
7332 2074 1591 1441 1105 
7333 1698 440 2074 1591 
7334 1698 1591 1587 440 
7335 440 2074 1591 1441 
7336 440 1441 1591 1587 
7337 350 2071 454 469 
7338 2071 182 1696 1343 
7339 454 1696 353 385 
7340 469 1343 385 361 
7341 2071 454 469 1343 
7342 2071 1343 1696 454 
7343 454 469 1343 385 
7344 454 385 1343 1696 
7345 188 1733 214 276 
7346 1733 349 1713 1714 
7347 214 1713 184 265 
7348 276 1714 265 183 
7349 1733 214 276 1714 
7350 1733 1714 1713 214 
7351 214 276 1714 265 
7352 214 265 1714 1713 
7353 1131 1504 1505 1238 
7354 1504 1156 1506 2001 
7355 1505 1506 1157 1246 
7356 1238 2001 1246 1094 
7357 1504 1505 1238 2001 
7358 1504 2001 1506 1505 
7359 1505 1238 2001 1246 
7360 1505 1246 2001 1506 
7361 177 1623 1624 1510 
7362 1623 1156 1625 1506 
7363 1624 1625 1130 1242 
7364 1510 1506 1242 1157 
7365 1623 1624 1510 1506 
7366 1623 1506 1625 1624 
7367 1624 1510 1506 1242 
7368 1624 1242 1506 1625 
7369 82 869 845 513 
7370 869 792 878 1450 
7371 845 878 785 1219 
7372 513 1450 1219 373 
7373 869 845 513 1450 
7374 869 1450 878 845 
7375 845 513 1450 1219 
7376 845 1219 1450 878 
7377 1156 1504 1736 1625 
7378 1504 1131 1799 1957 
7379 1736 1799 603 1656 
7380 1625 1957 1656 1130 
7381 1504 1736 1625 1957 
7382 1504 1957 1799 1736 
7383 1736 1625 1957 1656 
7384 1736 1656 1957 1799 
7385 1154 1509 1243 1241 
7386 1509 177 1624 1510 
7387 1243 1624 1130 1242 
7388 1241 1510 1242 1157 
7389 1509 1243 1241 1510 
7390 1509 1510 1624 1243 
7391 1243 1241 1510 1242 
7392 1243 1242 1510 1624 
7393 1131 1798 1957 1238 
7394 1798 1115 1655 2084 
7395 1957 1655 1130 1245 
7396 1238 2084 1245 1094 
7397 1798 1957 1238 2084 
7398 1798 2084 1655 1957 
7399 1957 1238 2084 1245 
7400 1957 1245 2084 1655 
7401 779 1942 851 1538 
7402 1942 1136 2141 1412 
7403 851 2141 774 1999 
7404 1538 1412 1999 1118 
7405 1942 851 1538 1412 
7406 1942 1412 2141 851 
7407 851 1538 1412 1999 
7408 851 1999 1412 2141 
7409 715 737 738 2065 
7410 737 75 74 479 
7411 738 74 73 478 
7412 2065 479 478 362 
7413 737 738 2065 479 
7414 737 479 74 738 
7415 738 2065 479 478 
7416 738 478 479 74 
7417 345 1812 451 434 
7418 1812 1101 1404 1405 
7419 451 1404 362 450 
7420 434 1405 450 340 
7421 1812 451 434 1405 
7422 1812 1405 1404 451 
7423 451 434 1405 450 
7424 451 450 1405 1404 
7425 142 742 141 843 
7426 742 713 741 1701 
7427 141 741 140 844 
7428 843 1701 844 774 
7429 742 141 843 1701 
7430 742 1701 741 141 
7431 141 843 1701 844 
7432 141 844 1701 741 
7433 94 798 95 470 
7434 798 786 846 1569 
7435 95 846 96 471 
7436 470 1569 471 342 
7437 798 95 470 1569 
7438 798 1569 846 95 
7439 95 470 1569 471 
7440 95 471 1569 846 
7441 342 1569 471 530 
7442 1569 786 846 1965 
7443 471 846 96 524 
7444 530 1965 524 375 
7445 1569 471 530 1965 
7446 1569 1965 846 471 
7447 471 530 1965 524 
7448 471 524 1965 846 
7449 1136 1867 2141 1412 
7450 1867 713 1701 2138 
7451 2141 1701 774 1999 
7452 1412 2138 1999 1118 
7453 1867 2141 1412 2138 
7454 1867 2138 1701 2141 
7455 2141 1412 2138 1999 
7456 2141 1999 2138 1701 
7457 784 1288 864 852 
7458 1288 1136 1289 2141 
7459 864 1289 790 863 
7460 852 2141 863 774 
7461 1288 864 852 2141 
7462 1288 2141 1289 864 
7463 864 852 2141 863 
7464 864 863 2141 1289 
7465 1157 1506 1242 1246 
7466 1506 1156 1625 2001 
7467 1242 1625 1130 1245 
7468 1246 2001 1245 1094 
7469 1506 1242 1246 2001 
7470 1506 2001 1625 1242 
7471 1242 1246 2001 1245 
7472 1242 1245 2001 1625 
7473 551 1444 600 571 
7474 1444 922 2080 1061 
7475 600 2080 546 584 
7476 571 1061 584 104 
7477 1444 600 571 1061 
7478 1444 1061 2080 600 
7479 600 571 1061 584 
7480 600 584 1061 2080 
7481 1125 2026 1213 1476 
7482 2026 888 992 2058 
7483 1213 992 108 582 
7484 1476 2058 582 547 
7485 2026 1213 1476 2058 
7486 2026 2058 992 1213 
7487 1213 1476 2058 582 
7488 1213 582 2058 992 
7489 888 975 992 2058 
7490 975 106 107 580 
7491 992 107 108 582 
7492 2058 580 582 547 
7493 975 992 2058 580 
7494 975 580 107 992 
7495 992 2058 580 582 
7496 992 582 580 107 
7497 204 1641 1995 1578 
7498 1641 1098 1591 1642 
7499 1995 1591 1105 2104 
7500 1578 1642 2104 1142 
7501 1641 1995 1578 1642 
7502 1641 1642 1591 1995 
7503 1995 1578 1642 2104 
7504 1995 2104 1642 1591 
7505 1150 2046 1551 1964 
7506 2046 205 1897 1898 
7507 1551 1897 1110 1705 
7508 1964 1898 1705 1105 
7509 2046 1551 1964 1898 
7510 2046 1898 1897 1551 
7511 1551 1964 1898 1705 
7512 1551 1705 1898 1897 
7513 1150 1519 2046 1964 
7514 1519 1145 2142 1927 
7515 2046 2142 205 1898 
7516 1964 1927 1898 1105 
7517 1519 2046 1964 1927 
7518 1519 1927 2142 2046 
7519 2046 1964 1927 1898 
7520 2046 1898 1927 2142 
7521 190 278 277 2143 
7522 278 187 233 2132 
7523 277 233 174 1576 
7524 2143 2132 1576 1155 
7525 278 277 2143 2132 
7526 278 2132 233 277 
7527 277 2143 2132 1576 
7528 277 1576 2132 233 
7529 1091 1821 1691 2103 
7530 1821 1116 1822 1925 
7531 1691 1822 1152 1481 
7532 2103 1925 1481 1119 
7533 1821 1691 2103 1925 
7534 1821 1925 1822 1691 
7535 1691 2103 1925 1481 
7536 1691 1481 1925 1822 
7537 205 1897 232 2043 
7538 1897 1110 1304 1301 
7539 232 1304 189 1303 
7540 2043 1301 1303 1119 
7541 1897 232 2043 1301 
7542 1897 1301 1304 232 
7543 232 2043 1301 1303 
7544 232 1303 1301 1304 
7545 113 567 595 670 
7546 567 540 591 1916 
7547 595 591 549 2085 
7548 670 1916 2085 601 
7549 567 595 670 1916 
7550 567 1916 591 595 
7551 595 670 1916 2085 
7552 595 2085 1916 591 
7553 1147 1235 1236 2083 
7554 1235 1131 1237 1201 
7555 1236 1237 1107 1986 
7556 2083 1201 1986 1127 
7557 1235 1236 2083 1201 
7558 1235 1201 1237 1236 
7559 1236 2083 1201 1986 
7560 1236 1986 1201 1237 
7561 894 2095 2009 1949 
7562 2095 1142 1432 1437 
7563 2009 1432 1145 1435 
7564 1949 1437 1435 1149 
7565 2095 2009 1949 1437 
7566 2095 1437 1432 2009 
7567 2009 1949 1437 1435 
7568 2009 1435 1437 1432 
7569 549 2055 2124 2085 
7570 2055 1117 2123 1758 
7571 2124 2123 620 699 
7572 2085 1758 699 601 
7573 2055 2124 2085 1758 
7574 2055 1758 2123 2124 
7575 2124 2085 1758 699 
7576 2124 699 1758 2123 
7577 1099 2034 2109 1969 
7578 2034 344 1896 1924 
7579 2109 1896 1110 1553 
7580 1969 1924 1553 1116 
7581 2034 2109 1969 1924 
7582 2034 1924 1896 2109 
7583 2109 1969 1924 1553 
7584 2109 1553 1924 1896 
7585 776 1808 2144 1307 
7586 1808 1114 1270 1266 
7587 2144 1270 1155 1269 
7588 1307 1266 1269 1140 
7589 1808 2144 1307 1266 
7590 1808 1266 1270 2144 
7591 2144 1307 1266 1269 
7592 2144 1269 1266 1270 
7593 1092 1486 1550 1554 
7594 1486 1099 2109 1969 
7595 1550 2109 1110 1553 
7596 1554 1969 1553 1116 
7597 1486 1550 1554 1969 
7598 1486 1969 2109 1550 
7599 1550 1554 1969 1553 
7600 1550 1553 1969 2109 
7601 889 1000 2033 993 
7602 1000 911 1603 1027 
7603 2033 1603 1137 2140 
7604 993 1027 2140 147 
7605 1000 2033 993 1027 
7606 1000 1027 1603 2033 
7607 2033 993 1027 2140 
7608 2033 2140 1027 1603 
7609 911 2087 1603 1027 
7610 2087 718 2106 752 
7611 1603 2106 1137 2140 
7612 1027 752 2140 147 
7613 2087 1603 1027 752 
7614 2087 752 2106 1603 
7615 1603 1027 752 2140 
7616 1603 2140 752 2106 
7617 891 1020 1408 1407 
7618 1020 166 1306 850 
7619 1408 1306 1140 1409 
7620 1407 850 1409 784 
7621 1020 1408 1407 850 
7622 1020 850 1306 1408 
7623 1408 1407 850 1409 
7624 1408 1409 850 1306 
7625 1092 1483 1486 1554 
7626 1483 1151 1488 1823 
7627 1486 1488 1099 1969 
7628 1554 1823 1969 1116 
7629 1483 1486 1554 1823 
7630 1483 1823 1488 1486 
7631 1486 1554 1823 1969 
7632 1486 1969 1823 1488 
7633 919 1375 1703 1807 
7634 1375 1150 1958 2038 
7635 1703 1958 191 1612 
7636 1807 2038 1612 1152 
7637 1375 1703 1807 2038 
7638 1375 2038 1958 1703 
7639 1703 1807 2038 1612 
7640 1703 1612 2038 1958 
7641 927 1344 1054 1346 
7642 1344 1151 1473 1345 
7643 1054 1473 893 2013 
7644 1346 1345 2013 1152 
7645 1344 1054 1346 1345 
7646 1344 1345 1473 1054 
7647 1054 1346 1345 2013 
7648 1054 2013 1345 1473 
7649 548 1228 1980 2145 
7650 1228 617 1981 2020 
7651 1980 1981 923 1469 
7652 2145 2020 1469 1127 
7653 1228 1980 2145 2020 
7654 1228 2020 1981 1980 
7655 1980 2145 2020 1469 
7656 1980 1469 2020 1981 
7657 924 1065 1073 2136 
7658 1065 10 169 860 
7659 1073 169 168 859 
7660 2136 860 859 790 
7661 1065 1073 2136 860 
7662 1065 860 169 1073 
7663 1073 2136 860 859 
7664 1073 859 860 169 
7665 1136 1186 1185 1289 
7666 1186 924 1073 2136 
7667 1185 1073 168 859 
7668 1289 2136 859 790 
7669 1186 1185 1289 2136 
7670 1186 2136 1073 1185 
7671 1185 1289 2136 859 
7672 1185 859 2136 1073 
7673 786 804 879 1968 
7674 804 779 851 1538 
7675 879 851 774 1999 
7676 1968 1538 1999 1118 
7677 804 879 1968 1538 
7678 804 1538 851 879 
7679 879 1968 1538 1999 
7680 879 1999 1538 851 
7681 713 1867 1701 1702 
7682 1867 1136 2141 1289 
7683 1701 2141 774 863 
7684 1702 1289 863 790 
7685 1867 1701 1702 1289 
7686 1867 1289 2141 1701 
7687 1701 1702 1289 863 
7688 1701 863 1289 2141 
7689 786 1569 1968 1965 
7690 1569 342 1814 530 
7691 1968 1814 1118 1966 
7692 1965 530 1966 375 
7693 1569 1968 1965 530 
7694 1569 530 1814 1968 
7695 1968 1965 530 1966 
7696 1968 1966 530 1814 
7697 1093 1598 1599 1371 
7698 1598 1142 1437 1433 
7699 1599 1437 1149 1436 
7700 1371 1433 1436 1108 
7701 1598 1599 1371 1433 
7702 1598 1433 1437 1599 
7703 1599 1371 1433 1436 
7704 1599 1436 1433 1437 
7705 921 1077 1548 1059 
7706 1077 892 1683 987 
7707 1548 1683 717 755 
7708 1059 987 755 151 
7709 1077 1548 1059 987 
7710 1077 987 1683 1548 
7711 1548 1059 987 755 
7712 1548 755 987 1683 
7713 716 728 1384 732 
7714 728 719 1499 730 
7715 1384 1499 1099 1287 
7716 732 730 1287 714 
7717 728 1384 732 730 
7718 728 730 1499 1384 
7719 1384 732 730 1287 
7720 1384 1287 730 1499 
7721 548 598 1228 2145 
7722 598 540 2021 1917 
7723 1228 2021 617 2020 
7724 2145 1917 2020 1127 
7725 598 1228 2145 1917 
7726 598 1917 2021 1228 
7727 1228 2145 1917 2020 
7728 1228 2020 1917 2021 
7729 540 2030 1917 2146 
7730 2030 1109 1987 2032 
7731 1917 1987 1127 1467 
7732 2146 2032 1467 1148 
7733 2030 1917 2146 2032 
7734 2030 2032 1987 1917 
7735 1917 2146 2032 1467 
7736 1917 1467 2032 1987 
7737 618 1531 1514 1517 
7738 1531 720 1534 769 
7739 1514 1534 1133 1516 
7740 1517 769 1516 712 
7741 1531 1514 1517 769 
7742 1531 769 1534 1514 
7743 1514 1517 769 1516 
7744 1514 1516 769 1534 
7745 1117 1983 1759 1915 
7746 1983 1109 1987 2030 
7747 1759 1987 1127 1917 
7748 1915 2030 1917 540 
7749 1983 1759 1915 2030 
7750 1983 2030 1987 1759 
7751 1759 1915 2030 1917 
7752 1759 1917 2030 1987 
7753 540 586 2146 1917 
7754 586 545 1565 2147 
7755 2146 1565 1148 1467 
7756 1917 2147 1467 1127 
7757 586 2146 1917 2147 
7758 586 2147 1565 2146 
7759 2146 1917 2147 1467 
7760 2146 1467 2147 1565 
7761 548 597 598 2145 
7762 597 545 586 2147 
7763 598 586 540 1917 
7764 2145 2147 1917 1127 
7765 597 598 2145 2147 
7766 597 2147 586 598 
7767 598 2145 2147 1917 
7768 598 1917 2147 586 
7769 1090 2134 2052 1903 
7770 2134 1103 1708 1864 
7771 2052 1708 1102 2072 
7772 1903 1864 2072 1141 
7773 2134 2052 1903 1864 
7774 2134 1864 1708 2052 
7775 2052 1903 1864 2072 
7776 2052 2072 1864 1708 
7777 1123 1160 1992 1164 
7778 1160 775 839 835 
7779 1992 839 777 830 
7780 1164 835 830 787 
7781 1160 1992 1164 835 
7782 1160 835 839 1992 
7783 1992 1164 835 830 
7784 1992 830 835 839 
7785 1123 1793 1161 1831 
7786 1793 1112 2067 2060 
7787 1161 2067 1138 1894 
7788 1831 2060 1894 1089 
7789 1793 1161 1831 2060 
7790 1793 2060 2067 1161 
7791 1161 1831 2060 1894 
7792 1161 1894 2060 2067 
7793 349 449 1714 455 
7794 449 350 1715 454 
7795 1714 1715 183 1918 
7796 455 454 1918 353 
7797 449 1714 455 454 
7798 449 454 1715 1714 
7799 1714 455 454 1918 
7800 1714 1918 454 1715 
7801 176 311 1786 1471 
7802 311 201 1264 1216 
7803 1786 1264 903 2116 
7804 1471 1216 2116 1138 
7805 311 1786 1471 1216 
7806 311 1216 1264 1786 
7807 1786 1471 1216 2116 
7808 1786 2116 1216 1264 
7809 888 973 975 2056 
7810 973 905 974 1946 
7811 975 974 106 1945 
7812 2056 1946 1945 1124 
7813 973 975 2056 1946 
7814 973 1946 974 975 
7815 975 2056 1946 1945 
7816 975 1945 1946 974 
7817 900 2045 2044 1430 
7818 2045 27 258 26 
7819 2044 258 186 257 
7820 1430 26 257 25 
7821 2045 2044 1430 26 
7822 2045 26 258 2044 
7823 2044 1430 26 257 
7824 2044 257 26 258 
7825 616 1622 664 1950 
7826 1622 1153 1369 1687 
7827 664 1369 604 1425 
7828 1950 1687 1425 1159 
7829 1622 664 1950 1687 
7830 1622 1687 1369 664 
7831 664 1950 1687 1425 
7832 664 1425 1687 1369 
7833 903 930 2116 929 
7834 930 886 1844 931 
7835 2116 1844 1138 1217 
7836 929 931 1217 158 
7837 930 2116 929 931 
7838 930 931 1844 2116 
7839 2116 929 931 1217 
7840 2116 1217 931 1844 
7841 1151 2112 1473 1484 
7842 2112 889 967 1495 
7843 1473 967 893 1819 
7844 1484 1495 1819 1143 
7845 2112 1473 1484 1495 
7846 2112 1495 967 1473 
7847 1473 1484 1495 1819 
7848 1473 1819 1495 967 
7849 1145 1743 1580 2097 
7850 1743 897 1742 943 
7851 1580 1742 186 2014 
7852 2097 943 2014 896 
7853 1743 1580 2097 943 
7854 1743 943 1742 1580 
7855 1580 2097 943 2014 
7856 1580 2014 943 1742 
7857 1158 1314 1628 1318 
7858 1314 916 1081 1316 
7859 1628 1081 925 1664 
7860 1318 1316 1664 1142 
7861 1314 1628 1318 1316 
7862 1314 1316 1081 1628 
7863 1628 1318 1316 1664 
7864 1628 1664 1316 1081 
7865 894 2009 1494 1949 
7866 2009 1145 1521 1435 
7867 1494 1521 1143 1564 
7868 1949 1435 1564 1149 
7869 2009 1494 1949 1435 
7870 2009 1435 1521 1494 
7871 1494 1949 1435 1564 
7872 1494 1564 1435 1521 
7873 201 1264 1216 1215 
7874 1264 903 2116 929 
7875 1216 2116 1138 1217 
7876 1215 929 1217 158 
7877 1264 1216 1215 929 
7878 1264 929 2116 1216 
7879 1216 1215 929 1217 
7880 1216 1217 929 2116 
7881 897 1743 994 943 
7882 1743 1145 2007 2097 
7883 994 2007 895 989 
7884 943 2097 989 896 
7885 1743 994 943 2097 
7886 1743 2097 2007 994 
7887 994 943 2097 989 
7888 994 989 2097 2007 
7889 1142 1432 1579 2096 
7890 1432 1145 1580 2097 
7891 1579 1580 186 2014 
7892 2096 2097 2014 896 
7893 1432 1579 2096 2097 
7894 1432 2097 1580 1579 
7895 1579 2096 2097 2014 
7896 1579 2014 2097 1580 
7897 1106 1652 2086 1294 
7898 1652 358 1737 1653 
7899 2086 1737 1104 1332 
7900 1294 1653 1332 1100 
7901 1652 2086 1294 1653 
7902 1652 1653 1737 2086 
7903 2086 1294 1653 1332 
7904 2086 1332 1653 1737 
7905 345 451 1589 477 
7906 451 362 1632 476 
7907 1589 1632 1108 1676 
7908 477 476 1676 376 
7909 451 1589 477 476 
7910 451 476 1632 1589 
7911 1589 477 476 1676 
7912 1589 1676 476 1632 
7913 1128 1658 2062 1910 
7914 1658 1139 1439 2107 
7915 2062 1439 1111 1756 
7916 1910 2107 1756 1126 
7917 1658 2062 1910 2107 
7918 1658 2107 1439 2062 
7919 2062 1910 2107 1756 
7920 2062 1756 2107 1439 
7921 364 1947 1941 522 
7922 1947 1126 1756 1977 
7923 1941 1756 1111 1846 
7924 522 1977 1846 379 
7925 1947 1941 522 1977 
7926 1947 1977 1756 1941 
7927 1941 522 1977 1846 
7928 1941 1846 1977 1756 
7929 1128 1659 1911 1827 
7930 1659 905 1946 1857 
7931 1911 1946 1124 1912 
7932 1827 1857 1912 546 
7933 1659 1911 1827 1857 
7934 1659 1857 1946 1911 
7935 1911 1827 1857 1912 
7936 1911 1912 1857 1946 
7937 1148 1858 1859 1467 
7938 1858 1147 1236 2083 
7939 1859 1236 1107 1986 
7940 1467 2083 1986 1127 
7941 1858 1859 1467 2083 
7942 1858 2083 1236 1859 
7943 1859 1467 2083 1986 
7944 1859 1986 2083 1236 
7945 1156 1736 1585 1625 
7946 1736 603 663 1656 
7947 1585 663 615 1313 
7948 1625 1656 1313 1130 
7949 1736 1585 1625 1656 
7950 1736 1656 663 1585 
7951 1585 1625 1656 1313 
7952 1585 1313 1656 663 
7953 1154 1509 1363 1243 
7954 1509 177 319 1624 
7955 1363 319 197 1621 
7956 1243 1624 1621 1130 
7957 1509 1363 1243 1624 
7958 1509 1624 319 1363 
7959 1363 1243 1624 1621 
7960 1363 1621 1624 319 
7961 360 1229 1230 1868 
7962 1229 1095 1231 2006 
7963 1230 1231 1154 2098 
7964 1868 2006 2098 1104 
7965 1229 1230 1868 2006 
7966 1229 2006 1231 1230 
7967 1230 1868 2006 2098 
7968 1230 2098 2006 1231 
7969 360 1868 1230 1869 
7970 1868 1104 2098 1870 
7971 1230 2098 1154 2039 
7972 1869 1870 2039 1107 
7973 1868 1230 1869 1870 
7974 1868 1870 2098 1230 
7975 1230 1869 1870 2039 
7976 1230 2039 1870 2098 
7977 894 2095 1949 1025 
7978 2095 1142 1437 1664 
7979 1949 1437 1149 1630 
7980 1025 1664 1630 925 
7981 2095 1949 1025 1664 
7982 2095 1664 1437 1949 
7983 1949 1025 1664 1630 
7984 1949 1630 1664 1437 
7985 1098 1642 1588 1591 
7986 1642 1142 1433 2104 
7987 1588 1433 1108 1590 
7988 1591 2104 1590 1105 
7989 1642 1588 1591 2104 
7990 1642 2104 1433 1588 
7991 1588 1591 2104 1590 
7992 1588 1590 2104 1433 
7993 1136 1288 1942 2141 
7994 1288 784 853 852 
7995 1942 853 779 851 
7996 2141 852 851 774 
7997 1288 1942 2141 852 
7998 1288 852 853 1942 
7999 1942 2141 852 851 
8000 1942 851 852 853 
8001 1101 1812 1633 1881 
8002 1812 345 1589 1441 
8003 1633 1589 1108 1590 
8004 1881 1441 1590 1105 
8005 1812 1633 1881 1441 
8006 1812 1441 1589 1633 
8007 1633 1881 1441 1590 
8008 1633 1590 1441 1589 
8009 364 1940 1218 484 
8010 1940 1112 1998 1800 
8011 1218 1998 785 802 
8012 484 1800 802 84 
8013 1940 1218 484 1800 
8014 1940 1800 1998 1218 
8015 1218 484 1800 802 
8016 1218 802 1800 1998 
8017 1128 1720 1721 1731 
8018 1720 773 854 856 
8019 1721 854 780 855 
8020 1731 856 855 783 
8021 1720 1721 1731 856 
8022 1720 856 854 1721 
8023 1721 1731 856 855 
8024 1721 855 856 854 
8025 913 1657 1258 1260 
8026 1657 1128 1658 1729 
8027 1258 1658 1139 1262 
8028 1260 1729 1262 1129 
8029 1657 1258 1260 1729 
8030 1657 1729 1658 1258 
8031 1258 1260 1729 1262 
8032 1258 1262 1729 1658 
8033 156 1032 1008 2137 
8034 1032 913 1048 1260 
8035 1008 1048 886 1299 
8036 2137 1260 1299 1129 
8037 1032 1008 2137 1260 
8038 1032 1260 1048 1008 
8039 1008 2137 1260 1299 
8040 1008 1299 1260 1048 
8041 775 821 1843 1834 
8042 821 156 1008 2137 
8043 1843 1008 886 1299 
8044 1834 2137 1299 1129 
8045 821 1843 1834 2137 
8046 821 2137 1008 1843 
8047 1843 1834 2137 1299 
8048 1843 1299 2137 1008 
8049 1140 1267 1602 1849 
8050 1267 1093 1599 1371 
8051 1602 1599 1149 1436 
8052 1849 1371 1436 1108 
8053 1267 1602 1849 1371 
8054 1267 1371 1599 1602 
8055 1602 1849 1371 1436 
8056 1602 1436 1371 1599 
8057 1112 1998 1801 1833 
8058 1998 785 801 806 
8059 1801 801 777 805 
8060 1833 806 805 780 
8061 1998 1801 1833 806 
8062 1998 806 801 1801 
8063 1801 1833 806 805 
8064 1801 805 806 801 
8065 775 1832 839 840 
8066 1832 1112 1801 1833 
8067 839 1801 777 805 
8068 840 1833 805 780 
8069 1832 839 840 1833 
8070 1832 1833 1801 839 
8071 839 840 1833 805 
8072 839 805 1833 1801 
8073 1114 1265 1266 1372 
8074 1265 1093 1267 1371 
8075 1266 1267 1140 1849 
8076 1372 1371 1849 1108 
8077 1265 1266 1372 1371 
8078 1265 1371 1267 1266 
8079 1266 1372 1371 1849 
8080 1266 1849 1371 1267 
8081 606 1368 1993 632 
8082 1368 1153 1817 1370 
8083 1993 1817 1113 1381 
8084 632 1370 1381 607 
8085 1368 1993 632 1370 
8086 1368 1370 1817 1993 
8087 1993 632 1370 1381 
8088 1993 1381 1370 1817 
8089 1101 2091 1880 2110 
8090 2091 344 1896 2034 
8091 1880 1896 1110 2109 
8092 2110 2034 2109 1099 
8093 2091 1880 2110 2034 
8094 2091 2034 1896 1880 
8095 1880 2110 2034 2109 
8096 1880 2109 2034 1896 
8097 1099 1385 1387 1969 
8098 1385 1134 1386 1527 
8099 1387 1386 343 1796 
8100 1969 1527 1796 1116 
8101 1385 1387 1969 1527 
8102 1385 1527 1386 1387 
8103 1387 1969 1527 1796 
8104 1387 1796 1527 1386 
8105 1113 2035 2102 1176 
8106 2035 1091 2103 1821 
8107 2102 2103 1119 1925 
8108 1176 1821 1925 1116 
8109 2035 2102 1176 1821 
8110 2035 1821 2103 2102 
8111 2102 1176 1821 1925 
8112 2102 1925 1821 2103 
8113 602 1249 1515 681 
8114 1249 1120 1525 1748 
8115 1515 1525 1133 1382 
8116 681 1748 1382 607 
8117 1249 1515 681 1748 
8118 1249 1748 1525 1515 
8119 1515 681 1748 1382 
8120 1515 1382 1748 1525 
8121 190 1997 2143 286 
8122 1997 782 1727 816 
8123 2143 1727 1155 2133 
8124 286 816 2133 36 
8125 1997 2143 286 816 
8126 1997 816 1727 2143 
8127 2143 286 816 2133 
8128 2143 2133 816 1727 
8129 198 1190 219 223 
8130 1190 351 1250 1189 
8131 219 1250 195 250 
8132 223 1189 250 184 
8133 1190 219 223 1189 
8134 1190 1189 1250 219 
8135 219 223 1189 250 
8136 219 250 1189 1250 
8137 1142 1316 2096 1317 
8138 1316 916 965 964 
8139 2096 965 896 944 
8140 1317 964 944 885 
8141 1316 2096 1317 964 
8142 1316 964 965 2096 
8143 2096 1317 964 944 
8144 2096 944 964 965 
8145 1158 2114 1577 1601 
8146 2114 776 2144 1307 
8147 1577 2144 1155 1269 
8148 1601 1307 1269 1140 
8149 2114 1577 1601 1307 
8150 2114 1307 2144 1577 
8151 1577 1601 1307 1269 
8152 1577 1269 1307 2144 
8153 171 2076 1374 1503 
8154 2076 88 383 411 
8155 1374 383 354 410 
8156 1503 411 410 368 
8157 2076 1374 1503 411 
8158 2076 411 383 1374 
8159 1374 1503 411 410 
8160 1374 410 411 383 
8161 776 1808 838 2144 
8162 1808 1114 1536 1270 
8163 838 1536 779 2148 
8164 2144 1270 2148 1155 
8165 1808 838 2144 1270 
8166 1808 1270 1536 838 
8167 838 2144 1270 2148 
8168 838 2148 1270 1536 
8169 374 1944 523 517 
8170 1944 620 698 697 
8171 523 698 56 55 
8172 517 697 55 3 
8173 1944 523 517 697 
8174 1944 697 698 523 
8175 523 517 697 55 
8176 523 55 697 698 
8177 1125 2064 2069 1635 
8178 2064 1124 1421 2050 
8179 2069 1421 1100 1335 
8180 1635 2050 1335 1144 
8181 2064 2069 1635 2050 
8182 2064 2050 1421 2069 
8183 2069 1635 2050 1335 
8184 2069 1335 2050 1421 
8185 908 1863 963 986 
8186 1863 1103 1781 1780 
8187 963 1781 906 984 
8188 986 1780 984 907 
8189 1863 963 986 1780 
8190 1863 1780 1781 963 
8191 963 986 1780 984 
8192 963 984 1780 1781 
8193 778 837 803 1825 
8194 837 776 838 2144 
8195 803 838 779 2148 
8196 1825 2144 2148 1155 
8197 837 803 1825 2144 
8198 837 2144 838 803 
8199 803 1825 2144 2148 
8200 803 2148 2144 838 
8201 1125 1210 1211 1639 
8202 1210 545 1212 1565 
8203 1211 1212 912 1465 
8204 1639 1565 1465 1148 
8205 1210 1211 1639 1565 
8206 1210 1565 1212 1211 
8207 1211 1639 1565 1465 
8208 1211 1465 1565 1212 
8209 1147 1235 2083 2019 
8210 1235 1131 1201 1359 
8211 2083 1201 1127 1772 
8212 2019 1359 1772 890 
8213 1235 2083 2019 1359 
8214 1235 1359 1201 2083 
8215 2083 2019 1359 1772 
8216 2083 1772 1359 1201 
8217 1134 1596 1754 1386 
8218 1596 372 509 528 
8219 1754 509 79 438 
8220 1386 528 438 343 
8221 1596 1754 1386 528 
8222 1596 528 509 1754 
8223 1754 1386 528 438 
8224 1754 438 528 509 
8225 127 623 128 1583 
8226 623 22 624 321 
8227 128 624 129 1685 
8228 1583 321 1685 200 
8229 623 128 1583 321 
8230 623 321 624 128 
8231 128 1583 321 1685 
8232 128 1685 321 624 
8233 602 680 1515 692 
8234 680 612 1547 691 
8235 1515 1547 1133 1514 
8236 692 691 1514 618 
8237 680 1515 692 691 
8238 680 691 1547 1515 
8239 1515 692 691 1514 
8240 1515 1514 691 1547 
8241 77 736 78 428 
8242 736 716 735 1388 
8243 78 735 79 438 
8244 428 1388 438 343 
8245 736 78 428 1388 
8246 736 1388 735 78 
8247 78 428 1388 438 
8248 78 438 1388 735 
8249 1114 1277 1536 1270 
8250 1277 778 803 1825 
8251 1536 803 779 2148 
8252 1270 1825 2148 1155 
8253 1277 1536 1270 1825 
8254 1277 1825 803 1536 
8255 1536 1270 1825 2148 
8256 1536 2148 1825 803 
8257 611 676 703 2024 
8258 676 125 124 1022 
8259 703 124 123 1021 
8260 2024 1022 1021 890 
8261 676 703 2024 1022 
8262 676 1022 124 703 
8263 703 2024 1022 1021 
8264 703 1021 1022 124 
8265 776 837 836 2144 
8266 837 778 831 1825 
8267 836 831 788 2135 
8268 2144 1825 2135 1155 
8269 837 836 2144 1825 
8270 837 1825 831 836 
8271 836 2144 1825 2135 
8272 836 2135 1825 831 
8273 1158 2114 1930 1577 
8274 2114 776 836 2144 
8275 1930 836 788 2135 
8276 1577 2144 2135 1155 
8277 2114 1930 1577 2144 
8278 2114 2144 836 1930 
8279 1930 1577 2144 2135 
8280 1930 2135 2144 836 
8281 375 1392 516 2008 
8282 1392 722 747 1970 
8283 516 747 73 1971 
8284 2008 1970 1971 1135 
8285 1392 516 2008 1970 
8286 1392 1970 747 516 
8287 516 2008 1970 1971 
8288 516 1971 1970 747 
8289 549 595 2124 574 
8290 595 113 700 112 
8291 2124 700 620 697 
8292 574 112 697 3 
8293 595 2124 574 112 
8294 595 112 700 2124 
8295 2124 574 112 697 
8296 2124 697 112 700 
8297 1137 1672 1824 1560 
8298 1672 719 1499 1500 
8299 1824 1499 1099 1487 
8300 1560 1500 1487 1143 
8301 1672 1824 1560 1500 
8302 1672 1500 1499 1824 
8303 1824 1560 1500 1487 
8304 1824 1487 1500 1499 
8305 892 968 1472 1609 
8306 968 889 2112 1498 
8307 1472 2112 1151 1488 
8308 1609 1498 1488 1099 
8309 968 1472 1609 1498 
8310 968 1498 2112 1472 
8311 1472 1609 1498 1488 
8312 1472 1488 1498 2112 
8313 1156 1504 1507 1736 
8314 1504 1131 1361 1799 
8315 1507 1361 918 2081 
8316 1736 1799 2081 603 
8317 1504 1507 1736 1799 
8318 1504 1799 1361 1507 
8319 1507 1736 1799 2081 
8320 1507 2081 1799 1361 
8321 1131 2023 1361 1799 
8322 2023 125 1056 650 
8323 1361 1056 918 2081 
8324 1799 650 2081 603 
8325 2023 1361 1799 650 
8326 2023 650 1056 1361 
8327 1361 1799 650 2081 
8328 1361 2081 650 1056 
8329 1138 1883 1273 1894 
8330 1883 1129 1778 1961 
8331 1273 1778 1122 1830 
8332 1894 1961 1830 1089 
8333 1883 1273 1894 1961 
8334 1883 1961 1778 1273 
8335 1273 1894 1961 1830 
8336 1273 1830 1961 1778 
8337 1126 2107 1756 1755 
8338 2107 1139 1439 1440 
8339 1756 1439 1111 1420 
8340 1755 1440 1420 1124 
8341 2107 1756 1755 1440 
8342 2107 1440 1439 1756 
8343 1756 1755 1440 1420 
8344 1756 1420 1440 1439 
8345 902 934 935 1884 
8346 934 910 933 1933 
8347 935 933 884 1512 
8348 1884 1933 1512 185 
8349 934 935 1884 1933 
8350 934 1933 933 935 
8351 935 1884 1933 1512 
8352 935 1512 1933 933 
8353 12 622 11 318 
8354 622 131 709 2117 
8355 11 709 1 304 
8356 318 2117 304 203 
8357 622 11 318 2117 
8358 622 2117 709 11 
8359 11 318 2117 304 
8360 11 304 2117 709 
8361 1147 1235 1650 1240 
8362 1235 1131 1505 1238 
8363 1650 1505 1157 1246 
8364 1240 1238 1246 1094 
8365 1235 1650 1240 1238 
8366 1235 1238 1505 1650 
8367 1650 1240 1238 1246 
8368 1650 1246 1238 1505 
8369 902 1204 1205 1451 
8370 1204 191 255 256 
8371 1205 255 29 30 
8372 1451 256 30 31 
8373 1204 1205 1451 256 
8374 1204 256 255 1205 
8375 1205 1451 256 30 
8376 1205 30 256 255 
8377 110 583 1030 109 
8378 583 545 1212 581 
8379 1030 1212 912 1029 
8380 109 581 1029 108 
8381 583 1030 109 581 
8382 583 581 1212 1030 
8383 1030 109 581 1029 
8384 1030 1029 581 1212 
8385 1113 1174 1380 1176 
8386 1174 1120 1525 1175 
8387 1380 1525 1133 1526 
8388 1176 1175 1526 1116 
8389 1174 1380 1176 1175 
8390 1174 1175 1525 1380 
8391 1380 1176 1175 1526 
8392 1380 1526 1175 1525 
8393 921 1059 1532 1058 
8394 1059 151 749 152 
8395 1532 749 720 750 
8396 1058 152 750 9 
8397 1059 1532 1058 152 
8398 1059 152 749 1532 
8399 1532 1058 152 750 
8400 1532 750 152 749 
8401 1097 2063 2051 1811 
8402 2063 179 1460 1456 
8403 2051 1460 1141 1459 
8404 1811 1456 1459 1122 
8405 2063 2051 1811 1456 
8406 2063 1456 1460 2051 
8407 2051 1811 1456 1459 
8408 2051 1459 1456 1460 
8409 1123 1253 1255 1274 
8410 1253 199 1257 1272 
8411 1255 1257 1096 1695 
8412 1274 1272 1695 1122 
8413 1253 1255 1274 1272 
8414 1253 1272 1257 1255 
8415 1255 1274 1272 1695 
8416 1255 1695 1272 1257 
8417 903 930 1592 2116 
8418 930 886 1593 1844 
8419 1592 1593 1122 1273 
8420 2116 1844 1273 1138 
8421 930 1592 2116 1844 
8422 930 1844 1593 1592 
8423 1592 2116 1844 1273 
8424 1592 1273 1844 1593 
8425 603 1736 649 2081 
8426 1736 1156 1582 1507 
8427 649 1582 127 1044 
8428 2081 1507 1044 918 
8429 1736 649 2081 1507 
8430 1736 1507 1582 649 
8431 649 2081 1507 1044 
8432 649 1044 1507 1582 
8433 185 1933 2031 1165 
8434 1933 910 941 1935 
8435 2031 941 909 1461 
8436 1165 1935 1461 1146 
8437 1933 2031 1165 1935 
8438 1933 1935 941 2031 
8439 2031 1165 1935 1461 
8440 2031 1461 1935 941 
8441 909 1855 1085 1615 
8442 1855 1147 2018 1650 
8443 1085 2018 926 1872 
8444 1615 1650 1872 1157 
8445 1855 1085 1615 1650 
8446 1855 1650 2018 1085 
8447 1085 1615 1650 1872 
8448 1085 1872 1650 2018 
8449 910 951 941 1935 
8450 951 908 952 1852 
8451 941 952 909 1461 
8452 1935 1852 1461 1146 
8453 951 941 1935 1852 
8454 951 1852 952 941 
8455 941 1935 1852 1461 
8456 941 1461 1852 952 
8457 185 1512 2075 2031 
8458 1512 884 1614 942 
8459 2075 1614 1157 1615 
8460 2031 942 1615 909 
8461 1512 2075 2031 942 
8462 1512 942 1614 2075 
8463 2075 2031 942 1615 
8464 2075 1615 942 1614 
8465 1097 2049 1810 1680 
8466 2049 1096 1908 1668 
8467 1810 1908 1111 2105 
8468 1680 1668 2105 357 
8469 2049 1810 1680 1668 
8470 2049 1668 1908 1810 
8471 1810 1680 1668 2105 
8472 1810 2105 1668 1908 
8473 1126 1978 1222 1756 
8474 1978 357 1979 2105 
8475 1222 1979 1100 1422 
8476 1756 2105 1422 1111 
8477 1978 1222 1756 2105 
8478 1978 2105 1979 1222 
8479 1222 1756 2105 1422 
8480 1222 1422 2105 1979 
8481 349 458 1571 2025 
8482 458 355 1399 1401 
8483 1571 1399 196 324 
8484 2025 1401 324 189 
8485 458 1571 2025 1401 
8486 458 1401 1399 1571 
8487 1571 2025 1401 324 
8488 1571 324 1401 1399 
8489 1153 1816 2053 1479 
8490 1816 338 539 1193 
8491 2053 539 378 1191 
8492 1479 1193 1191 1119 
8493 1816 2053 1479 1193 
8494 1816 1193 539 2053 
8495 2053 1479 1193 1191 
8496 2053 1191 1193 539 
8497 1101 2091 1881 1880 
8498 2091 344 1442 1896 
8499 1881 1442 1105 1705 
8500 1880 1896 1705 1110 
8501 2091 1881 1880 1896 
8502 2091 1896 1442 1881 
8503 1881 1880 1896 1705 
8504 1881 1705 1896 1442 
8505 357 1750 1979 2105 
8506 1750 1102 1333 1709 
8507 1979 1333 1100 1422 
8508 2105 1709 1422 1111 
8509 1750 1979 2105 1709 
8510 1750 1709 1333 1979 
8511 1979 2105 1709 1422 
8512 1979 1422 1709 1333 
8513 187 222 216 1447 
8514 222 198 223 1187 
8515 216 223 184 1188 
8516 1447 1187 1188 348 
8517 222 216 1447 1187 
8518 222 1187 223 216 
8519 216 1447 1187 1188 
8520 216 1188 1187 223 
8521 1145 1519 2010 2007 
8522 1519 1150 1959 1376 
8523 2010 1959 173 1168 
8524 2007 1376 1168 895 
8525 1519 2010 2007 1376 
8526 1519 1376 1959 2010 
8527 2010 2007 1376 1168 
8528 2010 1168 1376 1959 
8529 1150 1519 1959 2046 
8530 1519 1145 2010 2142 
8531 1959 2010 173 328 
8532 2046 2142 328 205 
8533 1519 1959 2046 2142 
8534 1519 2142 2010 1959 
8535 1959 2046 2142 328 
8536 1959 328 2142 2010 
8537 364 1940 484 499 
8538 1940 1112 1800 1795 
8539 484 1800 84 459 
8540 499 1795 459 337 
8541 1940 484 499 1795 
8542 1940 1795 1800 484 
8543 484 499 1795 459 
8544 484 459 1795 1800 
8545 40 814 280 813 
8546 814 781 1761 807 
8547 280 1761 194 1762 
8548 813 807 1762 88 
8549 814 280 813 807 
8550 814 807 1761 280 
8551 280 813 807 1762 
8552 280 1762 807 1761 
8553 171 269 225 2076 
8554 269 40 280 813 
8555 225 280 194 1762 
8556 2076 813 1762 88 
8557 269 225 2076 813 
8558 269 813 280 225 
8559 225 2076 813 1762 
8560 225 1762 813 280 
8561 1103 2134 1765 1864 
8562 2134 1090 1398 1903 
8563 1765 1398 1144 2090 
8564 1864 1903 2090 1141 
8565 2134 1765 1864 1903 
8566 2134 1903 1398 1765 
8567 1765 1864 1903 2090 
8568 1765 2090 1903 1398 
8569 543 1171 1221 2059 
8570 1171 1126 1222 1755 
8571 1221 1222 1100 1421 
8572 2059 1755 1421 1124 
8573 1171 1221 2059 1755 
8574 1171 1755 1222 1221 
8575 1221 2059 1755 1421 
8576 1221 1421 1755 1222 
8577 1096 1666 1890 1752 
8578 1666 366 405 404 
8579 1890 405 354 381 
8580 1752 404 381 337 
8581 1666 1890 1752 404 
8582 1666 404 405 1890 
8583 1890 1752 404 381 
8584 1890 381 404 405 
8585 1150 1376 1377 1959 
8586 1376 895 995 1168 
8587 1377 995 898 1169 
8588 1959 1168 1169 173 
8589 1376 1377 1959 1168 
8590 1376 1168 995 1377 
8591 1377 1959 1168 1169 
8592 1377 1169 1168 995 
8593 902 1004 1205 1003 
8594 1004 899 1366 997 
8595 1205 1366 29 1207 
8596 1003 997 1207 898 
8597 1004 1205 1003 997 
8598 1004 997 1366 1205 
8599 1205 1003 997 1207 
8600 1205 1207 997 1366 
8601 899 1366 997 1631 
8602 1366 29 1207 248 
8603 997 1207 898 1169 
8604 1631 248 1169 173 
8605 1366 997 1631 248 
8606 1366 248 1207 997 
8607 997 1631 248 1169 
8608 997 1169 248 1207 
8609 897 1741 1170 1743 
8610 1741 204 331 1581 
8611 1170 331 173 2010 
8612 1743 1581 2010 1145 
8613 1741 1170 1743 1581 
8614 1741 1581 331 1170 
8615 1170 1743 1581 2010 
8616 1170 2010 1581 331 
8617 1145 1581 2010 2142 
8618 1581 204 331 334 
8619 2010 331 173 328 
8620 2142 334 328 205 
8621 1581 2010 2142 334 
8622 1581 334 331 2010 
8623 2010 2142 334 328 
8624 2010 328 334 331 
8625 1103 1863 1765 1780 
8626 1863 908 1853 986 
8627 1765 1853 1144 1464 
8628 1780 986 1464 907 
8629 1863 1765 1780 986 
8630 1863 986 1853 1765 
8631 1765 1780 986 1464 
8632 1765 1464 986 1853 
8633 1124 2064 1421 2057 
8634 2064 1125 2069 1476 
8635 1421 2069 1100 1777 
8636 2057 1476 1777 547 
8637 2064 1421 2057 1476 
8638 2064 1476 2069 1421 
8639 1421 2057 1476 1777 
8640 1421 1777 1476 2069 
8641 1125 1634 2069 1476 
8642 1634 1106 1294 1776 
8643 2069 1294 1100 1777 
8644 1476 1776 1777 547 
8645 1634 2069 1476 1776 
8646 1634 1776 1294 2069 
8647 2069 1476 1776 1777 
8648 2069 1777 1776 1294 
8649 1135 2127 1403 1406 
8650 2127 75 479 444 
8651 1403 479 362 450 
8652 1406 444 450 340 
8653 2127 1403 1406 444 
8654 2127 444 479 1403 
8655 1403 1406 444 450 
8656 1403 450 444 479 
8657 344 2091 418 2034 
8658 2091 1101 1405 2110 
8659 418 1405 340 1285 
8660 2034 2110 1285 1099 
8661 2091 418 2034 2110 
8662 2091 2110 1405 418 
8663 418 2034 2110 1285 
8664 418 1285 2110 1405 
8665 1136 1804 1414 2054 
8666 1804 1137 1562 1563 
8667 1414 1562 1108 1436 
8668 2054 1563 1436 1149 
8669 1804 1414 2054 1563 
8670 1804 1563 1562 1414 
8671 1414 2054 1563 1436 
8672 1414 1436 1563 1562 
8673 1137 1824 1671 1560 
8674 1824 1099 1739 1487 
8675 1671 1739 1135 1901 
8676 1560 1487 1901 1143 
8677 1824 1671 1560 1487 
8678 1824 1487 1739 1671 
8679 1671 1560 1487 1901 
8680 1671 1901 1487 1739 
8681 1124 2059 2057 1421 
8682 2059 543 554 1221 
8683 2057 554 547 1777 
8684 1421 1221 1777 1100 
8685 2059 2057 1421 1221 
8686 2059 1221 554 2057 
8687 2057 1421 1221 1777 
8688 2057 1777 1221 554 
8689 1114 1568 1279 1899 
8690 1568 342 503 490 
8691 1279 503 367 532 
8692 1899 490 532 376 
8693 1568 1279 1899 490 
8694 1568 490 503 1279 
8695 1279 1899 490 532 
8696 1279 532 490 503 
8697 378 504 505 1926 
8698 504 344 419 1924 
8699 505 419 343 1796 
8700 1926 1924 1796 1116 
8701 504 505 1926 1924 
8702 504 1924 419 505 
8703 505 1926 1924 1796 
8704 505 1796 1924 419 
8705 1098 1642 2120 1588 
8706 1642 1142 1598 1433 
8707 2120 1598 1093 1371 
8708 1588 1433 1371 1108 
8709 1642 2120 1588 1433 
8710 1642 1433 1598 2120 
8711 2120 1588 1433 1371 
8712 2120 1371 1433 1598 
8713 1136 1867 1412 1415 
8714 1867 713 2138 2048 
8715 1412 2138 1118 1417 
8716 1415 2048 1417 1135 
8717 1867 1412 1415 2048 
8718 1867 2048 2138 1412 
8719 1412 1415 2048 1417 
8720 1412 1417 2048 2138 
8721 1090 1394 1398 1903 
8722 1394 1146 1397 1905 
8723 1398 1397 1144 2090 
8724 1903 1905 2090 1141 
8725 1394 1398 1903 1905 
8726 1394 1905 1397 1398 
8727 1398 1903 1905 2090 
8728 1398 2090 1905 1397 
8729 543 1225 566 1221 
8730 1225 356 426 1224 
8731 566 426 49 1885 
8732 1221 1224 1885 1100 
8733 1225 566 1221 1224 
8734 1225 1224 426 566 
8735 566 1221 1224 1885 
8736 566 1885 1224 426 
8737 358 435 1738 1653 
8738 435 339 1749 1297 
8739 1738 1749 1102 1333 
8740 1653 1297 1333 1100 
8741 435 1738 1653 1297 
8742 435 1297 1749 1738 
8743 1738 1653 1297 1333 
8744 1738 1333 1297 1749 
8745 886 1087 954 1593 
8746 1087 928 1047 1491 
8747 954 1047 915 1594 
8748 1593 1491 1594 1122 
8749 1087 954 1593 1491 
8750 1087 1491 1047 954 
8751 954 1593 1491 1594 
8752 954 1594 1491 1047 
8753 1124 2064 2079 2050 
8754 2064 1125 2082 1635 
8755 2079 2082 907 1464 
8756 2050 1635 1464 1144 
8757 2064 2079 2050 1635 
8758 2064 1635 2082 2079 
8759 2079 2050 1635 1464 
8760 2079 1464 1635 2082 
8761 1118 1966 2068 1967 
8762 1966 375 1392 1570 
8763 2068 1392 722 2149 
8764 1967 1570 2149 791 
8765 1966 2068 1967 1570 
8766 1966 1570 1392 2068 
8767 2068 1967 1570 2149 
8768 2068 2149 1570 1392 
8769 722 1392 748 2149 
8770 1392 375 515 1570 
8771 748 515 6 867 
8772 2149 1570 867 791 
8773 1392 748 2149 1570 
8774 1392 1570 515 748 
8775 748 2149 1570 867 
8776 748 867 1570 515 
8777 1118 2068 2139 1967 
8778 2068 722 766 2149 
8779 2139 766 140 874 
8780 1967 2149 874 791 
8781 2068 2139 1967 2149 
8782 2068 2149 766 2139 
8783 2139 1967 2149 874 
8784 2139 874 2149 766 
8785 174 277 1576 291 
8786 277 190 2143 286 
8787 1576 2143 1155 2133 
8788 291 286 2133 36 
8789 277 1576 291 286 
8790 277 286 2143 1576 
8791 1576 291 286 2133 
8792 1576 2133 286 2143 
8793 140 766 139 874 
8794 766 722 748 2149 
8795 139 748 6 867 
8796 874 2149 867 791 
8797 766 139 874 2149 
8798 766 2149 748 139 
8799 139 874 2149 867 
8800 139 867 2149 748 
8801 378 1542 1191 1926 
8802 1542 1113 2102 1176 
8803 1191 2102 1119 1925 
8804 1926 1176 1925 1116 
8805 1542 1191 1926 1176 
8806 1542 1176 2102 1191 
8807 1191 1926 1176 1925 
8808 1191 1925 1176 2102 
8809 543 558 554 1221 
8810 558 542 559 1295 
8811 554 559 547 1777 
8812 1221 1295 1777 1100 
8813 558 554 1221 1295 
8814 558 1295 559 554 
8815 554 1221 1295 1777 
8816 554 1777 1295 559 
8817 1145 1581 2142 1927 
8818 1581 204 334 1995 
8819 2142 334 205 1898 
8820 1927 1995 1898 1105 
8821 1581 2142 1927 1995 
8822 1581 1995 334 2142 
8823 2142 1927 1995 1898 
8824 2142 1898 1995 334 
8825 894 999 1025 1949 
8826 999 911 1026 1606 
8827 1025 1026 925 1630 
8828 1949 1606 1630 1149 
8829 999 1025 1949 1606 
8830 999 1606 1026 1025 
8831 1025 1949 1606 1630 
8832 1025 1630 1606 1026 
8833 347 1851 2074 395 
8834 1851 187 1446 1447 
8835 2074 1446 1105 1448 
8836 395 1447 1448 348 
8837 1851 2074 395 1447 
8838 1851 1447 1446 2074 
8839 2074 395 1447 1448 
8840 2074 1448 1447 1446 
8841 187 329 1640 1446 
8842 329 204 1641 1995 
8843 1640 1641 1098 1591 
8844 1446 1995 1591 1105 
8845 329 1640 1446 1995 
8846 329 1995 1641 1640 
8847 1640 1446 1995 1591 
8848 1640 1591 1995 1641 
8849 352 465 1328 1196 
8850 465 351 1189 1250 
8851 1328 1189 184 250 
8852 1196 1250 250 195 
8853 465 1328 1196 1250 
8854 465 1250 1189 1328 
8855 1328 1196 1250 250 
8856 1328 250 1250 1189 
8857 374 525 1788 1791 
8858 525 363 1783 1663 
8859 1788 1783 1109 1792 
8860 1791 1663 1792 544 
8861 525 1788 1791 1663 
8862 525 1663 1783 1788 
8863 1788 1791 1663 1792 
8864 1788 1792 1663 1783 
8865 542 1293 562 560 
8866 1293 1106 1661 1662 
8867 562 1661 51 563 
8868 560 1662 563 544 
8869 1293 562 560 1662 
8870 1293 1662 1661 562 
8871 562 560 1662 563 
8872 562 563 1662 1661 
8873 179 2037 273 310 
8874 2037 366 1198 1208 
8875 273 1198 195 327 
8876 310 1208 327 199 
8877 2037 273 310 1208 
8878 2037 1208 1198 273 
8879 273 310 1208 327 
8880 273 327 1208 1198 
8881 182 211 1342 261 
8882 211 193 1960 262 
8883 1342 1960 335 1364 
8884 261 262 1364 197 
8885 211 1342 261 262 
8886 211 262 1960 1342 
8887 1342 261 262 1364 
8888 1342 1364 262 1960 
8889 193 282 279 1775 
8890 282 20 19 643 
8891 279 19 18 641 
8892 1775 643 641 609 
8893 282 279 1775 643 
8894 282 643 19 279 
8895 279 1775 643 641 
8896 279 641 643 19 
8897 369 420 421 2119 
8898 420 360 392 1230 
8899 421 392 335 1362 
8900 2119 1230 1362 1154 
8901 420 421 2119 1230 
8902 420 1230 392 421 
8903 421 2119 1230 1362 
8904 421 1362 1230 392 
8905 605 630 661 1323 
8906 630 58 59 506 
8907 661 59 60 495 
8908 1323 506 495 369 
8909 630 661 1323 506 
8910 630 506 59 661 
8911 661 1323 506 495 
8912 661 495 506 59 
8913 341 1501 472 473 
8914 1501 613 628 673 
8915 472 628 58 57 
8916 473 673 57 56 
8917 1501 472 473 673 
8918 1501 673 628 472 
8919 472 473 673 57 
8920 472 57 673 628 
8921 1129 1729 1886 1889 
8922 1729 1128 2062 1723 
8923 1886 2062 1111 1888 
8924 1889 1723 1888 1121 
8925 1729 1886 1889 1723 
8926 1729 1723 2062 1886 
8927 1886 1889 1723 1888 
8928 1886 1888 1723 2062 
8929 113 595 700 670 
8930 595 549 2124 2085 
8931 700 2124 620 699 
8932 670 2085 699 601 
8933 595 700 670 2085 
8934 595 2085 2124 700 
8935 700 670 2085 699 
8936 700 699 2085 2124 
8937 611 690 682 1203 
8938 690 617 689 2020 
8939 682 689 601 1760 
8940 1203 2020 1760 1127 
8941 690 682 1203 2020 
8942 690 2020 689 682 
8943 682 1203 2020 1760 
8944 682 1760 2020 689 
8945 371 1389 1854 1391 
8946 1389 16 17 240 
8947 1854 17 18 268 
8948 1391 240 268 170 
8949 1389 1854 1391 240 
8950 1389 240 17 1854 
8951 1854 1391 240 268 
8952 1854 268 240 17 
8953 374 1790 1944 517 
8954 1790 549 2124 574 
8955 1944 2124 620 697 
8956 517 574 697 3 
8957 1790 1944 517 574 
8958 1790 574 2124 1944 
8959 1944 517 574 697 
8960 1944 697 574 2124 
8961 355 391 2078 390 
8962 391 64 637 65 
8963 2078 637 610 638 
8964 390 65 638 66 
8965 391 2078 390 65 
8966 391 65 637 2078 
8967 2078 390 65 638 
8968 2078 638 65 637 
8969 884 948 1452 1513 
8970 948 920 1453 1686 
8971 1452 1453 31 251 
8972 1513 1686 251 200 
8973 948 1452 1513 1686 
8974 948 1686 1453 1452 
8975 1452 1513 1686 251 
8976 1452 251 1686 1453 
8977 1139 1658 1439 1262 
8978 1658 1128 2062 1729 
8979 1439 2062 1111 1886 
8980 1262 1729 1886 1129 
8981 1658 1439 1262 1729 
8982 1658 1729 2062 1439 
8983 1439 1262 1729 1886 
8984 1439 1886 1729 2062 
8985 14 15 644 217 
8986 15 16 639 218 
8987 644 639 610 1275 
8988 217 218 1275 192 
8989 15 644 217 218 
8990 15 218 639 644 
8991 644 217 218 1275 
8992 644 1275 218 639 
8993 44 289 43 818 
8994 289 176 290 1252 
8995 43 290 42 829 
8996 818 1252 829 787 
8997 289 43 818 1252 
8998 289 1252 290 43 
8999 43 818 1252 829 
9000 43 829 1252 290 
9001 351 1251 1250 466 
9002 1251 171 221 1374 
9003 1250 221 195 1197 
9004 466 1374 1197 354 
9005 1251 1250 466 1374 
9006 1251 1374 221 1250 
9007 1250 466 1374 1197 
9008 1250 1197 1374 221 
9009 336 461 416 1996 
9010 461 92 494 809 
9011 416 494 367 1726 
9012 1996 809 1726 782 
9013 461 416 1996 809 
9014 461 809 494 416 
9015 416 1996 809 1726 
9016 416 1726 809 494 
9017 369 2119 421 2118 
9018 2119 1154 1362 1243 
9019 421 1362 335 2073 
9020 2118 1243 2073 1130 
9021 2119 421 2118 1243 
9022 2119 1243 1362 421 
9023 421 2118 1243 2073 
9024 421 2073 1243 1362 
9025 191 314 256 1611 
9026 314 203 303 1700 
9027 256 303 31 1767 
9028 1611 1700 1767 904 
9029 314 256 1611 1700 
9030 314 1700 303 256 
9031 256 1611 1700 1767 
9032 256 1767 1700 303 
9033 920 1686 1556 1453 
9034 1686 200 307 251 
9035 1556 307 1 32 
9036 1453 251 32 31 
9037 1686 1556 1453 251 
9038 1686 251 307 1556 
9039 1556 1453 251 32 
9040 1556 32 251 307 
9041 180 1861 236 1914 
9042 1861 361 1182 403 
9043 236 1182 181 1181 
9044 1914 403 1181 359 
9045 1861 236 1914 403 
9046 1861 403 1182 236 
9047 236 1914 403 1181 
9048 236 1181 403 1182 
9049 179 238 237 1195 
9050 238 180 236 1914 
9051 237 236 181 1181 
9052 1195 1914 1181 359 
9053 238 237 1195 1914 
9054 238 1914 236 237 
9055 237 1195 1914 1181 
9056 237 1181 1914 236 
9057 916 1316 965 1081 
9058 1316 1142 2096 1664 
9059 965 2096 896 1086 
9060 1081 1664 1086 925 
9061 1316 965 1081 1664 
9062 1316 1664 2096 965 
9063 965 1081 1664 1086 
9064 965 1086 1664 2096 
9065 1134 1596 1797 1523 
9066 1596 372 534 1528 
9067 1797 534 365 1179 
9068 1523 1528 1179 1120 
9069 1596 1797 1523 1528 
9070 1596 1528 534 1797 
9071 1797 1523 1528 1179 
9072 1797 1179 1528 534 
9073 365 534 1797 519 
9074 534 372 1596 528 
9075 1797 1596 1134 1386 
9076 519 528 1386 343 
9077 534 1797 519 528 
9078 534 528 1596 1797 
9079 1797 519 528 1386 
9080 1797 1386 528 1596 
9081 335 421 1954 463 
9082 421 369 2122 495 
9083 1954 2122 609 635 
9084 463 495 635 60 
9085 421 1954 463 495 
9086 421 495 2122 1954 
9087 1954 463 495 635 
9088 1954 635 495 2122 
9089 1155 2132 2115 2143 
9090 2132 187 1850 278 
9091 2115 1850 336 1891 
9092 2143 278 1891 190 
9093 2132 2115 2143 278 
9094 2132 278 1850 2115 
9095 2115 2143 278 1891 
9096 2115 1891 278 1850 
9097 1155 2115 2132 2093 
9098 2115 336 1850 1697 
9099 2132 1850 187 1640 
9100 2093 1697 1640 1098 
9101 2115 2132 2093 1697 
9102 2115 1697 1850 2132 
9103 2132 2093 1697 1640 
9104 2132 1640 1697 1850 
9105 360 1869 420 536 
9106 1869 1107 2036 1874 
9107 420 2036 369 533 
9108 536 1874 533 377 
9109 1869 420 536 1874 
9110 1869 1874 2036 420 
9111 420 536 1874 533 
9112 420 533 1874 2036 
9113 369 2036 420 2119 
9114 2036 1107 1869 2039 
9115 420 1869 360 1230 
9116 2119 2039 1230 1154 
9117 2036 420 2119 2039 
9118 2036 2039 1869 420 
9119 420 2119 2039 1230 
9120 420 1230 2039 1869 
9121 1109 1784 1990 1783 
9122 1784 377 475 474 
9123 1990 475 358 453 
9124 1783 474 453 363 
9125 1784 1990 1783 474 
9126 1784 474 475 1990 
9127 1990 1783 474 453 
9128 1990 453 474 475 
9129 1109 1990 1784 1984 
9130 1990 358 475 1871 
9131 1784 475 377 1874 
9132 1984 1871 1874 1107 
9133 1990 1784 1984 1871 
9134 1990 1871 475 1784 
9135 1784 1984 1871 1874 
9136 1784 1874 1871 475 
9137 171 2077 284 270 
9138 2077 90 1893 811 
9139 284 1893 190 285 
9140 270 811 285 38 
9141 2077 284 270 811 
9142 2077 811 1893 284 
9143 284 270 811 285 
9144 284 285 811 1893 
9145 190 1893 284 1892 
9146 1893 90 2077 493 
9147 284 2077 171 1503 
9148 1892 493 1503 368 
9149 1893 284 1892 493 
9150 1893 493 2077 284 
9151 284 1892 493 1503 
9152 284 1503 493 2077 
9153 371 1390 1856 408 
9154 1390 192 325 1400 
9155 1856 325 196 1399 
9156 408 1400 1399 355 
9157 1390 1856 408 1400 
9158 1390 1400 325 1856 
9159 1856 408 1400 1399 
9160 1856 1399 1400 325 
9161 196 325 1856 228 
9162 325 192 1390 239 
9163 1856 1390 371 1391 
9164 228 239 1391 170 
9165 325 1856 228 239 
9166 325 239 1390 1856 
9167 1856 228 239 1391 
9168 1856 1391 239 1390 
9169 1109 1788 1782 1783 
9170 1788 374 529 525 
9171 1782 529 341 487 
9172 1783 525 487 363 
9173 1788 1782 1783 525 
9174 1788 525 529 1782 
9175 1782 1783 525 487 
9176 1782 487 525 529 
9177 1109 1782 1788 1983 
9178 1782 341 529 1616 
9179 1788 529 374 1617 
9180 1983 1616 1617 1117 
9181 1782 1788 1983 1616 
9182 1782 1616 529 1788 
9183 1788 1983 1616 1617 
9184 1788 1617 1616 529 
9185 337 1931 1752 1753 
9186 1931 194 1256 1254 
9187 1752 1256 1096 1255 
9188 1753 1254 1255 1123 
9189 1931 1752 1753 1254 
9190 1931 1254 1256 1752 
9191 1752 1753 1254 1255 
9192 1752 1255 1254 1256 
9193 337 1752 1931 381 
9194 1752 1096 1256 1890 
9195 1931 1256 194 1310 
9196 381 1890 1310 354 
9197 1752 1931 381 1890 
9198 1752 1890 1256 1931 
9199 1931 381 1890 1310 
9200 1931 1310 1890 1256 
9201 1135 1970 2048 1417 
9202 1970 722 764 2068 
9203 2048 764 713 2138 
9204 1417 2068 2138 1118 
9205 1970 2048 1417 2068 
9206 1970 2068 764 2048 
9207 2048 1417 2068 2138 
9208 2048 2138 2068 764 
9209 1135 2048 1970 1670 
9210 2048 713 764 760 
9211 1970 764 722 762 
9212 1670 760 762 715 
9213 2048 1970 1670 760 
9214 2048 760 764 1970 
9215 1970 1670 760 762 
9216 1970 762 760 764 
9217 1148 2128 2146 2032 
9218 2128 544 585 1792 
9219 2146 585 540 2030 
9220 2032 1792 2030 1109 
9221 2128 2146 2032 1792 
9222 2128 1792 585 2146 
9223 2146 2032 1792 2030 
9224 2146 2030 1792 585 
9225 1148 2146 2128 1565 
9226 2146 540 585 586 
9227 2128 585 544 555 
9228 1565 586 555 545 
9229 2146 2128 1565 586 
9230 2146 586 585 2128 
9231 2128 1565 586 555 
9232 2128 555 586 585 
9233 355 2111 1401 430 
9234 2111 1119 1303 1192 
9235 1401 1303 189 1302 
9236 430 1192 1302 370 
9237 2111 1401 430 1192 
9238 2111 1192 1303 1401 
9239 1401 430 1192 1302 
9240 1401 1302 1192 1303 
9241 189 1303 1401 209 
9242 1303 1119 2111 1922 
9243 1401 2111 355 1400 
9244 209 1922 1400 192 
9245 1303 1401 209 1922 
9246 1303 1922 2111 1401 
9247 1401 209 1922 1400 
9248 1401 1400 1922 2111 
9249 1155 2115 1727 2143 
9250 2115 336 1996 1891 
9251 1727 1996 782 1997 
9252 2143 1891 1997 190 
9253 2115 1727 2143 1891 
9254 2115 1891 1996 1727 
9255 1727 2143 1891 1997 
9256 1727 1997 1891 1996 
9257 1155 1727 2115 1725 
9258 1727 782 1996 1726 
9259 2115 1996 336 416 
9260 1725 1726 416 367 
9261 1727 2115 1725 1726 
9262 1727 1726 1996 2115 
9263 2115 1725 1726 416 
9264 2115 416 1726 1996 
9265 179 1919 1195 2063 
9266 1919 1095 1907 2002 
9267 1195 1907 359 1679 
9268 2063 2002 1679 1097 
9269 1919 1195 2063 2002 
9270 1919 2002 1907 1195 
9271 1195 2063 2002 1679 
9272 1195 1679 2002 1907 
9273 179 1195 1919 238 
9274 1195 359 1907 1914 
9275 1919 1907 1095 1232 
9276 238 1914 1232 180 
9277 1195 1919 238 1914 
9278 1195 1914 1907 1919 
9279 1919 238 1914 1232 
9280 1919 1232 1914 1907 
9281 375 2008 530 1966 
9282 2008 1135 1645 1417 
9283 530 1645 342 1814 
9284 1966 1417 1814 1118 
9285 2008 530 1966 1417 
9286 2008 1417 1645 530 
9287 530 1966 1417 1814 
9288 530 1814 1417 1645 
9289 342 1645 530 489 
9290 1645 1135 2008 1403 
9291 530 2008 375 526 
9292 489 1403 526 362 
9293 1645 530 489 1403 
9294 1645 1403 2008 530 
9295 530 489 1403 526 
9296 530 526 1403 2008 
9297 892 2125 976 968 
9298 2125 719 753 1497 
9299 976 753 149 977 
9300 968 1497 977 889 
9301 2125 976 968 1497 
9302 2125 1497 753 976 
9303 976 968 1497 977 
9304 976 977 1497 753 
9305 892 976 2125 1683 
9306 976 149 753 754 
9307 2125 753 719 727 
9308 1683 754 727 717 
9309 976 2125 1683 754 
9310 976 754 753 2125 
9311 2125 1683 754 727 
9312 2125 727 754 753 
9313 1126 1354 1173 1171 
9314 1354 550 592 590 
9315 1173 592 541 587 
9316 1171 590 587 543 
9317 1354 1173 1171 590 
9318 1354 590 592 1173 
9319 1173 1171 590 587 
9320 1173 587 590 592 
9321 541 592 1173 2011 
9322 592 550 1354 1558 
9323 1173 1354 1126 1948 
9324 2011 1558 1948 1121 
9325 592 1173 2011 1558 
9326 592 1558 1354 1173 
9327 1173 2011 1558 1948 
9328 1173 1948 1558 1354 
9329 604 2131 1426 651 
9330 2131 887 1976 1013 
9331 1426 1976 1132 1684 
9332 651 1013 1684 135 
9333 2131 1426 651 1013 
9334 2131 1013 1976 1426 
9335 1426 651 1013 1684 
9336 1426 1684 1013 1976 
9337 604 1426 2131 1425 
9338 1426 1132 1976 1424 
9339 2131 1976 887 1975 
9340 1425 1424 1975 1159 
9341 1426 2131 1425 1424 
9342 1426 1424 1976 2131 
9343 2131 1425 1424 1975 
9344 2131 1975 1424 1976 
9345 1147 2088 2019 1858 
9346 2088 912 1037 1465 
9347 2019 1037 890 1878 
9348 1858 1465 1878 1148 
9349 2088 2019 1858 1465 
9350 2088 1465 1037 2019 
9351 2019 1858 1465 1878 
9352 2019 1878 1465 1037 
9353 890 1037 2019 1036 
9354 1037 912 2088 1024 
9355 2019 2088 1147 2018 
9356 1036 1024 2018 926 
9357 1037 2019 1036 1024 
9358 1037 1024 2088 2019 
9359 2019 1036 1024 2018 
9360 2019 2018 1024 2088 
9361 373 1353 535 527 
9362 1353 1126 1947 1223 
9363 535 1947 364 521 
9364 527 1223 521 356 
9365 1353 535 527 1223 
9366 1353 1223 1947 535 
9367 535 527 1223 521 
9368 535 521 1223 1947 
9369 373 535 1353 1358 
9370 535 364 1947 1356 
9371 1353 1947 1126 1948 
9372 1358 1356 1948 1121 
9373 535 1353 1358 1356 
9374 535 1356 1947 1353 
9375 1353 1358 1356 1948 
9376 1353 1948 1356 1947 
9377 1127 2147 1469 2145 
9378 2147 545 1566 597 
9379 1469 1566 923 1980 
9380 2145 597 1980 548 
9381 2147 1469 2145 597 
9382 2147 597 1566 1469 
9383 1469 2145 597 1980 
9384 1469 1980 597 1566 
9385 1127 1469 2147 1467 
9386 1469 923 1566 1468 
9387 2147 1566 545 1565 
9388 1467 1468 1565 1148 
9389 1469 2147 1467 1468 
9390 1469 1468 1566 2147 
9391 2147 1467 1468 1565 
9392 2147 1565 1468 1566 
9393 200 252 2150 294 
9394 252 185 2075 295 
9395 2150 2075 1157 1510 
9396 294 295 1510 177 
9397 252 2150 294 295 
9398 252 295 2075 2150 
9399 2150 294 295 1510 
9400 2150 1510 295 2075 
9401 1157 2075 2150 1614 
9402 2075 185 252 1512 
9403 2150 252 200 1513 
9404 1614 1512 1513 884 
9405 2075 2150 1614 1512 
9406 2075 1512 252 2150 
9407 2150 1614 1512 1513 
9408 2150 1513 1512 252 
9409 1157 1506 2150 1510 
9410 1506 1156 1584 1623 
9411 2150 1584 200 294 
9412 1510 1623 294 177 
9413 1506 2150 1510 1623 
9414 1506 1623 1584 2150 
9415 2150 1510 1623 294 
9416 2150 294 1623 1584 
9417 200 1584 2150 1513 
9418 1584 1156 1506 1766 
9419 2150 1506 1157 1614 
9420 1513 1766 1614 884 
9421 1584 2150 1513 1766 
9422 1584 1766 1506 2150 
9423 2150 1513 1766 1614 
9424 2150 1614 1766 1506 
9425 715 1669 760 726 
9426 1669 1137 2047 2106 
9427 760 2047 713 759 
9428 726 2106 759 718 
9429 1669 760 726 2106 
9430 1669 2106 2047 760 
9431 760 726 2106 759 
9432 760 759 2106 2047 
9433 713 2047 760 2048 
9434 2047 1137 1669 1671 
9435 760 1669 715 1670 
9436 2048 1671 1670 1135 
9437 2047 760 2048 1671 
9438 2047 1671 1669 760 
9439 760 2048 1671 1670 
9440 760 1670 1671 1669 
9441 86 1764 1991 808 
9442 1764 194 1254 1761 
9443 1991 1254 1123 2012 
9444 808 1761 2012 781 
9445 1764 1991 808 1761 
9446 1764 1761 1254 1991 
9447 1991 808 1761 2012 
9448 1991 2012 1761 1254 
9449 1123 1254 1991 1753 
9450 1254 194 1764 1931 
9451 1991 1764 86 380 
9452 1753 1931 380 337 
9453 1254 1991 1753 1931 
9454 1254 1931 1764 1991 
9455 1991 1753 1931 380 
9456 1991 380 1931 1764 
9457 379 1977 498 508 
9458 1977 1126 1978 1223 
9459 498 1978 357 424 
9460 508 1223 424 356 
9461 1977 498 508 1223 
9462 1977 1223 1978 498 
9463 498 508 1223 424 
9464 498 424 1223 1978 
9465 379 498 1977 1846 
9466 498 357 1978 2105 
9467 1977 1978 1126 1756 
9468 1846 2105 1756 1111 
9469 498 1977 1846 2105 
9470 498 2105 1978 1977 
9471 1977 1846 2105 1756 
9472 1977 1756 2105 1978 
9473 1130 2073 1718 1620 
9474 2073 335 1954 1960 
9475 1718 1954 609 1775 
9476 1620 1960 1775 193 
9477 2073 1718 1620 1960 
9478 2073 1960 1954 1718 
9479 1718 1620 1960 1775 
9480 1718 1775 1960 1954 
9481 1130 1718 2073 2118 
9482 1718 609 1954 2122 
9483 2073 1954 335 421 
9484 2118 2122 421 369 
9485 1718 2073 2118 2122 
9486 1718 2122 1954 2073 
9487 2073 2118 2122 421 
9488 2073 421 2122 1954 
9489 18 1854 279 642 
9490 1854 371 2151 501 
9491 279 2151 193 1774 
9492 642 501 1774 62 
9493 1854 279 642 501 
9494 1854 501 2151 279 
9495 279 642 501 1774 
9496 279 1774 501 2151 
9497 18 279 1854 268 
9498 193 279 2151 212 
9499 1854 2151 371 1391 
9500 268 212 1391 170 
9501 279 1854 268 212 
9502 279 212 2151 1854 
9503 1854 268 212 1391 
9504 1854 1391 212 2151 
9505 335 1960 398 462 
9506 1960 193 2151 1774 
9507 398 2151 371 501 
9508 462 1774 501 62 
9509 1960 398 462 1774 
9510 1960 1774 2151 398 
9511 398 462 1774 501 
9512 398 501 1774 2151 
9513 193 2151 211 1960 
9514 2151 371 2152 398 
9515 211 2152 182 1342 
9516 1960 398 1342 335 
9517 2151 211 1960 398 
9518 2151 398 2152 211 
9519 211 1960 398 1342 
9520 211 1342 398 2152 
9521 193 211 2151 212 
9522 211 182 2152 213 
9523 2151 2152 371 1391 
9524 212 213 1391 170 
9525 211 2151 212 213 
9526 211 213 2152 2151 
9527 2151 212 213 1391 
9528 2151 1391 213 2152 
9529 353 1696 399 384 
9530 1696 182 2152 1342 
9531 399 2152 371 398 
9532 384 1342 398 335 
9533 1696 399 384 1342 
9534 1696 1342 2152 399 
9535 399 384 1342 398 
9536 399 398 1342 2152 
9537 182 2152 229 1696 
9538 2152 371 1856 399 
9539 229 1856 196 1572 
9540 1696 399 1572 353 
9541 2152 229 1696 399 
9542 2152 399 1856 229 
9543 229 1696 399 1572 
9544 229 1572 399 1856 
9545 182 229 2152 213 
9546 229 196 1856 228 
9547 2152 1856 371 1391 
9548 213 228 1391 170 
9549 229 2152 213 228 
9550 229 228 1856 2152 
9551 2152 213 228 1391 
9552 2152 1391 228 1856 
$EndElements
