$MeshFormat
4.1 0 8
$EndMeshFormat
$PhysicalNames
1
3 1 "Resonator"
$EndPhysicalNames
$Entities
16 24 12 1
9 -0.025 -0.25 -0.199 0 
10 -0.025 -0.25 -0.2 0 
11 -0.025 0.25 -0.199 0 
12 -0.025 0.25 -0.2 0 
13 0.025 -0.25 -0.199 0 
14 0.025 -0.25 -0.2 0 
15 0.025 0.25 -0.199 0 
16 0.025 0.25 -0.2 0 
17 -0.5 -0.5 0.25 0 
18 -0.5 -0.5 -0.25 0 
19 -0.5 0.5 0.25 0 
20 -0.5 0.5 -0.25 0 
21 0.5 -0.5 -0.25 0 
22 0.5 -0.5 0.25 0 
23 0.5 0.5 0.25 0 
24 0.5 0.5 -0.25 0 
13 -0.0250001 -0.2500001 -0.2000001 -0.0249999 -0.2499999 -0.1989999 0 2 10 -9 
14 -0.0250001 -0.2500001 -0.1990001 -0.0249999 0.2500001 -0.1989999 0 2 9 -11 
15 -0.0250001 0.2499999 -0.2000001 -0.0249999 0.2500001 -0.1989999 0 2 12 -11 
16 -0.0250001 -0.2500001 -0.2000001 -0.0249999 0.2500001 -0.1999999 0 2 10 -12 
17 0.0249999 -0.2500001 -0.2000001 0.0250001 -0.2499999 -0.1989999 0 2 14 -13 
18 0.0249999 -0.2500001 -0.1990001 0.0250001 0.2500001 -0.1989999 0 2 13 -15 
19 0.0249999 0.2499999 -0.2000001 0.0250001 0.2500001 -0.1989999 0 2 16 -15 
20 0.0249999 -0.2500001 -0.2000001 0.0250001 0.2500001 -0.1999999 0 2 14 -16 
21 -0.0250001 -0.2500001 -0.2000001 0.0250001 -0.2499999 -0.1999999 0 2 10 -14 
22 -0.0250001 -0.2500001 -0.1990001 0.0250001 -0.2499999 -0.1989999 0 2 9 -13 
23 -0.0250001 0.2499999 -0.2000001 0.0250001 0.2500001 -0.1999999 0 2 12 -16 
24 -0.0250001 0.2499999 -0.1990001 0.0250001 0.2500001 -0.1989999 0 2 11 -15 
25 -0.5000000999999999 -0.5000000999999999 -0.2500001 -0.4999999 -0.4999999 0.2500001 0 2 18 -17 
26 -0.5000000999999999 -0.5000000999999999 0.2499999 -0.4999999 0.5000000999999999 0.2500001 0 2 17 -19 
27 -0.5000000999999999 0.4999999 -0.2500001 -0.4999999 0.5000000999999999 0.2500001 0 2 20 -19 
28 -0.5000000999999999 -0.5000000999999999 -0.2500001 -0.4999999 0.5000000999999999 -0.2499999 0 2 18 -20 
29 -0.5000000999999999 -0.5000000999999999 -0.2500001 0.5000000999999999 -0.4999999 -0.2499999 0 2 18 -21 
30 0.4999999 -0.5000000999999999 -0.2500001 0.5000000999999999 -0.4999999 0.2500001 0 2 21 -22 
31 -0.5000000999999999 -0.5000000999999999 0.2499999 0.5000000999999999 -0.4999999 0.2500001 0 2 17 -22 
32 -0.5000000999999999 0.4999999 0.2499999 0.5000000999999999 0.5000000999999999 0.2500001 0 2 19 -23 
33 0.4999999 -0.5000000999999999 0.2499999 0.5000000999999999 0.5000000999999999 0.2500001 0 2 22 -23 
34 -0.5000000999999999 0.4999999 -0.2500001 0.5000000999999999 0.5000000999999999 -0.2499999 0 2 20 -24 
35 0.4999999 0.4999999 -0.2500001 0.5000000999999999 0.5000000999999999 0.2500001 0 2 24 -23 
36 0.4999999 -0.5000000999999999 -0.2500001 0.5000000999999999 0.5000000999999999 -0.2499999 0 2 21 -24 
7 -0.0250001 -0.2500001 -0.2000001 -0.0249999 0.2500001 -0.1989999 0 4 -13 16 15 -14 
8 0.0249999 -0.2500001 -0.2000001 0.0250001 0.2500001 -0.1989999 0 4 -17 20 19 -18 
9 -0.0250001 -0.2500001 -0.2000001 0.0250001 -0.2499999 -0.1989999 0 4 -21 13 22 -17 
10 -0.0250001 0.2499999 -0.2000001 0.0250001 0.2500001 -0.1989999 0 4 -23 15 24 -19 
11 -0.0250001 -0.2500001 -0.2000001 0.0250001 0.2500001 -0.1999999 0 4 -16 21 20 -23 
12 -0.0250001 -0.2500001 -0.1990001 0.0250001 0.2500001 -0.1989999 0 4 -14 22 18 -24 
13 -0.5000000999999999 -0.5000000999999999 -0.2500001 -0.4999999 0.5000000999999999 0.2500001 0 4 -25 28 27 -26 
14 -0.5000000999999999 -0.5000000999999999 -0.2500001 0.5000000999999999 -0.4999999 0.2500001 0 4 -29 25 31 -30 
15 -0.5000000999999999 -0.5000000999999999 0.2499999 0.5000000999999999 0.5000000999999999 0.2500001 0 4 -26 31 33 -32 
16 -0.5000000999999999 0.4999999 -0.2500001 0.5000000999999999 0.5000000999999999 0.2500001 0 4 -34 27 32 -35 
17 -0.5000000999999999 -0.5000000999999999 -0.2500001 0.5000000999999999 0.5000000999999999 -0.2499999 0 4 -28 29 36 -34 
18 0.4999999 -0.5000000999999999 -0.2500001 0.5000000999999999 0.5000000999999999 0.2500001 0 4 -30 36 35 -33 
1 -0.5000000999999999 -0.5000000999999999 -0.2500001 0.5000000999999999 0.5000000999999999 0.2500001 1 1 12 -13 -14 15 16 -17 18 7 9 -12 -10 11 -8 
$EndEntities
$Nodes
53 2037 1 2037
0 9 0 1
1
-0.025 -0.25 -0.199
0 10 0 1
2
-0.025 -0.25 -0.2
0 11 0 1
3
-0.025 0.25 -0.199
0 12 0 1
4
-0.025 0.25 -0.2
0 13 0 1
5
0.025 -0.25 -0.199
0 14 0 1
6
0.025 -0.25 -0.2
0 15 0 1
7
0.025 0.25 -0.199
0 16 0 1
8
0.025 0.25 -0.2
0 17 0 1
9
-0.5 -0.5 0.25
0 18 0 1
10
-0.5 -0.5 -0.25
0 19 0 1
11
-0.5 0.5 0.25
0 20 0 1
12
-0.5 0.5 -0.25
0 21 0 1
13
0.5 -0.5 -0.25
0 22 0 1
14
0.5 -0.5 0.25
0 23 0 1
15
0.5 0.5 0.25
0 24 0 1
16
0.5 0.5 -0.25
1 13 0 1
17
-0.025 -0.25 -0.1995
1 14 0 7
18
19
20
21
22
23
24
-0.025 -0.1875000000000002 -0.199
-0.025 -0.1250000000000003 -0.199
-0.025 -0.06250000000000033 -0.199
-0.025 -3.05311331771918e-16 -0.199
-0.025 0.06249999999999978 -0.199
-0.025 0.1249999999999999 -0.199
-0.025 0.1874999999999999 -0.199
1 15 0 1
25
-0.025 0.25 -0.1995
1 16 0 7
26
27
28
29
30
31
32
-0.025 -0.1875000000000002 -0.2
-0.025 -0.1250000000000003 -0.2
-0.025 -0.06250000000000033 -0.2
-0.025 -3.05311331771918e-16 -0.2
-0.025 0.06249999999999978 -0.2
-0.025 0.1249999999999999 -0.2
-0.025 0.1874999999999999 -0.2
1 17 0 1
33
0.025 -0.25 -0.1995
1 18 0 7
34
35
36
37
38
39
40
0.025 -0.1875000000000002 -0.199
0.025 -0.1250000000000003 -0.199
0.025 -0.06250000000000033 -0.199
0.025 -3.05311331771918e-16 -0.199
0.025 0.06249999999999978 -0.199
0.025 0.1249999999999999 -0.199
0.025 0.1874999999999999 -0.199
1 19 0 1
41
0.025 0.25 -0.1995
1 20 0 7
42
43
44
45
46
47
48
0.025 -0.1875000000000002 -0.2
0.025 -0.1250000000000003 -0.2
0.025 -0.06250000000000033 -0.2
0.025 -3.05311331771918e-16 -0.2
0.025 0.06249999999999978 -0.2
0.025 0.1249999999999999 -0.2
0.025 0.1874999999999999 -0.2
1 21 0 1
49
0 -0.25 -0.2
1 22 0 1
50
0 -0.25 -0.199
1 23 0 1
51
0 0.25 -0.2
1 24 0 1
52
0 0.25 -0.199
1 25 0 7
53
54
55
56
57
58
59
-0.5 -0.5 -0.1875000000000002
-0.5 -0.5 -0.1250000000000003
-0.5 -0.5 -0.06250000000000033
-0.5 -0.5 -3.05311331771918e-16
-0.5 -0.5 0.06249999999999978
-0.5 -0.5 0.1249999999999999
-0.5 -0.5 0.1874999999999999
1 26 0 13
60
61
62
63
64
65
66
67
68
69
70
71
72
-0.5 -0.4285714285714288 0.25
-0.5 -0.3571428571428575 0.25
-0.5 -0.2857142857142863 0.25
-0.5 -0.2142857142857151 0.25
-0.5 -0.1428571428571436 0.25
-0.5 -0.07142857142857212 0.25
-0.5 -5.551115123125783e-16 0.25
-0.5 0.07142857142857095 0.25
-0.5 0.1428571428571423 0.25
-0.5 0.2142857142857139 0.25
-0.5 0.2857142857142854 0.25
-0.5 0.357142857142857 0.25
-0.5 0.4285714285714285 0.25
1 27 0 7
73
74
75
76
77
78
79
-0.5 0.5 -0.1875000000000002
-0.5 0.5 -0.1250000000000003
-0.5 0.5 -0.06250000000000033
-0.5 0.5 -3.05311331771918e-16
-0.5 0.5 0.06249999999999978
-0.5 0.5 0.1249999999999999
-0.5 0.5 0.1874999999999999
1 28 0 13
80
81
82
83
84
85
86
87
88
89
90
91
92
-0.5 -0.4285714285714288 -0.25
-0.5 -0.3571428571428575 -0.25
-0.5 -0.2857142857142863 -0.25
-0.5 -0.2142857142857151 -0.25
-0.5 -0.1428571428571436 -0.25
-0.5 -0.07142857142857212 -0.25
-0.5 -5.551115123125783e-16 -0.25
-0.5 0.07142857142857095 -0.25
-0.5 0.1428571428571423 -0.25
-0.5 0.2142857142857139 -0.25
-0.5 0.2857142857142854 -0.25
-0.5 0.357142857142857 -0.25
-0.5 0.4285714285714285 -0.25
1 29 0 13
93
94
95
96
97
98
99
100
101
102
103
104
105
-0.4285714285714288 -0.5 -0.25
-0.3571428571428575 -0.5 -0.25
-0.2857142857142863 -0.5 -0.25
-0.2142857142857151 -0.5 -0.25
-0.1428571428571436 -0.5 -0.25
-0.07142857142857212 -0.5 -0.25
-5.551115123125783e-16 -0.5 -0.25
0.07142857142857095 -0.5 -0.25
0.1428571428571423 -0.5 -0.25
0.2142857142857139 -0.5 -0.25
0.2857142857142854 -0.5 -0.25
0.357142857142857 -0.5 -0.25
0.4285714285714285 -0.5 -0.25
1 30 0 7
106
107
108
109
110
111
112
0.5 -0.5 -0.1875000000000002
0.5 -0.5 -0.1250000000000003
0.5 -0.5 -0.06250000000000033
0.5 -0.5 -3.05311331771918e-16
0.5 -0.5 0.06249999999999978
0.5 -0.5 0.1249999999999999
0.5 -0.5 0.1874999999999999
1 31 0 13
113
114
115
116
117
118
119
120
121
122
123
124
125
-0.4285714285714288 -0.5 0.25
-0.3571428571428575 -0.5 0.25
-0.2857142857142863 -0.5 0.25
-0.2142857142857151 -0.5 0.25
-0.1428571428571436 -0.5 0.25
-0.07142857142857212 -0.5 0.25
-5.551115123125783e-16 -0.5 0.25
0.07142857142857095 -0.5 0.25
0.1428571428571423 -0.5 0.25
0.2142857142857139 -0.5 0.25
0.2857142857142854 -0.5 0.25
0.357142857142857 -0.5 0.25
0.4285714285714285 -0.5 0.25
1 32 0 13
126
127
128
129
130
131
132
133
134
135
136
137
138
-0.4285714285714288 0.5 0.25
-0.3571428571428575 0.5 0.25
-0.2857142857142863 0.5 0.25
-0.2142857142857151 0.5 0.25
-0.1428571428571436 0.5 0.25
-0.07142857142857212 0.5 0.25
-5.551115123125783e-16 0.5 0.25
0.07142857142857095 0.5 0.25
0.1428571428571423 0.5 0.25
0.2142857142857139 0.5 0.25
0.2857142857142854 0.5 0.25
0.357142857142857 0.5 0.25
0.4285714285714285 0.5 0.25
1 33 0 13
139
140
141
142
143
144
145
146
147
148
149
150
151
0.5 -0.4285714285714288 0.25
0.5 -0.3571428571428575 0.25
0.5 -0.2857142857142863 0.25
0.5 -0.2142857142857151 0.25
0.5 -0.1428571428571436 0.25
0.5 -0.07142857142857212 0.25
0.5 -5.551115123125783e-16 0.25
0.5 0.07142857142857095 0.25
0.5 0.1428571428571423 0.25
0.5 0.2142857142857139 0.25
0.5 0.2857142857142854 0.25
0.5 0.357142857142857 0.25
0.5 0.4285714285714285 0.25
1 34 0 13
152
153
154
155
156
157
158
159
160
161
162
163
164
-0.4285714285714288 0.5 -0.25
-0.3571428571428575 0.5 -0.25
-0.2857142857142863 0.5 -0.25
-0.2142857142857151 0.5 -0.25
-0.1428571428571436 0.5 -0.25
-0.07142857142857212 0.5 -0.25
-5.551115123125783e-16 0.5 -0.25
0.07142857142857095 0.5 -0.25
0.1428571428571423 0.5 -0.25
0.2142857142857139 0.5 -0.25
0.2857142857142854 0.5 -0.25
0.357142857142857 0.5 -0.25
0.4285714285714285 0.5 -0.25
1 35 0 7
165
166
167
168
169
170
171
0.5 0.5 -0.1875000000000002
0.5 0.5 -0.1250000000000003
0.5 0.5 -0.06250000000000033
0.5 0.5 -3.05311331771918e-16
0.5 0.5 0.06249999999999978
0.5 0.5 0.1249999999999999
0.5 0.5 0.1874999999999999
1 36 0 13
172
173
174
175
176
177
178
179
180
181
182
183
184
0.5 -0.4285714285714288 -0.25
0.5 -0.3571428571428575 -0.25
0.5 -0.2857142857142863 -0.25
0.5 -0.2142857142857151 -0.25
0.5 -0.1428571428571436 -0.25
0.5 -0.07142857142857212 -0.25
0.5 -5.551115123125783e-16 -0.25
0.5 0.07142857142857095 -0.25
0.5 0.1428571428571423 -0.25
0.5 0.2142857142857139 -0.25
0.5 0.2857142857142854 -0.25
0.5 0.357142857142857 -0.25
0.5 0.4285714285714285 -0.25
2 7 0 7
185
186
187
188
189
190
191
-0.025 -0.1875000000000002 -0.1995
-0.025 -0.1250000000000003 -0.1995
-0.025 0.1874999999999999 -0.1995
-0.025 0.1249999999999999 -0.1995
-0.025 -0.06250000000000033 -0.1995
-0.025 0.06249999999999978 -0.1995
-0.025 -3.05311331771918e-16 -0.1995
2 8 0 7
192
193
194
195
196
197
198
0.025 -0.1875000000000002 -0.1995
0.025 -0.1250000000000003 -0.1995
0.025 0.1874999999999999 -0.1995
0.025 0.1249999999999999 -0.1995
0.025 -0.06250000000000033 -0.1995
0.025 -3.05311331771918e-16 -0.1995
0.025 0.06249999999999978 -0.1995
2 9 0 1
199
0 -0.25 -0.1995
2 10 0 1
200
0 0.25 -0.1995
2 11 0 11
201
202
203
204
205
206
207
208
209
210
211
0 -0.1875000000000002 -0.2
-0.0125 -0.2187500000000001 -0.2
0.0125 -0.2187500000000001 -0.2
-0.0125 -0.1562500000000003 -0.2
0 0.1874999999999999 -0.2
0.0125 -0.1562500000000003 -0.2
0 0.1249999999999999 -0.2
0 -0.06250000000000033 -0.2
0 -0.1250000000000003 -0.2
0 0.06249999999999978 -0.2
0 -3.05311331771918e-16 -0.2
2 12 0 11
212
213
214
215
216
217
218
219
220
221
222
0 -0.1875000000000002 -0.199
0.0125 -0.2187500000000001 -0.199
-0.0125 -0.2187500000000001 -0.199
-0.0125 -0.1562500000000003 -0.199
0 0.1874999999999999 -0.199
0.0125 -0.1562500000000003 -0.199
0 0.1249999999999999 -0.199
0 -0.1250000000000003 -0.199
0 -0.06250000000000033 -0.199
0 -3.05311331771918e-16 -0.199
0 0.06249999999999978 -0.199
2 13 0 115
223
224
225
226
227
228
229
230
231
232
233
234
235
236
237
238
239
240
241
242
243
244
245
246
247
248
249
250
251
252
253
254
255
256
257
258
259
260
261
262
263
264
265
266
267
268
269
270
271
272
273
274
275
276
277
278
279
280
281
282
283
284
285
286
287
288
289
290
291
292
293
294
295
296
297
298
299
300
301
302
303
304
305
306
307
308
309
310
311
312
313
314
315
316
317
318
319
320
321
322
323
324
325
326
327
328
329
330
331
332
333
334
335
336
337
-0.5 -0.1413704858936419 0.123859487577153
-0.5 0.1411224514516438 0.1245004551091232
-0.5 0.2913804943771897 -0.1220557132407695
-0.5 -0.2916565955676362 -0.1224741730713315
-0.5 -5.433988124203815e-05 -0.1264820408473925
-0.5 0.3981888061930452 0.05926933011754187
-0.5 -0.3982934431045694 0.05926994332451785
-0.5 -0.1428571428571434 -0.1262820851736515
-0.5 -0.2063680738808727 0.000402083896370975
-0.5 -0.06991269177034276 -0.001658550279882126
-0.5 0.0711655650131563 -0.001933141111590597
-0.5 0.1435430320658081 -0.1255752388958858
-0.5 0.2062465614961493 0.0009845872717836324
-0.5 0.0001196236667633244 0.1233082689642589
-0.5 0.2909779311207372 0.1209197624630895
-0.5 -0.2911353604360788 0.120745594111868
-0.5 0.3971231293725783 -0.06041316568779642
-0.5 -0.4017492355208304 -0.0584788326450357
-0.5 -0.4093143321367012 0.1610031074872773
-0.5 0.4092619188913279 0.1610378185161263
-0.5 -0.4101097376462648 -0.1611906011432735
-0.5 0.409129296178525 -0.1614937757857133
-0.5 0.3167833845119401 -0.0002590398152301776
-0.5 -0.3178405417019975 -0.0001070768767220398
-0.5 -0.4546571660683505 0.2055015537436387
-0.5 -0.4546571660683505 0.1430015537436385
-0.5 -0.3832285946397793 0.2055015537436387
-0.5 -0.4550548688231324 -0.1430953005716369
-0.5 -0.4550548688231324 -0.2055953005716367
-0.5 -0.3836262973945612 -0.2055953005716367
-0.5 0.4546309594456639 0.2055189092580632
-0.5 0.3832023880170925 0.2055189092580632
-0.5 0.4546309594456639 0.143018909258063
-0.5 0.4545646480892624 -0.2057468878928566
-0.5 0.4545646480892624 -0.1432468878928568
-0.5 0.383136076660691 -0.2057468878928566
-0.5 -0.4508746177604152 -0.029239416322518
-0.5 -0.4508746177604152 -0.09173941632251803
-0.5 -0.4059294865835476 -0.1098347168941546
-0.5 -0.4491467215522847 0.09213497166225887
-0.5 -0.4491467215522847 0.02963497166225876
-0.5 -0.4000213393126999 0.0003955553397410605
-0.5 -0.4038038876206352 0.1101365254058976
-0.5 -0.2527105373608969 0.185372797055934
-0.5 -0.3241391087894682 0.185372797055934
-0.5 -0.3502248462863899 0.1408743507995727
-0.5 -0.106399528661107 0.1869297437885765
-0.5 -0.1778281000896785 0.1869297437885765
-0.5 -0.2162529231648603 0.1223025408445105
-0.5 0.03577409754766714 0.1866541344821294
-0.5 -0.03565447388090437 0.1866541344821294
-0.5 -0.07062543111343927 0.1235838782707059
-0.5 0.1777040828686789 0.1872502275545616
-0.5 0.1062755114401074 0.1872502275545616
-0.5 0.07062103755920357 0.123904362036691
-0.5 0.3240603941317971 0.1854598812315448
-0.5 0.2526318227032256 0.1854598812315448
-0.5 0.2160501912861905 0.1227101087861063
-0.5 0.3501199250060325 0.1409787904896079
-0.5 0.4485615646862892 -0.09270658284389838
-0.5 0.4485615646862892 -0.03020658284389838
-0.5 0.4031262127755517 -0.1109534707367548
-0.5 0.4490944030965226 0.02963466505877077
-0.5 0.4490944030965226 0.09213466505877088
-0.5 0.3976559677828118 -0.0005719177851272739
-0.5 0.4037253625421866 0.110153574316834
-0.5 -0.3243997263552469 -0.1862370865356657
-0.5 -0.2529711549266757 -0.1862370865356657
-0.5 -0.3508831666069505 -0.1418323871073025
-0.5 -0.1785714285714293 -0.1881410425868257
-0.5 -0.1071428571428578 -0.1881410425868257
-0.5 -0.2172568692123898 -0.1243781291224915
-0.5 -0.03574145565490705 -0.1882410204236963
-0.5 0.03568711577366446 -0.1882410204236963
-0.5 -0.07145574136919275 -0.126382063010522
-0.5 0.1074858017471896 -0.1877876194479429
-0.5 0.178914373175761 -0.1877876194479429
-0.5 0.07174434609228308 -0.1260286398716391
-0.5 0.2528331043314518 -0.1860278566203847
-0.5 0.3242616757600234 -0.1860278566203847
-0.5 0.2174617632214989 -0.1238154760683276
-0.5 0.3502548952778574 -0.1417747445132413
-0.5 -0.1738692798872573 0.06213078573676201
-0.5 -0.1056415888319923 0.06110046864863544
-0.5 -0.1381403828256077 -0.0006282331917555894
-0.5 -0.2487517171584758 0.0605738390041195
-0.5 -0.03489653405178972 0.0608248593421884
-0.5 0.1061440082324001 0.06128365699876626
-0.5 0.1736845064738965 0.06274252119045343
-0.5 0.1387060632546528 -0.0004742769199034824
-0.5 0.03564259433995987 0.06068756392633412
-0.5 0.2486122463084433 0.06095217486743654
-0.5 0.1748947967809786 -0.06229532581205105
-0.5 0.2488135279366694 -0.06053556298449292
-0.5 0.2615149730040447 0.0003627737282767551
-0.5 0.3040819394445649 -0.06115737652799982
-0.5 0.3442518118748841 -0.09123443946428295
-0.5 0.3569532569422592 -0.0303361027515133
-0.5 -0.2490123347242544 -0.06103604458748024
-0.5 -0.174612608369008 -0.06294000063864025
-0.5 -0.3047485686348169 -0.06129062497402676
-0.5 -0.2621043077914351 0.0001475035098244537
-0.5 -0.3467029155442333 -0.09047650285818359
-0.5 -0.359794888611414 -0.02929295476087887
-0.5 -0.1063849173137431 -0.06397031772676678
-0.5 -0.0349835158257924 -0.0640702955636373
-0.5 0.0006264366214068229 -0.001795845695736376
-0.5 0.03555561256595707 -0.06420759097949155
-0.5 0.1073542985394822 -0.06375419000373819
-0.5 0.3445833686568912 0.09009454629031566
-0.5 0.3574860953524926 0.02950514515115588
-0.5 0.3038806578163387 0.06033036132392966
-0.5 -0.3447144017703241 0.09000776871819294
-0.5 -0.3044879510690381 0.06031925861757298
-0.5 -0.3580669924032834 0.02958143322389789
2 14 0 115
338
339
340
341
342
343
344
345
346
347
348
349
350
351
352
353
354
355
356
357
358
359
360
361
362
363
364
365
366
367
368
369
370
371
372
373
374
375
376
377
378
379
380
381
382
383
384
385
386
387
388
389
390
391
392
393
394
395
396
397
398
399
400
401
402
403
404
405
406
407
408
409
410
411
412
413
414
415
416
417
418
419
420
421
422
423
424
425
426
427
428
429
430
431
432
433
434
435
436
437
438
439
440
441
442
443
444
445
446
447
448
449
450
451
452
-0.1413704858936417 -0.5 -0.1238594875771532
0.1411224514516439 -0.5 -0.1245004551091232
0.2913804943771897 -0.5 0.122055713240769
-0.2916565955676362 -0.5 0.1224741730713312
-5.433988124203815e-05 -0.5 0.1264820408473924
0.3981888061930451 -0.5 -0.05926933011754243
-0.3982934431045694 -0.5 -0.05926994332451838
-0.1428571428571434 -0.5 0.1262820851736514
-0.2063680738808726 -0.5 -0.0004020838963712525
-0.06991269177034271 -0.5 0.001658550279881876
0.07116556501315641 -0.5 0.001933141111590431
0.1435430320658081 -0.5 0.1255752388958856
0.2062465614961494 -0.5 -0.0009845872717840487
0.0001196236667634354 -0.5 -0.1233082689642591
0.2909779311207371 -0.5 -0.12091976246309
-0.2911353604360788 -0.5 -0.1207455941118683
0.3971231293725782 -0.5 0.06041316568779576
-0.4017492355208304 -0.5 0.05847883264503517
-0.4093143321367011 -0.5 -0.1610031074872774
0.4092619188913278 -0.5 -0.1610378185161265
-0.4101097376462648 -0.5 0.1611906011432733
0.409129296178525 -0.5 0.1614937757857129
0.3167833845119399 -0.5 0.000259039815229678
-0.3178405417019974 -0.5 0.000107076876721679
-0.4550548688231324 -0.5 0.1430953005716366
-0.4550548688231324 -0.5 0.2055953005716367
-0.3836262973945612 -0.5 0.2055953005716367
-0.4546571660683505 -0.5 -0.2055015537436387
-0.4546571660683505 -0.5 -0.1430015537436389
-0.3832285946397793 -0.5 -0.2055015537436387
0.4546309594456639 -0.5 -0.2055189092580633
0.3832023880170924 -0.5 -0.2055189092580633
0.4546309594456639 -0.5 -0.1430189092580634
0.4545646480892624 -0.5 0.2057468878928564
0.4545646480892624 -0.5 0.1432468878928564
0.383136076660691 -0.5 0.2057468878928564
-0.4491467215522847 -0.5 -0.09213497166225937
-0.4491467215522847 -0.5 -0.02963497166225934
-0.4038038876206352 -0.5 -0.1101365254058979
-0.4508746177604152 -0.5 0.02923941632251742
-0.4508746177604152 -0.5 0.09173941632251753
-0.4000213393126998 -0.5 -0.0003955553397416156
-0.4059294865835475 -0.5 0.1098347168941542
-0.2527105373608969 -0.5 -0.1853727970559341
-0.3241391087894682 -0.5 -0.1853727970559341
-0.3502248462863899 -0.5 -0.1408743507995728
-0.1063995286611069 -0.5 -0.1869297437885766
-0.1778281000896784 -0.5 -0.1869297437885766
-0.2162529231648602 -0.5 -0.1223025408445107
0.03577409754766725 -0.5 -0.1866541344821295
-0.03565447388090437 -0.5 -0.1866541344821295
-0.07062543111343911 -0.5 -0.1235838782707061
0.1777040828686789 -0.5 -0.1872502275545616
0.1062755114401075 -0.5 -0.1872502275545616
0.07062103755920368 -0.5 -0.1239043620366911
0.324060394131797 -0.5 -0.185459881231545
0.2526318227032255 -0.5 -0.185459881231545
0.2160501912861905 -0.5 -0.1227101087861066
0.3501199250060325 -0.5 -0.1409787904896083
0.4490944030965225 -0.5 -0.02963466505877138
0.4490944030965225 -0.5 -0.09213466505877138
0.4037253625421864 -0.5 -0.1101535743168345
0.448561564686289 -0.5 0.09270658284389782
0.448561564686289 -0.5 0.03020658284389771
0.3976559677828116 -0.5 0.0005719177851266632
0.4031262127755516 -0.5 0.1109534707367543
-0.3243997263552468 -0.5 0.1862370865356656
-0.2529711549266757 -0.5 0.1862370865356656
-0.3508831666069505 -0.5 0.1418323871073022
-0.1785714285714293 -0.5 0.1881410425868257
-0.1071428571428578 -0.5 0.1881410425868257
-0.2172568692123898 -0.5 0.1243781291224913
-0.03574145565490705 -0.5 0.1882410204236962
0.03568711577366446 -0.5 0.1882410204236962
-0.07145574136919275 -0.5 0.1263820630105219
0.1074858017471896 -0.5 0.1877876194479428
0.178914373175761 -0.5 0.1877876194479428
0.07174434609228308 -0.5 0.126028639871639
0.2528331043314518 -0.5 0.1860278566203845
0.3242616757600234 -0.5 0.1860278566203845
0.2174617632214989 -0.5 0.1238154760683273
0.3502548952778574 -0.5 0.1417747445132409
-0.1738692798872572 -0.5 -0.06213078573676223
-0.1056415888319922 -0.5 -0.06110046864863566
-0.1381403828256077 -0.5 0.0006282331917553119
-0.2487517171584757 -0.5 -0.06057383900411978
-0.03489653405178961 -0.5 -0.06082485934218859
0.1061440082324001 -0.5 -0.06128365699876642
0.1736845064738967 -0.5 -0.06274252119045365
0.1387060632546528 -0.5 0.0004742769199032049
0.03564259433995987 -0.5 -0.06068756392633431
0.2486122463084433 -0.5 -0.06095217486743704
0.1748947967809787 -0.5 0.06229532581205077
0.2488135279366696 -0.5 0.06053556298449247
0.2615149730040447 -0.5 -0.0003627737282771992
0.3040819394445649 -0.5 0.06115737652799935
0.344251811874884 -0.5 0.09123443946428234
0.3569532569422591 -0.5 0.03033610275151272
-0.2490123347242544 -0.5 0.06103604458747997
-0.174612608369008 -0.5 0.06294000063864008
-0.3047485686348168 -0.5 0.06129062497402643
-0.262104307791435 -0.5 -0.0001475035098247868
-0.3467029155442333 -0.5 0.09047650285818321
-0.3597948886114139 -0.5 0.02929295476087845
-0.1063849173137431 -0.5 0.06397031772676665
-0.0349835158257924 -0.5 0.06407029556363714
0.0006264366214068229 -0.5 0.001795845695736153
0.03555561256595718 -0.5 0.06420759097949141
0.1073542985394822 -0.5 0.063754190003738
0.3445833686568911 -0.5 -0.09009454629031621
0.3574860953524925 -0.5 -0.02950514515115638
0.3038806578163384 -0.5 -0.06033036132393016
-0.3447144017703241 -0.5 -0.09000776871819333
-0.3044879510690381 -0.5 -0.06031925861757331
-0.3580669924032834 -0.5 -0.02958143322389833
2 15 0 209
453
454
455
456
457
458
459
460
461
462
463
464
465
466
467
468
469
470
471
472
473
474
475
476
477
478
479
480
481
482
483
484
485
486
487
488
489
490
491
492
493
494
495
496
497
498
499
500
501
502
503
504
505
506
507
508
509
510
511
512
513
514
515
516
517
518
519
520
521
522
523
524
525
526
527
528
529
530
531
532
533
534
535
536
537
538
539
540
541
542
543
544
545
546
547
548
549
550
551
552
553
554
555
556
557
558
559
560
561
562
563
564
565
566
567
568
569
570
571
572
573
574
575
576
577
578
579
580
581
582
583
584
585
586
587
588
589
590
591
592
593
594
595
596
597
598
599
600
601
602
603
604
605
606
607
608
609
610
611
612
613
614
615
616
617
618
619
620
621
622
623
624
625
626
627
628
629
630
631
632
633
634
635
636
637
638
639
640
641
642
643
644
645
646
647
648
649
650
651
652
653
654
655
656
657
658
659
660
661
0.001822700692832524 -0.3734572123705364 0.25
0.002450620878823528 0.371948590758401 0.25
0.3762820851736516 -5.551115123125783e-16 0.25
-0.3740266011073337 -0.0007246806882386658 0.25
0.2725963401346565 0.3706146789370293 0.25
-0.3743436158175107 0.2801892664864551 0.25
0.2669740022979497 -0.371318369445119 0.25
-0.2710799917249012 -0.3712658666470131 0.25
0.3769561843049126 -0.1416895689124612 0.25
0.252676520202513 -0.07123397577112511 0.25
0.2525828953231712 0.07146100403814515 0.25
0.128868101326134 3.783804450263606e-05 0.25
0.1288530173177957 0.1428688546328216 0.25
0.005133108628276206 0.07143682973193433 0.25
0.005132776317747445 -0.07142088870392777 0.25
-0.1202320521158267 2.656838000714146e-06 0.25
-0.1188625258068112 0.1428589620473697 0.25
-0.1205065931021192 -0.1428554195967026 0.25
0.2535733272041236 -0.2154574894617438 0.25
0.2565812122385746 0.2153708013709356 0.25
0.005128340694605771 -0.2142857142857151 0.25
0.1347444456869331 0.2865654166384878 0.25
-0.1283000292091362 -0.2865896161999927 0.25
-0.2546905761722578 -0.2181612203421268 0.25
0.1332002948779346 -0.288165025303225 0.25
-0.2439895211386489 0.07136732953571312 0.25
-0.2440196882728735 0.2133549739639704 0.25
-0.1185895741317415 0.285714285714285 0.25
-0.2625755490262333 0.3680240063935646 0.25
-0.3694460673583957 0.1422413535603169 0.25
-0.2521715604194082 -0.0714285714285719 0.25
-0.3757027394810814 -0.1458080653815307 0.25
0.3762820851736522 0.1428571428571421 0.25
0.1297632267705097 -0.1434208759135391 0.25
0.005621515428879231 0.2168988232538831 0.25
0.3825791646021729 0.281499253417736 0.25
0.3808023822399619 -0.2797093913041052 0.25
-0.3829087885981353 -0.2837738580016358 0.25
-0.1366543211910984 -0.4062625390435085 0.25
0.1391011384829396 0.4058257372667836 0.25
-0.1328857575986877 0.4051373765732502 0.25
0.1390607956138979 -0.4080241505595805 0.25
-0.395421313204446 0.395421313204446 0.25
0.3954213132044458 -0.395421313204446 0.25
0.3954213132044461 0.3954213132044461 0.25
-0.3959794242105711 -0.3959794242105711 0.25
-0.4479897121052855 -0.4479897121052855 0.25
-0.4479897121052855 -0.3765611406767143 0.25
-0.3765611406767143 -0.4479897121052855 0.25
-0.447710656602223 0.3762820851736515 0.25
-0.447710656602223 0.447710656602223 0.25
-0.3762820851736517 0.447710656602223 0.25
0.4477106566022229 -0.447710656602223 0.25
0.3762820851736515 -0.447710656602223 0.25
0.4477106566022229 -0.3762820851736517 0.25
0.3762820851736515 0.4477106566022231 0.25
0.4477106566022231 0.4477106566022231 0.25
0.4477106566022231 0.3762820851736515 0.25
-0.4414543942990676 -0.3204583575722466 0.25
-0.4414543942990676 -0.2490297861436754 0.25
-0.3894441064043532 -0.3398766411061034 0.25
-0.4378513697405407 -0.1800468898336229 0.25
-0.4378513697405407 -0.1086183184050514 0.25
-0.3793057640396083 -0.2147909616915832 0.25
-0.4370133005536668 -0.03607662605840539 0.25
-0.4370133005536668 0.03535194537016617 0.25
-0.3748646702942076 -0.0732663730348847 0.25
-0.4347230336791978 0.1068349624944439 0.25
-0.4347230336791978 0.1782635339230154 0.25
-0.3717363342328647 0.07075833643603913 0.25
-0.4371718079087554 0.2472374903860846 0.25
-0.4371718079087554 0.3186660618146561 0.25
-0.3718948415879533 0.211215310023386 0.25
-0.3848824645109784 0.3378052898454506 0.25
-0.2426828530053081 -0.4356329333235065 0.25
-0.3141114244338793 -0.4356329333235065 0.25
-0.3335297079677362 -0.3836226454287921 0.25
-0.1040414463098353 -0.4531312695217542 0.25
-0.1754700177384068 -0.4531312695217542 0.25
-0.2038671564579998 -0.3887642028452608 0.25
0.03662563606070179 -0.4367286061852682 0.25
-0.03480293536786983 -0.4367286061852682 0.25
-0.0674158102491329 -0.3898598757070224 0.25
0.1766732549498059 -0.4540120752797903 0.25
0.1052446835212344 -0.4540120752797903 0.25
0.07044174815336524 -0.3907406814650585 0.25
0.3120584297204033 -0.4356591847225595 0.25
0.2406298582918318 -0.4356591847225595 0.25
0.2030173989559239 -0.3896712600023498 0.25
0.3311976577511977 -0.3833698413247825 0.25
-0.3098592030845454 0.4340120031967822 0.25
-0.2384306316559742 0.4340120031967822 0.25
-0.3289984311153396 0.3817226597990053 0.25
-0.1735857359422014 0.4525686882866251 0.25
-0.1021571645136299 0.4525686882866251 0.25
-0.1977306533124605 0.3865806914834073 0.25
-0.03448897527487427 0.4359742953792005 0.25
0.03693959615369724 0.4359742953792005 0.25
-0.06521756835993209 0.3885429836658256 0.25
0.1052648549557553 0.4529128686333919 0.25
0.1766934263843267 0.4529128686333919 0.25
0.0707758796808815 0.3888871640125924 0.25
0.2434410272101852 0.4353073394685146 0.25
0.3148695986387567 0.4353073394685146 0.25
0.205848739308798 0.3882202081019064 0.25
0.3340088266695513 0.3830179960707376 0.25
0.440401191119981 -0.2469975527949101 0.25
0.440401191119981 -0.3184261242234814 0.25
0.3881118477222039 -0.3375653522542756 0.25
0.4384780921524563 -0.1065590701705167 0.25
0.4384780921524563 -0.1779876415990881 0.25
0.3788792832724373 -0.2106994801082832 0.25
0.4381410425868257 0.03571428571428514 0.25
0.4381410425868257 -0.03571428571428636 0.25
0.3766191347392821 -0.07084478445623088 0.25
0.4381410425868262 0.1785714285714279 0.25
0.4381410425868262 0.1071428571428565 0.25
0.3762820851736519 0.07142857142857073 0.25
0.4412895823010865 0.3193210552802965 0.25
0.4412895823010865 0.2478924838517249 0.25
0.3794306248879126 0.2121781981374391 0.25
0.3890002389033095 0.338460283311091 0.25
-0.06158584425726521 -0.2504376652428539 0.25
-0.06323866425815183 -0.3300234142852645 0.25
0.003475520693719147 -0.2938714633281257 0.25
0.06751149778538357 -0.3308111188368807 0.25
0.06916431778627019 -0.25122536979447 0.25
-0.1324771752001173 -0.3464260776217506 0.25
0.1361305452459163 -0.3480945879314027 0.25
0.00403606815385138 0.2944237070061421 0.25
0.07018298055790617 0.2517321199461855 0.25
0.06859753328287832 0.3292570036984444 0.25
0.1369227920849363 0.3461955769526357 0.25
-0.05648402935143115 0.251306554484084 0.25
-0.058069476626459 0.3288314382363431 0.25
-0.1257376658652146 0.3454258311437677 0.25
0.3144793026880823 -0.03561698788556283 0.25
0.3148163522537129 -0.1064617723417932 0.25
0.3144324902484115 0.03573050201907235 0.25
0.2526297077628421 0.0001135141335100176 0.25
0.3144324902484117 0.1071590734476436 0.25
-0.3067177942485223 0.106804341548015 0.25
-0.3090080611229913 0.03532132442373725 0.25
-0.313099080763371 -0.03607662605840528 0.25
-0.2480805407790286 -3.062094642936053e-05 0.25
-0.3139371499502448 -0.1086183184050513 0.25
0.2036703929107948 0.3285900477877586 0.25
0.1956628289627538 0.2509681090047117 0.25
0.2645887761866155 0.2929927401539825 0.25
0.3195801884203737 0.2484350273943358 0.25
0.3275877523684148 0.3260569661773827 0.25
-0.2532976186495534 0.2906894901787676 0.25
-0.318459582421872 0.3241066364400098 0.25
-0.3091816520451921 0.2467721202252128 0.25
-0.3067328778156346 0.1777981637621436 0.25
0.1933868110410291 -0.2518112573824843 0.25
0.2000871485879421 -0.329741697374172 0.25
0.2602736647510366 -0.2933879294534314 0.25
0.3238881922689558 -0.3255138803746121 0.25
0.3171878547220428 -0.2475834403829245 0.25
-0.191495302690697 -0.2523754182710597 0.25
-0.2628852839485795 -0.2947135434945699 0.25
-0.1996900104670187 -0.3289277414235029 0.25
-0.3187996823851965 -0.2509675391718812 0.25
-0.3269943901615182 -0.3275198623243244 0.25
0.2531249237033183 -0.1433457326164345 0.25
0.3152647557545181 -0.1785735291871025 0.25
0.1907254983246527 0.03574942104132384 0.25
0.1907723107643235 -0.03559806886331124 0.25
0.1293156640483218 -0.07169151893451819 0.25
0.1912198734865114 -0.1073274258423321 0.25
0.1916682769873166 -0.1794391826876414 0.25
0.1907179563204835 0.1071649293354834 0.25
0.1288605593219649 0.07145334633866218 0.25
0.254582053780873 0.1434159027045403 0.25
0.1927171147781852 0.1791198280018786 0.25
0.3164316487061134 0.1791139721140389 0.25
0.06699306297303598 0.107152842182378 0.25
0.06700060497720517 0.03573733388821854 0.25
0.00513294247301177 7.97051400325266e-06 0.25
0.06700043882194073 -0.03569152532971254 0.25
0.06744800154412856 -0.1074208823087334 0.25
0.06723726637333749 0.1798838389433524 0.25
0.005377312028577719 0.1441678264929087 0.25
0.1317987315023644 0.2147171356356548 0.25
-0.05754947174377523 0.03571974328496752 0.25
-0.05754963789903961 -0.03570911593296355 0.25
-0.05686470858926751 0.107147895889652 0.25
-0.1195472889613189 0.07143080944268521 0.25
-0.056620505188966 0.1798788926506264 0.25
-0.1203693226089729 -0.07142638137935098 0.25
-0.05768690839218588 -0.1071381541503152 0.25
-0.05768912620375671 -0.1785705669412089 0.25
0.005130558506176608 -0.1428533014948214 0.25
0.06744578373255772 -0.1788532950996271 0.25
-0.1814260234727301 0.1071131457915414 0.25
-0.1821107866272378 0.03568499318685692 0.25
-0.1862018062676175 -0.03571295729528556 0.25
-0.1863390767607637 -0.1071419955126373 0.25
-0.1814411070398423 0.1781069680056701 0.25
-0.2440046047057612 0.1423611517498418 0.25
-0.1187260499692763 0.2142866238808274 0.25
-0.1813046312023074 0.2495346298391277 0.25
-0.1244033111556277 -0.2147225178983476 0.25
-0.1875985846371885 -0.1805083199694147 0.25
-0.253431068295833 -0.1447948958853493 0.25
0.1314817608242221 -0.215792950608382 0.25
-0.3151966578266696 -0.1819846428618287 0.25
-0.1905825615789874 0.3268691460539248 0.25
2 16 0 115
662
663
664
665
666
667
668
669
670
671
672
673
674
675
676
677
678
679
680
681
682
683
684
685
686
687
688
689
690
691
692
693
694
695
696
697
698
699
700
701
702
703
704
705
706
707
708
709
710
711
712
713
714
715
716
717
718
719
720
721
722
723
724
725
726
727
728
729
730
731
732
733
734
735
736
737
738
739
740
741
742
743
744
745
746
747
748
749
750
751
752
753
754
755
756
757
758
759
760
761
762
763
764
765
766
767
768
769
770
771
772
773
774
775
776
-0.1413726550630573 0.5 0.1256409553352663
0.1413708969042525 0.5 0.1248039082959599
0.2919294731770533 0.5 -0.122710720554213
-0.2919294432429735 0.5 -0.1227121214888072
-1.74538939867741e-06 0.5 -0.1257784516650622
0.3982916980985103 0.5 0.05926993309820405
-0.3982916504060112 0.5 0.05926993281871024
-0.1445385174557238 0.5 -0.1268653839302388
-0.2066923464228702 0.5 0.00160039970672643
0.1438931275466493 0.5 -0.1262299705965401
0.2065827957036711 0.5 0.000728346674212399
-2.038415865990295e-06 0.5 0.1250901862041332
-0.07019820060912219 0.5 -0.0004633685171508972
0.07112031696959031 0.5 -0.001905731252986737
0.2911643486919352 0.5 0.1209271100993611
-0.2911802022677225 0.5 0.1211712669729844
0.4017926792819978 0.5 -0.05851826915621536
-0.4017926186517354 0.5 -0.0585185029713905
-0.4093229419633183 0.5 0.1610882399583389
0.4093197807866604 0.5 0.161039408639513
-0.4101729838075133 0.5 -0.1612461248920396
0.4101730019203815 0.5 -0.1612457979420858
-0.3179772521982626 0.5 0.0001621950076446388
0.3179521989906336 0.5 -6.071996773016064e-05
-0.4546614709816591 0.5 0.2055441199791694
-0.4546614709816591 0.5 0.1430441199791694
-0.3832328995530879 0.5 0.2055441199791694
-0.4550864919037567 0.5 -0.14312306244602
-0.4550864919037567 0.5 -0.2056230624460198
-0.3836579204751854 0.5 -0.2056230624460198
0.4546598903933302 0.5 0.2055197043197565
0.3832313189647587 0.5 0.2055197043197565
0.4546598903933302 0.5 0.1430197043197565
0.3836579295316193 0.5 -0.2056228989710429
0.4550865009601908 0.5 -0.2056228989710429
0.4550865009601908 0.5 -0.143122898971043
-0.4508963093258677 0.5 -0.02925925148569541
-0.4508963093258677 0.5 -0.09175925148569541
-0.4059828012296244 0.5 -0.109882313931715
-0.4491458252030056 0.5 0.09213496640935503
-0.4491458252030056 0.5 0.02963496640935498
-0.4000421345288733 0.5 0.0003757149236598423
-0.4038072961846647 0.5 0.1101790863885246
-0.2527329582767188 0.5 0.1855856334864922
-0.32416152970529 0.5 0.1855856334864922
-0.3502515721155204 0.5 0.1411297534656616
-0.1064006132458147 0.5 0.1878204776676331
-0.1778291846743862 0.5 0.1878204776676331
-0.2162764286653899 0.5 0.1234061111541254
0.03571326650635243 0.5 0.1875450931020666
-0.03571530492221908 0.5 0.1875450931020666
-0.07068734673946164 0.5 0.1253655707696997
0.1778283055949832 0.5 0.1874019541479799
0.1063997341664118 0.5 0.1874019541479799
0.07068442924419327 0.5 0.1249470472500466
0.3241536029173961 0.5 0.1854635550496805
0.2527250314888245 0.5 0.1854635550496805
0.2162676227980939 0.5 0.1228655091976605
0.3502420647392979 0.5 0.1409832593694371
-0.3245361501929155 0.5 -0.1863560607444036
-0.2531075787643443 0.5 -0.1863560607444036
-0.3510512135252434 0.5 -0.1419791231904234
-0.1794121158707195 0.5 -0.1884326919651194
-0.107983544442148 0.5 -0.1884326919651194
-0.2182339803493487 0.5 -0.124788752709523
-0.03571515840898543 0.5 -0.1878892258325311
0.03571341301958619 0.5 -0.1878892258325311
-0.07227013142256122 0.5 -0.1263219177976505
0.1076608494876101 0.5 -0.1881149852982701
0.1790894209161815 0.5 -0.1881149852982701
0.07194569107862536 0.5 -0.1260042111308012
0.2531075937313836 0.5 -0.1863553602771065
0.3245361651599552 0.5 -0.1863553602771065
0.2179113003618514 0.5 -0.1244703455753766
0.3510512375487174 0.5 -0.1419782592481494
0.4508963396409988 0.5 -0.09175913457810786
0.4508963396409988 0.5 -0.02925913457810783
0.4059828406011896 0.5 -0.1098820335491505
0.4491458490492551 0.5 0.02963496654910186
0.4491458490492551 0.5 0.09213496654910197
0.4000421886902541 0.5 0.0003758319709943336
0.4038057394425854 0.5 0.1101546708688586
-0.1057854278360897 0.5 0.06258879340905765
-0.1384452735159962 0.5 0.0005685155947877663
-0.1740325007429637 0.5 0.06362067752099632
-0.2489362743452964 0.5 0.06138583333985542
-0.03510011951249409 0.5 0.06231340884349112
0.1388515563366307 0.5 -0.0005886922893871827
0.1062456069369214 0.5 0.06144908852148656
0.1739768463039618 0.5 0.06276612748508614
0.2488735721978032 0.5 0.06082772838678674
0.03555913927686216 0.5 0.06159222747557325
0.1752379616251603 0.5 -0.06275081196116383
0.2492561344403622 0.5 -0.06099118694000033
0.2622674973471524 0.5 0.0003338133532411192
0.3049408360838435 0.5 -0.06138572026097161
0.3468610762295256 0.5 -0.09061449485521419
0.3598724391363157 0.5 -0.02928949456197277
-0.2493108948329219 0.5 -0.06055586089104037
-0.175615431939297 0.5 -0.06263249211175617
-0.3049533477206181 0.5 -0.06127496324058129
-0.2623347993105664 0.5 0.000881297357185562
-0.3468610309473545 0.5 -0.09061531223009883
-0.359884935424999 0.5 -0.02917815398187293
-0.107368359032423 0.5 -0.06366437622369484
-0.03509997299926043 0.5 -0.06312091009110657
0.03555928579009582 0.5 -0.06384209145902447
0.1075067222581199 0.5 -0.06406785092476341
0.0004610581802340086 0.5 -0.001184549885068831
0.3447280233952228 0.5 0.09009852159878257
0.3581219485445719 0.5 0.02960460656523695
0.3045582738412844 0.5 0.06043319506581546
-0.3447359263368669 0.5 0.0902205998958473
-0.3045787272329926 0.5 0.0606667309903145
-0.3581344513021369 0.5 0.02971606391317744
2 17 0 209
777
778
779
780
781
782
783
784
785
786
787
788
789
790
791
792
793
794
795
796
797
798
799
800
801
802
803
804
805
806
807
808
809
810
811
812
813
814
815
816
817
818
819
820
821
822
823
824
825
826
827
828
829
830
831
832
833
834
835
836
837
838
839
840
841
842
843
844
845
846
847
848
849
850
851
852
853
854
855
856
857
858
859
860
861
862
863
864
865
866
867
868
869
870
871
872
873
874
875
876
877
878
879
880
881
882
883
884
885
886
887
888
889
890
891
892
893
894
895
896
897
898
899
900
901
902
903
904
905
906
907
908
909
910
911
912
913
914
915
916
917
918
919
920
921
922
923
924
925
926
927
928
929
930
931
932
933
934
935
936
937
938
939
940
941
942
943
944
945
946
947
948
949
950
951
952
953
954
955
956
957
958
959
960
961
962
963
964
965
966
967
968
969
970
971
972
973
974
975
976
977
978
979
980
981
982
983
984
985
0.001822700692832635 -0.3734572123705369 -0.25
0.002450620878822862 0.3719485907584008 -0.25
0.3762820851736516 -5.551115123125783e-16 -0.25
-0.3740599863052841 -0.0007246806882391654 -0.25
0.3794719565121168 0.2801892664864549 -0.25
-0.3744090508054939 0.2801892664864545 -0.25
0.2669740022979497 -0.3713183694451192 -0.25
-0.2710799917249014 -0.3712658666470136 -0.25
0.3769561843049126 -0.1416895689124612 -0.25
0.252676520202513 -0.07123397577112522 -0.25
0.2525828953231711 0.07146100403814515 -0.25
0.128868101326134 3.783804450252504e-05 -0.25
0.1288530173177953 0.1428688546328214 -0.25
0.005133108628275984 0.07143682973193388 -0.25
0.005132776317747556 -0.07142088870392826 -0.25
-0.1202320521158269 2.656837999714945e-06 -0.25
-0.1188625258068118 0.1428589620473687 -0.25
-0.1205065931021191 -0.1428554195967035 -0.25
0.2535733272041235 -0.2154574894617438 -0.25
0.005128340694606326 -0.2142857142857157 -0.25
-0.128300029209136 -0.2865896161999933 -0.25
-0.2546905761722583 -0.2181612203421281 -0.25
0.1332002948779347 -0.2881650253032253 -0.25
-0.2447130477163305 0.07134283277856879 -0.25
-0.2442166168551342 0.2133508911711123 -0.25
-0.118589574131743 0.2857142857142843 -0.25
-0.2626130295362686 0.3680234231374417 -0.25
-0.3697250391722187 0.1422389233264729 -0.25
-0.2521715604194094 -0.07142857142857328 -0.25
-0.3757067139094093 -0.1458080653815321 -0.25
0.2531000633658316 0.2133722351452843 -0.25
0.1308255592435829 0.2839870186351838 -0.25
0.2675863723730983 0.3681819561881993 -0.25
0.3769061667291285 0.1417894652306947 -0.25
0.004968367688320319 0.2164690902533321 -0.25
0.1297632267705098 -0.1434208759135394 -0.25
0.3808023822399619 -0.2797093913041052 -0.25
-0.3829094510028569 -0.2837738580016365 -0.25
-0.1366543211910984 -0.4062625390435088 -0.25
0.1408375454755144 0.4044932378599952 -0.25
-0.1328932537006952 0.4051372599220255 -0.25
0.1390607956138981 -0.4080241505595807 -0.25
0.395421313204446 -0.395421313204446 -0.25
-0.395421313204446 0.3954213132044461 -0.25
0.3954213132044461 0.3954213132044461 -0.25
-0.3959794242105725 -0.3959794242105725 -0.25
-0.4479897121052863 -0.376561140676715 -0.25
-0.4479897121052863 -0.4479897121052863 -0.25
-0.376561140676715 -0.4479897121052863 -0.25
-0.447710656602223 0.4477106566022231 -0.25
-0.447710656602223 0.3762820851736515 -0.25
-0.3762820851736518 0.4477106566022231 -0.25
0.3762820851736515 -0.447710656602223 -0.25
0.447710656602223 -0.447710656602223 -0.25
0.447710656602223 -0.3762820851736517 -0.25
0.4477106566022231 0.4477106566022231 -0.25
0.3762820851736515 0.4477106566022231 -0.25
0.4477106566022231 0.3762820851736515 -0.25
-0.4414547255014284 -0.2490297861436758 -0.25
-0.4414547255014284 -0.320458357572247 -0.25
-0.3894444376067147 -0.3398766411061045 -0.25
-0.4378533569547047 -0.1086183184050521 -0.25
-0.4378533569547047 -0.1800468898336236 -0.25
-0.3793080824561331 -0.2147909616915843 -0.25
-0.4370299931526421 0.03535194537016584 -0.25
-0.4370299931526421 -0.03607662605840567 -0.25
-0.3748833501073467 -0.07326637303488565 -0.25
-0.4348625195861093 0.1782623188060934 -0.25
-0.4348625195861093 0.1068337473775219 -0.25
-0.3718925127387514 0.07075712131911693 -0.25
-0.437204525402747 0.3186660618146557 -0.25
-0.437204525402747 0.2472374903860841 -0.25
-0.3720670449888563 0.2112140949064637 -0.25
-0.38491518200497 0.3378052898454502 -0.25
-0.3141114244338794 -0.4356329333235068 -0.25
-0.2426828530053082 -0.4356329333235068 -0.25
-0.333529707967737 -0.383622645428793 -0.25
-0.1754700177384068 -0.4531312695217544 -0.25
-0.1040414463098353 -0.4531312695217544 -0.25
-0.2038671564579999 -0.3887642028452612 -0.25
-0.03480293536786971 -0.4367286061852684 -0.25
0.03662563606070179 -0.4367286061852684 -0.25
-0.0674158102491329 -0.3898598757070229 -0.25
0.1052446835212345 -0.4540120752797904 -0.25
0.176673254949806 -0.4540120752797904 -0.25
0.07044174815336535 -0.3907406814650588 -0.25
0.2406298582918318 -0.4356591847225596 -0.25
0.3120584297204033 -0.4356591847225596 -0.25
0.2030173989559239 -0.38967126000235 -0.25
0.3311976577511978 -0.3833698413247826 -0.25
-0.2384493719109918 0.4340117115687209 -0.25
-0.309877943339563 0.4340117115687209 -0.25
-0.3290171713703573 0.3817223681709438 -0.25
-0.1021609125646337 0.4525686299610128 -0.25
-0.1735894839932051 0.4525686299610128 -0.25
-0.1977531416184819 0.3865803415297336 -0.25
0.03693959615369691 0.4359742953792004 -0.25
-0.0344889752748746 0.4359742953792004 -0.25
-0.06522131641093615 0.3885429253402132 -0.25
0.1775616298806142 0.4522466189299976 -0.25
0.1061330584520427 0.4522466189299976 -0.25
0.07164408317716864 0.388220914309198 -0.25
0.3123646147579777 0.4340909780940996 -0.25
0.2409360433294061 0.4340909780940996 -0.25
0.2042119589243063 0.3863375970240972 -0.25
0.3315038427887722 0.3818016346963227 -0.25
0.440401191119981 -0.3184261242234813 -0.25
0.440401191119981 -0.2469975527949101 -0.25
0.3881118477222039 -0.3375653522542755 -0.25
0.4384780921524563 -0.1779876415990881 -0.25
0.4384780921524563 -0.1065590701705167 -0.25
0.3788792832724373 -0.2106994801082832 -0.25
0.4381410425868257 -0.03571428571428636 -0.25
0.4381410425868257 0.03571428571428514 -0.25
0.3766191347392821 -0.07084478445623088 -0.25
0.4384530833645642 0.1066090183296329 -0.25
0.4384530833645642 0.1780375897582043 -0.25
0.3765941259513901 0.07089473261534707 -0.25
0.4397359782560584 0.2472374903860843 -0.25
0.4397359782560584 0.318666061814656 -0.25
0.3781890616206227 0.2109893658585749 -0.25
0.3874466348582815 0.3378052898454504 -0.25
0.00347552069371948 -0.2938714633281263 -0.25
-0.06323866425815167 -0.3300234142852651 -0.25
-0.06158584425726482 -0.2504376652428545 -0.25
0.06916431778627052 -0.2512253697944705 -0.25
0.06751149778538368 -0.3308111188368811 -0.25
-0.1324771752001171 -0.346426077621751 -0.25
0.1361305452459164 -0.348094587931403 -0.25
-0.05806947662646006 0.3288314382363425 -0.25
0.003709494283571591 0.2942088405058665 -0.25
-0.05681060322171133 0.2510916879838081 -0.25
-0.1257414139162191 0.3454257728181549 -0.25
0.06663809006120291 0.3279678046967923 -0.25
0.06789696346595164 0.2502280544442579 -0.25
0.1358315523595486 0.3442401282475895 -0.25
0.3148163522537129 -0.1064617723417932 -0.25
0.3144793026880823 -0.03561698788556289 -0.25
0.2526297077628421 0.0001135141335100176 -0.25
0.3144324902484114 0.03573050201907235 -0.25
0.3147445310261499 0.1066252346344199 -0.25
-0.3093865170108073 0.03530907604516487 -0.25
-0.3072190434442746 0.1067908780525209 -0.25
-0.2484423040678699 -4.286932500224827e-05 -0.25
-0.3131157733623467 -0.03607662605840622 -0.25
-0.3139391371644094 -0.1086183184050527 -0.25
0.3162860099389742 0.2467807508158696 -0.25
0.2603432178694649 0.2907770956667417 -0.25
0.3235291644426076 0.3241856113373272 -0.25
0.31500311504748 0.1775808501879894 -0.25
-0.309312833830314 0.2467700788287834 -0.25
-0.3185110401708812 0.3241063448119481 -0.25
-0.2534148231957014 0.2906871571542771 -0.25
-0.3069708280136765 0.1777949072487925 -0.25
0.2602736647510366 -0.2933879294534315 -0.25
0.2000871485879422 -0.3297416973741722 -0.25
0.1933868110410291 -0.2518112573824846 -0.25
0.3171878547220427 -0.2475834403829245 -0.25
0.3238881922689558 -0.3255138803746122 -0.25
-0.1996900104670187 -0.3289277414235035 -0.25
-0.2628852839485799 -0.2947135434945709 -0.25
-0.1914953026906971 -0.2523754182710607 -0.25
-0.3269947213638791 -0.3275198623243251 -0.25
-0.3188000135875576 -0.2509675391718823 -0.25
0.3152647557545181 -0.1785735291871025 -0.25
0.2531249237033182 -0.1433457326164345 -0.25
0.1907723107643235 -0.03559806886331135 -0.25
0.1907254983246526 0.03574942104132384 -0.25
0.1912198734865114 -0.1073274258423323 -0.25
0.129315664048322 -0.07169151893451842 -0.25
0.1916682769873166 -0.1794391826876416 -0.25
0.1288605593219647 0.07145334633866196 -0.25
0.1907179563204833 0.1071649293354833 -0.25
0.1909765403418134 0.1781205448890528 -0.25
0.2528414793445013 0.1424166195917147 -0.25
0.06700060497720495 0.0357373338882182 -0.25
0.06699306297303564 0.1071528421823776 -0.25
0.06700043882194073 -0.03569152532971287 -0.25
0.00513294247301177 7.970514002808571e-06 -0.25
0.06744800154412867 -0.1074208823087338 -0.25
0.005050738158298151 0.143952959992633 -0.25
0.06691069250305781 0.1796689724430767 -0.25
0.1298392882806891 0.2134279366340026 -0.25
0.1919628113047072 0.248679626890234 -0.25
-0.05754963789903966 -0.03570911593296427 -0.25
-0.05754947174377545 0.03571974328496674 -0.25
-0.1195472889613193 0.07143080944268421 -0.25
-0.0568647085892679 0.1071478958896512 -0.25
-0.05694707905924573 0.1796640261503504 -0.25
-0.05768690839218582 -0.1071381541503159 -0.25
-0.120369322608973 -0.07142638137935187 -0.25
0.005130558506176941 -0.142853301494822 -0.25
-0.05768912620375644 -0.1785705669412096 -0.25
0.06744578373255805 -0.1788532950996276 -0.25
-0.1824725499160787 0.03567274480828431 -0.25
-0.1817877867615711 0.1071008974129688 -0.25
-0.1863390767607643 -0.1071419955126384 -0.25
-0.1862018062676182 -0.03571295729528678 -0.25
-0.2444648322857323 0.1423468619748405 -0.25
-0.181539571330973 0.1781049266092405 -0.25
-0.1814030954934386 0.2495325884426982 -0.25
-0.1187260499692774 0.2142866238808265 -0.25
-0.1244033111556275 -0.2147225178983484 -0.25
-0.1875985846371887 -0.1805083199694158 -0.25
-0.2534310682958338 -0.1447948958853507 -0.25
0.1314817608242222 -0.2157929506083823 -0.25
-0.3151986450408338 -0.1819846428618301 -0.25
-0.1906013018340058 0.326868854425863 -0.25
0.1992059658083406 0.3260844874116915 -0.25
2 18 0 115
986
987
988
989
990
991
992
993
994
995
996
997
998
999
1000
1001
1002
1003
1004
1005
1006
1007
1008
1009
1010
1011
1012
1013
1014
1015
1016
1017
1018
1019
1020
1021
1022
1023
1024
1025
1026
1027
1028
1029
1030
1031
1032
1033
1034
1035
1036
1037
1038
1039
1040
1041
1042
1043
1044
1045
1046
1047
1048
1049
1050
1051
1052
1053
1054
1055
1056
1057
1058
1059
1060
1061
1062
1063
1064
1065
1066
1067
1068
1069
1070
1071
1072
1073
1074
1075
1076
1077
1078
1079
1080
1081
1082
1083
1084
1085
1086
1087
1088
1089
1090
1091
1092
1093
1094
1095
1096
1097
1098
1099
1100
0.5 -0.1413704858936418 0.1238594875771531
0.5 0.1411224514516438 0.1245004551091232
0.5 0.2913804943771897 -0.1220557132407695
0.5 -0.2916565955676362 -0.1224741730713315
0.5 -5.433988124203815e-05 -0.1264820408473925
0.5 0.3981888061930452 0.05926933011754187
0.5 -0.3982934431045694 0.05926994332451785
0.5 -0.1428571428571434 -0.1262820851736514
0.5 -0.2063680738808726 0.000402083896370975
0.5 -0.06991269177034276 -0.001658550279882043
0.5 0.0711655650131563 -0.001933141111590569
0.5 0.1435430320658081 -0.1255752388958858
0.5 0.2062465614961493 0.0009845872717836324
0.5 0.0001196236667633244 0.1233082689642589
0.5 0.2909779311207372 0.1209197624630895
0.5 -0.2911353604360788 0.120745594111868
0.5 0.3971231293725783 -0.06041316568779642
0.5 -0.4017492355208304 -0.0584788326450357
0.5 -0.4093143321367012 0.1610031074872773
0.5 0.4092619188913279 0.1610378185161263
0.5 -0.4101097376462648 -0.1611906011432735
0.5 0.409129296178525 -0.1614937757857133
0.5 0.3167833845119401 -0.0002590398152301776
0.5 -0.3178405417019975 -0.0001070768767220676
0.5 -0.4550548688231324 -0.2055953005716367
0.5 -0.4550548688231324 -0.1430953005716369
0.5 -0.3836262973945612 -0.2055953005716367
0.5 -0.4546571660683505 0.1430015537436385
0.5 -0.4546571660683505 0.2055015537436387
0.5 -0.3832285946397793 0.2055015537436387
0.5 0.3832023880170925 0.2055189092580632
0.5 0.4546309594456639 0.2055189092580632
0.5 0.4546309594456639 0.143018909258063
0.5 0.4545646480892624 -0.1432468878928568
0.5 0.4545646480892624 -0.2057468878928566
0.5 0.383136076660691 -0.2057468878928566
0.5 -0.4508746177604152 -0.09173941632251803
0.5 -0.4508746177604152 -0.029239416322518
0.5 -0.4059294865835476 -0.1098347168941546
0.5 -0.4491467215522847 0.02963497166225876
0.5 -0.4491467215522847 0.09213497166225887
0.5 -0.4000213393126999 0.0003955553397410605
0.5 -0.4038038876206352 0.1101365254058976
0.5 -0.3241391087894682 0.185372797055934
0.5 -0.2527105373608969 0.185372797055934
0.5 -0.3502248462863899 0.1408743507995727
0.5 -0.1778281000896784 0.1869297437885765
0.5 -0.106399528661107 0.1869297437885765
0.5 -0.2162529231648603 0.1223025408445105
0.5 -0.03565447388090437 0.1866541344821295
0.5 0.03577409754766714 0.1866541344821295
0.5 -0.07062543111343922 0.123583878270706
0.5 0.1062755114401074 0.1872502275545616
0.5 0.1777040828686789 0.1872502275545616
0.5 0.07062103755920357 0.1239043620366911
0.5 0.2526318227032256 0.1854598812315448
0.5 0.3240603941317971 0.1854598812315448
0.5 0.2160501912861905 0.1227101087861063
0.5 0.3501199250060325 0.1409787904896079
0.5 0.4485615646862892 -0.03020658284389838
0.5 0.4485615646862892 -0.09270658284389838
0.5 0.4031262127755517 -0.1109534707367548
0.5 0.4490944030965226 0.09213466505877088
0.5 0.4490944030965226 0.02963466505877077
0.5 0.3976559677828118 -0.0005719177851272739
0.5 0.4037253625421866 0.110153574316834
0.5 -0.2529711549266757 -0.1862370865356657
0.5 -0.3243997263552469 -0.1862370865356657
0.5 -0.3508831666069505 -0.1418323871073025
0.5 -0.1071428571428578 -0.1881410425868257
0.5 -0.1785714285714293 -0.1881410425868257
0.5 -0.2172568692123898 -0.1243781291224915
0.5 0.03568711577366446 -0.1882410204236963
0.5 -0.03574145565490705 -0.1882410204236963
0.5 -0.07145574136919275 -0.126382063010522
0.5 0.178914373175761 -0.1877876194479429
0.5 0.1074858017471896 -0.1877876194479429
0.5 0.07174434609228308 -0.1260286398716391
0.5 0.3242616757600234 -0.1860278566203847
0.5 0.2528331043314518 -0.1860278566203847
0.5 0.2174617632214989 -0.1238154760683276
0.5 0.3502548952778574 -0.1417747445132413
0.5 -0.1381403828256077 -0.0006282331917555339
0.5 -0.1056415888319923 0.0611004686486355
0.5 -0.1738692798872572 0.06213078573676201
0.5 -0.2487517171584757 0.0605738390041195
0.5 -0.03489653405178972 0.06082485934218845
0.5 0.1387060632546528 -0.0004742769199034824
0.5 0.1736845064738965 0.06274252119045343
0.5 0.1061440082324001 0.06128365699876631
0.5 0.03564259433995987 0.06068756392633418
0.5 0.2486122463084433 0.06095217486743654
0.5 0.2488135279366694 -0.06053556298449292
0.5 0.1748947967809786 -0.06229532581205105
0.5 0.3040819394445649 -0.06115737652799982
0.5 0.2615149730040447 0.0003627737282767551
0.5 0.3442518118748841 -0.09123443946428295
0.5 0.3569532569422592 -0.0303361027515133
0.5 -0.174612608369008 -0.06294000063864022
0.5 -0.2490123347242544 -0.06103604458748024
0.5 -0.2621043077914351 0.0001475035098244537
0.5 -0.3047485686348169 -0.06129062497402676
0.5 -0.3467029155442333 -0.09047650285818359
0.5 -0.359794888611414 -0.0292929547608789
0.5 -0.0349835158257924 -0.06407029556363728
0.5 -0.1063849173137431 -0.06397031772676673
0.5 0.03555561256595707 -0.06420759097949152
0.5 0.0006264366214068229 -0.00179584569573632
0.5 0.1073542985394822 -0.06375419000373816
0.5 0.3445833686568912 0.09009454629031566
0.5 0.3038806578163387 0.06033036132392966
0.5 0.3574860953524926 0.02950514515115588
0.5 -0.3447144017703241 0.09000776871819294
0.5 -0.3580669924032834 0.02958143322389789
0.5 -0.3044879510690381 0.06031925861757298
3 1 0 937
1101
1102
1103
1104
1105
1106
1107
1108
1109
1110
1111
1112
1113
1114
1115
1116
1117
1118
1119
1120
1121
1122
1123
1124
1125
1126
1127
1128
1129
1130
1131
1132
1133
1134
1135
1136
1137
1138
1139
1140
1141
1142
1143
1144
1145
1146
1147
1148
1149
1150
1151
1152
1153
1154
1155
1156
1157
1158
1159
1160
1161
1162
1163
1164
1165
1166
1167
1168
1169
1170
1171
1172
1173
1174
1175
1176
1177
1178
1179
1180
1181
1182
1183
1184
1185
1186
1187
1188
1189
1190
1191
1192
1193
1194
1195
1196
1197
1198
1199
1200
1201
1202
1203
1204
1205
1206
1207
1208
1209
1210
1211
1212
1213
1214
1215
1216
1217
1218
1219
1220
1221
1222
1223
1224
1225
1226
1227
1228
1229
1230
1231
1232
1233
1234
1235
1236
1237
1238
1239
1240
1241
1242
1243
1244
1245
1246
1247
1248
1249
1250
1251
1252
1253
1254
1255
1256
1257
1258
1259
1260
1261
1262
1263
1264
1265
1266
1267
1268
1269
1270
1271
1272
1273
1274
1275
1276
1277
1278
1279
1280
1281
1282
1283
1284
1285
1286
1287
1288
1289
1290
1291
1292
1293
1294
1295
1296
1297
1298
1299
1300
1301
1302
1303
1304
1305
1306
1307
1308
1309
1310
1311
1312
1313
1314
1315
1316
1317
1318
1319
1320
1321
1322
1323
1324
1325
1326
1327
1328
1329
1330
1331
1332
1333
1334
1335
1336
1337
1338
1339
1340
1341
1342
1343
1344
1345
1346
1347
1348
1349
1350
1351
1352
1353
1354
1355
1356
1357
1358
1359
1360
1361
1362
1363
1364
1365
1366
1367
1368
1369
1370
1371
1372
1373
1374
1375
1376
1377
1378
1379
1380
1381
1382
1383
1384
1385
1386
1387
1388
1389
1390
1391
1392
1393
1394
1395
1396
1397
1398
1399
1400
1401
1402
1403
1404
1405
1406
1407
1408
1409
1410
1411
1412
1413
1414
1415
1416
1417
1418
1419
1420
1421
1422
1423
1424
1425
1426
1427
1428
1429
1430
1431
1432
1433
1434
1435
1436
1437
1438
1439
1440
1441
1442
1443
1444
1445
1446
1447
1448
1449
1450
1451
1452
1453
1454
1455
1456
1457
1458
1459
1460
1461
1462
1463
1464
1465
1466
1467
1468
1469
1470
1471
1472
1473
1474
1475
1476
1477
1478
1479
1480
1481
1482
1483
1484
1485
1486
1487
1488
1489
1490
1491
1492
1493
1494
1495
1496
1497
1498
1499
1500
1501
1502
1503
1504
1505
1506
1507
1508
1509
1510
1511
1512
1513
1514
1515
1516
1517
1518
1519
1520
1521
1522
1523
1524
1525
1526
1527
1528
1529
1530
1531
1532
1533
1534
1535
1536
1537
1538
1539
1540
1541
1542
1543
1544
1545
1546
1547
1548
1549
1550
1551
1552
1553
1554
1555
1556
1557
1558
1559
1560
1561
1562
1563
1564
1565
1566
1567
1568
1569
1570
1571
1572
1573
1574
1575
1576
1577
1578
1579
1580
1581
1582
1583
1584
1585
1586
1587
1588
1589
1590
1591
1592
1593
1594
1595
1596
1597
1598
1599
1600
1601
1602
1603
1604
1605
1606
1607
1608
1609
1610
1611
1612
1613
1614
1615
1616
1617
1618
1619
1620
1621
1622
1623
1624
1625
1626
1627
1628
1629
1630
1631
1632
1633
1634
1635
1636
1637
1638
1639
1640
1641
1642
1643
1644
1645
1646
1647
1648
1649
1650
1651
1652
1653
1654
1655
1656
1657
1658
1659
1660
1661
1662
1663
1664
1665
1666
1667
1668
1669
1670
1671
1672
1673
1674
1675
1676
1677
1678
1679
1680
1681
1682
1683
1684
1685
1686
1687
1688
1689
1690
1691
1692
1693
1694
1695
1696
1697
1698
1699
1700
1701
1702
1703
1704
1705
1706
1707
1708
1709
1710
1711
1712
1713
1714
1715
1716
1717
1718
1719
1720
1721
1722
1723
1724
1725
1726
1727
1728
1729
1730
1731
1732
1733
1734
1735
1736
1737
1738
1739
1740
1741
1742
1743
1744
1745
1746
1747
1748
1749
1750
1751
1752
1753
1754
1755
1756
1757
1758
1759
1760
1761
1762
1763
1764
1765
1766
1767
1768
1769
1770
1771
1772
1773
1774
1775
1776
1777
1778
1779
1780
1781
1782
1783
1784
1785
1786
1787
1788
1789
1790
1791
1792
1793
1794
1795
1796
1797
1798
1799
1800
1801
1802
1803
1804
1805
1806
1807
1808
1809
1810
1811
1812
1813
1814
1815
1816
1817
1818
1819
1820
1821
1822
1823
1824
1825
1826
1827
1828
1829
1830
1831
1832
1833
1834
1835
1836
1837
1838
1839
1840
1841
1842
1843
1844
1845
1846
1847
1848
1849
1850
1851
1852
1853
1854
1855
1856
1857
1858
1859
1860
1861
1862
1863
1864
1865
1866
1867
1868
1869
1870
1871
1872
1873
1874
1875
1876
1877
1878
1879
1880
1881
1882
1883
1884
1885
1886
1887
1888
1889
1890
1891
1892
1893
1894
1895
1896
1897
1898
1899
1900
1901
1902
1903
1904
1905
1906
1907
1908
1909
1910
1911
1912
1913
1914
1915
1916
1917
1918
1919
1920
1921
1922
1923
1924
1925
1926
1927
1928
1929
1930
1931
1932
1933
1934
1935
1936
1937
1938
1939
1940
1941
1942
1943
1944
1945
1946
1947
1948
1949
1950
1951
1952
1953
1954
1955
1956
1957
1958
1959
1960
1961
1962
1963
1964
1965
1966
1967
1968
1969
1970
1971
1972
1973
1974
1975
1976
1977
1978
1979
1980
1981
1982
1983
1984
1985
1986
1987
1988
1989
1990
1991
1992
1993
1994
1995
1996
1997
1998
1999
2000
2001
2002
2003
2004
2005
2006
2007
2008
2009
2010
2011
2012
2013
2014
2015
2016
2017
2018
2019
2020
2021
2022
2023
2024
2025
2026
2027
2028
2029
2030
2031
2032
2033
2034
2035
2036
2037
0.09062499999999904 -0.1875000000000002 0.02022369638081228
0.1806949693789968 0.06249999999999982 2.775557561562891e-17
-0.1826194737318724 -0.1875000000000002 5.551115123125783e-17
-0.1761503886953382 0.1874999999999999 0.001582440424355264
0.2733874227175084 0.2736967296962878 -0.02670934410395811
-0.04043402285594706 0.002691931497869722 0.03173010228163375
0.2831775517740355 -0.2830589281919814 -0.03946614058881234
0.05239681845193743 0.2500190292264488 0.02832215032646343
-0.2957415318447264 0.0005439274327338332 -0.04418710994216279
0.3016623025254659 -0.09763794635544612 0.05063903796180183
-0.3132496592738591 0.3134213851996787 -0.0630336768964055
-0.3155415123834153 -0.3154677463331662 0.06274549727984383
0 -0.3354745444362863 -0.0388040702397587
0.3261883553616667 0.13600652082994 0.07696955763882246
-0.04128241258627422 -0.16776296503451 -0.05359063501424322
0.3357381161934364 0.07107455896618942 -0.09016701183463702
-0.08457386424790486 0.3303192959093263 -0.05188669387299608
0.1914650220299913 -0.09039976852822673 -0.0862396837408847
-0.338698773290759 -0.2169110392260941 -0.0875129144257179
0.3488112481547636 -0.347848121639897 0.09547014949078794
0.3488504906879566 0.3489001797085019 0.09726117508967444
-0.3346942193633101 0.2125360393203343 0.08631350423256681
0.1485887605107848 -0.3460331479241053 0.04409530456341719
-0.3283590003332918 -0.1231927235175771 0.07975489580304967
-0.2134734228519347 0.3415902174724139 0.08060901567422271
-0.2125459397195871 -0.3422722335432071 -0.08249319030347507
0.1666655637895277 0.1922241506579689 -0.1131373270962301
-0.1333275903849763 -0.3369637239227723 0.07067396046700997
-0.1426659074825067 -0.0422096446428057 -0.0904814983104598
-0.1987924304395977 -0.01143173855062649 0.09739963271588686
0.1518958155507923 -0.06096823135446736 0.1013564414218073
0.06967466654592999 0.3592470799892303 -0.08908132126959271
0.1784091896150428 0.3384609967393952 0.09607752343372281
-0.03969393776981334 -0.1420037861614073 0.1078646510762834
0.3399080663792745 -0.1458668396792124 -0.09569105904088857
0.1324325275877567 -0.2810678876681426 -0.09395915096584795
0.0626682359884061 0.1060755765751433 0.1023619859890091
0.3615469289969648 0.3641504019058344 -0.1073891542401049
-3.469446951953614e-18 0.1275296798590296 -0.0476882427814414
-0.3398509522164862 0.1529078002623407 -0.08841378837368766
0.01632680395460228 -0.2923999741109662 0.1127053093644649
-0.361184869719935 0.3612220204231402 0.1066757867963126
-0.3643934973182181 -0.3627468256524866 -0.1077478576961425
-0.3489095676169759 0.05212618159136413 0.09939934038841083
0.22273140367916 -0.2213148525675065 0.08360636083142332
-0.04668118370231006 0.350416021756714 0.1007755961993862
0.3731166785847608 -0.3717111741330966 -0.1126200089610095
-0.06626972251148414 0.1932660970302262 0.1121043325542664
0.1857878123626958 0.1892619034791914 0.08040999724462596
0.05106561470340096 -0.05527594300728563 -0.0663038509143544
0.367041807741486 0.2111960244653933 -0.1209717101129985
-0.1394926761731627 0.1023122665218037 -0.1112287399461839
0.1472403532358429 0.05376174827488735 -0.1342746039203357
0.217604683103779 0.3765408508163258 -0.1115725696724657
0.3697667316864082 -0.2059867353586747 0.1197421697767419
0.289385625342419 0.1037337624340426 0.1634847788194112
0.3139253289435663 0.01918428723724692 0.06380429780031215
0.2771225989243186 -0.01308847115865049 0.1503195189809009
0.2022393554369817 0.005246386341838896 0.1756782207109036
0.2267790590381291 -0.07930308885495674 0.07599773969180455
0.2390420854562295 0.03751914473773631 0.08916299953031487
-0.2787331380644966 0.2633861381853955 -0.1565168384482027
-0.2447000239845986 0.2504606925998393 -0.03072561823602512
-0.2101835027752362 0.2004254455855561 -0.1242087797878224
-0.1643952405515196 0.2718350935402193 -0.1509433469364981
-0.1303621264716215 0.2589096479546631 -0.02515212672432041
-0.198911761760882 0.3218703405545025 -0.0574601853847008
0.3389721938495587 -0.04881897317772334 0.1503195189809009
0.3512352202676591 0.06800326041496971 0.1634847788194112
0.4130941776808333 0.1035860429215481 0.03751820826361595
0.4008311512627329 -0.01323619067114491 0.02435294842510563
0.3187002093594511 -0.01328169369462835 -0.01976398693641759
0.4178690580967182 0.07112006198967286 -0.04605007647311379
0.3309632357775515 0.1035405398980647 -0.006598727097907278
-0.06832716059554919 -0.3708685417398976 -0.1444020351198793
-0.0125 -0.2927372722181432 -0.1189020351198794
-0.08082716059554919 -0.3281312695217544 -0.2245
-0.1746001304553427 -0.374267386293358 -0.1662465951517375
-0.1187729698597935 -0.2961361167716036 -0.1407465951517375
-0.1062729698597935 -0.3388733889897467 -0.06064863027161689
0.4008311512627329 -0.0487591613443414 0.08697365346303039
0.4130941776808333 0.06806307224835165 0.1001389133015407
0.4381410425868258 5.981183338138463e-05 0.1866541344821295
-0.1588274781232045 0.06571361174837161 0.1736998163579434
-0.1874714095674679 0.08803413072468673 0.04949103657012106
-0.1475064572510747 0.1651794810236848 0.1257912202121776
-0.09256612415914765 0.168062529538798 0.1810521662771332
-0.1212100556034112 0.1903830485151131 0.05684338648931081
-0.1325310764755409 0.09091717923979986 0.1047519826350766
-0.2100699549169935 0.1294336647678565 0.1257912202121776
-0.2213909757891233 0.02996779549254332 0.1736998163579434
0.2534416623703317 0.0992532604149699 0.03848477881941124
0.2411786359522314 -0.01756897317772315 0.02531951898090093
0.1662953924648946 0.0007658843227662318 0.05067822071090365
-0.2893418702509795 0.1419516844280237 0.1681567521162834
-0.2554223040293241 0.2000180196601671 0.04394797232846104
-0.2667433249014539 0.1005521503848539 0.09185656847422684
0.216638932351084 0.06698050201907249 0.125
-0.2100850384841058 0.2004274869819852 0.1257912202121776
-0.2964495443778125 0.06174675556353863 0.1746996701942054
-0.2738509990282869 0.02034722152036882 0.09839948655214885
-0.341801893490143 0.1323311104558492 0.09285642231048882
-0.4370299931526421 -0.07179091177269128 -0.1881410425868257
-0.4378533569547046 -0.1443326041193378 -0.1881410425868257
-0.3357241228770679 -0.07263206897439915 -0.1470935549710814
-0.3978707659223632 -0.07115660771220479 -0.08523459755790713
-0.3349007590750053 -9.037662775266612e-05 -0.1470935549710814
-0.4370299931526421 -0.0003895102847406018 -0.1882410204236963
-0.3978707659223632 0.0002447937757458975 -0.08533457539477765
-0.3572027436000842 -0.1813595523038131 -0.168756457212859
-0.4193493866453795 -0.1798840910416188 -0.1068974997996847
-0.3172201525677427 -0.1081835558966801 -0.06585001218394035
-0.215919616702801 0.2995678354569815 -0.1565168384482027
-0.1015817191898239 0.3080167908118053 -0.1509433469364981
-0.02064120629313711 -0.2516187547353981 -0.04619735262700096
-0.03314120629313711 -0.208881482517255 -0.1262953175071216
-0.1269141761529307 -0.2550175992888585 -0.06804191265885914
0.2771694113639894 -0.08443596106328562 0.1503195189809009
0.2022861678766526 -0.06610110356279623 0.1756782207109036
-0.07665001460456798 -0.2682948080999967 -0.2245
-0.08479122089770509 -0.2271762906172516 -0.1517953175071216
-0.1704229844643615 -0.3144309248716002 -0.1662465951517375
-0.1473699814135406 0.2366071428571421 -0.1242087797878224
-0.2966946747315087 -0.2175361297841111 -0.168756457212859
-0.2606591235113157 -0.2022055196130471 -0.04375645721285892
-0.2186550249520654 -0.2028306101710641 -0.125
-0.1986782418273825 -0.1301854324924669 -0.1702407491552299
-0.1626426906071896 -0.1148548223214029 -0.04524074915522987
-0.2406823403866328 -0.1295603419344499 -0.08899720636808886
0.1216816026837015 0.08428778828757158 0.05118099299450454
0.1576255656557887 0.08876829030664424 0.1761809929945045
0.1072820257695992 0.02255367261033799 0.1018592137054082
-0.2954351668550842 -0.1441698053273337 -0.168756457212859
-0.197418733950958 -0.05681910803568949 -0.1702407491552299
-0.2893569538180918 0.2129455066421523 0.1681567521162834
0.4008311512627329 -0.08377531906289444 0.02449024384095989
0.4178690580967182 0.0005809335979233277 -0.04591278105725953
-0.2625299781561571 0.119813090795682 0.05049089040638305
-0.1551447053921788 0.2033105354970983 0.1810521662771332
0.2191853538429335 0.1303614537586683 0.165204998622313
0.124228024175551 0.1476687400271673 0.09138599161681751
0.1832413908708463 0.1258809517395956 0.04020499862231299
-0.2288940883647914 0.4067106925998393 -0.09494953041332213
-0.2879313444050638 0.3407224041685602 -0.1565168384482027
-0.2035757734959962 0.4340117115687209 -0.1884326919651194
-0.1145561908518143 0.4151596479546631 -0.08937603890161742
-0.1735934468920867 0.349171359523384 -0.1509433469364981
-0.1387158855782095 0.4525686299610128 -0.1884326919651194
-0.1087335589743 0.3677282779156759 -0.1509433469364981
-0.1515630334169958 -0.1651777097983514 0.125
-0.2554892370325821 -0.1553463617587886 0.03987744790152487
-0.2244327967177055 -0.1330240715571399 0.1648774479015248
-0.1596495117708585 -0.07714357907366455 0.1736998163579434
-0.2635757153864448 -0.0673122310341018 0.08857726425946827
-0.1907059520857351 -0.09946586927531333 0.04869981635794346
-0.2739565461320679 -0.03544232199791972 -0.1470935549710814
-0.2192037196636165 -0.02083285860503593 -0.06733430412631131
-0.07275329655105957 -0.1964277097983518 -0.2245
-0.08089450284419668 -0.1553091923156067 -0.1517953175071216
-0.01158864965358368 -0.3117286061852684 -0.2245
0.0009113503464163175 -0.3544658784034116 -0.1444020351198793
0.2870777414473863 -0.3915294640959907 -0.08019295152595117
0.2750757770359926 -0.3271886488185503 -0.1447330702944062
0.2789759667093434 -0.4356591847225596 -0.185459881231545
0.2117052293542469 -0.3905339438340713 -0.107439456714469
0.1997032649428532 -0.3261931285566309 -0.171979575482924
0.2078050396808961 -0.282063407930062 -0.06671264577733015
0.4508963396409989 0.4490944030965226 0.0003755304806632581
0.4491458490492551 0.4490944030965226 0.05926963160787296
0.3799193135477376 0.4320752009529172 -0.02405961057095041
0.4307734644984824 0.3811696040494398 -0.0240599120612815
0.3816698041394813 0.4320752009529172 -0.08295371169816011
-0.2186550249520651 -0.2028306101710635 0.125
-0.2915247882527748 -0.1706769719298519 0.1648774479015248
-0.03314120629313711 -0.1463814825172551 -0.1262953175071216
-0.02064120629313711 -0.1776314825172551 -0.1262953175071216
-0.1515630334169958 -0.1651777097983518 -0.125
-0.1315862502923129 -0.0925325321197546 -0.1702407491552299
0.4508963396409989 0.4485615646862892 -0.05946571742200589
0.4307734644984824 0.3806367656392063 -0.08390115996395064
-0.13901240354237 -0.4531312695217544 -0.1869297437885766
-0.07068524294682085 -0.4177372722181432 -0.08133177890845594
-0.1769582128066144 -0.4211361167716036 -0.1031763389403141
-0.07179478706587149 0.2678571428571421 -0.2245
-0.05478693212395243 0.2901596479546631 -0.1254433469364981
-0.1290411251524528 0.194013276118044 -0.1806143699730919
-0.1120332702105338 0.216315781215565 -0.08155771690958999
-0.08224633808658134 0.1761561332609018 -0.1551143699730919
-0.4550864919037567 0.4485615646862892 -0.110829645289918
-0.4550864919037567 0.4545646480892625 -0.1613699503388764
-0.3617113215406862 0.4067106925998393 -0.1121399008942225
-0.4066248296369295 0.3612753406891018 -0.1122637263410594
-0.4066248296369295 0.3552722572861285 -0.06172342129210096
-0.1578215324342504 0.1449061332609018 -0.05482314976091431
-0.4508963093258677 0.4490944030965226 0.0003754135730756891
-0.4508963093258677 0.4485615646862892 -0.05946583432959346
-0.3814887441858352 0.4306110102115701 0.02407864191246104
-0.4305924348599675 0.3791725748978593 0.02313131055425807
-0.4305924348599675 0.3797054133080927 0.08297255845692722
-0.3575211389627972 0.4067106925998393 -0.060776089933898
-0.29026528037635 -0.09731064747307451 0.1648774479015248
-0.225481995429503 -0.04143015498959919 0.1736998163579434
-0.06826734876216747 -0.4531312695217544 -0.1866541344821295
5.981183338171769e-05 -0.4177372722181432 -0.08105616960200888
-0.2599710028483646 0.4067106925998393 -0.03071663859483954
-0.1456331053353875 0.4151596479546631 -0.02514314708313483
0.1774176610034671 -0.4230165739620527 0.02155535864581657
0.2158831561424101 -0.3145460380580434 0.002314581987302423
0.2447120566350924 -0.3915294640959907 -0.0202253639302982
0.169339544541953 -0.3905339438340713 -0.047471869118816
0.1405106440492707 -0.313550517796124 -0.02493192320121538
-0.1918546465141485 0.157831578846458 -0.1806143699730919
-0.4491458252030056 0.4490944030965226 0.05926963146812605
-0.3797382600629731 0.4306110102115701 0.0829728598075114
0.2559880838621812 0.1626342121545657 0.0786897774417242
-0.1554597514705042 -0.2370448080999968 -0.125
-0.1119509431590733 -0.1776314825172551 -0.02679531750712158
-0.4508746177604152 -0.4491467215522847 0.05887438798477651
-0.4508746177604152 -0.4508746177604152 -2.636779683484747e-16
-0.4321967486591091 -0.3822480305866585 -0.0831133451705891
-0.3830713664195242 -0.4313734128262433 -0.02463451252555367
-0.4321967486591091 -0.380520134378528 -0.02423895718581233
0.1403819584384631 -0.03046519665498236 0.1756782207109036
0.09576816865727006 0.05305670730982298 0.1761809929945045
0.3207851844523702 -0.1217523930173293 -0.02252601053954337
0.4199540331896373 -0.1078897657247776 -0.0486748046603853
0.3378230912863555 -0.03739614035651151 -0.09292903543776279
-0.4491467215522847 -0.4508746177604152 -0.05887438798477704
-0.3813434702113938 -0.4313734128262433 -0.08350890051033044
-0.0125 0.1887648399295148 -0.1233441213907207
-0.04228693212395243 0.228924487884178 -0.04978746832721874
-0.06974633808658134 0.1149209731904167 -0.07945849136381264
0.3327973163333517 -0.4239240608199485 0.04786459465300881
0.3159943999643995 -0.3154535249159391 0.0280020044509878
0.2999804681429877 -0.3915294640959907 -0.01960355038679133
0.2326860725113623 -0.4230165739620527 0.02217717218932343
0.2487000043327742 -0.3469406347820012 0.06978272702710256
-0.3978707659223632 -0.03468438216880446 -0.02292283011102246
-0.4193493866453795 -0.1434118654982184 -0.04458573235280001
-0.1975827067257298 -0.2648861167716037 -0.04124659515173751
0.3200453404413552 -0.3715147717891079 -0.1813100044805047
0.332047304852749 -0.4358555870665483 -0.1167698857120497
0.3281471151793982 -0.327385051162539 -0.0760430747749109
-0.4550548688231324 -0.4491467215522847 0.1102302722338956
-0.4550548688231324 -0.4546571660683506 0.1610968543152753
-0.3628256250148401 -0.407733873166583 0.1119680492115585
-0.4077707561917077 -0.3623910392349337 0.1118743023835605
-0.4077707561917077 -0.3568805947188678 0.06100772030218084
0.07851429593426985 -0.06619456002919756 0.1756782207109036
0.0557308963474226 -0.02913814992829882 0.06654327185172051
-0.01765062326909981 -0.03436447860302902 0.1408650511408169
0.03390050615307677 0.01732734393560778 0.1761809929945045
0.01111710656622952 0.05438375403650653 0.06704604413532141
-0.1196132266477724 -0.004369903526378381 0.06456486749876031
-0.1595122412777122 -0.005714540856312886 0.1736998163579434
-0.08033303748588685 0.001347294167935218 0.1408650511408169
-0.0533518726837156 0.09797901426404797 0.07191721741795006
-0.0932508873136554 0.09663437693411346 0.1810521662771332
-0.3586453739521228 -0.407733873166583 0.0606121649624395
0.07056122572582196 -0.4177372722181432 -0.08165226267444098
0.06627607562726007 -0.3905339438340713 -0.1086337099650535
0.1367774895197003 -0.3905339438340713 -0.1092298030374856
0.06621626379387835 -0.3082712160522145 -0.06638161060280333
-0.01765045711383543 0.03706438061490203 0.1408650511408169
-0.03056830694160396 0.1323514633810803 0.1810521662771332
-0.1308138097970563 -0.3117766700613825 0.160336980233505
-0.1579735320584244 -0.2622318619613863 0.03533698023350501
-0.1554597514705043 -0.2370448080999964 0.125
-0.08399698348947476 -0.2142967011807 0.1789323255381417
-0.1111567057508429 -0.1647518930807038 0.05393232553814171
-0.08651076407739483 -0.2394837550420898 0.08926930577164667
-0.4305924348599675 0.3390027024675402 0.05320837349054119
0.2040482268747968 -0.4356591847225596 -0.1872502275545616
0.4381410425868258 -0.07068524294682119 0.1869297437885765
0.4384780921524563 -0.1415300274030515 0.1869297437885765
0.3393092434151893 -0.1196637576339537 0.1503195189809009
0.4008311512627329 -0.119504216124544 0.08724926276947746
0.3866937113587542 0.2952400571041139 -0.01348419195959414
0.3866937113587542 0.2399716455962185 -0.01286237841608724
0.4244252453439783 0.2775733706023256 0.04912288118072904
0.3111189567027325 0.3112984547023948 0.03527591549285817
0.4244252453439783 0.332841782110221 0.04850106763722213
-0.08010026543596627 -0.142429602879055 0.1789323255381417
-0.337217264496897 0.3373217028114094 0.02182105494995353
-0.2851160442778365 -0.2668144833376465 0.1563727486399219
-0.2490804930576439 -0.2514838731665832 0.03137274863992194
-0.194009083278617 -0.2775624721324496 0.160336980233505
-0.2244345513841958 -0.3262157351279692 0.0667097288734269
0.0009711621797980352 -0.4367286061852684 -0.1866541344821295
0.3397495639937992 0.4320752009529172 -0.05372493710391751
-0.3411170195101078 -0.4313734128262433 -0.05382039040971041
0.2399851092105897 0.3868483648481439 -0.01299049871487285
0.295669810854071 0.3868483648481439 -0.01338503203584413
0.2777166431958139 0.4244500898542509 0.04899476088194342
0.3334013448392951 0.4244500898542509 0.04860022756097214
-0.2336182579459227 -0.2802167269426676 -0.1662465951517375
-0.3399675048508167 -0.3391072859928264 -0.02250118020814934
0.4244252453439783 0.3735444929507735 0.07826525260360816
0.3735710943932334 0.4244500898542509 0.07826555409393925
0.3551987098424607 0.3565252908071681 -0.005063989575215214
0.2997878890395875 0.2048516252631139 0.02513010676743218
0.4130941776808333 0.1711265411630446 0.03897707245530305
0.3375194230248116 0.2424533502692209 0.08711536636424845
-0.1192431841047055 -0.07671776235601691 0.1026321418960851
-0.4321967486591091 -0.3402936836772421 -0.05392746728643227
-0.2391805027882994 -0.09347803628363317 -0.02209355497108137
0.3045627694554724 0.1723856443312386 -0.05843817796929756
0.2582165427862166 0.06678727948309462 -0.04508350591731849
0.2270411960482526 0.1680983648481438 -0.01335467205197904
0.2200264932535181 0.2329604401771284 -0.0699233356000941
0.1736802665842623 0.1273620753289844 -0.05656866354811504
0.251201839991482 0.1316493548120792 -0.1016521694654336
-0.2580006704559122 0.1702039001311703 -0.0434156739746662
-0.2920337845358102 0.1831293457167265 -0.1692068941868438
-0.3265503057451726 0.2331645927310097 -0.07572373263504659
0.06712761414029467 -0.3272625500193397 -0.171979575482924
-0.3395810609590988 0.4306110102115701 0.0534189909019786
0.3729671887636709 -0.4239240608199485 0.07794165758929185
0.3735000271739043 -0.4239240608199485 0.01810040968662276
0.4244056240773818 -0.3328443316709472 0.04768153630703294
0.3915887758870177 -0.3004497349469895 -0.01978660873276721
0.3264721417302219 -0.244522831775328 0.04013801459396478
0.4348833658432041 -0.2619136385303361 0.05981754645000992
0.3592889899205859 -0.2769174284992859 0.1076061596337649
0.4490944030965225 -0.4508746177604152 -0.05887408138128906
0.4244056240773818 -0.3747986785803637 0.01849565842287612
0.4365583392923804 -0.3867302048269635 -0.08554942080302258
0.3609639633697622 -0.3597796478864968 -0.008574929735110759
0.385652742388903 -0.4358555870665483 -0.08594466953927594
-0.09197416003439043 -0.1049863048386578 -0.07203606666235152
0.06103574249893371 0.3046330546078396 -0.03037958547156464
0.07039749175776015 0.4296235399946152 -0.04549352626128973
0.06175856771076387 0.3750095146132244 0.01320820953673835
0.1154030040334901 0.294240012982922 0.06219983688009312
0.1247647532923166 0.4192304983696976 0.04708589609036803
0.1240419280804864 0.3488540383643128 0.003498101082065046
-0.4141795001666459 -0.09655270764395994 0.03904817276158377
-0.3120502660890091 -0.06132439804242164 0.01778389293044344
-0.3335288868120254 -0.1700518813718356 -0.003879009311334114
0.07304501536255598 -0.2179104250122527 0.1813526546822324
0.05347590197730066 -0.2399499870554832 0.06646450287263858
0.1101941133852544 -0.1654604379567696 0.1351118481904061
0.1762473152248348 -0.1823678642405228 0.1668031804157117
0.1566782018395795 -0.2044074262837533 0.0519150286061178
0.1195291038168812 -0.2568574133392364 0.09815583509794409
0.2220239586765812 -0.009469382245040792 -0.1681198418704423
0.2636015691117138 -0.009662604781018658 -0.08820334778776086
0.2941605057583038 0.07126778150216728 -0.1700835059173185
0.199911624279507 0.06261137615651625 -0.1921373019601679
0.2414892347146397 0.06241815362053839 -0.1122208078774864
0.1693526876329171 -0.01831901012666969 -0.1102571438306102
-0.3219502563583536 -0.2193302349253716 0.07125019654144675
-0.01728058072603295 -0.1067123374326675 0.1789323255381417
0.05610093889048946 -0.1014860087579373 0.1046105462490453
-0.0400639803128802 -0.0696559273317688 0.06979737667895856
0.2225191746170574 -0.1529286289949853 -0.1681198418704423
0.2373212869020134 -0.186729348360104 -0.06285291216484852
0.2683754394890795 -0.2492582088268626 -0.1447330702944062
0.296740696791699 -0.1806621645704781 -0.1728455295204443
0.311542809076655 -0.2144628839355969 -0.06757859981485045
0.2656865442046329 -0.1181333041037196 -0.09096537139088663
0.3915887758870177 -0.2873577618798088 -0.08097015683007192
0.4365583392923804 -0.3447758579175471 -0.05636354291886576
0.4365583392923804 -0.3316838848503664 -0.1175470910161705
0.002857817374813686 0.3002175254915814 0.06454887326292483
0.01221956663364013 0.425208010878357 0.04943493247319974
0.06586400295636637 0.3444385092480546 0.09842655981655452
-0.4027971485059797 0.447710656602223 -0.2056230624460198
-0.447710656602223 0.4022753046914855 -0.2057468878928566
-0.3543354862391526 0.3544213492020624 -0.1565168384482027
-0.4066248296369295 0.3151023848558094 -0.03164635835581784
0.2096242295563494 0.131842577348057 -0.181568663548115
0.1569529585126853 0.1229929494664282 -0.1237059655082829
0.0695495500335368 0.4529128686333918 0.1875450931020666
0.1402360176935961 0.4529128686333918 0.1874019541479799
0.1587551640489912 0.3721433670030894 0.1730387617168614
0.1598900432596477 0.4192304983696976 0.1104407158648413
0.0892035755995884 0.4192304983696976 0.110583854818928
0.3915887758870177 -0.244713501036427 -0.01953202834622068
0.4348833658432041 -0.2061774046197737 0.06007212683655644
0.4244056240773818 -0.3730707823722332 0.0773700464076529
0.01149674142180997 0.3548315508729722 0.005847137464896755
-0.4414543942990676 -0.2874546092188573 0.185372797055934
-0.3492251504907753 -0.2996208021674009 0.1563727486399219
-0.4077707561917077 -0.3033015533846225 0.09174554569585593
-0.4141795001666459 -0.207164041976828 0.1002502449574589
-0.3556338944657135 -0.2034832907596065 0.1648774479015248
0.07147257607223828 -0.4367286061852684 -0.1872502275545616
0.140091623532771 -0.4540120752797904 -0.1872502275545616
0.1357466616008274 -0.3445460191138617 -0.171979575482924
0.4178690580967182 0.03551010954247369 -0.1083245263410148
0.4199540331896373 -0.07296058978022724 -0.1110865499441405
-0.277271236389621 0.4340117115687209 -0.1863560607444036
-0.3025895512584163 0.4067106925998393 -0.09287289919260636
0.433520903870743 0.2087212929807713 -0.05999356142060744
0.433520903870743 0.2639897044886667 -0.06061537496411434
0.3202146152294972 0.2424463770808405 -0.07384052710847831
0.3449500315483504 -0.4358555870665483 -0.05618048457288989
0.3174671758572366 0.3189235658010611 -0.06704924917203149
0.4307734644984824 0.3404668932088872 -0.05382409702766752
0.3642943683692254 0.2876732131856138 -0.1141804321765517
-0.2396718141948244 0.1276100333920722 -0.09982126415993578
0.2220707711162521 -0.08081687214967598 -0.1681198418704423
0.2942073181979747 -7.9708402467904e-05 -0.1700835059173185
0.2962922932908937 -0.1085504077251688 -0.1728455295204443
-0.4077707561917077 -0.3166541440175819 0.03131921020156089
0.4130941776808333 0.2134922259753386 0.09894466005095598
0.3543837599819198 0.208752887123838 0.1634847788194112
0.4412895823010864 0.2862385922692366 0.1854598812315447
0.4244252453439783 0.3199390554146195 0.109090468776382
0.3657148276450647 0.315199716563119 0.1736305875448372
0.1930029273959401 -0.2482626885649432 -0.171979575482924
0.161948774808874 -0.1857338280981847 -0.09009941735336632
0.05781249999999952 -0.1562500000000002 -0.08938815180959386
0.1115287637938779 -0.2342839438340714 -0.03686772729251783
0.07871626379387835 -0.2030339438340715 -0.146479575482924
0.03803280735170048 -0.09013797150364299 -0.1326519254571772
0.09174907114557883 -0.1681719153377141 -0.08013150094010117
0.0708453073517 -0.1213879715036429 -0.02304007726677106
-0.4479897121052856 -0.4026468781736361 0.2055015537436386
-0.403044580928418 -0.4479897121052856 0.2055953005716366
-0.3557604682969933 -0.3557235852718686 0.1563727486399219
0.2677784410472063 0.4382704254081629 -0.05581664482009792
0.212093739403725 0.4382704254081629 -0.05542211149912664
0.2454960529106437 0.3251187902563068 -0.0691409568882119
-0.3156134557360608 0.4067106925998393 -0.03143574094438043
-0.4414543942990676 -0.2125721719476388 0.1869297437885765
-0.4378513697405407 -0.1435892756375863 0.1869297437885765
-0.3520308699071866 -0.1345003944495539 0.1648774479015248
-0.4141795001666459 -0.1322816047056095 0.1018071916901014
0.1082325110149956 -0.1076998842641135 -0.1426198418704424
0.1212653183666961 -0.07283785576775618 -0.07627176732761955
-0.3166910270427064 -0.407733873166583 0.03142628707828275
0.001224291231478769 0.4359742953792005 0.1875450931020666
0.09042990524693316 0.3552047937488981 0.1730387617168614
0.04503464450034816 -0.1427123310374732 0.1789323255381417
0.02546553111509285 -0.1647518930807038 0.06404417372854783
-0.01168356690760553 -0.2172018801361868 0.1102849802203741
0.03390067230834115 0.08875620315353883 0.1761809929945045
-0.00180074326153902 0.1496708368026848 0.1072331592716377
-0.09130973686593621 -0.2614872722181433 -0.01940203511987932
-0.2756223565051731 -0.2795916363846506 -0.08500305236459649
-0.00814120629313711 -0.1463814825172551 -0.1262953175071216
0.02467129370686241 -0.1776314825172551 -0.01668346931671547
0.004891601058563368 -0.1115194540208978 -0.05994724296429881
0.1095311911207326 0.2211215899422089 -0.04240758838488334
0.1628921205847229 0.2618578794613683 0.0008064031112526623
0.1715310446317192 0.3164719048427591 -0.05789533268677541
0.1181701151677289 0.2757356153235996 -0.1011093241829114
0.09576062665310092 0.1244722156039825 0.1761809929945045
0.1573204148402458 0.1660653790560065 0.165204998622313
-0.1948119057736364 0.264545108736207 0.04109572804928899
-0.2287465555624041 0.2774725957181922 0.1653045078371114
-0.1398715726817094 0.2674281572513201 0.09635667411424453
0.3513899619674612 0.1411352917157913 -0.1055693609738178
0.2668536857655069 0.2017100875616811 -0.1170545186046143
0.07429438025539239 -0.3407538461801958 0.002645617161829244
0.1098771627619706 -0.4230165739620527 0.02301422283750381
0.0355827825065782 -0.4177372722181432 -0.01843546456408414
0.1017990463004566 -0.3905339438340713 -0.04601300492712876
0.03414487570864266 0.1614871999145132 0.1761809929945045
0.05753252722017176 0.1780473029007961 0.06534206815773624
0.02900916694040833 0.233458926240166 0.1391610751632317
0.09570466389578752 0.2030803633665372 0.165204998622313
0.1190923154073166 0.2196404663528201 0.05436607378554469
-0.1082922057756426 0.09509596574893484 0.01665627135299451
0.04557505750074124 -0.2244154263513263 -0.07377489299004558
0.4412895823010864 0.2113108524346899 0.1872502275545616
0.4381410425868261 0.141989797154393 0.1872502275545616
0.3512352202676595 0.139431831843541 0.1634847788194112
0.4130941776808333 0.1385644861407919 0.1007350063739728
-0.02334161105908802 0.425208010878357 0.1129328912017597
0.3733614579956605 -0.173838152135568 0.184871084888371
0.4348833658432041 -0.1736786106261582 0.1218008286769475
0.335714517105937 -0.1518123408570604 0.08519060386927187
0.356010100683544 0.03553727948309443 -0.1700835059173185
0.358095075776463 -0.07293341983960649 -0.1728455295204443
-0.2633615410628969 0.3275058013360463 0.008787669388908605
-0.2100828846374024 0.420795108736207 0.04110470769047457
-0.1490236435499198 0.3359547566908701 0.01436116090061331
0.140829521160651 -0.1021945536340032 0.1756782207109036
0.1212604077753957 -0.1242341156772338 0.06079006890130978
0.2258983061662756 0.3060788632178415 0.03468408966488235
0.192495992659357 0.4192304983696976 0.0484029350539676
0.2636298401514997 0.3436805882239485 0.09666934926169862
0.1410450110149952 -0.1389498842641134 -0.03300799368003621
0.186079995704494 -0.01394988426411346 -0.04311984187044234
0.2465636622777286 -0.09401885744183643 -0.01780032288954143
0.4381410425868258 -2.716994062129663e-05 -0.1882410204236963
0.4199540331896373 -0.1761174567800425 -0.0476444875722588
0.4199540331896373 -0.2187617176234243 -0.10908261605611
-0.08996334951455487 0.05250209900983673 -0.03974931883227507
-0.1691425533063802 0.04544026398558862 -0.006914553615148512
-0.02211528141174327 0.3611823062575575 0.1753877980996931
0.1448556059812144 -0.4230165739620527 -0.04020257527285303
0.3466150815515764 0.1736012726476666 -0.02200107623708802
0.3027158514632656 0.2821354905397188 0.1736305875448372
0.2913847838001206 0.1756886611004378 0.1634847788194112
0.2211845123006352 0.2023163524250635 0.165204998622313
0.2673191515253262 0.2690810415938466 0.0888355861671502
0.2895758060503719 0.3703456263610801 -0.1094808619562853
-0.4199254761082431 0.07642673019054932 -0.1074479146105401
-0.3569554692608852 0.07609155978705076 -0.1692068941868438
-0.3177962420306063 0.07672586384753725 -0.06630044915792523
-0.08807519434766908 0.1575148399295148 -0.02305290117854307
0.3548373990328414 -0.1759267875189436 0.01202555536792667
-0.2740838211076224 0.2770631283963741 0.08346125995339476
0.141301913839853 -0.4540120752797903 0.1877876194479428
0.06950322786632795 -0.4540120752797903 0.1882410204236962
0.07769379978425012 -0.3502120623352734 0.1813526546822324
0.008136232036680121 -0.3961999870554831 0.1195936751059286
0.07993491801020519 -0.3961999870554831 0.1191402741301752
0.3565123724820177 -0.2587890069061545 -0.104155534000949
0.4381410425868258 0.07056122572582163 0.1872502275545616
0.3319899670069987 -0.2813841597480433 -0.1447330702944062
0.3769595304123614 -0.3257102827186009 -0.1813100044805047
0.3133450028944422 -0.2935843317974202 -0.1813100044805047
0.3603552243096182 -0.2127881154916588 -0.1728455295204443
0.3078926252263566 -0.359583245542508 0.172735074745394
0.3200958712659767 -0.4239240608199485 0.1087629313657785
0.2791772483375697 -0.4356591847225595 0.1860278566203845
0.2077813814043672 -0.3586757586846122 0.1470476522817086
0.2199846274439873 -0.4230165739620527 0.08307550890209309
0.07476354941626845 -0.2902824997070956 0.1813526546822324
0.1779658492785473 -0.2547399389353657 0.1668031804157117
-0.09154996516922687 -0.01975885657246799 -0.02937569801441303
-0.1707291689610522 -0.02682069159671609 0.00345906720271353
-0.1410792918278347 0.03005131093949901 -0.1008551191283218
-0.03495634588517135 -0.4177372722181432 -0.01857275997993841
-0.1412293157449649 -0.4211361167716036 -0.0404173200117966
0.1438247780623414 -0.3770286492418429 0.1470476522817086
0.1460658962882964 -0.4230165739620527 0.08483527172965138
0.08245778223269354 -0.3192165610175358 0.07840030696394104
-0.2359459602700323 0.09402196371636688 -0.02130233475890377
-0.2472669811421621 -0.005443905558946326 0.02660626138686203
-0.2176171040089445 0.05142809697726878 -0.07770792494417333
-0.3223255497308511 0.02633505451204898 0.02760611522312402
-0.344380259916731 0.1025169909268524 0.005492776007361588
0.07013047326152488 0.03259596574893477 0.01586505114081689
0.005315795923726947 -0.02629200575470796 -0.01728687431636032
0.1014807151270966 -0.0581220871808765 0.01752629525372644
0.1158802920411989 0.003612028496357094 -0.03315192545717718
0.156576817650988 0.3125132066889415 0.1730387617168614
0.09357063206943528 0.2682922229324683 0.1391610751632317
0.04403163099231153 0.3184907191976009 0.1753877980996931
-2.716994062101907e-05 -0.4177372722181432 0.04383898530381684
-0.1016201410776595 -0.4184818619613861 0.03616625537344592
-0.06666379519248816 -0.3362191341795293 0.01593494511362563
-0.06669096513310918 -0.4184818619613861 0.09857800065720118
0.2295876175401021 0.2314793165877396 0.02685032657033393
0.2857713259169618 -0.2845814871037017 0.08953825516110564
0.2448527029885548 -0.2963166110063127 0.1668031804157117
0.1856600820949724 -0.2836740002458059 0.06385083269742026
0.00816340197730114 -0.3139372592736263 0.03695061956235308
0.04374618448387935 -0.3961999870554831 0.05731922523802765
0.005685838466793811 -0.09863986458434648 0.02078040008096449
-0.4066248296369295 0.3024009397884342 -0.09254469506858748
0.1999584367191779 -0.008736113748118935 -0.1921373019601679
-0.05850039321518702 -0.3146818490168692 0.09168963491573742
0.1436396748248545 0.3678939654027781 -0.1003269454710292
0.1980069363594109 0.3575009237778605 -0.007747523119371436
0.2052585171818789 -0.4356591847225595 0.1877876194479428
0.4404011911199809 -0.2856829934358707 -0.1862370865356657
-0.3372725857898982 0.1827219197913375 -0.001050142070560423
0.1602661290248145 0.2379136600588396 0.165204998622313
-0.08383295374125332 -0.021104822321403 -0.1447407491552299
-0.03271701142797354 0.001345965748934708 -0.08363494885918313
-0.0125 0.06376483992951466 -0.1233441213907207
-0.02021701142797353 0.06511080567844968 -0.007979070249903825
-0.07133295374125333 0.04266001760811197 -0.06908487054595061
0.1873136096149761 -0.1411415419609869 0.09248140112661529
0.1639676613074199 0.05813087413744358 -0.06713730196016786
-0.07996299494282 -0.07100056466170331 0.1789323255381417
0.1606141244002505 -0.116910322220883 -0.1681198418704423
0.07738161338525489 -0.1342104379567698 -0.2245
0.1310978771791332 -0.212244381790841 -0.171979575482924
-0.1729367650522817 -0.3396179787329897 -0.005909614918232553
0.02619840922596871 0.1887743545427392 -0.009683046227488987
-0.01608852289798372 0.2901691625678876 -0.01178227177326633
-0.0754217933796945 0.2617926964697763 0.03010881934063514
-0.006936452029773353 0.2216425631283375 0.07021324144036489
-0.03313486125574207 0.1603978884446279 0.03220804488641248
-0.06644749954504692 0.4525686299610128 -0.1878892258325311
-0.04228780481865177 0.4151596479546631 -0.08883257276902916
-0.4077707561917077 -0.2609179101070194 0.0315737905881074
-0.4141795001666459 -0.1647803986992249 0.04007848984971032
0.2924199271497507 -0.1903484372737138 0.005586448686494744
0.2621968531023129 -0.1594763994614763 0.06712269939661258
0.2529544777265977 -0.252186890379744 0.02207011012130549
0.2070982128545756 -0.1558573105478666 -0.001316661454730687
-0.02052983413671541 0.2836574225052986 0.1753877980996931
0.01303280735170048 -0.02763797150364297 -0.1326519254571772
0.02553280735170048 0.036126868425872 -0.0569960468478979
0.07426721031477138 -0.4230165739620527 0.0852886727054048
-0.07275329655105957 -0.1339277097983519 -0.2245
0.2174952009268087 0.2769158990551654 0.1730387617168614
0.1820985009888693 0.2638614501092933 0.08824376033917439
0.001224437744712092 0.4359742953792004 -0.1878892258325311
-0.041061621684541 0.3511339433338636 -0.1509433469364981
0.4178690580967182 0.1386605602311693 -0.04459121228142669
0.4384780921524563 -0.07087195439685162 -0.1882410204236963
0.3584321253420936 -0.1437782042958368 -0.1728455295204443
-0.01728279853760378 -0.1781447502235612 0.1789323255381417
0.01072757232460403 -0.2533428441983406 0.1813526546822324
-0.447710656602223 0.3434009037908179 -0.1860278566203847
-0.3436753782237097 0.447710656602223 -0.1863560607444036
0.0008841804057952429 -0.4367286061852682 0.1882410204236962
0.009074752323717402 -0.3329285932407513 0.1813526546822324
-0.2933107520541582 -0.3433668064900896 0.1563727486399219
-0.2022037910549387 -0.3541147952848926 0.160336980233505
-0.08224633808658134 0.05115613326090171 -0.1551143699730919
0.1762266880761118 0.1907430270685802 -0.01636366492580207
0.0125 -0.2927372722181432 -0.1189020351198794
0.01341135034641632 -0.3117286061852684 -0.2245
0.07871626379387835 -0.2655339438340713 -0.146479575482924
-0.007449598850987435 0.3447831879492783 -0.0704840075712944
-0.0002617670315960968 0.4296235399946152 -0.04477234489337181
-0.07738603242851352 0.4151596479546631 -0.02617503119507349
-0.06562752397510746 0.3403676588330202 0.02444445116319507
-0.05843969215571612 0.425208010878357 0.05015611384111766
0.26324374304167 0.243534482420786 -0.138354672051979
0.3100709355536588 0.2122841298053388 -0.1854858550564993
0.2353523732348053 0.294956542980805 -0.1807862848362328
0.2923232454226325 0.2938684376408596 -0.1162721398927321
-0.04048817517804378 -0.1548833755979586 0.02713700803102008
-0.08730500148562527 -0.2523633444786411 0.008541662726383376
-0.01247780431583597 -0.2300814695727381 0.02955733717511083
0.09034748468949841 0.09501483992951473 -0.02384412139072069
0.2098828135776797 0.2027981929016266 -0.181568663548115
0.1921351234466533 0.2843825007371474 -0.1123549483843479
-0.04580014638955285 -0.04874279382504566 -0.07839267461240709
-0.3438180098891037 -0.4479897121052856 0.1862370865356656
-0.3035990539755258 -0.407733873166583 0.0926098351755875
-0.1115267482939097 -0.09240403425106522 0.0158650511408169
-0.3978707659223632 0.03585474622294507 -0.0230601255268767
-0.4199254761082431 0.1120366826377485 -0.04517346474263913
-0.04085821772111065 -0.08253551676832012 -0.01093026636630473
0.1408945276943597 -0.3170990866136651 0.1470476522817086
-0.4479897121052856 -0.3435573923233249 0.185372797055934
-0.4173471096816551 0.1418508021667453 0.04219018156048811
-0.424454783808488 0.06164587330226021 0.04873309963841012
0.4384780921524563 -0.1422733558848023 -0.1881410425868257
0.4199540331896373 -0.1443619912681779 -0.11098657210727
-0.07193126290340589 0.1964294810236843 -0.2245
-0.1291776009899872 0.1225856142845862 -0.1806143699730919
0.09583278189476387 0.2211120753289845 -0.156068663548115
0.03869840922596872 0.2500095146132244 -0.08533892483676829
0.0125 0.1887648399295148 -0.1233441213907207
0.08333278189476387 0.1598769152584993 -0.08041278493883575
-0.2702272897805285 0.03594338010565131 -0.1470935549710814
-0.2922819999664084 0.1121253165204547 -0.1692068941868438
-0.2813682936462687 -0.4356329333235065 0.1862370865356656
-0.2124920929763063 -0.4184818619613861 0.09657406676917057
-0.1936894775994186 0.01456659406788154 -0.1702407491552299
0.3173140900572922 0.2896889903267963 -0.1854858550564993
0.3145666506850315 0.3661661790470168 -0.1786945771200524
0.2425955277384386 0.3723614035022625 -0.1807862848362328
0.03133411799420305 0.1168026282170865 0.02733687160378383
-0.4193493866453795 -0.2116395565534834 -0.04355541526467346
-0.0125 0.1262648399295148 -0.1233441213907207
-0.08224633808658134 0.1136561332609018 -0.1551143699730919
0.1381287311248006 0.4296235399946152 -0.04417648729769016
-0.06835433053617021 -0.4531312695217542 0.1882410204236962
-0.1397557320241209 -0.4531312695217542 0.1881410425868257
-0.1349909557880374 -0.3716131314831403 0.160336980233505
-0.1380923666210599 -0.4184818619613861 0.09847802282033069
0.1165458939154671 0.1562595146132243 0.01416107516323173
0.4008311512627329 -0.1520030101181594 0.0255205609290864
-0.1921028619447466 0.08682754965018626 -0.1806143699730919
-0.4173471096816551 0.2093913004082418 0.04364904575217522
-0.4199254761082431 0.179577180879245 -0.04371460055095201
0.2377039619408365 -0.1462744141693158 0.1668031804157117
-0.0657524448460719 -0.3552104681466544 0.160336980233505
-0.4173471096816551 0.2646597119161372 0.04302723220866832
-0.3239719393185846 0.2629787122600065 0.01163991366808066
-0.3479395445416226 0.2868790298717372 0.09649464551443969
-0.4066248296369295 0.259833973347914 -0.03102454481231093
-0.3271201428370872 -0.2661893927796302 -0.01238370857293704
-0.08383295374125332 -0.08360482232140301 -0.1447407491552299
-0.4370133005536668 -0.0003025285107376707 0.1866541344821294
-0.4370133005536668 -0.07104758329094027 0.1869297437885765
-0.4141795001666459 -0.0615365499254069 0.1015315823836543
-0.3511928007203127 -0.06195870210290789 0.1648774479015248
-0.2069685672910223 -0.4356329333235065 0.1881410425868257
0.3200074196899459 0.4244500898542509 0.1090941425945178
-0.424454783808488 -0.008893255089489314 0.04887039505426435
-0.3386342839751338 -0.0355332709631065 0.08957711809573025
-0.4193493866453795 -0.2673757904640458 -0.04380999565121997
-0.3515461353044886 -0.2898289324392904 -0.0976303860609302
0.2776178148647948 -0.156547717908595 0.1503195189809009
0.3116700294452659 -0.2107221124102092 0.184871084888371
0.3112216259444606 -0.1386103555648999 0.184871084888371
0.2381523654416418 -0.2183861710146251 0.1668031804157117
0.2962490676827841 -0.2136507939630906 0.1016742653040826
-0.260954793132144 -0.407733873166583 0.03117170669173629
-0.1698478321329245 -0.4184818619613861 0.03513593828531936
0.07738161338525489 -0.1967104379567697 -0.2245
0.1716804187903918 -0.07568399994134704 0.007558378840461288
0.04733733327296499 0.3046235399946152 -0.1440406606347964
0.1601665616780626 -0.0451809652418621 -0.1681198418704423
0.1380542272809885 0.02689979315969494 -0.1921373019601679
0.4348833658432041 -0.1379497135645087 0.05904180974842993
-0.2640437260515012 -0.3288699899381866 -0.009873846511815623
-0.2651932407107923 -0.4211361167716036 -0.0411930567133767
-0.2884697185189026 -0.3525095295978469 -0.09512052399980879
-0.00814120629313711 -0.208881482517255 -0.1262953175071216
-0.1660314984918381 0.3136522515933495 0.1653045078371114
-0.09242964832161281 0.2394901913722556 0.1810521662771332
0.1477592905536615 0.1675465026453952 -0.181568663548115
0.1380466852768191 0.09831530145385438 -0.1921373019601679
0.4404011911199809 -0.2112832670806243 -0.1881410425868257
-0.3438293550396765 0.2968053258430666 -0.1565168384482027
-0.437204525402747 0.2857848804318221 -0.1860278566203847
-0.3571300015109901 0.2165485333743976 -0.1692068941868438
-0.4199254761082431 0.2221441473197652 -0.1052347508072286
-0.2094570068002299 -0.4211361167716036 -0.04144763709992316
-0.4370299931526421 0.07140917568878447 -0.1877876194479429
0.07693405066306701 -0.0624810809777489 -0.2245
0.08996685801476749 -0.02761905248139155 -0.1581519254571772
-0.437204525402747 0.2118661492761313 -0.1877876194479429
-0.4199254761082431 0.1482254161640744 -0.1069945136347867
0.07693405066306701 1.891902225110986e-05 -0.2245
0.03803280735170048 -0.02763797150364297 -0.1326519254571772
0.4178690580967182 0.07125156519738018 -0.1700835059173185
0.3563221414612824 0.1064320120984421 -0.1700835059173185
0.03483646057826566 0.4296235399946152 -0.1074298864673275
0.03606264371237643 0.3655978353738156 -0.1695406606347964
0.3705094427545408 0.3221698341961446 -0.1786945771200524
0.3732568821268014 0.2456926454759241 -0.1854858550564993
-0.424454783808488 0.02612290262906373 0.1113538046763349
-0.3614680843621548 0.02570075045156273 0.1746996701942054
-0.03032410354130245 0.2050824601420547 0.1810521662771332
-0.0564754531068971 0.2718410593934701 0.1064399643768263
0.07362017661792145 0.0906457140669585 -0.09098142335088857
0.09915298396962192 -0.0007570973661991387 -0.1002892274173451
-0.2657253375250986 0.420795108736207 0.04038560534093368
-0.2873291462859348 0.3514061189477771 0.09364240123526764
-0.05598661262726695 -0.2894947951554795 0.1813526546822324
0.4178690580967182 0.1073087955159988 -0.1078711253652614
0.433520903870743 0.1773695282656007 -0.1232734745044421
-0.4173471096816551 0.176829245385989 0.105406979670845
-0.424454783808488 0.09662431652150397 0.111949897748767
-0.4348625195861093 0.1428909776961405 -0.1877876194479429
-0.360804112146808 -0.2503424486138653 -0.168756457212859
-0.3095420367452382 -0.2904540229973074 -0.1788739288480712
-0.3736514741605376 -0.3232603418270615 -0.1788739288480712
0.4384530833645642 0.1426662486482514 -0.1877876194479429
-0.3547879956943524 0.1475733617944068 -0.1692068941868438
0.3098123515323286 0.1413285142517692 -0.1854858550564993
0.3719739872353073 0.176492744848044 -0.1854858550564993
-0.352070143360853 0.1773886964403256 0.1681567521162834
-0.3591778174876858 0.09718376757584049 0.1746996701942054
-0.1418358117305284 0.420795108736207 0.04007282357853591
-0.1300773032771224 0.346003119614564 0.09069230593680447
0.234786769153489 0.4192304983696976 0.1085023167665419
-0.1114157861988241 0.268958010878357 0.05117901831187074
-0.01127468956058857 0.3109742953792004 -0.2245
0.022337333272965 0.3046235399946152 -0.1440406606347964
-0.2986348841947717 0.2902800228569494 0.1681567521162834
-0.3545189175904104 0.2463626529033947 0.1681567521162834
-0.3118802093730841 0.3646230134083523 0.1783378933981563
-0.3677642427687229 0.3207056434547977 0.1783378933981563
0.0125 0.06376483992951466 -0.1233441213907207
0.4307734644984824 0.327765448141512 -0.1147224337404372
0.433520903870743 0.2512882594212915 -0.121513711676884
-0.238024485939084 0.3548071119329892 0.1653045078371114
-0.4414547255014285 -0.21331550042939 -0.1881410425868257
-0.4371718079087554 0.2855835988035962 0.1854598812315447
-0.4371718079087554 0.2106558589690495 0.1872502275545616
-0.4173471096816551 0.2517569852205357 0.1036166333478282
-0.4347230336791978 0.1416819025059803 0.1872502275545616
0.3011922876794436 -0.2816528055508204 0.172735074745394
0.01303280735170048 -0.09013797150364299 -0.1326519254571772
0.3107234154113065 0.3597574293227656 0.1736305875448372
0.2255027648748497 0.3545378378382122 0.1730387617168614
0.04531249999999952 -0.2614872722181433 -0.009290186929473209
-0.4414547255014285 -0.2877152267846363 -0.1862370865356657
-0.4193493866453795 -0.2542838173968652 -0.1049935437485247
0.07910014743896736 -0.2690825126516126 -0.2245
0.1328164112328457 -0.284616456485684 -0.171979575482924
-0.3005405640181921 -0.009651194918603882 0.1746996701942054
-0.3177367445215598 -0.3670063461497501 -0.1788739288480712
-0.4305924348599675 0.3260999757719387 0.113797774629701
0.4485615646862891 -0.4491467215522847 0.0598415545061568
0.4485615646862891 -0.4508746177604152 0.0009671665213800279
0.1196068802553919 -0.2667665739620527 0.03215950047211474
0.08612017661792144 0.02688087413744352 -0.1666373019601679
-0.177423038957496 0.420795108736207 0.1031249855047445
-0.09402691938268368 0.425208010878357 0.1132082757673262
0.1487455615165553 0.2381055846465764 -0.181568663548115
0.1742151211736809 0.3302639347257548 -0.1807862848362328
-0.07193126290340589 0.1339294810236843 -0.2245
0.2069836185194545 0.4353073394685146 0.1874019541479799
0.09583278189476387 0.1586120753289844 -0.156068663548115
0.0125 0.1262648399295148 -0.1233441213907207
0.4244056240773818 -0.3194917410379879 0.108107871801328
0.4348833658432041 -0.2485610478973768 0.120243881944305
0.3648068151973627 -0.3137787564720011 0.172735074745394
0.3752845569631851 -0.24284806333139 0.184871084888371
-0.4321967486591091 -0.3272017106100614 -0.115111015383737
-0.1314489797991668 -0.02110349390240299 -0.1702407491552299
0.4485615646862891 -0.4546571660683506 0.1107081365875365
0.4244056240773818 -0.3785812268882991 0.1282366284890326
-0.251840650077833 -0.4211361167716036 -0.1016193922076717
-0.3277644288771485 -0.4313734128262433 -0.1142467259040054
-0.1298623641444948 0.05115746167990172 -0.1806143699730919
0.4546598903933302 0.4490944030965226 0.1101543693785275
0.3790851357373085 0.4244500898542509 0.1291502918645938
0.4545646480892625 -0.4546571660683506 0.1612484416364951
0.3789702721666443 -0.4239240608199485 0.1284819626382504
0.2818803444132958 0.4353073394685146 0.1854635550496805
-0.2062252388092715 -0.4356329333235068 -0.1869297437885766
-0.2418129657222442 -0.3567690500951104 -0.1662465951517375
0.4546598903933302 0.454630959445664 0.1610386135778197
0.4244252453439783 0.3790810492999149 0.1291494968029003
0.08612017661792144 0.08938087413744362 -0.1666373019601679
-0.2811076760804901 -0.4356329333235068 -0.1853727970559341
-0.08263537891702577 0.3180651537354995 0.1753877980996931
-0.2523268125598286 0.420795108736207 0.1008901413236036
-0.3261825359938287 0.4306110102115701 0.1139235268846485
-0.2019741020446453 0.4340120031967823 0.1878204776676331
-0.1371292063308725 0.4525686882866251 0.1878204776676331
-0.1731795902253112 0.3733637970228321 0.1653045078371114
0.1002501128947564 0.3216170493122071 -0.1695406606347964
0.1423653365110819 0.4522466189299976 -0.1881149852982701
0.1052561060107222 0.3818701589246128 -0.1695406606347964
0.07055161898725047 0.4296235399946152 -0.1695406606347964
0.1067838970462896 0.4296235399946152 -0.1076556459330664
0.1807489053252141 0.4382704254081629 -0.1189012701345029
0.1775819656334583 -0.2511913701178246 -0.005176395067212312
-0.2768778756469779 0.4340120031967823 0.1855856334864922
-0.08978347065049888 0.3777766991649821 0.1753877980996931
-0.424454783808488 0.06177737650996754 0.1746996701942054
0.326738201087009 0.4320752009529172 -0.1150499373971589
0.2547670781404161 0.4382704254081629 -0.1171416451133394
0.3434009037908178 -0.447710656602223 0.1860278566203845
0.4022753046914854 -0.447710656602223 0.2057468878928564
0.3721162806796047 -0.3716347174221715 0.172735074745394
0.4477106566022229 -0.4023678226705736 0.2055015537436386
0.4477106566022229 -0.3432783368202624 0.185372797055934
0.447710656602223 0.3431996221625916 0.1854598812315447
0.447710656602223 0.402341616047887 0.2055189092580631
0.3721359019462013 0.372160746456474 0.1736305875448372
0.4023705469955532 0.447710656602223 0.2055197043197565
0.3432928309481906 0.447710656602223 0.1854635550496805
-0.07261602605791344 1.328418999704817e-06 -0.2245
-0.07261602605791344 -0.06249867158100031 -0.2245
-0.05905487756544109 0.425208010878357 0.1753877980996931
-0.4491458252030056 0.454630959445664 0.1101538756674182
-0.4305924348599675 0.385241969657234 0.1338568026562194
0.4508963396409989 0.4545646480892625 -0.1100060224709643
0.4307734644984824 0.3866398490421797 -0.134441465012909
0.01372531043941143 0.3109742953792004 -0.2245
0.07791277962179143 0.2669935093175919 -0.2245
0.447710656602223 0.4022753046914855 -0.2057468878928566
0.447710656602223 0.3434009037908179 -0.1860278566203847
0.3784841211007054 0.3797858575551402 -0.1786945771200524
-0.4546614709816591 0.454630959445664 0.1610630292372326
-0.3852539058416266 0.4306110102115701 0.1338820133773257
-0.3435573923233256 -0.4479897121052863 -0.1853727970559341
-0.4026468781736368 -0.4479897121052863 -0.2055015537436387
-0.3868539147274596 -0.4313734128262433 -0.1343754825917099
-0.3801864607643953 -0.3793631249315296 -0.1788739288480712
0.4550865009601908 0.4545646480892625 -0.1613697868638995
0.3858599654586732 0.4320752009529172 -0.1343174760910953
0.3436753931907497 0.447710656602223 -0.1863553602771065
0.4027971575624138 0.447710656602223 -0.2056228989710429
-0.447710656602223 0.4023416160478869 0.2055189092580631
-0.447710656602223 0.3431996221625916 0.1854598812315447
-0.3783030914621904 0.3783216668137931 0.1783378933981563
-0.4479897121052863 -0.4030445809284187 -0.2055953005716367
-0.4479897121052863 -0.3438180098891044 -0.1862370865356657
-0.4321967486591091 -0.3864282816493757 -0.134469229419708
-0.4546571660683505 -0.4508746177604152 -0.1097409700661565
-0.3433007577360843 0.447710656602223 0.1855856334864922
-0.4023721275838821 0.447710656602223 0.2055441199791694
0.4404011911199809 -0.285422375870092 0.185372797055934
-0.4546571660683505 -0.4550548688231324 -0.1610968543152754
0.4365583392923804 -0.3909104558896808 -0.1369053050521415
0.4365583392923804 -0.3644270156379771 -0.1813100044805047
0.4397359782560584 0.2857848804318223 -0.1860278566203847
0.1792211142896467 0.3905170443381605 -0.1807862848362328
0.447710656602223 -0.4027655254253554 -0.2055953005716367
0.3842689958946034 -0.3835662436687713 -0.1813100044805047
0.2797579227750758 0.4340909780940996 -0.1863553602771065
0.3651297678638089 -0.4358555870665483 -0.1813100044805047
0.3911892987380443 -0.4358555870665483 -0.136828913738568
0.4023416160478869 -0.447710656602223 -0.2055189092580633
0.4546309594456639 -0.4508746177604152 -0.1097583255805811
0.4546309594456639 -0.4550548688231324 -0.1611142098297
0.433520903870743 0.2127408693755536 -0.1854858550564993
-0.07261602605791344 0.0625013284189998 -0.2245
0.4348833658432041 -0.2101362248221949 0.184871084888371
0.07693405066306701 -0.0624810809777489 -0.225
0.07738161338525489 -0.1342104379567698 -0.225
0.07692650865889765 0.1964344273164107 -0.2245
0.07738161338525489 -0.1967104379567697 -0.225
0.07910014743896736 -0.2690825126516126 -0.225
0.01341135034641632 -0.3117286061852684 -0.225
0.07693405066306701 1.891902225110986e-05 -0.225
-0.07261602605791344 -0.06249867158100031 -0.225
-0.07275329655105957 -0.1339277097983519 -0.225
0.2159451986947464 0.4382704254081629 -0.1807862848362328
-0.009933445685862009 0.03571841486596679 -0.225
-0.07261602605791344 1.328418999704817e-06 -0.225
-0.009933611841126223 -0.03571044435196429 -0.225
0.08612017661792144 0.08938087413744362 -0.1671373019601679
-0.07665001460456798 -0.2682948080999967 -0.225
-0.01158864965358368 -0.3117286061852684 -0.225
0.07692650865889765 0.1339344273164106 -0.225
0.07693405066306701 0.06251891902225121 -0.225
0.01506655431413799 0.03571841486596679 -0.225
0.01506638815887378 -0.03571044435196429 -0.225
-0.07261602605791344 0.0625013284189998 -0.225
-0.07193126290340589 0.1339294810236843 -0.225
0.01498418384416016 0.170734545126666 -0.225
0.01506655431413799 0.09821841486596689 -0.225
-0.009935829652696838 -0.2321428571428578 -0.225
-0.01001581615583984 0.170734545126666 -0.225
-0.009933445685862009 0.09821841486596689 -0.225
0.01372531043941143 0.3109742953792004 -0.225
0.07791277962179143 0.2669935093175919 -0.225
-0.009933611841126223 -0.0982104443519643 -0.225
-0.009935829652696838 -0.169642857142858 -0.225
-0.07193126290340589 0.1964294810236843 -0.225
-0.07179478706587149 0.2678571428571421 -0.225
0.01506417034730316 -0.2321428571428578 -0.225
-0.01127468956058857 0.3109742953792004 -0.225
-0.07275329655105957 -0.1964277097983518 -0.225
0.07692650865889765 0.1964344273164107 -0.225
0.01506638815887378 -0.0982104443519643 -0.225
0.01506417034730316 -0.169642857142858 -0.225
0.01498418384416016 0.233234545126666 -0.225
-0.01001581615583984 0.233234545126666 -0.225
0.002564170347303163 -0.2008928571428579 -0.225
0.01369840922596871 0.2500095146132244 -0.08533892483676829
0.09583278189476387 0.1586120753289844 -0.1565686635481151
$EndNodes
$Elements
1 8792 1 8792
3 1 4 8792
1 463 1156 1158 1159 
2 1156 1114 1157 1161 
3 1158 1157 1110 1160 
4 1159 1161 1160 1131 
5 1156 1158 1159 1161 
6 1156 1161 1157 1158 
7 1158 1159 1161 1160 
8 1158 1160 1161 1157 
9 801 1162 1164 1165 
10 1162 1111 1163 1167 
11 1164 1163 1104 1166 
12 1165 1167 1166 1117 
13 1162 1164 1165 1167 
14 1162 1167 1163 1164 
15 1164 1165 1167 1166 
16 1164 1166 1167 1163 
17 455 1168 591 1169 
18 1168 1110 1158 1157 
19 591 1158 463 1156 
20 1169 1157 1156 1114 
21 1168 591 1169 1157 
22 1168 1157 1158 591 
23 591 1169 1157 1156 
24 591 1156 1157 1158 
25 1110 1157 1171 1172 
26 1157 1114 1170 1174 
27 1171 1170 996 1173 
28 1172 1174 1173 1116 
29 1157 1171 1172 1174 
30 1157 1174 1170 1171 
31 1171 1172 1174 1173 
32 1171 1173 1174 1170 
33 815 1175 1177 1178 
34 1175 1113 1176 1180 
35 1177 1176 1 1179 
36 1178 1180 1179 1126 
37 1175 1177 1178 1180 
38 1175 1180 1176 1177 
39 1177 1178 1180 1179 
40 1177 1179 1180 1176 
41 996 1171 1076 1170 
42 1171 1110 1181 1157 
43 1076 1181 999 1182 
44 1170 1157 1182 1114 
45 1171 1076 1170 1157 
46 1171 1157 1181 1076 
47 1076 1170 1157 1182 
48 1076 1182 1157 1181 
49 455 1183 1168 1169 
50 1183 999 1181 1182 
51 1168 1181 1110 1157 
52 1169 1182 1157 1114 
53 1183 1168 1169 1182 
54 1183 1182 1181 1168 
55 1168 1169 1182 1157 
56 1168 1157 1182 1181 
57 469 1184 1186 1187 
58 1184 1130 1185 1189 
59 1186 1185 1104 1188 
60 1187 1189 1188 1148 
61 1184 1186 1187 1189 
62 1184 1189 1185 1186 
63 1186 1187 1189 1188 
64 1186 1188 1189 1185 
65 478 1190 648 1191 
66 1190 1104 1186 1185 
67 648 1186 469 1184 
68 1191 1185 1184 1130 
69 1190 648 1191 1185 
70 1190 1185 1186 648 
71 648 1191 1185 1184 
72 648 1184 1185 1186 
73 1110 1157 1193 1160 
74 1157 1114 1192 1161 
75 1193 1192 1102 1194 
76 1160 1161 1194 1131 
77 1157 1193 1160 1161 
78 1157 1161 1192 1193 
79 1193 1160 1161 1194 
80 1193 1194 1161 1192 
81 1104 1190 1196 1185 
82 1190 478 1195 1191 
83 1196 1195 1122 1197 
84 1185 1191 1197 1130 
85 1190 1196 1185 1191 
86 1190 1191 1195 1196 
87 1196 1185 1191 1197 
88 1196 1197 1191 1195 
89 463 1198 1156 1159 
90 1198 1102 1192 1194 
91 1156 1192 1114 1161 
92 1159 1194 1161 1131 
93 1198 1156 1159 1194 
94 1198 1194 1192 1156 
95 1156 1159 1194 1161 
96 1156 1161 1194 1192 
97 469 648 652 1186 
98 648 478 653 1190 
99 652 653 479 1199 
100 1186 1190 1199 1104 
101 648 652 1186 1190 
102 648 1190 653 652 
103 652 1186 1190 1199 
104 652 1199 1190 653 
105 478 1195 1191 1200 
106 1195 1122 1197 1202 
107 1191 1197 1130 1201 
108 1200 1202 1201 1144 
109 1195 1191 1200 1202 
110 1195 1202 1197 1191 
111 1191 1200 1202 1201 
112 1191 1201 1202 1197 
113 806 843 1204 1205 
114 843 780 1203 1207 
115 1204 1203 230 1206 
116 1205 1207 1206 1109 
117 843 1204 1205 1207 
118 843 1207 1203 1204 
119 1204 1205 1207 1206 
120 1204 1206 1207 1203 
121 230 1203 297 1206 
122 1203 780 1208 1207 
123 297 1208 227 1209 
124 1206 1207 1209 1109 
125 1203 297 1206 1207 
126 1203 1207 1208 297 
127 297 1206 1207 1209 
128 297 1209 1207 1208 
129 806 1205 1204 1210 
130 1205 1109 1206 1212 
131 1204 1206 230 1211 
132 1210 1212 1211 1119 
133 1205 1204 1210 1212 
134 1205 1212 1206 1204 
135 1204 1210 1212 1211 
136 1204 1211 1212 1206 
137 801 977 1162 1165 
138 977 802 1213 1214 
139 1162 1213 1111 1167 
140 1165 1214 1167 1117 
141 977 1162 1165 1214 
142 977 1214 1213 1162 
143 1162 1165 1214 1167 
144 1162 1167 1214 1213 
145 1 1176 1216 1179 
146 1176 1113 1215 1180 
147 1216 1215 1115 1217 
148 1179 1180 1217 1126 
149 1176 1216 1179 1180 
150 1176 1180 1215 1216 
151 1216 1179 1180 1217 
152 1216 1217 1180 1215 
153 462 592 1218 1219 
154 592 463 1158 1159 
155 1218 1158 1110 1160 
156 1219 1159 1160 1131 
157 592 1218 1219 1159 
158 592 1159 1158 1218 
159 1218 1219 1159 1160 
160 1218 1160 1159 1158 
161 797 1220 1221 1222 
162 1220 1 1216 1179 
163 1221 1216 1115 1217 
164 1222 1179 1217 1126 
165 1220 1221 1222 1179 
166 1220 1179 1216 1221 
167 1221 1222 1179 1217 
168 1221 1217 1179 1216 
169 801 1164 977 1165 
170 1164 1104 1223 1166 
171 977 1223 802 1214 
172 1165 1166 1214 1117 
173 1164 977 1165 1166 
174 1164 1166 1223 977 
175 977 1165 1166 1214 
176 977 1214 1166 1223 
177 798 1224 1226 1227 
178 1224 1119 1225 1229 
179 1226 1225 1103 1228 
180 1227 1229 1228 1129 
181 1224 1226 1227 1229 
182 1224 1229 1225 1226 
183 1226 1227 1229 1228 
184 1226 1228 1229 1225 
185 1102 1194 1198 1230 
186 1194 1131 1159 1232 
187 1198 1159 463 1231 
188 1230 1232 1231 1137 
189 1194 1198 1230 1232 
190 1194 1232 1159 1198 
191 1198 1230 1232 1231 
192 1198 1231 1232 1159 
193 805 1233 981 1234 
194 1233 1119 1224 1229 
195 981 1224 798 1227 
196 1234 1229 1227 1129 
197 1233 981 1234 1229 
198 1233 1229 1224 981 
199 981 1234 1229 1227 
200 981 1227 1229 1224 
201 478 653 1190 1195 
202 653 479 1199 1235 
203 1190 1199 1104 1196 
204 1195 1235 1196 1122 
205 653 1190 1195 1235 
206 653 1235 1199 1190 
207 1190 1195 1235 1196 
208 1190 1196 1235 1199 
209 462 592 589 1218 
210 592 463 591 1158 
211 589 591 455 1168 
212 1218 1158 1168 1110 
213 592 589 1218 1158 
214 592 1158 591 589 
215 589 1218 1158 1168 
216 589 1168 1158 591 
217 995 1236 1093 1237 
218 1236 1110 1171 1172 
219 1093 1171 996 1173 
220 1237 1172 1173 1116 
221 1236 1093 1237 1172 
222 1236 1172 1171 1093 
223 1093 1237 1172 1173 
224 1093 1173 1172 1171 
225 1104 1185 1196 1238 
226 1185 1130 1197 1201 
227 1196 1197 1122 1202 
228 1238 1201 1202 1144 
229 1185 1196 1238 1201 
230 1185 1201 1197 1196 
231 1196 1238 1201 1202 
232 1196 1202 1201 1197 
233 479 652 1199 1239 
234 652 469 1186 1187 
235 1199 1186 1104 1188 
236 1239 1187 1188 1148 
237 652 1199 1239 1187 
238 652 1187 1186 1199 
239 1199 1239 1187 1188 
240 1199 1188 1187 1186 
241 463 1198 1231 1240 
242 1198 1102 1230 1242 
243 1231 1230 1137 1241 
244 1240 1242 1241 1149 
245 1198 1231 1240 1242 
246 1198 1242 1230 1231 
247 1231 1240 1242 1241 
248 1231 1241 1242 1230 
249 996 1093 1076 1171 
250 1093 995 1072 1236 
251 1076 1072 999 1181 
252 1171 1236 1181 1110 
253 1093 1076 1171 1236 
254 1093 1236 1072 1076 
255 1076 1171 1236 1181 
256 1076 1181 1236 1072 
257 669 1243 1245 1246 
258 1243 1111 1244 1167 
259 1245 1244 803 1247 
260 1246 1167 1247 1117 
261 1243 1245 1246 1167 
262 1243 1167 1244 1245 
263 1245 1246 1167 1247 
264 1245 1247 1167 1244 
265 669 1245 1248 1246 
266 1245 803 872 1247 
267 1248 872 817 1249 
268 1246 1247 1249 1117 
269 1245 1248 1246 1247 
270 1245 1247 872 1248 
271 1248 1246 1247 1249 
272 1248 1249 1247 872 
273 470 1250 1252 1253 
274 1250 1103 1251 1255 
275 1252 1251 1124 1254 
276 1253 1255 1254 1130 
277 1250 1252 1253 1255 
278 1250 1255 1251 1252 
279 1252 1253 1255 1254 
280 1252 1254 1255 1251 
281 805 1256 1233 1234 
282 1256 1109 1212 1257 
283 1233 1212 1119 1229 
284 1234 1257 1229 1129 
285 1256 1233 1234 1257 
286 1256 1257 1212 1233 
287 1233 1234 1257 1229 
288 1233 1229 1257 1212 
289 794 979 1258 1259 
290 979 797 1220 1221 
291 1258 1220 1 1216 
292 1259 1221 1216 1115 
293 979 1258 1259 1221 
294 979 1221 1220 1258 
295 1258 1259 1221 1216 
296 1258 1216 1221 1220 
297 815 859 1177 1175 
298 859 777 1260 1261 
299 1177 1260 1 1176 
300 1175 1261 1176 1113 
301 859 1177 1175 1261 
302 859 1261 1260 1177 
303 1177 1175 1261 1176 
304 1177 1176 1261 1260 
305 352 1262 1264 1265 
306 1262 1107 1263 1267 
307 1264 1263 783 1266 
308 1265 1267 1266 1136 
309 1262 1264 1265 1267 
310 1262 1267 1263 1264 
311 1264 1265 1267 1266 
312 1264 1266 1267 1263 
313 667 742 1269 1270 
314 742 678 1268 1272 
315 1269 1268 991 1271 
316 1270 1272 1271 1138 
317 742 1269 1270 1272 
318 742 1272 1268 1269 
319 1269 1270 1272 1271 
320 1269 1271 1272 1268 
321 470 1250 657 1252 
322 1250 1103 1273 1251 
323 657 1273 476 1274 
324 1252 1251 1274 1124 
325 1250 657 1252 1251 
326 1250 1251 1273 657 
327 657 1252 1251 1274 
328 657 1274 1251 1273 
329 1 214 18 1216 
330 214 212 215 1276 
331 18 215 19 1275 
332 1216 1276 1275 1115 
333 214 18 1216 1276 
334 214 1276 215 18 
335 18 1216 1276 1275 
336 18 1275 1276 215 
337 798 1226 980 1227 
338 1226 1103 1277 1228 
339 980 1277 794 1278 
340 1227 1228 1278 1129 
341 1226 980 1227 1228 
342 1226 1228 1277 980 
343 980 1227 1228 1278 
344 980 1278 1228 1277 
345 991 1268 1050 1271 
346 1268 678 1279 1272 
347 1050 1279 1002 1280 
348 1271 1272 1280 1138 
349 1268 1050 1271 1272 
350 1268 1272 1279 1050 
351 1050 1271 1272 1280 
352 1050 1280 1272 1279 
353 815 1281 1175 1178 
354 1281 338 1282 1283 
355 1175 1282 1113 1180 
356 1178 1283 1180 1126 
357 1281 1175 1178 1283 
358 1281 1283 1282 1175 
359 1175 1178 1283 1180 
360 1175 1180 1283 1282 
361 802 1284 1214 1286 
362 1284 3 1285 1288 
363 1214 1285 1117 1287 
364 1286 1288 1287 1152 
365 1284 1214 1286 1288 
366 1284 1288 1285 1214 
367 1214 1286 1288 1287 
368 1214 1287 1288 1285 
369 682 1289 1290 1291 
370 1289 239 284 1293 
371 1290 284 244 1292 
372 1291 1293 1292 1111 
373 1289 1290 1291 1293 
374 1289 1293 284 1290 
375 1290 1291 1293 1292 
376 1290 1292 1293 284 
377 802 1214 1223 1286 
378 1214 1117 1166 1287 
379 1223 1166 1104 1294 
380 1286 1287 1294 1152 
381 1214 1223 1286 1287 
382 1214 1287 1166 1223 
383 1223 1286 1287 1294 
384 1223 1294 1287 1166 
385 679 1295 1296 1297 
386 1295 228 287 1299 
387 1296 287 239 1298 
388 1297 1299 1298 1142 
389 1295 1296 1297 1299 
390 1295 1299 287 1296 
391 1296 1297 1299 1298 
392 1296 1298 1299 287 
393 682 700 1289 1291 
394 700 679 1296 1300 
395 1289 1296 239 1293 
396 1291 1300 1293 1111 
397 700 1289 1291 1300 
398 700 1300 1296 1289 
399 1289 1291 1300 1293 
400 1289 1293 1300 1296 
401 470 1252 651 1253 
402 1252 1124 1301 1254 
403 651 1301 483 1302 
404 1253 1254 1302 1130 
405 1252 651 1253 1254 
406 1252 1254 1301 651 
407 651 1253 1254 1302 
408 651 1302 1254 1301 
409 338 389 1281 1282 
410 389 351 1303 1304 
411 1281 1303 815 1175 
412 1282 1304 1175 1113 
413 389 1281 1282 1304 
414 389 1304 1303 1281 
415 1281 1282 1304 1175 
416 1281 1175 1304 1303 
417 815 1177 904 1178 
418 1177 1 1220 1179 
419 904 1220 797 1222 
420 1178 1179 1222 1126 
421 1177 904 1178 1179 
422 1177 1179 1220 904 
423 904 1178 1179 1222 
424 904 1222 1179 1220 
425 669 761 1243 1246 
426 761 670 1305 1306 
427 1243 1305 1111 1167 
428 1246 1306 1167 1117 
429 761 1243 1246 1306 
430 761 1306 1305 1243 
431 1243 1246 1306 1167 
432 1243 1167 1306 1305 
433 350 1307 1309 1310 
434 1307 1123 1308 1311 
435 1309 1308 1107 1267 
436 1310 1311 1267 1136 
437 1307 1309 1310 1311 
438 1307 1311 1308 1309 
439 1309 1310 1311 1267 
440 1309 1267 1311 1308 
441 801 977 1164 1312 
442 977 802 1223 1286 
443 1164 1223 1104 1294 
444 1312 1286 1294 1152 
445 977 1164 1312 1286 
446 977 1286 1223 1164 
447 1164 1312 1286 1294 
448 1164 1294 1286 1223 
449 668 1313 703 1314 
450 1313 228 1295 1299 
451 703 1295 679 1297 
452 1314 1299 1297 1142 
453 1313 703 1314 1299 
454 1313 1299 1295 703 
455 703 1314 1299 1297 
456 703 1297 1299 1295 
457 463 1156 1198 1240 
458 1156 1114 1192 1315 
459 1198 1192 1102 1242 
460 1240 1315 1242 1149 
461 1156 1198 1240 1315 
462 1156 1315 1192 1198 
463 1198 1240 1315 1242 
464 1198 1242 1315 1192 
465 794 1277 979 1259 
466 1277 1103 1316 1317 
467 979 1316 797 1221 
468 1259 1317 1221 1115 
469 1277 979 1259 1317 
470 1277 1317 1316 979 
471 979 1259 1317 1221 
472 979 1221 1317 1316 
473 240 264 1319 1320 
474 264 229 1318 1322 
475 1319 1318 355 1321 
476 1320 1322 1321 1143 
477 264 1319 1320 1322 
478 264 1322 1318 1319 
479 1319 1320 1322 1321 
480 1319 1321 1322 1318 
481 464 620 1323 1324 
482 620 463 1159 1231 
483 1323 1159 1131 1232 
484 1324 1231 1232 1137 
485 620 1323 1324 1231 
486 620 1231 1159 1323 
487 1323 1324 1231 1232 
488 1323 1232 1231 1159 
489 805 1256 922 1233 
490 1256 1109 1205 1212 
491 922 1205 806 1210 
492 1233 1212 1210 1119 
493 1256 922 1233 1212 
494 1256 1212 1205 922 
495 922 1233 1212 1210 
496 922 1210 1212 1205 
497 1110 1172 1236 1325 
498 1172 1116 1237 1327 
499 1236 1237 995 1326 
500 1325 1327 1326 1135 
501 1172 1236 1325 1327 
502 1172 1327 1237 1236 
503 1236 1325 1327 1326 
504 1236 1326 1327 1237 
505 344 1328 379 1329 
506 1328 240 1319 1320 
507 379 1319 355 1321 
508 1329 1320 1321 1143 
509 1328 379 1329 1320 
510 1328 1320 1319 379 
511 379 1329 1320 1321 
512 379 1321 1320 1319 
513 3 1330 1285 1288 
514 1330 1139 1331 1332 
515 1285 1331 1117 1287 
516 1288 1332 1287 1152 
517 1330 1285 1288 1332 
518 1330 1332 1331 1285 
519 1285 1288 1332 1287 
520 1285 1287 1332 1331 
521 470 657 651 1252 
522 657 476 658 1274 
523 651 658 483 1301 
524 1252 1274 1301 1124 
525 657 651 1252 1274 
526 657 1274 658 651 
527 651 1252 1274 1301 
528 651 1301 1274 658 
529 360 1333 1335 1336 
530 1333 1120 1334 1337 
531 1335 1334 1107 1308 
532 1336 1337 1308 1123 
533 1333 1335 1336 1337 
534 1333 1337 1334 1335 
535 1335 1336 1337 1308 
536 1335 1308 1337 1334 
537 232 327 1338 1339 
538 327 230 1206 1211 
539 1338 1206 1109 1212 
540 1339 1211 1212 1119 
541 327 1338 1339 1211 
542 327 1211 1206 1338 
543 1338 1339 1211 1212 
544 1338 1212 1211 1206 
545 797 1221 1316 1222 
546 1221 1115 1317 1217 
547 1316 1317 1103 1340 
548 1222 1217 1340 1126 
549 1221 1316 1222 1217 
550 1221 1217 1317 1316 
551 1316 1222 1217 1340 
552 1316 1340 1217 1317 
553 783 1263 1264 1341 
554 1263 1107 1262 1343 
555 1264 1262 352 1342 
556 1341 1343 1342 1147 
557 1263 1264 1341 1343 
558 1263 1343 1262 1264 
559 1264 1341 1343 1342 
560 1264 1342 1343 1262 
561 358 1344 1345 1346 
562 1344 229 265 1348 
563 1345 265 241 1347 
564 1346 1348 1347 1112 
565 1344 1345 1346 1348 
566 1344 1348 265 1345 
567 1345 1346 1348 1347 
568 1345 1347 1348 265 
569 467 1349 1351 1352 
570 1349 1131 1350 1232 
571 1351 1350 1106 1353 
572 1352 1232 1353 1137 
573 1349 1351 1352 1232 
574 1349 1232 1350 1351 
575 1351 1352 1232 1353 
576 1351 1353 1232 1350 
577 1106 1354 1356 1357 
578 1354 1130 1355 1189 
579 1356 1355 468 1358 
580 1357 1189 1358 1148 
581 1354 1356 1357 1189 
582 1354 1189 1355 1356 
583 1356 1357 1189 1358 
584 1356 1358 1189 1355 
585 355 1318 380 1359 
586 1318 229 1344 1348 
587 380 1344 358 1346 
588 1359 1348 1346 1112 
589 1318 380 1359 1348 
590 1318 1348 1344 380 
591 380 1359 1348 1346 
592 380 1346 1348 1344 
593 351 1304 392 1361 
594 1304 1113 1360 1363 
595 392 1360 339 1362 
596 1361 1363 1362 1136 
597 1304 392 1361 1363 
598 1304 1363 1360 392 
599 392 1361 1363 1362 
600 392 1362 1363 1360 
601 466 1364 638 1365 
602 1364 1106 1356 1357 
603 638 1356 468 1358 
604 1365 1357 1358 1148 
605 1364 638 1365 1357 
606 1364 1357 1356 638 
607 638 1365 1357 1358 
608 638 1358 1357 1356 
609 475 1366 1368 1369 
610 1366 1128 1367 1371 
611 1368 1367 1103 1370 
612 1369 1371 1370 1134 
613 1366 1368 1369 1371 
614 1366 1371 1367 1368 
615 1368 1369 1371 1370 
616 1368 1370 1371 1367 
617 239 287 320 1298 
618 287 228 333 1299 
619 320 333 245 1372 
620 1298 1299 1372 1142 
621 287 320 1298 1299 
622 287 1299 333 320 
623 320 1298 1299 1372 
624 320 1372 1299 333 
625 352 1264 395 1265 
626 1264 783 1373 1266 
627 395 1373 339 1362 
628 1265 1266 1362 1136 
629 1264 395 1265 1266 
630 1264 1266 1373 395 
631 395 1265 1266 1362 
632 395 1362 1266 1373 
633 461 567 1375 1376 
634 567 455 1374 1168 
635 1375 1374 986 1377 
636 1376 1168 1377 1110 
637 567 1375 1376 1168 
638 567 1168 1374 1375 
639 1375 1376 1168 1377 
640 1375 1377 1168 1374 
641 998 1081 1379 1380 
642 1081 1008 1378 1382 
643 1379 1378 1105 1381 
644 1380 1382 1381 1121 
645 1081 1379 1380 1382 
646 1081 1382 1378 1379 
647 1379 1380 1382 1381 
648 1379 1381 1382 1378 
649 470 656 1250 1383 
650 656 475 1368 1369 
651 1250 1368 1103 1370 
652 1383 1369 1370 1134 
653 656 1250 1383 1369 
654 656 1369 1368 1250 
655 1250 1383 1369 1370 
656 1250 1370 1369 1368 
657 679 1296 1300 1297 
658 1296 239 1293 1298 
659 1300 1293 1111 1384 
660 1297 1298 1384 1142 
661 1296 1300 1297 1298 
662 1296 1298 1293 1300 
663 1300 1297 1298 1384 
664 1300 1384 1298 1293 
665 476 1385 1273 1387 
666 1385 1112 1386 1388 
667 1273 1386 1103 1367 
668 1387 1388 1367 1128 
669 1385 1273 1387 1388 
670 1385 1388 1386 1273 
671 1273 1387 1388 1367 
672 1273 1367 1388 1386 
673 777 859 1389 1261 
674 859 815 1303 1175 
675 1389 1303 351 1304 
676 1261 1175 1304 1113 
677 859 1389 1261 1175 
678 859 1175 1303 1389 
679 1389 1261 1175 1304 
680 1389 1304 1175 1303 
681 986 1374 1037 1377 
682 1374 455 1183 1168 
683 1037 1183 999 1181 
684 1377 1168 1181 1110 
685 1374 1037 1377 1168 
686 1374 1168 1183 1037 
687 1037 1377 1168 1181 
688 1037 1181 1168 1183 
689 802 984 1213 1214 
690 984 803 1244 1247 
691 1213 1244 1111 1167 
692 1214 1247 1167 1117 
693 984 1213 1214 1247 
694 984 1247 1244 1213 
695 1213 1214 1247 1167 
696 1213 1167 1247 1244 
697 685 759 772 1390 
698 759 678 742 1272 
699 772 742 667 1270 
700 1390 1272 1270 1138 
701 759 772 1390 1272 
702 759 1272 742 772 
703 772 1390 1272 1270 
704 772 1270 1272 742 
705 355 441 379 1321 
706 441 361 452 1391 
707 379 452 344 1329 
708 1321 1391 1329 1143 
709 441 379 1321 1391 
710 441 1391 452 379 
711 379 1321 1391 1329 
712 379 1329 1391 452 
713 672 1392 756 1394 
714 1392 1105 1393 1381 
715 756 1393 685 1395 
716 1394 1381 1395 1121 
717 1392 756 1394 1381 
718 1392 1381 1393 756 
719 756 1394 1381 1395 
720 756 1395 1381 1393 
721 797 1316 938 1222 
722 1316 1103 1226 1340 
723 938 1226 798 1396 
724 1222 1340 1396 1126 
725 1316 938 1222 1340 
726 1316 1340 1226 938 
727 938 1222 1340 1396 
728 938 1396 1340 1226 
729 360 1335 432 1336 
730 1335 1107 1309 1308 
731 432 1309 350 1307 
732 1336 1308 1307 1123 
733 1335 432 1336 1308 
734 1335 1308 1309 432 
735 432 1336 1308 1307 
736 432 1307 1308 1309 
737 794 980 979 1277 
738 980 798 938 1226 
739 979 938 797 1316 
740 1277 1226 1316 1103 
741 980 979 1277 1226 
742 980 1226 938 979 
743 979 1277 1226 1316 
744 979 1316 1226 938 
745 476 657 613 1273 
746 657 470 656 1250 
747 613 656 475 1368 
748 1273 1250 1368 1103 
749 657 613 1273 1250 
750 657 1250 656 613 
751 613 1273 1250 1368 
752 613 1368 1250 656 
753 229 1348 1318 1322 
754 1348 1112 1359 1397 
755 1318 1359 355 1321 
756 1322 1397 1321 1143 
757 1348 1318 1322 1397 
758 1348 1397 1359 1318 
759 1318 1322 1397 1321 
760 1318 1321 1397 1359 
761 667 1269 1399 1270 
762 1269 991 1398 1271 
763 1399 1398 1121 1400 
764 1270 1271 1400 1138 
765 1269 1399 1270 1271 
766 1269 1271 1398 1399 
767 1399 1270 1271 1400 
768 1399 1400 1271 1398 
769 476 1273 613 1387 
770 1273 1103 1368 1367 
771 613 1368 475 1366 
772 1387 1367 1366 1128 
773 1273 613 1387 1367 
774 1273 1367 1368 613 
775 613 1387 1367 1366 
776 613 1366 1367 1368 
777 1105 1401 1379 1381 
778 1401 1114 1402 1403 
779 1379 1402 998 1380 
780 1381 1403 1380 1121 
781 1401 1379 1381 1403 
782 1401 1403 1402 1379 
783 1379 1381 1403 1380 
784 1379 1380 1403 1402 
785 470 1250 1253 1383 
786 1250 1103 1255 1370 
787 1253 1255 1130 1404 
788 1383 1370 1404 1134 
789 1250 1253 1383 1370 
790 1250 1370 1255 1253 
791 1253 1383 1370 1404 
792 1253 1404 1370 1255 
793 240 326 264 1320 
794 326 246 337 1405 
795 264 337 229 1322 
796 1320 1405 1322 1143 
797 326 264 1320 1405 
798 326 1405 337 264 
799 264 1320 1405 1322 
800 264 1322 1405 337 
801 1103 1225 1406 1228 
802 1225 1119 1212 1229 
803 1406 1212 1109 1257 
804 1228 1229 1257 1129 
805 1225 1406 1228 1229 
806 1225 1229 1212 1406 
807 1406 1228 1229 1257 
808 1406 1257 1229 1212 
809 230 297 327 1206 
810 297 227 328 1209 
811 327 328 232 1338 
812 1206 1209 1338 1109 
813 297 327 1206 1209 
814 297 1209 328 327 
815 327 1206 1209 1338 
816 327 1338 1209 328 
817 1105 1407 1409 1410 
818 1407 1116 1408 1412 
819 1409 1408 1102 1411 
820 1410 1412 1411 1127 
821 1407 1409 1410 1412 
822 1407 1412 1408 1409 
823 1409 1410 1412 1411 
824 1409 1411 1412 1408 
825 798 980 981 1227 
826 980 794 973 1278 
827 981 973 805 1234 
828 1227 1278 1234 1129 
829 980 981 1227 1278 
830 980 1278 973 981 
831 981 1227 1278 1234 
832 981 1234 1278 973 
833 1104 1163 1164 1413 
834 1163 1111 1162 1415 
835 1164 1162 801 1414 
836 1413 1415 1414 1140 
837 1163 1164 1413 1415 
838 1163 1415 1162 1164 
839 1164 1413 1415 1414 
840 1164 1414 1415 1162 
841 777 1261 1389 1416 
842 1261 1113 1304 1363 
843 1389 1304 351 1361 
844 1416 1363 1361 1136 
845 1261 1389 1416 1363 
846 1261 1363 1304 1389 
847 1389 1416 1363 1361 
848 1389 1361 1363 1304 
849 806 922 843 1205 
850 922 805 921 1256 
851 843 921 780 1207 
852 1205 1256 1207 1109 
853 922 843 1205 1256 
854 922 1256 921 843 
855 843 1205 1256 1207 
856 843 1207 1256 921 
857 668 703 776 1314 
858 703 679 765 1297 
859 776 765 684 1417 
860 1314 1297 1417 1142 
861 703 776 1314 1297 
862 703 1297 765 776 
863 776 1314 1297 1417 
864 776 1417 1297 765 
865 1102 1192 1193 1408 
866 1192 1114 1157 1174 
867 1193 1157 1110 1172 
868 1408 1174 1172 1116 
869 1192 1193 1408 1174 
870 1192 1174 1157 1193 
871 1193 1408 1174 1172 
872 1193 1172 1174 1157 
873 469 641 1184 1187 
874 641 468 1355 1358 
875 1184 1355 1130 1189 
876 1187 1358 1189 1148 
877 641 1184 1187 1358 
878 641 1358 1355 1184 
879 1184 1187 1358 1189 
880 1184 1189 1358 1355 
881 354 402 435 1418 
882 402 343 448 1419 
883 435 448 360 1333 
884 1418 1419 1333 1120 
885 402 435 1418 1419 
886 402 1419 448 435 
887 435 1418 1419 1333 
888 435 1333 1419 448 
889 1107 1334 1421 1422 
890 1334 1120 1420 1424 
891 1421 1420 1009 1423 
892 1422 1424 1423 1155 
893 1334 1421 1422 1424 
894 1334 1424 1420 1421 
895 1421 1422 1424 1423 
896 1421 1423 1424 1420 
897 1003 1425 1426 1427 
898 1425 343 1419 1429 
899 1426 1419 1120 1428 
900 1427 1429 1428 1147 
901 1425 1426 1427 1429 
902 1425 1429 1419 1426 
903 1426 1427 1429 1428 
904 1426 1428 1429 1419 
905 794 1277 1259 1278 
906 1277 1103 1317 1228 
907 1259 1317 1115 1430 
908 1278 1228 1430 1129 
909 1277 1259 1278 1228 
910 1277 1228 1317 1259 
911 1259 1278 1228 1430 
912 1259 1430 1228 1317 
913 1108 1431 1433 1434 
914 1431 1132 1432 1436 
915 1433 1432 675 1435 
916 1434 1436 1435 1133 
917 1431 1433 1434 1436 
918 1431 1436 1432 1433 
919 1433 1434 1436 1435 
920 1433 1435 1436 1432 
921 232 1339 1338 1437 
922 1339 1119 1212 1439 
923 1338 1212 1109 1438 
924 1437 1439 1438 1124 
925 1339 1338 1437 1439 
926 1339 1439 1212 1338 
927 1338 1437 1439 1438 
928 1338 1438 1439 1212 
929 486 1440 1442 1443 
930 1440 1141 1441 1445 
931 1442 1441 1101 1444 
932 1443 1445 1444 1145 
933 1440 1442 1443 1445 
934 1440 1445 1441 1442 
935 1442 1443 1445 1444 
936 1442 1444 1445 1441 
937 787 1446 1448 1449 
938 1446 1118 1447 1451 
939 1448 1447 1116 1450 
940 1449 1451 1450 1153 
941 1446 1448 1449 1451 
942 1446 1451 1447 1448 
943 1448 1449 1451 1450 
944 1448 1450 1451 1447 
945 1103 1386 1273 1251 
946 1386 1112 1385 1452 
947 1273 1385 476 1274 
948 1251 1452 1274 1124 
949 1386 1273 1251 1452 
950 1386 1452 1385 1273 
951 1273 1251 1452 1274 
952 1273 1274 1452 1385 
953 467 1351 1349 1453 
954 1351 1106 1350 1455 
955 1349 1350 1131 1454 
956 1453 1455 1454 1134 
957 1351 1349 1453 1455 
958 1351 1455 1350 1349 
959 1349 1453 1455 1454 
960 1349 1454 1455 1350 
961 795 1456 1458 1459 
962 1456 1118 1457 1461 
963 1458 1457 1107 1460 
964 1459 1461 1460 1135 
965 1456 1458 1459 1461 
966 1456 1461 1457 1458 
967 1458 1459 1461 1460 
968 1458 1460 1461 1457 
969 1009 1421 1087 1463 
970 1421 1107 1462 1343 
971 1087 1462 989 1464 
972 1463 1343 1464 1147 
973 1421 1087 1463 1343 
974 1421 1343 1462 1087 
975 1087 1463 1343 1464 
976 1087 1464 1343 1462 
977 1108 1434 1433 1465 
978 1434 1133 1435 1467 
979 1433 1435 675 1466 
980 1465 1467 1466 1146 
981 1434 1433 1465 1467 
982 1434 1467 1435 1433 
983 1433 1465 1467 1466 
984 1433 1466 1467 1435 
985 1105 1401 1409 1407 
986 1401 1114 1192 1174 
987 1409 1192 1102 1408 
988 1407 1174 1408 1116 
989 1401 1409 1407 1174 
990 1401 1174 1192 1409 
991 1409 1407 1174 1408 
992 1409 1408 1174 1192 
993 820 1468 1469 1470 
994 1468 682 1290 1291 
995 1469 1290 244 1292 
996 1470 1291 1292 1111 
997 1468 1469 1470 1291 
998 1468 1291 1290 1469 
999 1469 1470 1291 1292 
1000 1469 1292 1291 1290 
1001 239 320 1293 1298 
1002 320 245 1471 1372 
1003 1293 1471 1111 1384 
1004 1298 1372 1384 1142 
1005 320 1293 1298 1372 
1006 320 1372 1471 1293 
1007 1293 1298 1372 1384 
1008 1293 1384 1372 1471 
1009 787 1448 1472 1449 
1010 1448 1116 1412 1450 
1011 1472 1412 1127 1473 
1012 1449 1450 1473 1153 
1013 1448 1472 1449 1450 
1014 1448 1450 1412 1472 
1015 1472 1449 1450 1473 
1016 1472 1473 1450 1412 
1017 492 1474 1475 1476 
1018 1474 673 716 1478 
1019 1475 716 663 1477 
1020 1476 1478 1477 1133 
1021 1474 1475 1476 1478 
1022 1474 1478 716 1475 
1023 1475 1476 1478 1477 
1024 1475 1477 1478 716 
1025 994 1479 1086 1480 
1026 1479 1107 1421 1422 
1027 1086 1421 1009 1423 
1028 1480 1422 1423 1155 
1029 1479 1086 1480 1422 
1030 1479 1422 1421 1086 
1031 1086 1480 1422 1423 
1032 1086 1423 1422 1421 
1033 802 909 984 1214 
1034 909 817 872 1249 
1035 984 872 803 1247 
1036 1214 1249 1247 1117 
1037 909 984 1214 1249 
1038 909 1249 872 984 
1039 984 1214 1249 1247 
1040 984 1247 1249 872 
1041 1003 1027 1089 1426 
1042 1027 992 1099 1481 
1043 1089 1099 1009 1420 
1044 1426 1481 1420 1120 
1045 1027 1089 1426 1481 
1046 1027 1481 1099 1089 
1047 1089 1426 1481 1420 
1048 1089 1420 1481 1099 
1049 1108 1433 1431 1465 
1050 1433 675 1432 1466 
1051 1431 1432 1132 1482 
1052 1465 1466 1482 1146 
1053 1433 1431 1465 1466 
1054 1433 1466 1432 1431 
1055 1431 1465 1466 1482 
1056 1431 1482 1466 1432 
1057 238 1483 1485 1486 
1058 1483 490 1484 1487 
1059 1485 1484 1112 1452 
1060 1486 1487 1452 1124 
1061 1483 1485 1486 1487 
1062 1483 1487 1484 1485 
1063 1485 1486 1487 1452 
1064 1485 1452 1487 1484 
1065 777 1488 862 1416 
1066 1488 339 1489 1362 
1067 862 1489 818 1490 
1068 1416 1362 1490 1136 
1069 1488 862 1416 1362 
1070 1488 1362 1489 862 
1071 862 1416 1362 1490 
1072 862 1490 1362 1489 
1073 995 1237 1090 1326 
1074 1237 1116 1491 1327 
1075 1090 1491 990 1492 
1076 1326 1327 1492 1135 
1077 1237 1090 1326 1327 
1078 1237 1327 1491 1090 
1079 1090 1326 1327 1492 
1080 1090 1492 1327 1491 
1081 665 1493 726 1494 
1082 1493 803 1245 1244 
1083 726 1245 669 1243 
1084 1494 1244 1243 1111 
1085 1493 726 1494 1244 
1086 1493 1244 1245 726 
1087 726 1494 1244 1243 
1088 726 1243 1244 1245 
1089 998 1379 1081 1495 
1090 1379 1105 1378 1497 
1091 1081 1378 1008 1496 
1092 1495 1497 1496 1151 
1093 1379 1081 1495 1497 
1094 1379 1497 1378 1081 
1095 1081 1495 1497 1496 
1096 1081 1496 1497 1378 
1097 352 1262 449 1342 
1098 1262 1107 1335 1343 
1099 449 1335 360 1498 
1100 1342 1343 1498 1147 
1101 1262 449 1342 1343 
1102 1262 1343 1335 449 
1103 449 1342 1343 1498 
1104 449 1498 1343 1335 
1105 1105 1499 1378 1497 
1106 1499 1138 1500 1501 
1107 1378 1500 1008 1496 
1108 1497 1501 1496 1151 
1109 1499 1378 1497 1501 
1110 1499 1501 1500 1378 
1111 1378 1497 1501 1496 
1112 1378 1496 1501 1500 
1113 1104 1413 1164 1294 
1114 1413 1140 1414 1502 
1115 1164 1414 801 1312 
1116 1294 1502 1312 1152 
1117 1413 1164 1294 1502 
1118 1413 1502 1414 1164 
1119 1164 1294 1502 1312 
1120 1164 1312 1502 1414 
1121 1116 1447 1504 1327 
1122 1447 1118 1503 1461 
1123 1504 1503 786 1505 
1124 1327 1461 1505 1135 
1125 1447 1504 1327 1461 
1126 1447 1461 1503 1504 
1127 1504 1327 1461 1505 
1128 1504 1505 1461 1503 
1129 246 1506 337 1405 
1130 1506 1112 1348 1397 
1131 337 1348 229 1322 
1132 1405 1397 1322 1143 
1133 1506 337 1405 1397 
1134 1506 1397 1348 337 
1135 337 1405 1397 1322 
1136 337 1322 1397 1348 
1137 1000 1507 1509 1510 
1138 1507 1114 1508 1403 
1139 1509 1508 488 1511 
1140 1510 1403 1511 1121 
1141 1507 1509 1510 1403 
1142 1507 1403 1508 1509 
1143 1509 1510 1403 1511 
1144 1509 1511 1403 1508 
1145 339 1373 1489 1362 
1146 1373 783 865 1266 
1147 1489 865 818 1490 
1148 1362 1266 1490 1136 
1149 1373 1489 1362 1266 
1150 1373 1266 865 1489 
1151 1489 1362 1266 1490 
1152 1489 1490 1266 865 
1153 469 640 641 1187 
1154 640 466 638 1365 
1155 641 638 468 1358 
1156 1187 1365 1358 1148 
1157 640 641 1187 1365 
1158 640 1365 638 641 
1159 641 1187 1365 1358 
1160 641 1358 1365 638 
1161 1009 1086 1087 1421 
1162 1086 994 1085 1479 
1163 1087 1085 989 1462 
1164 1421 1479 1462 1107 
1165 1086 1087 1421 1479 
1166 1086 1479 1085 1087 
1167 1087 1421 1479 1462 
1168 1087 1462 1479 1085 
1169 1107 1457 1458 1267 
1170 1457 1118 1456 1513 
1171 1458 1456 795 1512 
1172 1267 1513 1512 1136 
1173 1457 1458 1267 1513 
1174 1457 1513 1456 1458 
1175 1458 1267 1513 1512 
1176 1458 1512 1513 1456 
1177 665 726 760 1494 
1178 726 669 761 1243 
1179 760 761 670 1305 
1180 1494 1243 1305 1111 
1181 726 760 1494 1243 
1182 726 1243 761 760 
1183 760 1494 1243 1305 
1184 760 1305 1243 761 
1185 777 1389 1488 1416 
1186 1389 351 392 1361 
1187 1488 392 339 1362 
1188 1416 1361 1362 1136 
1189 1389 1488 1416 1361 
1190 1389 1361 392 1488 
1191 1488 1416 1361 1362 
1192 1488 1362 1361 392 
1193 35 1514 1516 1517 
1194 1514 1101 1515 1519 
1195 1516 1515 1136 1518 
1196 1517 1519 1518 1150 
1197 1514 1516 1517 1519 
1198 1514 1519 1515 1516 
1199 1516 1517 1519 1518 
1200 1516 1518 1519 1515 
1201 358 1345 1521 1346 
1202 1345 241 1520 1347 
1203 1521 1520 498 1522 
1204 1346 1347 1522 1112 
1205 1345 1521 1346 1347 
1206 1345 1347 1520 1521 
1207 1521 1346 1347 1522 
1208 1521 1522 1347 1520 
1209 685 1393 756 1523 
1210 1393 1105 1392 1525 
1211 756 1392 672 1524 
1212 1523 1525 1524 1154 
1213 1393 756 1523 1525 
1214 1393 1525 1392 756 
1215 756 1523 1525 1524 
1216 756 1524 1525 1392 
1217 679 1300 765 1297 
1218 1300 1111 1526 1384 
1219 765 1526 684 1417 
1220 1297 1384 1417 1142 
1221 1300 765 1297 1384 
1222 1300 1384 1526 765 
1223 765 1297 1384 1417 
1224 765 1417 1384 1526 
1225 352 429 449 1262 
1226 429 350 432 1309 
1227 449 432 360 1335 
1228 1262 1309 1335 1107 
1229 429 449 1262 1309 
1230 429 1309 432 449 
1231 449 1262 1309 1335 
1232 449 1335 1309 432 
1233 490 1527 516 1487 
1234 1527 223 1528 1530 
1235 516 1528 484 1529 
1236 1487 1530 1529 1124 
1237 1527 516 1487 1530 
1238 1527 1530 1528 516 
1239 516 1487 1530 1529 
1240 516 1529 1530 1528 
1241 35 1516 1531 1517 
1242 1516 1136 1513 1518 
1243 1531 1513 1118 1532 
1244 1517 1518 1532 1150 
1245 1516 1531 1517 1518 
1246 1516 1518 1513 1531 
1247 1531 1517 1518 1532 
1248 1531 1532 1518 1513 
1249 355 1359 441 1321 
1250 1359 1112 1533 1397 
1251 441 1533 361 1391 
1252 1321 1397 1391 1143 
1253 1359 441 1321 1397 
1254 1359 1397 1533 441 
1255 441 1321 1397 1391 
1256 441 1391 1397 1533 
1257 492 554 1474 1476 
1258 554 454 1534 1535 
1259 1474 1534 673 1478 
1260 1476 1535 1478 1133 
1261 554 1474 1476 1535 
1262 554 1535 1534 1474 
1263 1474 1476 1535 1478 
1264 1474 1478 1535 1534 
1265 486 1536 1442 1440 
1266 1536 1134 1537 1538 
1267 1442 1537 1101 1441 
1268 1440 1538 1441 1141 
1269 1536 1442 1440 1538 
1270 1536 1538 1537 1442 
1271 1442 1440 1538 1441 
1272 1442 1441 1538 1537 
1273 466 1539 1364 1365 
1274 1539 1137 1353 1540 
1275 1364 1353 1106 1357 
1276 1365 1540 1357 1148 
1277 1539 1364 1365 1540 
1278 1539 1540 1353 1364 
1279 1364 1365 1540 1357 
1280 1364 1357 1540 1353 
1281 1103 1317 1541 1340 
1282 1317 1115 1215 1217 
1283 1541 1215 1113 1180 
1284 1340 1217 1180 1126 
1285 1317 1541 1340 1217 
1286 1317 1217 1215 1541 
1287 1541 1340 1217 1180 
1288 1541 1180 1217 1215 
1289 467 633 1349 1352 
1290 633 464 1323 1324 
1291 1349 1323 1131 1232 
1292 1352 1324 1232 1137 
1293 633 1349 1352 1324 
1294 633 1324 1323 1349 
1295 1349 1352 1324 1232 
1296 1349 1232 1324 1323 
1297 1103 1225 1226 1340 
1298 1225 1119 1224 1542 
1299 1226 1224 798 1396 
1300 1340 1542 1396 1126 
1301 1225 1226 1340 1542 
1302 1225 1542 1224 1226 
1303 1226 1340 1542 1396 
1304 1226 1396 1542 1224 
1305 238 271 1483 1486 
1306 271 223 1527 1530 
1307 1483 1527 490 1487 
1308 1486 1530 1487 1124 
1309 271 1483 1486 1530 
1310 271 1530 1527 1483 
1311 1483 1486 1530 1487 
1312 1483 1487 1530 1527 
1313 786 1504 915 1503 
1314 1504 1116 1448 1447 
1315 915 1448 787 1446 
1316 1503 1447 1446 1118 
1317 1504 915 1503 1447 
1318 1504 1447 1448 915 
1319 915 1503 1447 1446 
1320 915 1446 1447 1448 
1321 35 1543 1514 1517 
1322 1543 1115 1544 1545 
1323 1514 1544 1101 1519 
1324 1517 1545 1519 1150 
1325 1543 1514 1517 1545 
1326 1543 1545 1544 1514 
1327 1514 1517 1545 1519 
1328 1514 1519 1545 1544 
1329 685 772 1395 1390 
1330 772 667 1399 1270 
1331 1395 1399 1121 1400 
1332 1390 1270 1400 1138 
1333 772 1395 1390 1270 
1334 772 1270 1399 1395 
1335 1395 1390 1270 1400 
1336 1395 1400 1270 1399 
1337 343 448 1419 1429 
1338 448 360 1333 1498 
1339 1419 1333 1120 1428 
1340 1429 1498 1428 1147 
1341 448 1419 1429 1498 
1342 448 1498 1333 1419 
1343 1419 1429 1498 1428 
1344 1419 1428 1498 1333 
1345 467 1351 632 1352 
1346 1351 1106 1364 1353 
1347 632 1364 466 1539 
1348 1352 1353 1539 1137 
1349 1351 632 1352 1353 
1350 1351 1353 1364 632 
1351 632 1352 1353 1539 
1352 632 1539 1353 1364 
1353 1105 1410 1547 1548 
1354 1410 1127 1546 1549 
1355 1547 1546 1108 1431 
1356 1548 1549 1431 1132 
1357 1410 1547 1548 1549 
1358 1410 1549 1546 1547 
1359 1547 1548 1549 1431 
1360 1547 1431 1549 1546 
1361 463 1231 625 1240 
1362 1231 1137 1550 1241 
1363 625 1550 465 1551 
1364 1240 1241 1551 1149 
1365 1231 625 1240 1241 
1366 1231 1241 1550 625 
1367 625 1240 1241 1551 
1368 625 1551 1241 1550 
1369 1104 1552 1199 1188 
1370 1552 1125 1553 1554 
1371 1199 1553 479 1239 
1372 1188 1554 1239 1148 
1373 1552 1199 1188 1554 
1374 1552 1554 1553 1199 
1375 1199 1188 1554 1239 
1376 1199 1239 1554 1553 
1377 1116 1412 1407 1555 
1378 1412 1127 1410 1556 
1379 1407 1410 1105 1497 
1380 1555 1556 1497 1151 
1381 1412 1407 1555 1556 
1382 1412 1556 1410 1407 
1383 1407 1555 1556 1497 
1384 1407 1497 1556 1410 
1385 1113 1557 1559 1363 
1386 1557 1123 1558 1311 
1387 1559 1558 348 1560 
1388 1363 1311 1560 1136 
1389 1557 1559 1363 1311 
1390 1557 1311 1558 1559 
1391 1559 1363 1311 1560 
1392 1559 1560 1311 1558 
1393 487 1561 1563 1564 
1394 1561 1137 1562 1241 
1395 1563 1562 1108 1565 
1396 1564 1241 1565 1149 
1397 1561 1563 1564 1241 
1398 1561 1241 1562 1563 
1399 1563 1564 1241 1565 
1400 1563 1565 1241 1562 
1401 1104 1185 1566 1188 
1402 1185 1130 1354 1189 
1403 1566 1354 1106 1357 
1404 1188 1189 1357 1148 
1405 1185 1566 1188 1189 
1406 1185 1189 1354 1566 
1407 1566 1188 1189 1357 
1408 1566 1357 1189 1354 
1409 1101 1544 1514 1515 
1410 1544 1115 1543 1567 
1411 1514 1543 35 1516 
1412 1515 1567 1516 1136 
1413 1544 1514 1515 1567 
1414 1544 1567 1543 1514 
1415 1514 1515 1567 1516 
1416 1514 1516 1567 1543 
1417 485 573 1569 1570 
1418 573 488 1568 1508 
1419 1569 1568 987 1571 
1420 1570 1508 1571 1114 
1421 573 1569 1570 1508 
1422 573 1508 1568 1569 
1423 1569 1570 1508 1571 
1424 1569 1571 1508 1568 
1425 673 753 1478 1572 
1426 753 675 1435 1466 
1427 1478 1435 1133 1467 
1428 1572 1466 1467 1146 
1429 753 1478 1572 1466 
1430 753 1466 1435 1478 
1431 1478 1572 1466 1467 
1432 1478 1467 1466 1435 
1433 461 1376 1375 1573 
1434 1376 1110 1377 1575 
1435 1375 1377 986 1574 
1436 1573 1575 1574 1155 
1437 1376 1375 1573 1575 
1438 1376 1575 1377 1375 
1439 1375 1573 1575 1574 
1440 1375 1574 1575 1377 
1441 1105 1381 1378 1499 
1442 1381 1121 1382 1400 
1443 1378 1382 1008 1500 
1444 1499 1400 1500 1138 
1445 1381 1378 1499 1400 
1446 1381 1400 1382 1378 
1447 1378 1499 1400 1500 
1448 1378 1500 1400 1382 
1449 779 1576 914 1577 
1450 1576 1116 1504 1327 
1451 914 1504 786 1505 
1452 1577 1327 1505 1135 
1453 1576 914 1577 1327 
1454 1576 1327 1504 914 
1455 914 1577 1327 1505 
1456 914 1505 1327 1504 
1457 1000 1043 1509 1507 
1458 1043 987 1568 1571 
1459 1509 1568 488 1508 
1460 1507 1571 1508 1114 
1461 1043 1509 1507 1571 
1462 1043 1571 1568 1509 
1463 1509 1507 1571 1508 
1464 1509 1508 1571 1568 
1465 1111 1167 1305 1578 
1466 1167 1117 1306 1580 
1467 1305 1306 670 1579 
1468 1578 1580 1579 1125 
1469 1167 1305 1578 1580 
1470 1167 1580 1306 1305 
1471 1305 1578 1580 1579 
1472 1305 1579 1580 1306 
1473 486 1581 1442 1536 
1474 1581 1131 1582 1454 
1475 1442 1582 1101 1537 
1476 1536 1454 1537 1134 
1477 1581 1442 1536 1454 
1478 1581 1454 1582 1442 
1479 1442 1536 1454 1537 
1480 1442 1537 1454 1582 
1481 1105 1548 1547 1583 
1482 1548 1132 1431 1436 
1483 1547 1431 1108 1434 
1484 1583 1436 1434 1133 
1485 1548 1547 1583 1436 
1486 1548 1436 1431 1547 
1487 1547 1583 1436 1434 
1488 1547 1434 1436 1431 
1489 1105 1381 1392 1583 
1490 1381 1121 1394 1585 
1491 1392 1394 672 1584 
1492 1583 1585 1584 1133 
1493 1381 1392 1583 1585 
1494 1381 1585 1394 1392 
1495 1392 1583 1585 1584 
1496 1392 1584 1585 1394 
1497 685 1395 1393 1390 
1498 1395 1121 1381 1400 
1499 1393 1381 1105 1499 
1500 1390 1400 1499 1138 
1501 1395 1393 1390 1400 
1502 1395 1400 1381 1393 
1503 1393 1390 1400 1499 
1504 1393 1499 1400 1381 
1505 1009 1089 1420 1463 
1506 1089 1003 1426 1427 
1507 1420 1426 1120 1428 
1508 1463 1427 1428 1147 
1509 1089 1420 1463 1427 
1510 1089 1427 1426 1420 
1511 1420 1463 1427 1428 
1512 1420 1428 1427 1426 
1513 1118 1513 1586 1532 
1514 1513 1136 1515 1518 
1515 1586 1515 1101 1519 
1516 1532 1518 1519 1150 
1517 1513 1586 1532 1518 
1518 1513 1518 1515 1586 
1519 1586 1532 1518 1519 
1520 1586 1519 1518 1515 
1521 1102 1408 1193 1587 
1522 1408 1116 1172 1447 
1523 1193 1172 1110 1588 
1524 1587 1447 1588 1118 
1525 1408 1193 1587 1447 
1526 1408 1447 1172 1193 
1527 1193 1587 1447 1588 
1528 1193 1588 1447 1172 
1529 990 1491 1589 1492 
1530 1491 1116 1576 1327 
1531 1589 1576 779 1577 
1532 1492 1327 1577 1135 
1533 1491 1589 1492 1327 
1534 1491 1327 1576 1589 
1535 1589 1492 1327 1577 
1536 1589 1577 1327 1576 
1537 464 626 620 1324 
1538 626 465 625 1550 
1539 620 625 463 1231 
1540 1324 1550 1231 1137 
1541 626 620 1324 1550 
1542 626 1550 625 620 
1543 620 1324 1550 1231 
1544 620 1231 1550 625 
1545 663 716 750 1477 
1546 716 673 753 1478 
1547 750 753 675 1435 
1548 1477 1478 1435 1133 
1549 716 750 1477 1478 
1550 716 1478 753 750 
1551 750 1477 1478 1435 
1552 750 1435 1478 753 
1553 994 1085 1479 1590 
1554 1085 989 1462 1591 
1555 1479 1462 1107 1460 
1556 1590 1591 1460 1135 
1557 1085 1479 1590 1591 
1558 1085 1591 1462 1479 
1559 1479 1590 1591 1460 
1560 1479 1460 1591 1462 
1561 1106 1354 1566 1592 
1562 1354 1130 1185 1593 
1563 1566 1185 1104 1294 
1564 1592 1593 1294 1152 
1565 1354 1566 1592 1593 
1566 1354 1593 1185 1566 
1567 1566 1592 1593 1294 
1568 1566 1294 1593 1185 
1569 454 1534 1535 1594 
1570 1534 673 1478 1572 
1571 1535 1478 1133 1467 
1572 1594 1572 1467 1146 
1573 1534 1535 1594 1572 
1574 1534 1572 1478 1535 
1575 1535 1594 1572 1467 
1576 1535 1467 1572 1478 
1577 350 426 1307 1310 
1578 426 339 1595 1362 
1579 1307 1595 1123 1311 
1580 1310 1362 1311 1136 
1581 426 1307 1310 1362 
1582 426 1362 1595 1307 
1583 1307 1310 1362 1311 
1584 1307 1311 1362 1595 
1585 998 1402 1379 1495 
1586 1402 1114 1401 1596 
1587 1379 1401 1105 1497 
1588 1495 1596 1497 1151 
1589 1402 1379 1495 1596 
1590 1402 1596 1401 1379 
1591 1379 1495 1596 1497 
1592 1379 1497 1596 1401 
1593 472 1597 1598 1599 
1594 1597 1121 1403 1600 
1595 1598 1403 1114 1315 
1596 1599 1600 1315 1149 
1597 1597 1598 1599 1600 
1598 1597 1600 1403 1598 
1599 1598 1599 1600 1315 
1600 1598 1315 1600 1403 
1601 685 1390 1393 1523 
1602 1390 1138 1499 1601 
1603 1393 1499 1105 1525 
1604 1523 1601 1525 1154 
1605 1390 1393 1523 1601 
1606 1390 1601 1499 1393 
1607 1393 1523 1601 1525 
1608 1393 1525 1601 1499 
1609 227 1209 1208 1602 
1610 1209 1109 1207 1604 
1611 1208 1207 780 1603 
1612 1602 1604 1603 1140 
1613 1209 1208 1602 1604 
1614 1209 1604 1207 1208 
1615 1208 1602 1604 1603 
1616 1208 1603 1604 1207 
1617 1104 1166 1605 1294 
1618 1166 1117 1331 1287 
1619 1605 1331 1139 1332 
1620 1294 1287 1332 1152 
1621 1166 1605 1294 1287 
1622 1166 1287 1331 1605 
1623 1605 1294 1287 1332 
1624 1605 1332 1287 1331 
1625 339 1360 425 1362 
1626 1360 1113 1559 1363 
1627 425 1559 348 1560 
1628 1362 1363 1560 1136 
1629 1360 425 1362 1363 
1630 1360 1363 1559 425 
1631 425 1362 1363 1560 
1632 425 1560 1363 1559 
1633 1110 1588 1172 1325 
1634 1588 1118 1447 1461 
1635 1172 1447 1116 1327 
1636 1325 1461 1327 1135 
1637 1588 1172 1325 1461 
1638 1588 1461 1447 1172 
1639 1172 1325 1461 1327 
1640 1172 1327 1461 1447 
1641 1107 1479 1460 1422 
1642 1479 994 1590 1480 
1643 1460 1590 1135 1606 
1644 1422 1480 1606 1155 
1645 1479 1460 1422 1480 
1646 1479 1480 1590 1460 
1647 1460 1422 1480 1606 
1648 1460 1606 1480 1590 
1649 1104 1196 1199 1552 
1650 1196 1122 1235 1607 
1651 1199 1235 479 1553 
1652 1552 1607 1553 1125 
1653 1196 1199 1552 1607 
1654 1196 1607 1235 1199 
1655 1199 1552 1607 1553 
1656 1199 1553 1607 1235 
1657 494 1608 1609 1610 
1658 1608 349 415 1612 
1659 1609 415 342 1611 
1660 1610 1612 1611 1141 
1661 1608 1609 1610 1612 
1662 1608 1612 415 1609 
1663 1609 1610 1612 1611 
1664 1609 1611 1612 415 
1665 1107 1460 1462 1343 
1666 1460 1135 1591 1613 
1667 1462 1591 989 1464 
1668 1343 1613 1464 1147 
1669 1460 1462 1343 1613 
1670 1460 1613 1591 1462 
1671 1462 1343 1613 1464 
1672 1462 1464 1613 1591 
1673 455 570 1614 1169 
1674 570 485 1569 1570 
1675 1614 1569 987 1571 
1676 1169 1570 1571 1114 
1677 570 1614 1169 1570 
1678 570 1570 1569 1614 
1679 1614 1169 1570 1571 
1680 1614 1571 1570 1569 
1681 803 929 984 1244 
1682 929 801 977 1162 
1683 984 977 802 1213 
1684 1244 1162 1213 1111 
1685 929 984 1244 1162 
1686 929 1162 977 984 
1687 984 1244 1162 1213 
1688 984 1213 1162 977 
1689 813 1615 934 1616 
1690 1615 1107 1458 1343 
1691 934 1458 795 1617 
1692 1616 1343 1617 1147 
1693 1615 934 1616 1343 
1694 1615 1343 1458 934 
1695 934 1616 1343 1617 
1696 934 1617 1343 1458 
1697 1000 1077 1507 1510 
1698 1077 998 1402 1380 
1699 1507 1402 1114 1403 
1700 1510 1380 1403 1121 
1701 1077 1507 1510 1380 
1702 1077 1380 1402 1507 
1703 1507 1510 1380 1403 
1704 1507 1403 1380 1402 
1705 467 639 632 1351 
1706 639 468 638 1356 
1707 632 638 466 1364 
1708 1351 1356 1364 1106 
1709 639 632 1351 1356 
1710 639 1356 638 632 
1711 632 1351 1356 1364 
1712 632 1364 1356 638 
1713 813 1618 1615 1616 
1714 1618 1135 1460 1613 
1715 1615 1460 1107 1343 
1716 1616 1613 1343 1147 
1717 1618 1615 1616 1613 
1718 1618 1613 1460 1615 
1719 1615 1616 1613 1343 
1720 1615 1343 1613 1460 
1721 459 1619 1621 1622 
1722 1619 1120 1620 1337 
1723 1621 1620 340 1623 
1724 1622 1337 1623 1123 
1725 1619 1621 1622 1337 
1726 1619 1337 1620 1621 
1727 1621 1622 1337 1623 
1728 1621 1623 1337 1620 
1729 486 659 1440 1443 
1730 659 477 1624 1625 
1731 1440 1624 1141 1445 
1732 1443 1625 1445 1145 
1733 659 1440 1443 1625 
1734 659 1625 1624 1440 
1735 1440 1443 1625 1445 
1736 1440 1445 1625 1624 
1737 455 1614 1183 1169 
1738 1614 987 1040 1571 
1739 1183 1040 999 1182 
1740 1169 1571 1182 1114 
1741 1614 1183 1169 1571 
1742 1614 1571 1040 1183 
1743 1183 1169 1571 1182 
1744 1183 1182 1571 1040 
1745 1106 1626 1354 1592 
1746 1626 1129 1627 1628 
1747 1354 1627 1130 1593 
1748 1592 1628 1593 1152 
1749 1626 1354 1592 1628 
1750 1626 1628 1627 1354 
1751 1354 1592 1628 1593 
1752 1354 1593 1628 1627 
1753 347 1629 421 1630 
1754 1629 1113 1282 1180 
1755 421 1282 338 1283 
1756 1630 1180 1283 1126 
1757 1629 421 1630 1180 
1758 1629 1180 1282 421 
1759 421 1630 1180 1283 
1760 421 1283 1180 1282 
1761 494 1631 1608 1610 
1762 1631 1123 1632 1633 
1763 1608 1632 349 1612 
1764 1610 1633 1612 1141 
1765 1631 1608 1610 1633 
1766 1631 1633 1632 1608 
1767 1608 1610 1633 1612 
1768 1608 1612 1633 1632 
1769 339 425 1595 1362 
1770 425 348 1558 1560 
1771 1595 1558 1123 1311 
1772 1362 1560 1311 1136 
1773 425 1595 1362 1560 
1774 425 1560 1558 1595 
1775 1595 1362 1560 1311 
1776 1595 1311 1560 1558 
1777 1109 1634 1635 1636 
1778 1634 1104 1185 1294 
1779 1635 1185 1130 1593 
1780 1636 1294 1593 1152 
1781 1634 1635 1636 1294 
1782 1634 1294 1185 1635 
1783 1635 1636 1294 1593 
1784 1635 1593 1294 1185 
1785 1104 1413 1634 1238 
1786 1413 1140 1604 1638 
1787 1634 1604 1109 1637 
1788 1238 1638 1637 1144 
1789 1413 1634 1238 1638 
1790 1413 1638 1604 1634 
1791 1634 1238 1638 1637 
1792 1634 1637 1638 1604 
1793 1106 1639 1350 1640 
1794 1639 1102 1194 1642 
1795 1350 1194 1131 1641 
1796 1640 1642 1641 1150 
1797 1639 1350 1640 1642 
1798 1639 1642 1194 1350 
1799 1350 1640 1642 1641 
1800 1350 1641 1642 1194 
1801 472 602 1598 1597 
1802 602 488 1508 1511 
1803 1598 1508 1114 1403 
1804 1597 1511 1403 1121 
1805 602 1598 1597 1511 
1806 602 1511 1508 1598 
1807 1598 1597 1511 1403 
1808 1598 1403 1511 1508 
1809 1107 1334 1335 1343 
1810 1334 1120 1333 1428 
1811 1335 1333 360 1498 
1812 1343 1428 1498 1147 
1813 1334 1335 1343 1428 
1814 1334 1428 1333 1335 
1815 1335 1343 1428 1498 
1816 1335 1498 1428 1333 
1817 474 1643 1644 1645 
1818 1643 1133 1434 1467 
1819 1644 1434 1108 1465 
1820 1645 1467 1465 1146 
1821 1643 1644 1645 1467 
1822 1643 1467 1434 1644 
1823 1644 1645 1467 1465 
1824 1644 1465 1467 1434 
1825 347 443 1629 1647 
1826 443 342 1646 1649 
1827 1629 1646 1113 1648 
1828 1647 1649 1648 1128 
1829 443 1629 1647 1649 
1830 443 1649 1646 1629 
1831 1629 1647 1649 1648 
1832 1629 1648 1649 1646 
1833 1104 1634 1185 1238 
1834 1634 1109 1635 1637 
1835 1185 1635 1130 1201 
1836 1238 1637 1201 1144 
1837 1634 1185 1238 1637 
1838 1634 1637 1635 1185 
1839 1185 1238 1637 1201 
1840 1185 1201 1637 1635 
1841 1105 1409 1401 1650 
1842 1409 1102 1192 1242 
1843 1401 1192 1114 1315 
1844 1650 1242 1315 1149 
1845 1409 1401 1650 1242 
1846 1409 1242 1192 1401 
1847 1401 1650 1242 1315 
1848 1401 1315 1242 1192 
1849 1120 1337 1619 1651 
1850 1337 1123 1622 1653 
1851 1619 1622 459 1652 
1852 1651 1653 1652 1145 
1853 1337 1619 1651 1653 
1854 1337 1653 1622 1619 
1855 1619 1651 1653 1652 
1856 1619 1652 1653 1622 
1857 342 445 1646 1611 
1858 445 348 1559 1655 
1859 1646 1559 1113 1654 
1860 1611 1655 1654 1141 
1861 445 1646 1611 1655 
1862 445 1655 1559 1646 
1863 1646 1611 1655 1654 
1864 1646 1654 1655 1559 
1865 1101 1537 1582 1519 
1866 1537 1134 1454 1656 
1867 1582 1454 1131 1641 
1868 1519 1656 1641 1150 
1869 1537 1582 1519 1656 
1870 1537 1656 1454 1582 
1871 1582 1519 1656 1641 
1872 1582 1641 1656 1454 
1873 225 304 319 1657 
1874 304 244 284 1292 
1875 319 284 239 1293 
1876 1657 1292 1293 1111 
1877 304 319 1657 1292 
1878 304 1292 284 319 
1879 319 1657 1292 1293 
1880 319 1293 1292 284 
1881 787 915 1446 1449 
1882 915 786 1503 1658 
1883 1446 1503 1118 1451 
1884 1449 1658 1451 1153 
1885 915 1446 1449 1658 
1886 915 1658 1503 1446 
1887 1446 1449 1658 1451 
1888 1446 1451 1658 1503 
1889 1009 1420 1421 1463 
1890 1420 1120 1334 1428 
1891 1421 1334 1107 1343 
1892 1463 1428 1343 1147 
1893 1420 1421 1463 1428 
1894 1420 1428 1334 1421 
1895 1421 1463 1428 1343 
1896 1421 1343 1428 1334 
1897 1113 1648 1646 1654 
1898 1648 1128 1649 1659 
1899 1646 1649 342 1611 
1900 1654 1659 1611 1141 
1901 1648 1646 1654 1659 
1902 1648 1659 1649 1646 
1903 1646 1654 1659 1611 
1904 1646 1611 1659 1649 
1905 1132 1436 1548 1660 
1906 1436 1133 1583 1661 
1907 1548 1583 1105 1525 
1908 1660 1661 1525 1154 
1909 1436 1548 1660 1661 
1910 1436 1661 1583 1548 
1911 1548 1660 1661 1525 
1912 1548 1525 1661 1583 
1913 459 1621 1662 1622 
1914 1621 340 418 1623 
1915 1662 418 349 1632 
1916 1622 1623 1632 1123 
1917 1621 1662 1622 1623 
1918 1621 1623 418 1662 
1919 1662 1622 1623 1632 
1920 1662 1632 1623 418 
1921 1106 1350 1639 1353 
1922 1350 1131 1194 1232 
1923 1639 1194 1102 1230 
1924 1353 1232 1230 1137 
1925 1350 1639 1353 1232 
1926 1350 1232 1194 1639 
1927 1639 1353 1232 1230 
1928 1639 1230 1232 1194 
1929 813 1663 1618 1616 
1930 1663 989 1591 1464 
1931 1618 1591 1135 1613 
1932 1616 1464 1613 1147 
1933 1663 1618 1616 1464 
1934 1663 1464 1591 1618 
1935 1618 1616 1464 1613 
1936 1618 1613 1464 1591 
1937 1104 1196 1413 1238 
1938 1196 1122 1664 1202 
1939 1413 1664 1140 1638 
1940 1238 1202 1638 1144 
1941 1196 1413 1238 1202 
1942 1196 1202 1664 1413 
1943 1413 1238 1202 1638 
1944 1413 1638 1202 1664 
1945 487 1563 583 1564 
1946 1563 1108 1644 1565 
1947 583 1644 474 1665 
1948 1564 1565 1665 1149 
1949 1563 583 1564 1565 
1950 1563 1565 1644 583 
1951 583 1564 1565 1665 
1952 583 1665 1565 1644 
1953 21 1666 1667 1668 
1954 1666 1129 1626 1670 
1955 1667 1626 1106 1669 
1956 1668 1670 1669 1139 
1957 1666 1667 1668 1670 
1958 1666 1670 1626 1667 
1959 1667 1668 1670 1669 
1960 1667 1669 1670 1626 
1961 1101 1582 1442 1444 
1962 1582 1131 1581 1671 
1963 1442 1581 486 1443 
1964 1444 1671 1443 1145 
1965 1582 1442 1444 1671 
1966 1582 1671 1581 1442 
1967 1442 1444 1671 1443 
1968 1442 1443 1671 1581 
1969 1109 1635 1257 1636 
1970 1635 1130 1627 1593 
1971 1257 1627 1129 1628 
1972 1636 1593 1628 1152 
1973 1635 1257 1636 1593 
1974 1635 1593 1627 1257 
1975 1257 1636 1593 1628 
1976 1257 1628 1593 1627 
1977 1102 1411 1408 1672 
1978 1411 1127 1412 1473 
1979 1408 1412 1116 1450 
1980 1672 1473 1450 1153 
1981 1411 1408 1672 1473 
1982 1411 1473 1412 1408 
1983 1408 1672 1473 1450 
1984 1408 1450 1473 1412 
1985 467 632 633 1352 
1986 632 466 631 1539 
1987 633 631 464 1324 
1988 1352 1539 1324 1137 
1989 632 633 1352 1539 
1990 632 1539 631 633 
1991 633 1352 1539 1324 
1992 633 1324 1539 631 
1993 349 1608 1662 1632 
1994 1608 494 541 1631 
1995 1662 541 459 1622 
1996 1632 1631 1622 1123 
1997 1608 1662 1632 1631 
1998 1608 1631 541 1662 
1999 1662 1632 1631 1622 
2000 1662 1622 1631 541 
2001 468 1356 639 1673 
2002 1356 1106 1351 1455 
2003 639 1351 467 1453 
2004 1673 1455 1453 1134 
2005 1356 639 1673 1455 
2006 1356 1455 1351 639 
2007 639 1673 1455 1453 
2008 639 1453 1455 1351 
2009 348 1558 1559 1655 
2010 1558 1123 1557 1633 
2011 1559 1557 1113 1654 
2012 1655 1633 1654 1141 
2013 1558 1559 1655 1633 
2014 1558 1633 1557 1559 
2015 1559 1655 1633 1654 
2016 1559 1654 1633 1557 
2017 476 1385 616 1274 
2018 1385 1112 1484 1452 
2019 616 1484 490 1487 
2020 1274 1452 1487 1124 
2021 1385 616 1274 1452 
2022 1385 1452 1484 616 
2023 616 1274 1452 1487 
2024 616 1487 1452 1484 
2025 812 1674 1675 1676 
2026 1674 1118 1531 1513 
2027 1675 1531 35 1516 
2028 1676 1513 1516 1136 
2029 1674 1675 1676 1513 
2030 1674 1513 1531 1675 
2031 1675 1676 1513 1516 
2032 1675 1516 1513 1531 
2033 1103 1340 1541 1367 
2034 1340 1126 1180 1677 
2035 1541 1180 1113 1648 
2036 1367 1677 1648 1128 
2037 1340 1541 1367 1677 
2038 1340 1677 1180 1541 
2039 1541 1367 1677 1648 
2040 1541 1648 1677 1180 
2041 1117 1331 1679 1680 
2042 1331 1139 1678 1682 
2043 1679 1678 1108 1681 
2044 1680 1682 1681 1148 
2045 1331 1679 1680 1682 
2046 1331 1682 1678 1679 
2047 1679 1680 1682 1681 
2048 1679 1681 1682 1678 
2049 817 1683 1248 1249 
2050 1683 666 729 1684 
2051 1248 729 669 1246 
2052 1249 1684 1246 1117 
2053 1683 1248 1249 1684 
2054 1683 1684 729 1248 
2055 1248 1249 1684 1246 
2056 1248 1246 1684 729 
2057 1113 1180 1629 1648 
2058 1180 1126 1630 1677 
2059 1629 1630 347 1647 
2060 1648 1677 1647 1128 
2061 1180 1629 1648 1677 
2062 1180 1677 1630 1629 
2063 1629 1648 1677 1647 
2064 1629 1647 1677 1630 
2065 238 1485 308 1486 
2066 1485 1112 1685 1452 
2067 308 1685 231 1686 
2068 1486 1452 1686 1124 
2069 1485 308 1486 1452 
2070 1485 1452 1685 308 
2071 308 1486 1452 1686 
2072 308 1686 1452 1685 
2073 1110 1588 1687 1688 
2074 1588 1118 1457 1690 
2075 1687 1457 1107 1689 
2076 1688 1690 1689 1145 
2077 1588 1687 1688 1690 
2078 1588 1690 1457 1687 
2079 1687 1688 1690 1689 
2080 1687 1689 1690 1457 
2081 474 1644 583 1645 
2082 1644 1108 1563 1465 
2083 583 1563 487 1691 
2084 1645 1465 1691 1146 
2085 1644 583 1645 1465 
2086 1644 1465 1563 583 
2087 583 1645 1465 1691 
2088 583 1691 1465 1563 
2089 1107 1457 1687 1460 
2090 1457 1118 1588 1461 
2091 1687 1588 1110 1325 
2092 1460 1461 1325 1135 
2093 1457 1687 1460 1461 
2094 1457 1461 1588 1687 
2095 1687 1460 1461 1325 
2096 1687 1325 1461 1588 
2097 21 1668 1667 1692 
2098 1668 1139 1669 1693 
2099 1667 1669 1106 1640 
2100 1692 1693 1640 1150 
2101 1668 1667 1692 1693 
2102 1668 1693 1669 1667 
2103 1667 1692 1693 1640 
2104 1667 1640 1693 1669 
2105 682 723 700 1291 
2106 723 665 764 1494 
2107 700 764 679 1300 
2108 1291 1494 1300 1111 
2109 723 700 1291 1494 
2110 723 1494 764 700 
2111 700 1291 1494 1300 
2112 700 1300 1494 764 
2113 1131 1454 1350 1641 
2114 1454 1134 1455 1656 
2115 1350 1455 1106 1640 
2116 1641 1656 1640 1150 
2117 1454 1350 1641 1656 
2118 1454 1656 1455 1350 
2119 1350 1641 1656 1640 
2120 1350 1640 1656 1455 
2121 795 1458 931 1617 
2122 1458 1107 1263 1343 
2123 931 1263 783 1341 
2124 1617 1343 1341 1147 
2125 1458 931 1617 1343 
2126 1458 1343 1263 931 
2127 931 1617 1343 1341 
2128 931 1341 1343 1263 
2129 349 1632 415 1612 
2130 1632 1123 1694 1633 
2131 415 1694 342 1611 
2132 1612 1633 1611 1141 
2133 1632 415 1612 1633 
2134 1632 1633 1694 415 
2135 415 1612 1633 1611 
2136 415 1611 1633 1694 
2137 794 1258 1695 1259 
2138 1258 1 18 1216 
2139 1695 18 19 1275 
2140 1259 1216 1275 1115 
2141 1258 1695 1259 1216 
2142 1258 1216 18 1695 
2143 1695 1259 1216 1275 
2144 1695 1275 1216 18 
2145 472 1696 1597 1599 
2146 1696 1133 1585 1697 
2147 1597 1585 1121 1600 
2148 1599 1697 1600 1149 
2149 1696 1597 1599 1697 
2150 1696 1697 1585 1597 
2151 1597 1599 1697 1600 
2152 1597 1600 1697 1585 
2153 342 1694 445 1611 
2154 1694 1123 1558 1633 
2155 445 1558 348 1655 
2156 1611 1633 1655 1141 
2157 1694 445 1611 1633 
2158 1694 1633 1558 445 
2159 445 1611 1633 1655 
2160 445 1655 1633 1558 
2161 462 589 590 1218 
2162 589 455 567 1168 
2163 590 567 461 1376 
2164 1218 1168 1376 1110 
2165 589 590 1218 1168 
2166 589 1168 567 590 
2167 590 1218 1168 1376 
2168 590 1376 1168 567 
2169 817 875 1683 1249 
2170 875 778 1698 1699 
2171 1683 1698 666 1684 
2172 1249 1699 1684 1117 
2173 875 1683 1249 1699 
2174 875 1699 1698 1683 
2175 1683 1249 1699 1684 
2176 1683 1684 1699 1698 
2177 998 1700 1402 1495 
2178 1700 1116 1174 1555 
2179 1402 1174 1114 1596 
2180 1495 1555 1596 1151 
2181 1700 1402 1495 1555 
2182 1700 1555 1174 1402 
2183 1402 1495 1555 1596 
2184 1402 1596 1555 1174 
2185 1114 1403 1401 1315 
2186 1403 1121 1381 1600 
2187 1401 1381 1105 1650 
2188 1315 1600 1650 1149 
2189 1403 1401 1315 1600 
2190 1403 1600 1381 1401 
2191 1401 1315 1600 1650 
2192 1401 1650 1600 1381 
2193 1116 1447 1408 1450 
2194 1447 1118 1587 1451 
2195 1408 1587 1102 1672 
2196 1450 1451 1672 1153 
2197 1447 1408 1450 1451 
2198 1447 1451 1587 1408 
2199 1408 1450 1451 1672 
2200 1408 1672 1451 1587 
2201 785 1701 891 1702 
2202 1701 990 1589 1492 
2203 891 1589 779 1577 
2204 1702 1492 1577 1135 
2205 1701 891 1702 1492 
2206 1701 1492 1589 891 
2207 891 1702 1492 1577 
2208 891 1577 1492 1589 
2209 795 1458 934 1459 
2210 1458 1107 1615 1460 
2211 934 1615 813 1618 
2212 1459 1460 1618 1135 
2213 1458 934 1459 1460 
2214 1458 1460 1615 934 
2215 934 1459 1460 1618 
2216 934 1618 1460 1615 
2217 486 647 1536 1440 
2218 647 473 1703 1704 
2219 1536 1703 1134 1538 
2220 1440 1704 1538 1141 
2221 647 1536 1440 1704 
2222 647 1704 1703 1536 
2223 1536 1440 1704 1538 
2224 1536 1538 1704 1703 
2225 225 1705 304 1657 
2226 1705 820 1469 1470 
2227 304 1469 244 1292 
2228 1657 1470 1292 1111 
2229 1705 304 1657 1470 
2230 1705 1470 1469 304 
2231 304 1657 1470 1292 
2232 304 1292 1470 1469 
2233 1104 1605 1166 1188 
2234 1605 1139 1331 1682 
2235 1166 1331 1117 1680 
2236 1188 1682 1680 1148 
2237 1605 1166 1188 1682 
2238 1605 1682 1331 1166 
2239 1166 1188 1682 1680 
2240 1166 1680 1682 1331 
2241 682 1468 723 1291 
2242 1468 820 1706 1470 
2243 723 1706 665 1494 
2244 1291 1470 1494 1111 
2245 1468 723 1291 1470 
2246 1468 1470 1706 723 
2247 723 1291 1470 1494 
2248 723 1494 1470 1706 
2249 494 1609 538 1610 
2250 1609 342 1707 1611 
2251 538 1707 453 1708 
2252 1610 1611 1708 1141 
2253 1609 538 1610 1611 
2254 1609 1611 1707 538 
2255 538 1610 1611 1708 
2256 538 1708 1611 1707 
2257 476 614 1385 1387 
2258 614 460 1709 1710 
2259 1385 1709 1112 1388 
2260 1387 1710 1388 1128 
2261 614 1385 1387 1710 
2262 614 1710 1709 1385 
2263 1385 1387 1710 1388 
2264 1385 1388 1710 1709 
2265 1129 1670 1666 1628 
2266 1670 1139 1668 1332 
2267 1666 1668 21 1711 
2268 1628 1332 1711 1152 
2269 1670 1666 1628 1332 
2270 1670 1332 1668 1666 
2271 1666 1628 1332 1711 
2272 1666 1711 1332 1668 
2273 1102 1409 1411 1242 
2274 1409 1105 1410 1650 
2275 1411 1410 1127 1712 
2276 1242 1650 1712 1149 
2277 1409 1411 1242 1650 
2278 1409 1650 1410 1411 
2279 1411 1242 1650 1712 
2280 1411 1712 1650 1410 
2281 672 1392 1584 1524 
2282 1392 1105 1583 1525 
2283 1584 1583 1133 1661 
2284 1524 1525 1661 1154 
2285 1392 1584 1524 1525 
2286 1392 1525 1583 1584 
2287 1584 1524 1525 1661 
2288 1584 1661 1525 1583 
2289 238 268 335 1485 
2290 268 241 265 1347 
2291 335 265 229 1348 
2292 1485 1347 1348 1112 
2293 268 335 1485 1347 
2294 268 1347 265 335 
2295 335 1485 1347 1348 
2296 335 1348 1347 265 
2297 783 1263 931 1266 
2298 1263 1107 1458 1267 
2299 931 1458 795 1512 
2300 1266 1267 1512 1136 
2301 1263 931 1266 1267 
2302 1263 1267 1458 931 
2303 931 1266 1267 1512 
2304 931 1512 1267 1458 
2305 5 1713 1714 1715 
2306 1713 1113 1261 1363 
2307 1714 1261 777 1416 
2308 1715 1363 1416 1136 
2309 1713 1714 1715 1363 
2310 1713 1363 1261 1714 
2311 1714 1715 1363 1416 
2312 1714 1416 1363 1261 
2313 1117 1716 1718 1719 
2314 1716 1132 1717 1482 
2315 1718 1717 674 1720 
2316 1719 1482 1720 1146 
2317 1716 1718 1719 1482 
2318 1716 1482 1717 1718 
2319 1718 1719 1482 1720 
2320 1718 1720 1482 1717 
2321 807 1721 1722 1723 
2322 1721 1105 1497 1525 
2323 1722 1497 1151 1724 
2324 1723 1525 1724 1154 
2325 1721 1722 1723 1525 
2326 1721 1525 1497 1722 
2327 1722 1723 1525 1724 
2328 1722 1724 1525 1497 
2329 1115 1725 1726 1727 
2330 1725 1134 1371 1538 
2331 1726 1371 1128 1659 
2332 1727 1538 1659 1141 
2333 1725 1726 1727 1538 
2334 1725 1538 1371 1726 
2335 1726 1727 1538 1659 
2336 1726 1659 1538 1371 
2337 1106 1669 1639 1640 
2338 1669 1139 1728 1693 
2339 1639 1728 1102 1642 
2340 1640 1693 1642 1150 
2341 1669 1639 1640 1693 
2342 1669 1693 1728 1639 
2343 1639 1640 1693 1642 
2344 1639 1642 1693 1728 
2345 807 1729 1721 1723 
2346 1729 1127 1410 1730 
2347 1721 1410 1105 1525 
2348 1723 1730 1525 1154 
2349 1729 1721 1723 1730 
2350 1729 1730 1410 1721 
2351 1721 1723 1730 1525 
2352 1721 1525 1730 1410 
2353 1127 1549 1410 1730 
2354 1549 1132 1548 1660 
2355 1410 1548 1105 1525 
2356 1730 1660 1525 1154 
2357 1549 1410 1730 1660 
2358 1549 1660 1548 1410 
2359 1410 1730 1660 1525 
2360 1410 1525 1660 1548 
2361 21 1667 1666 1692 
2362 1667 1106 1626 1640 
2363 1666 1626 1129 1731 
2364 1692 1640 1731 1150 
2365 1667 1666 1692 1640 
2366 1667 1640 1626 1666 
2367 1666 1692 1640 1731 
2368 1666 1731 1640 1626 
2369 341 406 1732 1733 
2370 406 358 1521 1346 
2371 1732 1521 498 1522 
2372 1733 1346 1522 1112 
2373 406 1732 1733 1346 
2374 406 1346 1521 1732 
2375 1732 1733 1346 1522 
2376 1732 1522 1346 1521 
2377 341 440 406 1733 
2378 440 355 380 1359 
2379 406 380 358 1346 
2380 1733 1359 1346 1112 
2381 440 406 1733 1359 
2382 440 1359 380 406 
2383 406 1733 1359 1346 
2384 406 1346 1359 380 
2385 1115 1726 1215 1727 
2386 1726 1128 1648 1659 
2387 1215 1648 1113 1654 
2388 1727 1659 1654 1141 
2389 1726 1215 1727 1659 
2390 1726 1659 1648 1215 
2391 1215 1727 1659 1654 
2392 1215 1654 1659 1648 
2393 1103 1734 1228 1255 
2394 1734 1106 1626 1354 
2395 1228 1626 1129 1627 
2396 1255 1354 1627 1130 
2397 1734 1228 1255 1354 
2398 1734 1354 1626 1228 
2399 1228 1255 1354 1627 
2400 1228 1627 1354 1626 
2401 233 1735 330 1736 
2402 1735 1109 1209 1604 
2403 330 1209 227 1602 
2404 1736 1604 1602 1140 
2405 1735 330 1736 1604 
2406 1735 1604 1209 330 
2407 330 1736 1604 1602 
2408 330 1602 1604 1209 
2409 1103 1734 1317 1228 
2410 1734 1106 1737 1626 
2411 1317 1737 1115 1430 
2412 1228 1626 1430 1129 
2413 1734 1317 1228 1626 
2414 1734 1626 1737 1317 
2415 1317 1228 1626 1430 
2416 1317 1430 1626 1737 
2417 459 1622 609 1652 
2418 1622 1123 1738 1653 
2419 609 1738 477 1625 
2420 1652 1653 1625 1145 
2421 1622 609 1652 1653 
2422 1622 1653 1738 609 
2423 609 1652 1653 1625 
2424 609 1625 1653 1738 
2425 998 1073 1402 1700 
2426 1073 996 1170 1173 
2427 1402 1170 1114 1174 
2428 1700 1173 1174 1116 
2429 1073 1402 1700 1173 
2430 1073 1173 1170 1402 
2431 1402 1700 1173 1174 
2432 1402 1174 1173 1170 
2433 238 1739 268 1485 
2434 1739 498 1520 1522 
2435 268 1520 241 1347 
2436 1485 1522 1347 1112 
2437 1739 268 1485 1522 
2438 1739 1522 1520 268 
2439 268 1485 1522 1347 
2440 268 1347 1522 1520 
2441 1106 1354 1734 1455 
2442 1354 1130 1255 1404 
2443 1734 1255 1103 1370 
2444 1455 1404 1370 1134 
2445 1354 1734 1455 1404 
2446 1354 1404 1255 1734 
2447 1734 1455 1404 1370 
2448 1734 1370 1404 1255 
2449 233 1736 1740 1741 
2450 1736 1140 1664 1638 
2451 1740 1664 1122 1202 
2452 1741 1638 1202 1144 
2453 1736 1740 1741 1638 
2454 1736 1638 1664 1740 
2455 1740 1741 1638 1202 
2456 1740 1202 1638 1664 
2457 675 770 1432 1466 
2458 770 674 1717 1720 
2459 1432 1717 1132 1482 
2460 1466 1720 1482 1146 
2461 770 1432 1466 1720 
2462 770 1720 1717 1432 
2463 1432 1466 1720 1482 
2464 1432 1482 1720 1717 
2465 785 1742 1701 1702 
2466 1742 993 1060 1743 
2467 1701 1060 990 1492 
2468 1702 1743 1492 1135 
2469 1742 1701 1702 1743 
2470 1742 1743 1060 1701 
2471 1701 1702 1743 1492 
2472 1701 1492 1743 1060 
2473 3 1284 1744 1288 
2474 1284 802 978 1286 
2475 1744 978 793 1745 
2476 1288 1286 1745 1152 
2477 1284 1744 1288 1286 
2478 1284 1286 978 1744 
2479 1744 1288 1286 1745 
2480 1744 1745 1286 978 
2481 7 1746 1747 1748 
2482 1746 1127 1546 1749 
2483 1747 1546 1108 1678 
2484 1748 1749 1678 1139 
2485 1746 1747 1748 1749 
2486 1746 1749 1546 1747 
2487 1747 1748 1749 1678 
2488 1747 1678 1749 1546 
2489 484 660 516 1529 
2490 660 476 616 1274 
2491 516 616 490 1487 
2492 1529 1274 1487 1124 
2493 660 516 1529 1274 
2494 660 1274 616 516 
2495 516 1529 1274 1487 
2496 516 1487 1274 616 
2497 800 918 1750 1751 
2498 918 780 1207 1603 
2499 1750 1207 1109 1604 
2500 1751 1603 1604 1140 
2501 918 1750 1751 1603 
2502 918 1603 1207 1750 
2503 1750 1751 1603 1604 
2504 1750 1604 1603 1207 
2505 1103 1317 1734 1370 
2506 1317 1115 1737 1725 
2507 1734 1737 1106 1455 
2508 1370 1725 1455 1134 
2509 1317 1734 1370 1725 
2510 1317 1725 1737 1734 
2511 1734 1370 1725 1455 
2512 1734 1455 1725 1737 
2513 468 1355 1356 1673 
2514 1355 1130 1354 1404 
2515 1356 1354 1106 1455 
2516 1673 1404 1455 1134 
2517 1355 1356 1673 1404 
2518 1355 1404 1354 1356 
2519 1356 1673 1404 1455 
2520 1356 1455 1404 1354 
2521 460 1752 1709 1710 
2522 1752 341 1733 1753 
2523 1709 1733 1112 1388 
2524 1710 1753 1388 1128 
2525 1752 1709 1710 1753 
2526 1752 1753 1733 1709 
2527 1709 1710 1753 1388 
2528 1709 1388 1753 1733 
2529 800 1750 920 1754 
2530 1750 1109 1256 1257 
2531 920 1256 805 1234 
2532 1754 1257 1234 1129 
2533 1750 920 1754 1257 
2534 1750 1257 1256 920 
2535 920 1754 1257 1234 
2536 920 1234 1257 1256 
2537 809 1755 1756 1757 
2538 1755 1151 1501 1724 
2539 1756 1501 1138 1601 
2540 1757 1724 1601 1154 
2541 1755 1756 1757 1724 
2542 1755 1724 1501 1756 
2543 1756 1757 1724 1601 
2544 1756 1601 1724 1501 
2545 1106 1353 1639 1669 
2546 1353 1137 1230 1758 
2547 1639 1230 1102 1728 
2548 1669 1758 1728 1139 
2549 1353 1639 1669 1758 
2550 1353 1758 1230 1639 
2551 1639 1669 1758 1728 
2552 1639 1728 1758 1230 
2553 1109 1212 1406 1438 
2554 1212 1119 1225 1439 
2555 1406 1225 1103 1251 
2556 1438 1439 1251 1124 
2557 1212 1406 1438 1439 
2558 1212 1439 1225 1406 
2559 1406 1438 1439 1251 
2560 1406 1251 1439 1225 
2561 232 307 1339 1437 
2562 307 231 1759 1686 
2563 1339 1759 1119 1439 
2564 1437 1686 1439 1124 
2565 307 1339 1437 1686 
2566 307 1686 1759 1339 
2567 1339 1437 1686 1439 
2568 1339 1439 1686 1759 
2569 1113 1215 1541 1648 
2570 1215 1115 1317 1726 
2571 1541 1317 1103 1367 
2572 1648 1726 1367 1128 
2573 1215 1541 1648 1726 
2574 1215 1726 1317 1541 
2575 1541 1648 1726 1367 
2576 1541 1367 1726 1317 
2577 3 24 1330 1288 
2578 24 23 1760 1761 
2579 1330 1760 1139 1332 
2580 1288 1761 1332 1152 
2581 24 1330 1288 1761 
2582 24 1761 1760 1330 
2583 1330 1288 1761 1332 
2584 1330 1332 1761 1760 
2585 672 1584 1762 1524 
2586 1584 1133 1436 1661 
2587 1762 1436 1132 1660 
2588 1524 1661 1660 1154 
2589 1584 1762 1524 1661 
2590 1584 1661 1436 1762 
2591 1762 1524 1661 1660 
2592 1762 1660 1661 1436 
2593 491 1763 1764 1765 
2594 1763 342 412 1649 
2595 1764 412 345 1766 
2596 1765 1649 1766 1128 
2597 1763 1764 1765 1649 
2598 1763 1649 412 1764 
2599 1764 1765 1649 1766 
2600 1764 1766 1649 412 
2601 813 934 935 1616 
2602 934 795 931 1617 
2603 935 931 783 1341 
2604 1616 1617 1341 1147 
2605 934 935 1616 1617 
2606 934 1617 931 935 
2607 935 1616 1617 1341 
2608 935 1341 1617 931 
2609 1108 1546 1767 1678 
2610 1546 1127 1411 1749 
2611 1767 1411 1102 1728 
2612 1678 1749 1728 1139 
2613 1546 1767 1678 1749 
2614 1546 1749 1411 1767 
2615 1767 1678 1749 1728 
2616 1767 1728 1749 1411 
2617 1138 1501 1499 1601 
2618 1501 1151 1497 1724 
2619 1499 1497 1105 1525 
2620 1601 1724 1525 1154 
2621 1501 1499 1601 1724 
2622 1501 1724 1497 1499 
2623 1499 1601 1724 1525 
2624 1499 1525 1724 1497 
2625 994 1768 1068 1590 
2626 1768 1110 1236 1325 
2627 1068 1236 995 1326 
2628 1590 1325 1326 1135 
2629 1768 1068 1590 1325 
2630 1768 1325 1236 1068 
2631 1068 1590 1325 1326 
2632 1068 1326 1325 1236 
2633 800 1750 1754 1769 
2634 1750 1109 1257 1636 
2635 1754 1257 1129 1628 
2636 1769 1636 1628 1152 
2637 1750 1754 1769 1636 
2638 1750 1636 1257 1754 
2639 1754 1769 1636 1628 
2640 1754 1628 1636 1257 
2641 223 271 305 1530 
2642 271 238 308 1486 
2643 305 308 231 1686 
2644 1530 1486 1686 1124 
2645 271 305 1530 1486 
2646 271 1486 308 305 
2647 305 1530 1486 1686 
2648 305 1686 1486 308 
2649 1106 1669 1566 1357 
2650 1669 1139 1605 1682 
2651 1566 1605 1104 1188 
2652 1357 1682 1188 1148 
2653 1669 1566 1357 1682 
2654 1669 1682 1605 1566 
2655 1566 1357 1682 1188 
2656 1566 1188 1682 1605 
2657 1107 1460 1687 1422 
2658 1460 1135 1325 1606 
2659 1687 1325 1110 1575 
2660 1422 1606 1575 1155 
2661 1460 1687 1422 1606 
2662 1460 1606 1325 1687 
2663 1687 1422 1606 1575 
2664 1687 1575 1606 1325 
2665 675 1432 749 1435 
2666 1432 1132 1762 1436 
2667 749 1762 672 1584 
2668 1435 1436 1584 1133 
2669 1432 749 1435 1436 
2670 1432 1436 1762 749 
2671 749 1435 1436 1584 
2672 749 1584 1436 1762 
2673 235 1770 312 1771 
2674 1770 1122 1740 1664 
2675 312 1740 233 1736 
2676 1771 1664 1736 1140 
2677 1770 312 1771 1664 
2678 1770 1664 1740 312 
2679 312 1771 1664 1736 
2680 312 1736 1664 1740 
2681 1110 1325 1768 1575 
2682 1325 1135 1590 1606 
2683 1768 1590 994 1480 
2684 1575 1606 1480 1155 
2685 1325 1768 1575 1606 
2686 1325 1606 1590 1768 
2687 1768 1575 1606 1480 
2688 1768 1480 1606 1590 
2689 462 1219 1218 1772 
2690 1219 1131 1160 1671 
2691 1218 1160 1110 1688 
2692 1772 1671 1688 1145 
2693 1219 1218 1772 1671 
2694 1219 1671 1160 1218 
2695 1218 1772 1671 1688 
2696 1218 1688 1671 1160 
2697 986 1037 1069 1377 
2698 1037 999 1072 1181 
2699 1069 1072 995 1236 
2700 1377 1181 1236 1110 
2701 1037 1069 1377 1181 
2702 1037 1181 1072 1069 
2703 1069 1377 1181 1236 
2704 1069 1236 1181 1072 
2705 1103 1367 1317 1370 
2706 1367 1128 1726 1371 
2707 1317 1726 1115 1725 
2708 1370 1371 1725 1134 
2709 1367 1317 1370 1371 
2710 1367 1371 1726 1317 
2711 1317 1370 1371 1725 
2712 1317 1725 1371 1726 
2713 491 535 1763 1765 
2714 535 453 1707 1773 
2715 1763 1707 342 1649 
2716 1765 1773 1649 1128 
2717 535 1763 1765 1773 
2718 535 1773 1707 1763 
2719 1763 1765 1773 1649 
2720 1763 1649 1773 1707 
2721 245 1774 1471 1372 
2722 1774 1122 1775 1776 
2723 1471 1775 1111 1384 
2724 1372 1776 1384 1142 
2725 1774 1471 1372 1776 
2726 1774 1776 1775 1471 
2727 1471 1372 1776 1384 
2728 1471 1384 1776 1775 
2729 235 1777 317 1770 
2730 1777 1111 1471 1775 
2731 317 1471 245 1774 
2732 1770 1775 1774 1122 
2733 1777 317 1770 1775 
2734 1777 1775 1471 317 
2735 317 1770 1775 1774 
2736 317 1774 1775 1471 
2737 1112 1778 1685 1452 
2738 1778 1119 1759 1439 
2739 1685 1759 231 1686 
2740 1452 1439 1686 1124 
2741 1778 1685 1452 1439 
2742 1778 1439 1759 1685 
2743 1685 1452 1439 1686 
2744 1685 1686 1439 1759 
2745 800 1751 1750 1769 
2746 1751 1140 1604 1502 
2747 1750 1604 1109 1636 
2748 1769 1502 1636 1152 
2749 1751 1750 1769 1502 
2750 1751 1502 1604 1750 
2751 1750 1769 1502 1636 
2752 1750 1636 1502 1604 
2753 1108 1767 1562 1678 
2754 1767 1102 1230 1728 
2755 1562 1230 1137 1758 
2756 1678 1728 1758 1139 
2757 1767 1562 1678 1728 
2758 1767 1728 1230 1562 
2759 1562 1678 1728 1758 
2760 1562 1758 1728 1230 
2761 794 1259 1695 1278 
2762 1259 1115 1275 1430 
2763 1695 1275 19 1779 
2764 1278 1430 1779 1129 
2765 1259 1695 1278 1430 
2766 1259 1430 1275 1695 
2767 1695 1278 1430 1779 
2768 1695 1779 1430 1275 
2769 998 1077 1081 1380 
2770 1077 1000 1096 1510 
2771 1081 1096 1008 1382 
2772 1380 1510 1382 1121 
2773 1077 1081 1380 1510 
2774 1077 1510 1096 1081 
2775 1081 1380 1510 1382 
2776 1081 1382 1510 1096 
2777 807 1721 1729 1722 
2778 1721 1105 1410 1497 
2779 1729 1410 1127 1556 
2780 1722 1497 1556 1151 
2781 1721 1729 1722 1497 
2782 1721 1497 1410 1729 
2783 1729 1722 1497 1556 
2784 1729 1556 1497 1410 
2785 474 584 1643 1645 
2786 584 454 1535 1594 
2787 1643 1535 1133 1467 
2788 1645 1594 1467 1146 
2789 584 1643 1645 1594 
2790 584 1594 1535 1643 
2791 1643 1645 1594 1467 
2792 1643 1467 1594 1535 
2793 812 947 1674 1676 
2794 947 795 1456 1512 
2795 1674 1456 1118 1513 
2796 1676 1512 1513 1136 
2797 947 1674 1676 1512 
2798 947 1512 1456 1674 
2799 1674 1676 1512 1513 
2800 1674 1513 1512 1456 
2801 236 1780 274 1782 
2802 1780 456 1781 1783 
2803 274 1781 223 1530 
2804 1782 1783 1530 1124 
2805 1780 274 1782 1783 
2806 1780 1783 1781 274 
2807 274 1782 1783 1530 
2808 274 1530 1783 1781 
2809 460 1784 1752 1710 
2810 1784 345 409 1766 
2811 1752 409 341 1753 
2812 1710 1766 1753 1128 
2813 1784 1752 1710 1766 
2814 1784 1766 409 1752 
2815 1752 1710 1766 1753 
2816 1752 1753 1766 409 
2817 342 445 443 1646 
2818 445 348 444 1559 
2819 443 444 347 1629 
2820 1646 1559 1629 1113 
2821 445 443 1646 1559 
2822 445 1559 444 443 
2823 443 1646 1559 1629 
2824 443 1629 1559 444 
2825 456 519 1781 1783 
2826 519 484 1528 1529 
2827 1781 1528 223 1530 
2828 1783 1529 1530 1124 
2829 519 1781 1783 1529 
2830 519 1529 1528 1781 
2831 1781 1783 1529 1530 
2832 1781 1530 1529 1528 
2833 467 1349 634 1453 
2834 1349 1131 1581 1454 
2835 634 1581 486 1536 
2836 1453 1454 1536 1134 
2837 1349 634 1453 1454 
2838 1349 1454 1581 634 
2839 634 1453 1454 1536 
2840 634 1536 1454 1581 
2841 227 330 328 1209 
2842 330 233 329 1735 
2843 328 329 232 1338 
2844 1209 1735 1338 1109 
2845 330 328 1209 1735 
2846 330 1735 329 328 
2847 328 1209 1735 1338 
2848 328 1338 1735 329 
2849 672 756 752 1394 
2850 756 685 773 1395 
2851 752 773 676 1785 
2852 1394 1395 1785 1121 
2853 756 752 1394 1395 
2854 756 1395 773 752 
2855 752 1394 1395 1785 
2856 752 1785 1395 773 
2857 232 1437 1338 1786 
2858 1437 1124 1438 1787 
2859 1338 1438 1109 1637 
2860 1786 1787 1637 1144 
2861 1437 1338 1786 1787 
2862 1437 1787 1438 1338 
2863 1338 1786 1787 1637 
2864 1338 1637 1787 1438 
2865 232 1338 329 1786 
2866 1338 1109 1735 1637 
2867 329 1735 233 1741 
2868 1786 1637 1741 1144 
2869 1338 329 1786 1637 
2870 1338 1637 1735 329 
2871 329 1786 1637 1741 
2872 329 1741 1637 1735 
2873 246 1788 1506 1405 
2874 1788 1119 1778 1789 
2875 1506 1778 1112 1397 
2876 1405 1789 1397 1143 
2877 1788 1506 1405 1789 
2878 1788 1789 1778 1506 
2879 1506 1405 1789 1397 
2880 1506 1397 1789 1778 
2881 471 1790 618 1791 
2882 1790 1110 1218 1575 
2883 618 1218 462 1792 
2884 1791 1575 1792 1155 
2885 1790 618 1791 1575 
2886 1790 1575 1218 618 
2887 618 1791 1575 1792 
2888 618 1792 1575 1218 
2889 462 1218 618 1772 
2890 1218 1110 1790 1688 
2891 618 1790 471 1793 
2892 1772 1688 1793 1145 
2893 1218 618 1772 1688 
2894 1218 1688 1790 618 
2895 618 1772 1688 1793 
2896 618 1793 1688 1790 
2897 471 1793 1790 1791 
2898 1793 1145 1688 1794 
2899 1790 1688 1110 1575 
2900 1791 1794 1575 1155 
2901 1793 1790 1791 1794 
2902 1793 1794 1688 1790 
2903 1790 1791 1794 1575 
2904 1790 1575 1794 1688 
2905 346 1795 436 1796 
2906 1795 1112 1733 1388 
2907 436 1733 341 1753 
2908 1796 1388 1753 1128 
2909 1795 436 1796 1388 
2910 1795 1388 1733 436 
2911 436 1796 1388 1753 
2912 436 1753 1388 1733 
2913 5 1797 34 1715 
2914 1797 812 1675 1676 
2915 34 1675 35 1516 
2916 1715 1676 1516 1136 
2917 1797 34 1715 1676 
2918 1797 1676 1675 34 
2919 34 1715 1676 1516 
2920 34 1516 1676 1675 
2921 477 609 581 1738 
2922 609 459 541 1622 
2923 581 541 494 1631 
2924 1738 1622 1631 1123 
2925 609 581 1738 1622 
2926 609 1622 541 581 
2927 581 1738 1622 1631 
2928 581 1631 1622 541 
2929 1114 1174 1401 1596 
2930 1174 1116 1407 1555 
2931 1401 1407 1105 1497 
2932 1596 1555 1497 1151 
2933 1174 1401 1596 1555 
2934 1174 1555 1407 1401 
2935 1401 1596 1555 1497 
2936 1401 1497 1555 1407 
2937 995 1093 1090 1237 
2938 1093 996 1092 1173 
2939 1090 1092 990 1491 
2940 1237 1173 1491 1116 
2941 1093 1090 1237 1173 
2942 1093 1173 1092 1090 
2943 1090 1237 1173 1491 
2944 1090 1491 1173 1092 
2945 462 623 1219 1772 
2946 623 486 1581 1443 
2947 1219 1581 1131 1671 
2948 1772 1443 1671 1145 
2949 623 1219 1772 1443 
2950 623 1443 1581 1219 
2951 1219 1772 1443 1671 
2952 1219 1671 1443 1581 
2953 1118 1798 1586 1690 
2954 1798 1131 1582 1671 
2955 1586 1582 1101 1444 
2956 1690 1671 1444 1145 
2957 1798 1586 1690 1671 
2958 1798 1671 1582 1586 
2959 1586 1690 1671 1444 
2960 1586 1444 1671 1582 
2961 231 1685 324 1759 
2962 1685 1112 1506 1778 
2963 324 1506 246 1788 
2964 1759 1778 1788 1119 
2965 1685 324 1759 1778 
2966 1685 1778 1506 324 
2967 324 1759 1778 1788 
2968 324 1788 1778 1506 
2969 1108 1546 1547 1565 
2970 1546 1127 1410 1712 
2971 1547 1410 1105 1650 
2972 1565 1712 1650 1149 
2973 1546 1547 1565 1712 
2974 1546 1712 1410 1547 
2975 1547 1565 1712 1650 
2976 1547 1650 1712 1410 
2977 7 1747 1746 1799 
2978 1747 1108 1546 1431 
2979 1746 1546 1127 1549 
2980 1799 1431 1549 1132 
2981 1747 1746 1799 1431 
2982 1747 1431 1546 1746 
2983 1746 1799 1431 1549 
2984 1746 1549 1431 1546 
2985 788 1800 943 1801 
2986 1800 1118 1503 1451 
2987 943 1503 786 1658 
2988 1801 1451 1658 1153 
2989 1800 943 1801 1451 
2990 1800 1451 1503 943 
2991 943 1801 1451 1658 
2992 943 1658 1451 1503 
2993 995 1236 1068 1802 
2994 1236 1110 1768 1575 
2995 1068 1768 994 1480 
2996 1802 1575 1480 1155 
2997 1236 1068 1802 1575 
2998 1236 1575 1768 1068 
2999 1068 1802 1575 1480 
3000 1068 1480 1575 1768 
3001 1102 1411 1767 1242 
3002 1411 1127 1546 1712 
3003 1767 1546 1108 1565 
3004 1242 1712 1565 1149 
3005 1411 1767 1242 1712 
3006 1411 1712 1546 1767 
3007 1767 1242 1712 1565 
3008 1767 1565 1712 1546 
3009 1112 1803 1533 1397 
3010 1803 1126 1804 1805 
3011 1533 1804 361 1391 
3012 1397 1805 1391 1143 
3013 1803 1533 1397 1805 
3014 1803 1805 1804 1533 
3015 1533 1397 1805 1391 
3016 1533 1391 1805 1804 
3017 1106 1566 1669 1592 
3018 1566 1104 1605 1294 
3019 1669 1605 1139 1332 
3020 1592 1294 1332 1152 
3021 1566 1669 1592 1294 
3022 1566 1294 1605 1669 
3023 1669 1592 1294 1332 
3024 1669 1332 1294 1605 
3025 787 944 915 1449 
3026 944 788 943 1801 
3027 915 943 786 1658 
3028 1449 1801 1658 1153 
3029 944 915 1449 1801 
3030 944 1801 943 915 
3031 915 1449 1801 1658 
3032 915 1658 1801 943 
3033 1108 1434 1644 1565 
3034 1434 1133 1643 1697 
3035 1644 1643 474 1665 
3036 1565 1697 1665 1149 
3037 1434 1644 1565 1697 
3038 1434 1697 1643 1644 
3039 1644 1565 1697 1665 
3040 1644 1665 1697 1643 
3041 785 887 891 1701 
3042 887 177 889 1059 
3043 891 889 779 1589 
3044 1701 1059 1589 990 
3045 887 891 1701 1059 
3046 887 1059 889 891 
3047 891 1701 1059 1589 
3048 891 1589 1059 889 
3049 5 213 50 1806 
3050 213 212 214 1276 
3051 50 214 1 1216 
3052 1806 1276 1216 1115 
3053 213 50 1806 1276 
3054 213 1276 214 50 
3055 50 1806 1276 1216 
3056 50 1216 1276 214 
3057 480 655 1807 1808 
3058 655 479 1553 1239 
3059 1807 1553 1125 1554 
3060 1808 1239 1554 1148 
3061 655 1807 1808 1239 
3062 655 1239 1553 1807 
3063 1807 1808 1239 1554 
3064 1807 1554 1239 1553 
3065 801 976 977 1312 
3066 976 793 978 1745 
3067 977 978 802 1286 
3068 1312 1745 1286 1152 
3069 976 977 1312 1745 
3070 976 1745 978 977 
3071 977 1312 1745 1286 
3072 977 1286 1745 978 
3073 787 1472 949 1449 
3074 1472 1127 1809 1473 
3075 949 1809 789 1810 
3076 1449 1473 1810 1153 
3077 1472 949 1449 1473 
3078 1472 1473 1809 949 
3079 949 1449 1473 1810 
3080 949 1810 1473 1809 
3081 491 1764 532 1765 
3082 1764 345 1784 1766 
3083 532 1784 460 1710 
3084 1765 1766 1710 1128 
3085 1764 532 1765 1766 
3086 1764 1766 1784 532 
3087 532 1765 1766 1710 
3088 532 1710 1766 1784 
3089 1110 1160 1588 1688 
3090 1160 1131 1798 1671 
3091 1588 1798 1118 1690 
3092 1688 1671 1690 1145 
3093 1160 1588 1688 1671 
3094 1160 1671 1798 1588 
3095 1588 1688 1671 1690 
3096 1588 1690 1671 1798 
3097 1102 1767 1230 1242 
3098 1767 1108 1562 1565 
3099 1230 1562 1137 1241 
3100 1242 1565 1241 1149 
3101 1767 1230 1242 1565 
3102 1767 1565 1562 1230 
3103 1230 1242 1565 1241 
3104 1230 1241 1565 1562 
3105 1105 1583 1547 1650 
3106 1583 1133 1434 1697 
3107 1547 1434 1108 1565 
3108 1650 1697 1565 1149 
3109 1583 1547 1650 1697 
3110 1583 1697 1434 1547 
3111 1547 1650 1697 1565 
3112 1547 1565 1697 1434 
3113 453 1707 1773 1708 
3114 1707 342 1649 1611 
3115 1773 1649 1128 1659 
3116 1708 1611 1659 1141 
3117 1707 1773 1708 1611 
3118 1707 1611 1649 1773 
3119 1773 1708 1611 1659 
3120 1773 1659 1611 1649 
3121 1104 1166 1163 1552 
3122 1166 1117 1167 1580 
3123 1163 1167 1111 1578 
3124 1552 1580 1578 1125 
3125 1166 1163 1552 1580 
3126 1166 1580 1167 1163 
3127 1163 1552 1580 1578 
3128 1163 1578 1580 1167 
3129 485 629 573 1570 
3130 629 472 602 1598 
3131 573 602 488 1508 
3132 1570 1598 1508 1114 
3133 629 573 1570 1598 
3134 629 1598 602 573 
3135 573 1570 1598 1508 
3136 573 1508 1598 602 
3137 993 1811 1057 1743 
3138 1811 813 1663 1618 
3139 1057 1663 989 1591 
3140 1743 1618 1591 1135 
3141 1811 1057 1743 1618 
3142 1811 1618 1663 1057 
3143 1057 1743 1618 1591 
3144 1057 1591 1618 1663 
3145 351 428 392 1304 
3146 428 348 425 1559 
3147 392 425 339 1360 
3148 1304 1559 1360 1113 
3149 428 392 1304 1559 
3150 428 1559 425 392 
3151 392 1304 1559 1360 
3152 392 1360 1559 425 
3153 782 1812 1813 1814 
3154 1812 1111 1657 1415 
3155 1813 1657 225 1815 
3156 1814 1415 1815 1140 
3157 1812 1813 1814 1415 
3158 1812 1415 1657 1813 
3159 1813 1814 1415 1815 
3160 1813 1815 1415 1657 
3161 347 424 421 1629 
3162 424 351 389 1304 
3163 421 389 338 1282 
3164 1629 1304 1282 1113 
3165 424 421 1629 1304 
3166 424 1304 389 421 
3167 421 1629 1304 1282 
3168 421 1282 1304 389 
3169 1106 1669 1626 1592 
3170 1669 1139 1670 1332 
3171 1626 1670 1129 1628 
3172 1592 1332 1628 1152 
3173 1669 1626 1592 1332 
3174 1669 1332 1670 1626 
3175 1626 1592 1332 1628 
3176 1626 1628 1332 1670 
3177 1000 1077 1043 1507 
3178 1077 998 1074 1402 
3179 1043 1074 987 1571 
3180 1507 1402 1571 1114 
3181 1077 1043 1507 1402 
3182 1077 1402 1074 1043 
3183 1043 1507 1402 1571 
3184 1043 1571 1402 1074 
3185 800 918 920 1750 
3186 918 780 921 1207 
3187 920 921 805 1256 
3188 1750 1207 1256 1109 
3189 918 920 1750 1207 
3190 918 1207 921 920 
3191 920 1750 1207 1256 
3192 920 1256 1207 921 
3193 1121 1585 1381 1600 
3194 1585 1133 1583 1697 
3195 1381 1583 1105 1650 
3196 1600 1697 1650 1149 
3197 1585 1381 1600 1697 
3198 1585 1697 1583 1381 
3199 1381 1600 1697 1650 
3200 1381 1650 1697 1583 
3201 346 439 1795 1816 
3202 439 361 1533 1804 
3203 1795 1533 1112 1803 
3204 1816 1804 1803 1126 
3205 439 1795 1816 1804 
3206 439 1804 1533 1795 
3207 1795 1816 1804 1803 
3208 1795 1803 1804 1533 
3209 785 888 1742 1702 
3210 888 813 1811 1618 
3211 1742 1811 993 1743 
3212 1702 1618 1743 1135 
3213 888 1742 1702 1618 
3214 888 1618 1811 1742 
3215 1742 1702 1618 1743 
3216 1742 1743 1618 1811 
3217 227 1208 296 300 
3218 1208 780 841 1817 
3219 296 841 87 298 
3220 300 1817 298 234 
3221 1208 296 300 1817 
3222 1208 1817 841 296 
3223 296 300 1817 298 
3224 296 298 1817 841 
3225 245 317 318 1471 
3226 317 235 316 1777 
3227 318 316 225 1657 
3228 1471 1777 1657 1111 
3229 317 318 1471 1777 
3230 317 1777 316 318 
3231 318 1471 1777 1657 
3232 318 1657 1777 316 
3233 786 914 915 1504 
3234 914 779 916 1576 
3235 915 916 787 1448 
3236 1504 1576 1448 1116 
3237 914 915 1504 1576 
3238 914 1576 916 915 
3239 915 1504 1576 1448 
3240 915 1448 1576 916 
3241 35 1531 1818 1517 
3242 1531 1118 1800 1532 
3243 1818 1800 788 1819 
3244 1517 1532 1819 1150 
3245 1531 1818 1517 1532 
3246 1531 1532 1800 1818 
3247 1818 1517 1532 1819 
3248 1818 1819 1532 1800 
3249 782 1813 1820 1814 
3250 1813 225 303 1815 
3251 1820 303 234 1821 
3252 1814 1815 1821 1140 
3253 1813 1820 1814 1815 
3254 1813 1815 303 1820 
3255 1820 1814 1815 1821 
3256 1820 1821 1815 303 
3257 476 613 614 1387 
3258 613 475 615 1366 
3259 614 615 460 1710 
3260 1387 1366 1710 1128 
3261 613 614 1387 1366 
3262 613 1366 615 614 
3263 614 1387 1366 1710 
3264 614 1710 1366 615 
3265 144 1033 562 566 
3266 1033 986 1375 1374 
3267 562 1375 461 567 
3268 566 1374 567 455 
3269 1033 562 566 1374 
3270 1033 1374 1375 562 
3271 562 566 1374 567 
3272 562 567 1374 1375 
3273 37 36 1822 1823 
3274 36 35 1818 1517 
3275 1822 1818 788 1819 
3276 1823 1517 1819 1150 
3277 36 1822 1823 1517 
3278 36 1517 1818 1822 
3279 1822 1823 1517 1819 
3280 1822 1819 1517 1818 
3281 179 892 890 1824 
3282 892 810 894 1825 
3283 890 894 779 1576 
3284 1824 1825 1576 1116 
3285 892 890 1824 1825 
3286 892 1825 894 890 
3287 890 1824 1825 1576 
3288 890 1576 1825 894 
3289 455 570 565 1614 
3290 570 485 569 1569 
3291 565 569 146 1038 
3292 1614 1569 1038 987 
3293 570 565 1614 1569 
3294 570 1569 569 565 
3295 565 1614 1569 1038 
3296 565 1038 1569 569 
3297 666 1684 1698 1826 
3298 1684 1117 1699 1716 
3299 1698 1699 778 1827 
3300 1826 1716 1827 1132 
3301 1684 1698 1826 1716 
3302 1684 1716 1699 1698 
3303 1698 1826 1716 1827 
3304 1698 1827 1716 1699 
3305 177 887 1055 1059 
3306 887 785 1742 1701 
3307 1055 1742 993 1060 
3308 1059 1701 1060 990 
3309 887 1055 1059 1701 
3310 887 1701 1742 1055 
3311 1055 1059 1701 1060 
3312 1055 1060 1701 1742 
3313 179 890 1058 1824 
3314 890 779 1589 1576 
3315 1058 1589 990 1491 
3316 1824 1576 1491 1116 
3317 890 1058 1824 1576 
3318 890 1576 1589 1058 
3319 1058 1824 1576 1491 
3320 1058 1491 1576 1589 
3321 233 1735 1736 1741 
3322 1735 1109 1604 1637 
3323 1736 1604 1140 1638 
3324 1741 1637 1638 1144 
3325 1735 1736 1741 1637 
3326 1735 1637 1604 1736 
3327 1736 1741 1637 1638 
3328 1736 1638 1637 1604 
3329 809 924 1755 1757 
3330 924 807 1722 1723 
3331 1755 1722 1151 1724 
3332 1757 1723 1724 1154 
3333 924 1755 1757 1723 
3334 924 1723 1722 1755 
3335 1755 1757 1723 1724 
3336 1755 1724 1723 1722 
3337 238 1483 1739 1485 
3338 1483 490 513 1484 
3339 1739 513 498 1522 
3340 1485 1484 1522 1112 
3341 1483 1739 1485 1484 
3342 1483 1484 513 1739 
3343 1739 1485 1484 1522 
3344 1739 1522 1484 513 
3345 820 1705 850 1470 
3346 1705 225 1813 1657 
3347 850 1813 782 1812 
3348 1470 1657 1812 1111 
3349 1705 850 1470 1657 
3350 1705 1657 1813 850 
3351 850 1470 1657 1812 
3352 850 1812 1657 1813 
3353 781 1828 925 1829 
3354 1828 1138 1756 1501 
3355 925 1756 809 1755 
3356 1829 1501 1755 1151 
3357 1828 925 1829 1501 
3358 1828 1501 1756 925 
3359 925 1829 1501 1755 
3360 925 1755 1501 1756 
3361 236 1780 1782 1830 
3362 1780 456 1783 1831 
3363 1782 1783 1124 1787 
3364 1830 1831 1787 1144 
3365 1780 1782 1830 1831 
3366 1780 1831 1783 1782 
3367 1782 1830 1831 1787 
3368 1782 1787 1831 1783 
3369 487 1691 1563 1832 
3370 1691 1146 1465 1833 
3371 1563 1465 1108 1681 
3372 1832 1833 1681 1148 
3373 1691 1563 1832 1833 
3374 1691 1833 1465 1563 
3375 1563 1832 1833 1681 
3376 1563 1681 1833 1465 
3377 1102 1642 1728 1672 
3378 1642 1150 1693 1835 
3379 1728 1693 1139 1834 
3380 1672 1835 1834 1153 
3381 1642 1728 1672 1835 
3382 1642 1835 1693 1728 
3383 1728 1672 1835 1834 
3384 1728 1834 1835 1693 
3385 144 1033 566 1035 
3386 1033 986 1374 1037 
3387 566 1374 455 1183 
3388 1035 1037 1183 999 
3389 1033 566 1035 1037 
3390 1033 1037 1374 566 
3391 566 1035 1037 1183 
3392 566 1183 1037 1374 
3393 455 591 570 1169 
3394 591 463 593 1156 
3395 570 593 485 1570 
3396 1169 1156 1570 1114 
3397 591 570 1169 1156 
3398 591 1156 593 570 
3399 570 1169 1156 1570 
3400 570 1570 1156 593 
3401 454 584 582 1594 
3402 584 474 583 1645 
3403 582 583 487 1691 
3404 1594 1645 1691 1146 
3405 584 582 1594 1645 
3406 584 1645 583 582 
3407 582 1594 1645 1691 
3408 582 1691 1645 583 
3409 5 1806 1713 1715 
3410 1806 1115 1215 1567 
3411 1713 1215 1113 1363 
3412 1715 1567 1363 1136 
3413 1806 1713 1715 1567 
3414 1806 1567 1215 1713 
3415 1713 1715 1567 1363 
3416 1713 1363 1567 1215 
3417 1103 1228 1406 1255 
3418 1228 1129 1257 1627 
3419 1406 1257 1109 1635 
3420 1255 1627 1635 1130 
3421 1228 1406 1255 1627 
3422 1228 1627 1257 1406 
3423 1406 1255 1627 1635 
3424 1406 1635 1627 1257 
3425 230 297 1203 293 
3426 297 227 1208 295 
3427 1203 1208 780 842 
3428 293 295 842 85 
3429 297 1203 293 295 
3430 297 295 1208 1203 
3431 1203 293 295 842 
3432 1203 842 295 1208 
3433 462 1218 590 1792 
3434 1218 1110 1376 1575 
3435 590 1376 461 1573 
3436 1792 1575 1573 1155 
3437 1218 590 1792 1575 
3438 1218 1575 1376 590 
3439 590 1792 1575 1573 
3440 590 1573 1575 1376 
3441 999 1183 1036 1040 
3442 1183 455 565 1614 
3443 1036 565 146 1038 
3444 1040 1614 1038 987 
3445 1183 1036 1040 1614 
3446 1183 1614 565 1036 
3447 1036 1040 1614 1038 
3448 1036 1038 1614 565 
3449 665 760 762 1494 
3450 760 670 763 1305 
3451 762 763 684 1526 
3452 1494 1305 1526 1111 
3453 760 762 1494 1305 
3454 760 1305 763 762 
3455 762 1494 1305 1526 
3456 762 1526 1305 763 
3457 684 1526 1836 1417 
3458 1526 1111 1578 1384 
3459 1836 1578 1125 1837 
3460 1417 1384 1837 1142 
3461 1526 1836 1417 1384 
3462 1526 1384 1578 1836 
3463 1836 1417 1384 1837 
3464 1836 1837 1384 1578 
3465 1128 1371 1366 1659 
3466 1371 1134 1369 1538 
3467 1366 1369 475 1838 
3468 1659 1538 1838 1141 
3469 1371 1366 1659 1538 
3470 1371 1538 1369 1366 
3471 1366 1659 1538 1838 
3472 1366 1838 1538 1369 
3473 780 843 1203 842 
3474 843 806 1204 838 
3475 1203 1204 230 293 
3476 842 838 293 85 
3477 843 1203 842 838 
3478 843 838 1204 1203 
3479 1203 842 838 293 
3480 1203 293 838 1204 
3481 998 1079 1700 1495 
3482 1079 997 1839 1840 
3483 1700 1839 1116 1555 
3484 1495 1840 1555 1151 
3485 1079 1700 1495 1840 
3486 1079 1840 1839 1700 
3487 1700 1495 1840 1555 
3488 1700 1555 1840 1839 
3489 1108 1562 1563 1681 
3490 1562 1137 1561 1540 
3491 1563 1561 487 1832 
3492 1681 1540 1832 1148 
3493 1562 1563 1681 1540 
3494 1562 1540 1561 1563 
3495 1563 1681 1540 1832 
3496 1563 1832 1540 1561 
3497 233 1740 310 1741 
3498 1740 1122 1841 1202 
3499 310 1841 224 1842 
3500 1741 1202 1842 1144 
3501 1740 310 1741 1202 
3502 1740 1202 1841 310 
3503 310 1741 1202 1842 
3504 310 1842 1202 1841 
3505 341 436 438 1733 
3506 436 346 439 1795 
3507 438 439 361 1533 
3508 1733 1795 1533 1112 
3509 436 438 1733 1795 
3510 436 1795 439 438 
3511 438 1733 1795 1533 
3512 438 1533 1795 439 
3513 986 1377 1069 1574 
3514 1377 1110 1236 1575 
3515 1069 1236 995 1802 
3516 1574 1575 1802 1155 
3517 1377 1069 1574 1575 
3518 1377 1575 1236 1069 
3519 1069 1574 1575 1802 
3520 1069 1802 1575 1236 
3521 684 1526 763 1836 
3522 1526 1111 1305 1578 
3523 763 1305 670 1579 
3524 1836 1578 1579 1125 
3525 1526 763 1836 1578 
3526 1526 1578 1305 763 
3527 763 1836 1578 1579 
3528 763 1579 1578 1305 
3529 1109 1604 1634 1636 
3530 1604 1140 1413 1502 
3531 1634 1413 1104 1294 
3532 1636 1502 1294 1152 
3533 1604 1634 1636 1502 
3534 1604 1502 1413 1634 
3535 1634 1636 1502 1294 
3536 1634 1294 1502 1413 
3537 232 307 327 1339 
3538 307 231 322 1759 
3539 327 322 230 1211 
3540 1339 1759 1211 1119 
3541 307 327 1339 1759 
3542 307 1759 322 327 
3543 327 1339 1759 1211 
3544 327 1211 1759 322 
3545 804 845 846 1843 
3546 845 87 841 298 
3547 846 841 780 1817 
3548 1843 298 1817 234 
3549 845 846 1843 298 
3550 845 298 841 846 
3551 846 1843 298 1817 
3552 846 1817 298 841 
3553 800 975 1751 1769 
3554 975 801 1414 1312 
3555 1751 1414 1140 1502 
3556 1769 1312 1502 1152 
3557 975 1751 1769 1312 
3558 975 1312 1414 1751 
3559 1751 1769 1312 1502 
3560 1751 1502 1312 1414 
3561 1 1177 1220 1260 
3562 1177 815 904 859 
3563 1220 904 797 900 
3564 1260 859 900 777 
3565 1177 1220 1260 859 
3566 1177 859 904 1220 
3567 1220 1260 859 900 
3568 1220 900 859 904 
3569 798 1224 940 1845 
3570 1224 1119 1844 1789 
3571 940 1844 814 1846 
3572 1845 1789 1846 1143 
3573 1224 940 1845 1789 
3574 1224 1789 1844 940 
3575 940 1845 1789 1846 
3576 940 1846 1789 1844 
3577 179 1062 892 1824 
3578 1062 997 1847 1839 
3579 892 1847 810 1825 
3580 1824 1839 1825 1116 
3581 1062 892 1824 1839 
3582 1062 1839 1847 892 
3583 892 1824 1839 1825 
3584 892 1825 1839 1847 
3585 179 1058 1062 1824 
3586 1058 990 1063 1491 
3587 1062 1063 997 1839 
3588 1824 1491 1839 1116 
3589 1058 1062 1824 1491 
3590 1058 1491 1063 1062 
3591 1062 1824 1491 1839 
3592 1062 1839 1491 1063 
3593 65 517 515 269 
3594 517 456 519 1781 
3595 515 519 484 1528 
3596 269 1781 1528 223 
3597 517 515 269 1781 
3598 517 1781 519 515 
3599 515 269 1781 1528 
3600 515 1528 1781 519 
3601 234 1843 1820 1821 
3602 1843 804 849 1848 
3603 1820 849 782 1814 
3604 1821 1848 1814 1140 
3605 1843 1820 1821 1848 
3606 1843 1848 849 1820 
3607 1820 1821 1848 1814 
3608 1820 1814 1848 849 
3609 342 415 445 1694 
3610 415 349 446 1632 
3611 445 446 348 1558 
3612 1694 1632 1558 1123 
3613 415 445 1694 1632 
3614 415 1632 446 445 
3615 445 1694 1632 1558 
3616 445 1558 1632 446 
3617 1111 1775 1777 1415 
3618 1775 1122 1770 1664 
3619 1777 1770 235 1771 
3620 1415 1664 1771 1140 
3621 1775 1777 1415 1664 
3622 1775 1664 1770 1777 
3623 1777 1415 1664 1771 
3624 1777 1771 1664 1770 
3625 456 517 1780 1781 
3626 517 65 273 269 
3627 1780 273 236 274 
3628 1781 269 274 223 
3629 517 1780 1781 269 
3630 517 269 273 1780 
3631 1780 1781 269 274 
3632 1780 274 269 273 
3633 233 312 310 1740 
3634 312 235 311 1770 
3635 310 311 224 1841 
3636 1740 1770 1841 1122 
3637 312 310 1740 1770 
3638 312 1770 311 310 
3639 310 1740 1770 1841 
3640 310 1841 1770 311 
3641 225 1657 316 1815 
3642 1657 1111 1777 1415 
3643 316 1777 235 1771 
3644 1815 1415 1771 1140 
3645 1657 316 1815 1415 
3646 1657 1415 1777 316 
3647 316 1815 1415 1771 
3648 316 1771 1415 1777 
3649 998 1079 1073 1700 
3650 1079 997 1094 1839 
3651 1073 1094 996 1173 
3652 1700 1839 1173 1116 
3653 1079 1073 1700 1839 
3654 1079 1839 1094 1073 
3655 1073 1700 1839 1173 
3656 1073 1173 1839 1094 
3657 477 1738 1624 1625 
3658 1738 1123 1633 1653 
3659 1624 1633 1141 1445 
3660 1625 1653 1445 1145 
3661 1738 1624 1625 1653 
3662 1738 1653 1633 1624 
3663 1624 1625 1653 1445 
3664 1624 1445 1653 1633 
3665 787 1448 917 1849 
3666 1448 1116 1825 1555 
3667 917 1825 810 1850 
3668 1849 1555 1850 1151 
3669 1448 917 1849 1555 
3670 1448 1555 1825 917 
3671 917 1849 1555 1850 
3672 917 1850 1555 1825 
3673 238 336 308 1485 
3674 336 246 324 1506 
3675 308 324 231 1685 
3676 1485 1506 1685 1112 
3677 336 308 1485 1506 
3678 336 1506 324 308 
3679 308 1485 1506 1685 
3680 308 1685 1506 324 
3681 478 594 1195 1200 
3682 594 482 1851 1852 
3683 1195 1851 1122 1202 
3684 1200 1852 1202 1144 
3685 594 1195 1200 1852 
3686 594 1852 1851 1195 
3687 1195 1200 1852 1202 
3688 1195 1202 1852 1851 
3689 777 1714 1260 1261 
3690 1714 5 50 1713 
3691 1260 50 1 1176 
3692 1261 1713 1176 1113 
3693 1714 1260 1261 1713 
3694 1714 1713 50 1260 
3695 1260 1261 1713 1176 
3696 1260 1176 1713 50 
3697 674 1853 1718 1720 
3698 1853 1125 1580 1854 
3699 1718 1580 1117 1719 
3700 1720 1854 1719 1146 
3701 1853 1718 1720 1854 
3702 1853 1854 1580 1718 
3703 1718 1720 1854 1719 
3704 1718 1719 1854 1580 
3705 232 309 1437 1786 
3706 309 236 1782 1830 
3707 1437 1782 1124 1787 
3708 1786 1830 1787 1144 
3709 309 1437 1786 1830 
3710 309 1830 1782 1437 
3711 1437 1786 1830 1787 
3712 1437 1787 1830 1782 
3713 676 752 1785 1855 
3714 752 672 1394 1584 
3715 1785 1394 1121 1585 
3716 1855 1584 1585 1133 
3717 752 1785 1855 1584 
3718 752 1584 1394 1785 
3719 1785 1855 1584 1585 
3720 1785 1585 1584 1394 
3721 477 1738 581 1624 
3722 1738 1123 1631 1633 
3723 581 1631 494 1610 
3724 1624 1633 1610 1141 
3725 1738 581 1624 1633 
3726 1738 1633 1631 581 
3727 581 1624 1633 1610 
3728 581 1610 1633 1631 
3729 1102 1587 1193 1194 
3730 1587 1118 1588 1798 
3731 1193 1588 1110 1160 
3732 1194 1798 1160 1131 
3733 1587 1193 1194 1798 
3734 1587 1798 1588 1193 
3735 1193 1194 1798 1160 
3736 1193 1160 1798 1588 
3737 1117 1719 1166 1680 
3738 1719 1146 1856 1833 
3739 1166 1856 1104 1188 
3740 1680 1833 1188 1148 
3741 1719 1166 1680 1833 
3742 1719 1833 1856 1166 
3743 1166 1680 1833 1188 
3744 1166 1188 1833 1856 
3745 346 1816 1795 1796 
3746 1816 1126 1803 1677 
3747 1795 1803 1112 1388 
3748 1796 1677 1388 1128 
3749 1816 1795 1796 1677 
3750 1816 1677 1803 1795 
3751 1795 1796 1677 1388 
3752 1795 1388 1677 1803 
3753 674 745 1718 1853 
3754 745 670 1306 1579 
3755 1718 1306 1117 1580 
3756 1853 1579 1580 1125 
3757 745 1718 1853 1579 
3758 745 1579 1306 1718 
3759 1718 1853 1579 1580 
3760 1718 1580 1579 1306 
3761 778 1699 1857 1827 
3762 1699 1117 1285 1716 
3763 1857 1285 3 1858 
3764 1827 1716 1858 1132 
3765 1699 1857 1827 1716 
3766 1699 1716 1285 1857 
3767 1857 1827 1716 1858 
3768 1857 1858 1716 1285 
3769 35 1675 1818 1531 
3770 1675 812 946 1674 
3771 1818 946 788 1800 
3772 1531 1674 1800 1118 
3773 1675 1818 1531 1674 
3774 1675 1674 946 1818 
3775 1818 1531 1674 1800 
3776 1818 1800 1674 946 
3777 1109 1438 1406 1635 
3778 1438 1124 1251 1254 
3779 1406 1251 1103 1255 
3780 1635 1254 1255 1130 
3781 1438 1406 1635 1254 
3782 1438 1254 1251 1406 
3783 1406 1635 1254 1255 
3784 1406 1255 1254 1251 
3785 987 1075 1040 1571 
3786 1075 996 1076 1170 
3787 1040 1076 999 1182 
3788 1571 1170 1182 1114 
3789 1075 1040 1571 1170 
3790 1075 1170 1076 1040 
3791 1040 1571 1170 1182 
3792 1040 1182 1170 1076 
3793 481 1859 605 1861 
3794 1859 1122 1860 1776 
3795 605 1860 458 1862 
3796 1861 1776 1862 1142 
3797 1859 605 1861 1776 
3798 1859 1776 1860 605 
3799 605 1861 1776 1862 
3800 605 1862 1776 1860 
3801 805 922 981 1233 
3802 922 806 983 1210 
3803 981 983 798 1224 
3804 1233 1210 1224 1119 
3805 922 981 1233 1210 
3806 922 1210 983 981 
3807 981 1233 1210 1224 
3808 981 1224 1210 983 
3809 801 1162 927 1414 
3810 1162 1111 1812 1415 
3811 927 1812 782 1814 
3812 1414 1415 1814 1140 
3813 1162 927 1414 1415 
3814 1162 1415 1812 927 
3815 927 1414 1415 1814 
3816 927 1814 1415 1812 
3817 3 1857 1284 1285 
3818 1857 778 906 1699 
3819 1284 906 802 1214 
3820 1285 1699 1214 1117 
3821 1857 1284 1285 1699 
3822 1857 1699 906 1284 
3823 1284 1285 1699 1214 
3824 1284 1214 1699 906 
3825 462 618 623 1772 
3826 618 471 624 1793 
3827 623 624 486 1443 
3828 1772 1793 1443 1145 
3829 618 623 1772 1793 
3830 618 1793 624 623 
3831 623 1772 1793 1443 
3832 623 1443 1793 624 
3833 5 50 1713 1806 
3834 50 1 1176 1216 
3835 1713 1176 1113 1215 
3836 1806 1216 1215 1115 
3837 50 1713 1806 1216 
3838 50 1216 1176 1713 
3839 1713 1806 1216 1215 
3840 1713 1215 1216 1176 
3841 800 919 918 1751 
3842 919 804 846 1848 
3843 918 846 780 1603 
3844 1751 1848 1603 1140 
3845 919 918 1751 1848 
3846 919 1848 846 918 
3847 918 1751 1848 1603 
3848 918 1603 1848 846 
3849 234 331 300 1821 
3850 331 233 330 1736 
3851 300 330 227 1602 
3852 1821 1736 1602 1140 
3853 331 300 1821 1736 
3854 331 1736 330 300 
3855 300 1821 1736 1602 
3856 300 1602 1736 330 
3857 347 1630 422 1647 
3858 1630 1126 1816 1677 
3859 422 1816 346 1796 
3860 1647 1677 1796 1128 
3861 1630 422 1647 1677 
3862 1630 1677 1816 422 
3863 422 1647 1677 1796 
3864 422 1796 1677 1816 
3865 787 951 949 1472 
3866 951 807 950 1729 
3867 949 950 789 1809 
3868 1472 1729 1809 1127 
3869 951 949 1472 1729 
3870 951 1729 950 949 
3871 949 1472 1729 1809 
3872 949 1809 1729 950 
3873 474 584 585 1643 
3874 584 454 554 1535 
3875 585 554 492 1476 
3876 1643 1535 1476 1133 
3877 584 585 1643 1535 
3878 584 1535 554 585 
3879 585 1643 1535 1476 
3880 585 1476 1535 554 
3881 346 436 437 1796 
3882 436 341 409 1753 
3883 437 409 345 1766 
3884 1796 1753 1766 1128 
3885 436 437 1796 1753 
3886 436 1753 409 437 
3887 437 1796 1753 1766 
3888 437 1766 1753 409 
3889 63 514 512 270 
3890 514 484 516 1528 
3891 512 516 490 1527 
3892 270 1528 1527 223 
3893 514 512 270 1528 
3894 514 1528 516 512 
3895 512 270 1528 1527 
3896 512 1527 1528 516 
3897 21 221 1668 1692 
3898 221 37 1863 1823 
3899 1668 1863 1139 1693 
3900 1692 1823 1693 1150 
3901 221 1668 1692 1823 
3902 221 1823 1863 1668 
3903 1668 1692 1823 1693 
3904 1668 1693 1823 1863 
3905 464 620 621 1323 
3906 620 463 592 1159 
3907 621 592 462 1219 
3908 1323 1159 1219 1131 
3909 620 621 1323 1159 
3910 620 1159 592 621 
3911 621 1323 1159 1219 
3912 621 1219 1159 592 
3913 148 568 572 1039 
3914 568 485 573 1569 
3915 572 573 488 1568 
3916 1039 1569 1568 987 
3917 568 572 1039 1569 
3918 568 1569 573 572 
3919 572 1039 1569 1568 
3920 572 1568 1569 573 
3921 1008 1500 1080 1496 
3922 1500 1138 1864 1501 
3923 1080 1864 988 1865 
3924 1496 1501 1865 1151 
3925 1500 1080 1496 1501 
3926 1500 1501 1864 1080 
3927 1080 1496 1501 1865 
3928 1080 1865 1501 1864 
3929 468 649 641 1355 
3930 649 478 648 1191 
3931 641 648 469 1184 
3932 1355 1191 1184 1130 
3933 649 641 1355 1191 
3934 649 1191 648 641 
3935 641 1355 1191 1184 
3936 641 1184 1191 648 
3937 481 1866 1859 1861 
3938 1866 1125 1607 1837 
3939 1859 1607 1122 1776 
3940 1861 1837 1776 1142 
3941 1866 1859 1861 1837 
3942 1866 1837 1607 1859 
3943 1859 1861 1837 1776 
3944 1859 1776 1837 1607 
3945 350 426 427 1307 
3946 426 339 425 1595 
3947 427 425 348 1558 
3948 1307 1595 1558 1123 
3949 426 427 1307 1595 
3950 426 1595 425 427 
3951 427 1307 1595 1558 
3952 427 1558 1595 425 
3953 468 643 1355 1673 
3954 643 470 1253 1383 
3955 1355 1253 1130 1404 
3956 1673 1383 1404 1134 
3957 643 1355 1673 1383 
3958 643 1383 1253 1355 
3959 1355 1673 1383 1404 
3960 1355 1404 1383 1253 
3961 814 840 1867 1844 
3962 840 806 1204 1210 
3963 1867 1204 230 1211 
3964 1844 1210 1211 1119 
3965 840 1867 1844 1210 
3966 840 1210 1204 1867 
3967 1867 1844 1210 1211 
3968 1867 1211 1210 1204 
3969 1117 1580 1166 1719 
3970 1580 1125 1552 1854 
3971 1166 1552 1104 1856 
3972 1719 1854 1856 1146 
3973 1580 1166 1719 1854 
3974 1580 1854 1552 1166 
3975 1166 1719 1854 1856 
3976 1166 1856 1854 1552 
3977 224 280 1869 1841 
3978 280 237 1868 1870 
3979 1869 1868 458 1860 
3980 1841 1870 1860 1122 
3981 280 1869 1841 1870 
3982 280 1870 1868 1869 
3983 1869 1841 1870 1860 
3984 1869 1860 1870 1868 
3985 458 525 1869 1860 
3986 525 482 1871 1851 
3987 1869 1871 224 1841 
3988 1860 1851 1841 1122 
3989 525 1869 1860 1851 
3990 525 1851 1871 1869 
3991 1869 1860 1851 1841 
3992 1869 1841 1851 1871 
3993 245 318 320 1471 
3994 318 225 319 1657 
3995 320 319 239 1293 
3996 1471 1657 1293 1111 
3997 318 320 1471 1657 
3998 318 1657 319 320 
3999 320 1471 1657 1293 
4000 320 1293 1657 319 
4001 471 1872 610 1793 
4002 1872 1120 1619 1651 
4003 610 1619 459 1652 
4004 1793 1651 1652 1145 
4005 1872 610 1793 1651 
4006 1872 1651 1619 610 
4007 610 1793 1651 1652 
4008 610 1652 1651 1619 
4009 21 1666 20 1692 
4010 1666 1129 1779 1731 
4011 20 1779 19 1873 
4012 1692 1731 1873 1150 
4013 1666 20 1692 1731 
4014 1666 1731 1779 20 
4015 20 1692 1731 1873 
4016 20 1873 1731 1779 
4017 1118 1798 1587 1532 
4018 1798 1131 1194 1641 
4019 1587 1194 1102 1642 
4020 1532 1641 1642 1150 
4021 1798 1587 1532 1641 
4022 1798 1641 1194 1587 
4023 1587 1532 1641 1642 
4024 1587 1642 1641 1194 
4025 472 601 1597 1696 
4026 601 457 1874 1875 
4027 1597 1874 1121 1585 
4028 1696 1875 1585 1133 
4029 601 1597 1696 1875 
4030 601 1875 1874 1597 
4031 1597 1696 1875 1585 
4032 1597 1585 1875 1874 
4033 993 1091 1060 1743 
4034 1091 995 1090 1326 
4035 1060 1090 990 1492 
4036 1743 1326 1492 1135 
4037 1091 1060 1743 1326 
4038 1091 1326 1090 1060 
4039 1060 1743 1326 1492 
4040 1060 1492 1326 1090 
4041 83 292 835 839 
4042 292 230 1867 1204 
4043 835 1867 814 840 
4044 839 1204 840 806 
4045 292 835 839 1204 
4046 292 1204 1867 835 
4047 835 839 1204 840 
4048 835 840 1204 1867 
4049 458 1868 1869 523 
4050 1868 237 280 279 
4051 1869 280 224 275 
4052 523 279 275 69 
4053 1868 1869 523 279 
4054 1868 279 280 1869 
4055 1869 523 279 275 
4056 1869 275 279 280 
4057 478 594 653 1195 
4058 594 482 607 1851 
4059 653 607 479 1235 
4060 1195 1851 1235 1122 
4061 594 653 1195 1851 
4062 594 1851 607 653 
4063 653 1195 1851 1235 
4064 653 1235 1851 607 
4065 1101 1544 1876 1441 
4066 1544 1115 1215 1727 
4067 1876 1215 1113 1654 
4068 1441 1727 1654 1141 
4069 1544 1876 1441 1727 
4070 1544 1727 1215 1876 
4071 1876 1441 1727 1654 
4072 1876 1654 1727 1215 
4073 238 266 1483 271 
4074 266 63 512 270 
4075 1483 512 490 1527 
4076 271 270 1527 223 
4077 266 1483 271 270 
4078 266 270 512 1483 
4079 1483 271 270 1527 
4080 1483 1527 270 512 
4081 458 1869 525 523 
4082 1869 224 1871 275 
4083 525 1871 482 521 
4084 523 275 521 69 
4085 1869 525 523 275 
4086 1869 275 1871 525 
4087 525 523 275 521 
4088 525 521 275 1871 
4089 986 1069 1070 1574 
4090 1069 995 1068 1802 
4091 1070 1068 994 1480 
4092 1574 1802 1480 1155 
4093 1069 1070 1574 1802 
4094 1069 1802 1068 1070 
4095 1070 1574 1802 1480 
4096 1070 1480 1802 1068 
4097 820 869 1706 1470 
4098 869 803 1493 1244 
4099 1706 1493 665 1494 
4100 1470 1244 1494 1111 
4101 869 1706 1470 1244 
4102 869 1244 1493 1706 
4103 1706 1470 1244 1494 
4104 1706 1494 1244 1493 
4105 472 1598 627 1599 
4106 1598 1114 1156 1315 
4107 627 1156 463 1240 
4108 1599 1315 1240 1149 
4109 1598 627 1599 1315 
4110 1598 1315 1156 627 
4111 627 1599 1315 1240 
4112 627 1240 1315 1156 
4113 1120 1651 1872 1424 
4114 1651 1145 1793 1794 
4115 1872 1793 471 1791 
4116 1424 1794 1791 1155 
4117 1651 1872 1424 1794 
4118 1651 1794 1793 1872 
4119 1872 1424 1794 1791 
4120 1872 1791 1794 1793 
4121 226 1877 294 1878 
4122 1877 814 1867 1844 
4123 294 1867 230 1211 
4124 1878 1844 1211 1119 
4125 1877 294 1878 1844 
4126 1877 1844 1867 294 
4127 294 1878 1844 1211 
4128 294 1211 1844 1867 
4129 665 762 764 1494 
4130 762 684 765 1526 
4131 764 765 679 1300 
4132 1494 1526 1300 1111 
4133 762 764 1494 1526 
4134 762 1526 765 764 
4135 764 1494 1526 1300 
4136 764 1300 1526 765 
4137 225 301 1813 303 
4138 301 89 848 299 
4139 1813 848 782 1820 
4140 303 299 1820 234 
4141 301 1813 303 299 
4142 301 299 848 1813 
4143 1813 303 299 1820 
4144 1813 1820 299 848 
4145 1000 1041 1509 1043 
4146 1041 148 572 1039 
4147 1509 572 488 1568 
4148 1043 1039 1568 987 
4149 1041 1509 1043 1039 
4150 1041 1039 572 1509 
4151 1509 1043 1039 1568 
4152 1509 1568 1039 572 
4153 781 925 923 1829 
4154 925 809 924 1755 
4155 923 924 807 1722 
4156 1829 1755 1722 1151 
4157 925 923 1829 1755 
4158 925 1755 924 923 
4159 923 1829 1755 1722 
4160 923 1722 1755 924 
4161 19 1779 1275 1873 
4162 1779 1129 1430 1731 
4163 1275 1430 1115 1545 
4164 1873 1731 1545 1150 
4165 1779 1275 1873 1731 
4166 1779 1731 1430 1275 
4167 1275 1873 1731 1545 
4168 1275 1545 1731 1430 
4169 1104 1856 1552 1188 
4170 1856 1146 1854 1833 
4171 1552 1854 1125 1554 
4172 1188 1833 1554 1148 
4173 1856 1552 1188 1833 
4174 1856 1833 1854 1552 
4175 1552 1188 1833 1554 
4176 1552 1554 1833 1854 
4177 486 659 647 1440 
4178 659 477 579 1624 
4179 647 579 473 1704 
4180 1440 1624 1704 1141 
4181 659 647 1440 1624 
4182 659 1624 579 647 
4183 647 1440 1624 1704 
4184 647 1704 1624 579 
4185 787 917 951 1849 
4186 917 810 926 1850 
4187 951 926 807 1722 
4188 1849 1850 1722 1151 
4189 917 951 1849 1850 
4190 917 1850 926 951 
4191 951 1849 1850 1722 
4192 951 1722 1850 926 
4193 230 1867 294 292 
4194 1867 814 1877 835 
4195 294 1877 226 290 
4196 292 835 290 83 
4197 1867 294 292 835 
4198 1867 835 1877 294 
4199 294 292 835 290 
4200 294 290 835 1877 
4201 788 1819 1800 1801 
4202 1819 1150 1532 1835 
4203 1800 1532 1118 1451 
4204 1801 1835 1451 1153 
4205 1819 1800 1801 1835 
4206 1819 1835 1532 1800 
4207 1800 1801 1835 1451 
4208 1800 1451 1835 1532 
4209 89 844 848 299 
4210 844 804 849 1843 
4211 848 849 782 1820 
4212 299 1843 1820 234 
4213 844 848 299 1843 
4214 844 1843 849 848 
4215 848 299 1843 1820 
4216 848 1820 1843 849 
4217 460 1752 529 1709 
4218 1752 341 1732 1733 
4219 529 1732 498 1522 
4220 1709 1733 1522 1112 
4221 1752 529 1709 1733 
4222 1752 1733 1732 529 
4223 529 1709 1733 1522 
4224 529 1522 1733 1732 
4225 5 1714 1879 1715 
4226 1714 777 903 1416 
4227 1879 903 799 1880 
4228 1715 1416 1880 1136 
4229 1714 1879 1715 1416 
4230 1714 1416 903 1879 
4231 1879 1715 1416 1880 
4232 1879 1880 1416 903 
4233 483 1301 596 1881 
4234 1301 1124 1783 1787 
4235 596 1783 456 1831 
4236 1881 1787 1831 1144 
4237 1301 596 1881 1787 
4238 1301 1787 1783 596 
4239 596 1881 1787 1831 
4240 596 1831 1787 1783 
4241 1101 1544 1537 1519 
4242 1544 1115 1725 1545 
4243 1537 1725 1134 1656 
4244 1519 1545 1656 1150 
4245 1544 1537 1519 1545 
4246 1544 1545 1725 1537 
4247 1537 1519 1545 1656 
4248 1537 1656 1545 1725 
4249 346 422 420 1816 
4250 422 347 421 1630 
4251 420 421 338 1283 
4252 1816 1630 1283 1126 
4253 422 420 1816 1630 
4254 422 1630 421 420 
4255 420 1816 1630 1283 
4256 420 1283 1630 421 
4257 483 1302 1301 1881 
4258 1302 1130 1254 1201 
4259 1301 1254 1124 1787 
4260 1881 1201 1787 1144 
4261 1302 1301 1881 1201 
4262 1302 1201 1254 1301 
4263 1301 1881 1201 1787 
4264 1301 1787 1201 1254 
4265 1108 1431 1679 1465 
4266 1431 1132 1716 1482 
4267 1679 1716 1117 1719 
4268 1465 1482 1719 1146 
4269 1431 1679 1465 1482 
4270 1431 1482 1716 1679 
4271 1679 1465 1482 1719 
4272 1679 1719 1482 1716 
4273 784 937 939 1882 
4274 937 798 940 1845 
4275 939 940 814 1846 
4276 1882 1845 1846 1143 
4277 937 939 1882 1845 
4278 937 1845 940 939 
4279 939 1882 1845 1846 
4280 939 1846 1845 940 
4281 785 891 913 1702 
4282 891 779 914 1577 
4283 913 914 786 1505 
4284 1702 1577 1505 1135 
4285 891 913 1702 1577 
4286 891 1577 914 913 
4287 913 1702 1577 1505 
4288 913 1505 1577 914 
4289 245 334 1774 1372 
4290 334 237 1870 1883 
4291 1774 1870 1122 1776 
4292 1372 1883 1776 1142 
4293 334 1774 1372 1883 
4294 334 1883 1870 1774 
4295 1774 1372 1883 1776 
4296 1774 1776 1883 1870 
4297 481 604 605 1859 
4298 604 479 606 1235 
4299 605 606 458 1860 
4300 1859 1235 1860 1122 
4301 604 605 1859 1235 
4302 604 1235 606 605 
4303 605 1859 1235 1860 
4304 605 1860 1235 606 
4305 992 1884 1027 1025 
4306 1884 354 1885 401 
4307 1027 1885 1003 1023 
4308 1025 401 1023 109 
4309 1884 1027 1025 401 
4310 1884 401 1885 1027 
4311 1027 1025 401 1023 
4312 1027 1023 401 1885 
4313 1101 1441 1886 1444 
4314 1441 1141 1633 1445 
4315 1886 1633 1123 1653 
4316 1444 1445 1653 1145 
4317 1441 1886 1444 1445 
4318 1441 1445 1633 1886 
4319 1886 1444 1445 1653 
4320 1886 1653 1445 1633 
4321 1107 1687 1689 1422 
4322 1687 1110 1688 1575 
4323 1689 1688 1145 1794 
4324 1422 1575 1794 1155 
4325 1687 1689 1422 1575 
4326 1687 1575 1688 1689 
4327 1689 1422 1575 1794 
4328 1689 1794 1575 1688 
4329 802 906 909 1214 
4330 906 778 875 1699 
4331 909 875 817 1249 
4332 1214 1699 1249 1117 
4333 906 909 1214 1699 
4334 906 1699 875 909 
4335 909 1214 1699 1249 
4336 909 1249 1699 875 
4337 354 402 1885 401 
4338 402 343 1425 397 
4339 1885 1425 1003 1023 
4340 401 397 1023 109 
4341 402 1885 401 397 
4342 402 397 1425 1885 
4343 1885 401 397 1023 
4344 1885 1023 397 1425 
4345 993 1742 1056 1811 
4346 1742 785 886 888 
4347 1056 886 175 884 
4348 1811 888 884 813 
4349 1742 1056 1811 888 
4350 1742 888 886 1056 
4351 1056 1811 888 884 
4352 1056 884 888 886 
4353 666 767 1684 1826 
4354 767 674 1718 1717 
4355 1684 1718 1117 1716 
4356 1826 1717 1716 1132 
4357 767 1684 1826 1717 
4358 767 1717 1718 1684 
4359 1684 1826 1717 1716 
4360 1684 1716 1717 1718 
4361 341 438 440 1733 
4362 438 361 441 1533 
4363 440 441 355 1359 
4364 1733 1533 1359 1112 
4365 438 440 1733 1533 
4366 438 1533 441 440 
4367 440 1733 1533 1359 
4368 440 1359 1533 441 
4369 37 1823 1822 1887 
4370 1823 1150 1819 1835 
4371 1822 1819 788 1801 
4372 1887 1835 1801 1153 
4373 1823 1822 1887 1835 
4374 1823 1835 1819 1822 
4375 1822 1887 1835 1801 
4376 1822 1801 1835 1819 
4377 1101 1582 1586 1519 
4378 1582 1131 1798 1641 
4379 1586 1798 1118 1532 
4380 1519 1641 1532 1150 
4381 1582 1586 1519 1641 
4382 1582 1641 1798 1586 
4383 1586 1519 1641 1532 
4384 1586 1532 1641 1798 
4385 674 744 1853 1720 
4386 744 662 1888 1889 
4387 1853 1888 1125 1854 
4388 1720 1889 1854 1146 
4389 744 1853 1720 1889 
4390 744 1889 1888 1853 
4391 1853 1720 1889 1854 
4392 1853 1854 1889 1888 
4393 229 337 335 1348 
4394 337 246 336 1506 
4395 335 336 238 1485 
4396 1348 1506 1485 1112 
4397 337 335 1348 1506 
4398 337 1506 336 335 
4399 335 1348 1506 1485 
4400 335 1485 1506 336 
4401 786 1503 942 1505 
4402 1503 1118 1456 1461 
4403 942 1456 795 1459 
4404 1505 1461 1459 1135 
4405 1503 942 1505 1461 
4406 1503 1461 1456 942 
4407 942 1505 1461 1459 
4408 942 1459 1461 1456 
4409 1103 1225 1386 1251 
4410 1225 1119 1778 1439 
4411 1386 1778 1112 1452 
4412 1251 1439 1452 1124 
4413 1225 1386 1251 1439 
4414 1225 1439 1778 1386 
4415 1386 1251 1439 1452 
4416 1386 1452 1439 1778 
4417 479 1235 604 1553 
4418 1235 1122 1859 1607 
4419 604 1859 481 1866 
4420 1553 1607 1866 1125 
4421 1235 604 1553 1607 
4422 1235 1607 1859 604 
4423 604 1553 1607 1866 
4424 604 1866 1607 1859 
4425 1113 1215 1876 1363 
4426 1215 1115 1544 1567 
4427 1876 1544 1101 1515 
4428 1363 1567 1515 1136 
4429 1215 1876 1363 1567 
4430 1215 1567 1544 1876 
4431 1876 1363 1567 1515 
4432 1876 1515 1567 1544 
4433 808 1890 960 1891 
4434 1890 1127 1729 1730 
4435 960 1729 807 1723 
4436 1891 1730 1723 1154 
4437 1890 960 1891 1730 
4438 1890 1730 1729 960 
4439 960 1891 1730 1723 
4440 960 1723 1730 1729 
4441 793 1892 1744 1745 
4442 1892 23 24 1761 
4443 1744 24 3 1288 
4444 1745 1761 1288 1152 
4445 1892 1744 1745 1761 
4446 1892 1761 24 1744 
4447 1744 1745 1761 1288 
4448 1744 1288 1761 24 
4449 492 1475 557 1476 
4450 1475 663 1893 1477 
4451 557 1893 457 1875 
4452 1476 1477 1875 1133 
4453 1475 557 1476 1477 
4454 1475 1477 1893 557 
4455 557 1476 1477 1875 
4456 557 1875 1477 1893 
4457 989 1057 1052 1663 
4458 1057 993 1056 1811 
4459 1052 1056 175 884 
4460 1663 1811 884 813 
4461 1057 1052 1663 1811 
4462 1057 1811 1056 1052 
4463 1052 1663 1811 884 
4464 1052 884 1811 1056 
4465 239 1296 283 287 
4466 1296 679 698 1295 
4467 283 698 76 285 
4468 287 1295 285 228 
4469 1296 283 287 1295 
4470 1296 1295 698 283 
4471 283 287 1295 285 
4472 283 285 1295 698 
4473 678 738 1268 1279 
4474 738 168 1049 1045 
4475 1268 1049 991 1050 
4476 1279 1045 1050 1002 
4477 738 1268 1279 1045 
4478 738 1045 1049 1268 
4479 1268 1279 1045 1050 
4480 1268 1050 1045 1049 
4481 471 618 619 1791 
4482 618 462 590 1792 
4483 619 590 461 1573 
4484 1791 1792 1573 1155 
4485 618 619 1791 1792 
4486 618 1792 590 619 
4487 619 1791 1792 1573 
4488 619 1573 1792 590 
4489 37 1863 1823 1887 
4490 1863 1139 1693 1834 
4491 1823 1693 1150 1835 
4492 1887 1834 1835 1153 
4493 1863 1823 1887 1834 
4494 1863 1834 1693 1823 
4495 1823 1887 1834 1835 
4496 1823 1835 1834 1693 
4497 39 1894 40 1895 
4498 1894 1127 1746 1749 
4499 40 1746 7 1748 
4500 1895 1749 1748 1139 
4501 1894 40 1895 1749 
4502 1894 1749 1746 40 
4503 40 1895 1749 1748 
4504 40 1748 1749 1746 
4505 799 932 933 1880 
4506 932 783 931 1266 
4507 933 931 795 1512 
4508 1880 1266 1512 1136 
4509 932 933 1880 1266 
4510 932 1266 931 933 
4511 933 1880 1266 1512 
4512 933 1512 1266 931 
4513 1009 1420 1100 1423 
4514 1420 1120 1896 1424 
4515 1100 1896 1001 1897 
4516 1423 1424 1897 1155 
4517 1420 1100 1423 1424 
4518 1420 1424 1896 1100 
4519 1100 1423 1424 1897 
4520 1100 1897 1424 1896 
4521 667 740 1269 742 
4522 740 168 1049 738 
4523 1269 1049 991 1268 
4524 742 738 1268 678 
4525 740 1269 742 738 
4526 740 738 1049 1269 
4527 1269 742 738 1268 
4528 1269 1268 738 1049 
4529 489 1898 612 1899 
4530 1898 1120 1872 1424 
4531 612 1872 471 1791 
4532 1899 1424 1791 1155 
4533 1898 612 1899 1424 
4534 1898 1424 1872 612 
4535 612 1899 1424 1791 
4536 612 1791 1424 1872 
4537 76 698 702 285 
4538 698 679 703 1295 
4539 702 703 668 1313 
4540 285 1295 1313 228 
4541 698 702 285 1295 
4542 698 1295 703 702 
4543 702 285 1295 1313 
4544 702 1313 1295 703 
4545 1107 1308 1334 1689 
4546 1308 1123 1337 1653 
4547 1334 1337 1120 1651 
4548 1689 1653 1651 1145 
4549 1308 1334 1689 1653 
4550 1308 1653 1337 1334 
4551 1334 1689 1653 1651 
4552 1334 1651 1653 1337 
4553 1101 1537 1544 1441 
4554 1537 1134 1725 1538 
4555 1544 1725 1115 1727 
4556 1441 1538 1727 1141 
4557 1537 1544 1441 1538 
4558 1537 1538 1725 1544 
4559 1544 1441 1538 1727 
4560 1544 1727 1538 1725 
4561 246 323 1788 1405 
4562 323 226 1878 1900 
4563 1788 1878 1119 1789 
4564 1405 1900 1789 1143 
4565 323 1788 1405 1900 
4566 323 1900 1878 1788 
4567 1788 1405 1900 1789 
4568 1788 1789 1900 1878 
4569 792 971 974 1901 
4570 971 800 920 1754 
4571 974 920 805 1234 
4572 1901 1754 1234 1129 
4573 971 974 1901 1754 
4574 971 1754 920 974 
4575 974 1901 1754 1234 
4576 974 1234 1754 920 
4577 994 1084 1085 1590 
4578 1084 993 1057 1743 
4579 1085 1057 989 1591 
4580 1590 1743 1591 1135 
4581 1084 1085 1590 1743 
4582 1084 1743 1057 1085 
4583 1085 1590 1743 1591 
4584 1085 1591 1743 1057 
4585 1004 1028 1902 1903 
4586 1028 992 1884 1481 
4587 1902 1884 354 1418 
4588 1903 1481 1418 1120 
4589 1028 1902 1903 1481 
4590 1028 1481 1884 1902 
4591 1902 1903 1481 1418 
4592 1902 1418 1481 1884 
4593 340 431 418 1623 
4594 431 350 430 1307 
4595 418 430 349 1632 
4596 1623 1307 1632 1123 
4597 431 418 1623 1307 
4598 431 1307 430 418 
4599 418 1623 1307 1632 
4600 418 1632 1307 430 
4601 492 553 557 1475 
4602 553 135 555 714 
4603 557 555 457 1893 
4604 1475 714 1893 663 
4605 553 557 1475 714 
4606 553 714 555 557 
4607 557 1475 714 1893 
4608 557 1893 714 555 
4609 674 744 745 1853 
4610 744 662 746 1888 
4611 745 746 670 1579 
4612 1853 1888 1579 1125 
4613 744 745 1853 1888 
4614 744 1888 746 745 
4615 745 1853 1888 1579 
4616 745 1579 1888 746 
4617 471 610 608 1793 
4618 610 459 609 1652 
4619 608 609 477 1625 
4620 1793 1652 1625 1145 
4621 610 608 1793 1652 
4622 610 1652 609 608 
4623 608 1793 1652 1625 
4624 608 1625 1652 609 
4625 777 862 903 1416 
4626 862 818 905 1490 
4627 903 905 799 1880 
4628 1416 1490 1880 1136 
4629 862 903 1416 1490 
4630 862 1490 905 903 
4631 903 1416 1490 1880 
4632 903 1880 1490 905 
4633 1104 1196 1163 1413 
4634 1196 1122 1775 1664 
4635 1163 1775 1111 1415 
4636 1413 1664 1415 1140 
4637 1196 1163 1413 1664 
4638 1196 1664 1775 1163 
4639 1163 1413 1664 1415 
4640 1163 1415 1664 1775 
4641 1106 1455 1737 1640 
4642 1455 1134 1725 1656 
4643 1737 1725 1115 1545 
4644 1640 1656 1545 1150 
4645 1455 1737 1640 1656 
4646 1455 1656 1725 1737 
4647 1737 1640 1656 1545 
4648 1737 1545 1656 1725 
4649 818 865 905 1490 
4650 865 783 932 1266 
4651 905 932 799 1880 
4652 1490 1266 1880 1136 
4653 865 905 1490 1266 
4654 865 1266 932 905 
4655 905 1490 1266 1880 
4656 905 1880 1266 932 
4657 361 1804 451 1391 
4658 1804 1126 1904 1805 
4659 451 1904 353 1905 
4660 1391 1805 1905 1143 
4661 1804 451 1391 1805 
4662 1804 1805 1904 451 
4663 451 1391 1805 1905 
4664 451 1905 1805 1904 
4665 792 971 1901 1906 
4666 971 800 1754 1769 
4667 1901 1754 1129 1628 
4668 1906 1769 1628 1152 
4669 971 1901 1906 1769 
4670 971 1769 1754 1901 
4671 1901 1906 1769 1628 
4672 1901 1628 1769 1754 
4673 681 743 1907 1908 
4674 743 667 1269 1399 
4675 1907 1269 991 1398 
4676 1908 1399 1398 1121 
4677 743 1907 1908 1399 
4678 743 1399 1269 1907 
4679 1907 1908 1399 1398 
4680 1907 1398 1399 1269 
4681 236 309 313 1830 
4682 309 232 329 1786 
4683 313 329 233 1741 
4684 1830 1786 1741 1144 
4685 309 313 1830 1786 
4686 309 1786 329 313 
4687 313 1830 1786 1741 
4688 313 1741 1786 329 
4689 1106 1353 1669 1357 
4690 1353 1137 1758 1540 
4691 1669 1758 1139 1682 
4692 1357 1540 1682 1148 
4693 1353 1669 1357 1540 
4694 1353 1540 1758 1669 
4695 1669 1357 1540 1682 
4696 1669 1682 1540 1758 
4697 354 403 1902 1418 
4698 403 359 1909 1910 
4699 1902 1909 1004 1903 
4700 1418 1910 1903 1120 
4701 403 1902 1418 1910 
4702 403 1910 1909 1902 
4703 1902 1418 1910 1903 
4704 1902 1903 1910 1909 
4705 457 1893 1911 1875 
4706 1893 663 719 1477 
4707 1911 719 676 1855 
4708 1875 1477 1855 1133 
4709 1893 1911 1875 1477 
4710 1893 1477 719 1911 
4711 1911 1875 1477 1855 
4712 1911 1855 1477 719 
4713 23 22 1760 1761 
4714 22 21 1668 1711 
4715 1760 1668 1139 1332 
4716 1761 1711 1332 1152 
4717 22 1760 1761 1711 
4718 22 1711 1668 1760 
4719 1760 1761 1711 1332 
4720 1760 1332 1711 1668 
4721 1102 1728 1411 1672 
4722 1728 1139 1749 1834 
4723 1411 1749 1127 1473 
4724 1672 1834 1473 1153 
4725 1728 1411 1672 1834 
4726 1728 1834 1749 1411 
4727 1411 1672 1834 1473 
4728 1411 1473 1834 1749 
4729 674 745 766 1718 
4730 745 670 761 1306 
4731 766 761 669 1246 
4732 1718 1306 1246 1117 
4733 745 766 1718 1306 
4734 745 1306 761 766 
4735 766 1718 1306 1246 
4736 766 1246 1306 761 
4737 223 306 274 1530 
4738 306 232 309 1437 
4739 274 309 236 1782 
4740 1530 1437 1782 1124 
4741 306 274 1530 1437 
4742 306 1437 309 274 
4743 274 1530 1437 1782 
4744 274 1782 1437 309 
4745 120 411 537 413 
4746 411 342 1609 415 
4747 537 1609 494 1608 
4748 413 415 1608 349 
4749 411 537 413 415 
4750 411 415 1609 537 
4751 537 413 415 1608 
4752 537 1608 415 1609 
4753 37 38 222 1863 
4754 38 39 218 1895 
4755 222 218 23 1760 
4756 1863 1895 1760 1139 
4757 38 222 1863 1895 
4758 38 1895 218 222 
4759 222 1863 1895 1760 
4760 222 1760 1895 218 
4761 492 1474 552 1475 
4762 1474 673 711 716 
4763 552 711 133 715 
4764 1475 716 715 663 
4765 1474 552 1475 716 
4766 1474 716 711 552 
4767 552 1475 716 715 
4768 552 715 716 711 
4769 1108 1465 1679 1681 
4770 1465 1146 1719 1833 
4771 1679 1719 1117 1680 
4772 1681 1833 1680 1148 
4773 1465 1679 1681 1833 
4774 1465 1833 1719 1679 
4775 1679 1681 1833 1680 
4776 1679 1680 1833 1719 
4777 784 1912 856 1913 
4778 1912 338 1281 1283 
4779 856 1281 815 1178 
4780 1913 1283 1178 1126 
4781 1912 856 1913 1283 
4782 1912 1283 1281 856 
4783 856 1913 1283 1178 
4784 856 1178 1283 1281 
4785 681 1907 1914 1908 
4786 1907 991 1051 1398 
4787 1914 1051 1005 1915 
4788 1908 1398 1915 1121 
4789 1907 1914 1908 1398 
4790 1907 1398 1051 1914 
4791 1914 1908 1398 1915 
4792 1914 1915 1398 1051 
4793 339 390 1489 1373 
4794 390 102 861 863 
4795 1489 861 818 865 
4796 1373 863 865 783 
4797 390 1489 1373 863 
4798 390 863 861 1489 
4799 1489 1373 863 865 
4800 1489 865 863 861 
4801 347 442 443 1647 
4802 442 345 412 1766 
4803 443 412 342 1649 
4804 1647 1766 1649 1128 
4805 442 443 1647 1766 
4806 442 1766 412 443 
4807 443 1647 1766 1649 
4808 443 1649 1766 412 
4809 676 1911 718 719 
4810 1911 457 555 1893 
4811 718 555 135 714 
4812 719 1893 714 663 
4813 1911 718 719 1893 
4814 1911 1893 555 718 
4815 718 719 1893 714 
4816 718 714 1893 555 
4817 237 314 334 1870 
4818 314 235 317 1770 
4819 334 317 245 1774 
4820 1870 1770 1774 1122 
4821 314 334 1870 1770 
4822 314 1770 317 334 
4823 334 1870 1770 1774 
4824 334 1774 1770 317 
4825 666 768 767 1826 
4826 768 675 770 1432 
4827 767 770 674 1717 
4828 1826 1432 1717 1132 
4829 768 767 1826 1432 
4830 768 1432 770 767 
4831 767 1826 1432 1717 
4832 767 1717 1432 770 
4833 133 550 711 552 
4834 550 454 1534 554 
4835 711 1534 673 1474 
4836 552 554 1474 492 
4837 550 711 552 554 
4838 550 554 1534 711 
4839 711 552 554 1474 
4840 711 1474 554 1534 
4841 37 38 1863 1887 
4842 38 39 1895 1916 
4843 1863 1895 1139 1834 
4844 1887 1916 1834 1153 
4845 38 1863 1887 1916 
4846 38 1916 1895 1863 
4847 1863 1887 1916 1834 
4848 1863 1834 1916 1895 
4849 803 928 929 1244 
4850 928 782 927 1812 
4851 929 927 801 1162 
4852 1244 1812 1162 1111 
4853 928 929 1244 1812 
4854 928 1812 927 929 
4855 929 1244 1812 1162 
4856 929 1162 1812 927 
4857 471 612 610 1872 
4858 612 489 611 1898 
4859 610 611 459 1619 
4860 1872 1898 1619 1120 
4861 612 610 1872 1898 
4862 612 1898 611 610 
4863 610 1872 1898 1619 
4864 610 1619 1898 611 
4865 1112 1778 1386 1803 
4866 1778 1119 1225 1542 
4867 1386 1225 1103 1340 
4868 1803 1542 1340 1126 
4869 1778 1386 1803 1542 
4870 1778 1542 1225 1386 
4871 1386 1803 1542 1340 
4872 1386 1340 1542 1225 
4873 96 852 385 854 
4874 852 784 1912 856 
4875 385 1912 338 1281 
4876 854 856 1281 815 
4877 852 385 854 856 
4878 852 856 1912 385 
4879 385 854 856 1281 
4880 385 1281 856 1912 
4881 240 259 1328 1319 
4882 259 56 375 377 
4883 1328 375 344 379 
4884 1319 377 379 355 
4885 259 1328 1319 377 
4886 259 377 375 1328 
4887 1328 1319 377 379 
4888 1328 379 377 375 
4889 355 1319 377 1318 
4890 1319 240 259 264 
4891 377 259 56 263 
4892 1318 264 263 229 
4893 1319 377 1318 264 
4894 1319 264 259 377 
4895 377 1318 264 263 
4896 377 263 264 259 
4897 490 616 617 1484 
4898 616 476 614 1385 
4899 617 614 460 1709 
4900 1484 1385 1709 1112 
4901 616 617 1484 1385 
4902 616 1385 614 617 
4903 617 1484 1385 1709 
4904 617 1709 1385 614 
4905 472 627 628 1599 
4906 627 463 625 1240 
4907 628 625 465 1551 
4908 1599 1240 1551 1149 
4909 627 628 1599 1240 
4910 627 1240 625 628 
4911 628 1599 1240 1551 
4912 628 1551 1240 625 
4913 349 1608 414 1662 
4914 1608 494 536 541 
4915 414 536 122 540 
4916 1662 541 540 459 
4917 1608 414 1662 541 
4918 1608 541 536 414 
4919 414 1662 541 540 
4920 414 540 541 536 
4921 478 1191 597 1200 
4922 1191 1130 1302 1201 
4923 597 1302 483 1881 
4924 1200 1201 1881 1144 
4925 1191 597 1200 1201 
4926 1191 1201 1302 597 
4927 597 1200 1201 1881 
4928 597 1881 1201 1302 
4929 494 538 1609 537 
4930 538 453 1707 533 
4931 1609 1707 342 411 
4932 537 533 411 120 
4933 538 1609 537 533 
4934 538 533 1707 1609 
4935 1609 537 533 411 
4936 1609 411 533 1707 
4937 102 390 394 863 
4938 390 339 395 1373 
4939 394 395 352 1264 
4940 863 1373 1264 783 
4941 390 394 863 1373 
4942 390 1373 395 394 
4943 394 863 1373 1264 
4944 394 1264 1373 395 
4945 479 655 652 1239 
4946 655 480 654 1808 
4947 652 654 469 1187 
4948 1239 1808 1187 1148 
4949 655 652 1239 1808 
4950 655 1808 654 652 
4951 652 1239 1808 1187 
4952 652 1187 1808 654 
4953 1111 1775 1163 1578 
4954 1775 1122 1196 1607 
4955 1163 1196 1104 1552 
4956 1578 1607 1552 1125 
4957 1775 1163 1578 1607 
4958 1775 1607 1196 1163 
4959 1163 1578 1607 1552 
4960 1163 1552 1607 1196 
4961 486 647 634 1536 
4962 647 473 646 1703 
4963 634 646 467 1453 
4964 1536 1703 1453 1134 
4965 647 634 1536 1703 
4966 647 1703 646 634 
4967 634 1536 1703 1453 
4968 634 1453 1703 646 
4969 338 384 1281 389 
4970 384 98 855 388 
4971 1281 855 815 1303 
4972 389 388 1303 351 
4973 384 1281 389 388 
4974 384 388 855 1281 
4975 1281 389 388 1303 
4976 1281 1303 388 855 
4977 353 386 1917 1904 
4978 386 338 1912 1283 
4979 1917 1912 784 1913 
4980 1904 1283 1913 1126 
4981 386 1917 1904 1283 
4982 386 1283 1912 1917 
4983 1917 1904 1283 1913 
4984 1917 1913 1283 1912 
4985 786 945 942 1503 
4986 945 812 947 1674 
4987 942 947 795 1456 
4988 1503 1674 1456 1118 
4989 945 942 1503 1674 
4990 945 1674 947 942 
4991 942 1503 1674 1456 
4992 942 1456 1674 947 
4993 475 576 580 1366 
4994 576 453 535 1773 
4995 580 535 491 1765 
4996 1366 1773 1765 1128 
4997 576 580 1366 1773 
4998 576 1773 535 580 
4999 580 1366 1773 1765 
5000 580 1765 1773 535 
5001 480 1807 1918 1808 
5002 1807 1125 1854 1554 
5003 1918 1854 1146 1833 
5004 1808 1554 1833 1148 
5005 1807 1918 1808 1554 
5006 1807 1554 1854 1918 
5007 1918 1808 1554 1833 
5008 1918 1833 1554 1854 
5009 116 407 527 531 
5010 407 345 1784 1764 
5011 527 1784 460 532 
5012 531 1764 532 491 
5013 407 527 531 1764 
5014 407 1764 1784 527 
5015 527 531 1764 532 
5016 527 532 1764 1784 
5017 674 770 748 1720 
5018 770 675 753 1466 
5019 748 753 673 1572 
5020 1720 1466 1572 1146 
5021 770 748 1720 1466 
5022 770 1466 753 748 
5023 748 1720 1466 1572 
5024 748 1572 1466 753 
5025 118 410 408 530 
5026 410 342 412 1763 
5027 408 412 345 1764 
5028 530 1763 1764 491 
5029 410 408 530 1763 
5030 410 1763 412 408 
5031 408 530 1763 1764 
5032 408 1764 1763 412 
5033 340 418 416 1621 
5034 418 349 414 1662 
5035 416 414 122 540 
5036 1621 1662 540 459 
5037 418 416 1621 1662 
5038 418 1662 414 416 
5039 416 1621 1662 540 
5040 416 540 1662 414 
5041 684 1836 775 1417 
5042 1836 1125 1919 1837 
5043 775 1919 677 1920 
5044 1417 1837 1920 1142 
5045 1836 775 1417 1837 
5046 1836 1837 1919 775 
5047 775 1417 1837 1920 
5048 775 1920 1837 1919 
5049 338 386 1912 385 
5050 386 353 1917 381 
5051 1912 1917 784 852 
5052 385 381 852 96 
5053 386 1912 385 381 
5054 386 381 1917 1912 
5055 1912 385 381 852 
5056 1912 852 381 1917 
5057 669 729 766 1246 
5058 729 666 767 1684 
5059 766 767 674 1718 
5060 1246 1684 1718 1117 
5061 729 766 1246 1684 
5062 729 1684 767 766 
5063 766 1246 1684 1718 
5064 766 1718 1684 767 
5065 491 532 580 1765 
5066 532 460 615 1710 
5067 580 615 475 1366 
5068 1765 1710 1366 1128 
5069 532 580 1765 1710 
5070 532 1710 615 580 
5071 580 1765 1710 1366 
5072 580 1366 1710 615 
5073 456 596 519 1783 
5074 596 483 598 1301 
5075 519 598 484 1529 
5076 1783 1301 1529 1124 
5077 596 519 1783 1301 
5078 596 1301 598 519 
5079 519 1783 1301 1529 
5080 519 1529 1301 598 
5081 777 859 857 1389 
5082 859 815 855 1303 
5083 857 855 98 388 
5084 1389 1303 388 351 
5085 859 857 1389 1303 
5086 859 1303 855 857 
5087 857 1389 1303 388 
5088 857 388 1303 855 
5089 457 603 601 1874 
5090 603 488 602 1511 
5091 601 602 472 1597 
5092 1874 1511 1597 1121 
5093 603 601 1874 1511 
5094 603 1511 602 601 
5095 601 1874 1511 1597 
5096 601 1597 1511 602 
5097 998 1081 1078 1495 
5098 1081 1008 1080 1496 
5099 1078 1080 988 1865 
5100 1495 1496 1865 1151 
5101 1081 1078 1495 1496 
5102 1081 1496 1080 1078 
5103 1078 1495 1496 1865 
5104 1078 1865 1496 1080 
5105 39 40 218 1895 
5106 40 7 216 1748 
5107 218 216 23 1760 
5108 1895 1748 1760 1139 
5109 40 218 1895 1748 
5110 40 1748 216 218 
5111 218 1895 1748 1760 
5112 218 1760 1748 216 
5113 3 24 52 1330 
5114 24 23 216 1760 
5115 52 216 7 1748 
5116 1330 1760 1748 1139 
5117 24 52 1330 1760 
5118 24 1760 216 52 
5119 52 1330 1760 1748 
5120 52 1748 1760 216 
5121 994 1086 1071 1480 
5122 1086 1009 1100 1423 
5123 1071 1100 1001 1897 
5124 1480 1423 1897 1155 
5125 1086 1071 1480 1423 
5126 1086 1423 1100 1071 
5127 1071 1480 1423 1897 
5128 1071 1897 1423 1100 
5129 663 750 751 1477 
5130 750 675 749 1435 
5131 751 749 672 1584 
5132 1477 1435 1584 1133 
5133 750 751 1477 1435 
5134 750 1435 749 751 
5135 751 1477 1435 1584 
5136 751 1584 1435 749 
5137 473 575 1703 1704 
5138 575 475 1369 1838 
5139 1703 1369 1134 1538 
5140 1704 1838 1538 1141 
5141 575 1703 1704 1838 
5142 575 1838 1369 1703 
5143 1703 1704 1838 1538 
5144 1703 1538 1838 1369 
5145 493 548 1922 1923 
5146 548 481 1921 1866 
5147 1922 1921 662 1888 
5148 1923 1866 1888 1125 
5149 548 1922 1923 1866 
5150 548 1866 1921 1922 
5151 1922 1923 1866 1888 
5152 1922 1888 1866 1921 
5153 808 1924 1890 1891 
5154 1924 1132 1549 1660 
5155 1890 1549 1127 1730 
5156 1891 1660 1730 1154 
5157 1924 1890 1891 1660 
5158 1924 1660 1549 1890 
5159 1890 1891 1660 1730 
5160 1890 1730 1660 1549 
5161 225 316 303 1815 
5162 316 235 315 1771 
5163 303 315 234 1821 
5164 1815 1771 1821 1140 
5165 316 303 1815 1771 
5166 316 1771 315 303 
5167 303 1815 1771 1821 
5168 303 1821 1771 315 
5169 23 22 222 1760 
5170 22 21 221 1668 
5171 222 221 37 1863 
5172 1760 1668 1863 1139 
5173 22 222 1760 1668 
5174 22 1668 221 222 
5175 222 1760 1668 1863 
5176 222 1863 1668 221 
5177 816 1925 877 1926 
5178 1925 671 730 1928 
5179 877 730 159 1927 
5180 1926 1928 1927 1132 
5181 1925 877 1926 1928 
5182 1925 1928 730 877 
5183 877 1926 1928 1927 
5184 877 1927 1928 730 
5185 345 1784 409 407 
5186 1784 460 1752 527 
5187 409 1752 341 405 
5188 407 527 405 116 
5189 1784 409 407 527 
5190 1784 527 1752 409 
5191 409 407 527 405 
5192 409 405 527 1752 
5193 672 1762 754 1524 
5194 1762 1132 1928 1660 
5195 754 1928 671 1929 
5196 1524 1660 1929 1154 
5197 1762 754 1524 1660 
5198 1762 1660 1928 754 
5199 754 1524 1660 1929 
5200 754 1929 1660 1928 
5201 820 850 869 1470 
5202 850 782 928 1812 
5203 869 928 803 1244 
5204 1470 1812 1244 1111 
5205 850 869 1470 1812 
5206 850 1812 928 869 
5207 869 1470 1812 1244 
5208 869 1244 1812 928 
5209 1112 1803 1386 1388 
5210 1803 1126 1340 1677 
5211 1386 1340 1103 1367 
5212 1388 1677 1367 1128 
5213 1803 1386 1388 1677 
5214 1803 1677 1340 1386 
5215 1386 1388 1677 1367 
5216 1386 1367 1677 1340 
5217 463 627 593 1156 
5218 627 472 629 1598 
5219 593 629 485 1570 
5220 1156 1598 1570 1114 
5221 627 593 1156 1598 
5222 627 1598 629 593 
5223 593 1156 1598 1570 
5224 593 1570 1598 629 
5225 478 597 595 1200 
5226 597 483 596 1881 
5227 595 596 456 1831 
5228 1200 1881 1831 1144 
5229 597 595 1200 1881 
5230 597 1881 596 595 
5231 595 1200 1881 1831 
5232 595 1831 1881 596 
5233 1107 1267 1308 1689 
5234 1267 1136 1311 1930 
5235 1308 1311 1123 1653 
5236 1689 1930 1653 1145 
5237 1267 1308 1689 1930 
5238 1267 1930 1311 1308 
5239 1308 1689 1930 1653 
5240 1308 1653 1930 1311 
5241 226 321 323 1878 
5242 321 231 324 1759 
5243 323 324 246 1788 
5244 1878 1759 1788 1119 
5245 321 323 1878 1759 
5246 321 1759 324 323 
5247 323 1878 1759 1788 
5248 323 1788 1759 324 
5249 491 530 1763 535 
5250 530 118 410 534 
5251 1763 410 342 1707 
5252 535 534 1707 453 
5253 530 1763 535 534 
5254 530 534 410 1763 
5255 1763 535 534 1707 
5256 1763 1707 534 410 
5257 1115 1430 1737 1545 
5258 1430 1129 1626 1731 
5259 1737 1626 1106 1640 
5260 1545 1731 1640 1150 
5261 1430 1737 1545 1731 
5262 1430 1731 1626 1737 
5263 1737 1545 1731 1640 
5264 1737 1640 1731 1626 
5265 490 617 513 1484 
5266 617 460 529 1709 
5267 513 529 498 1522 
5268 1484 1709 1522 1112 
5269 617 513 1484 1709 
5270 617 1709 529 513 
5271 513 1484 1709 1522 
5272 513 1522 1709 529 
5273 467 633 634 1349 
5274 633 464 622 1323 
5275 634 622 486 1581 
5276 1349 1323 1581 1131 
5277 633 634 1349 1323 
5278 633 1323 622 634 
5279 634 1349 1323 1581 
5280 634 1581 1323 622 
5281 157 725 870 727 
5282 725 669 1248 729 
5283 870 1248 817 1683 
5284 727 729 1683 666 
5285 725 870 727 729 
5286 725 729 1248 870 
5287 870 727 729 1683 
5288 870 1683 729 1248 
5289 666 728 732 1826 
5290 728 159 730 1927 
5291 732 730 671 1928 
5292 1826 1927 1928 1132 
5293 728 732 1826 1927 
5294 728 1927 730 732 
5295 732 1826 1927 1928 
5296 732 1928 1927 730 
5297 812 982 947 1676 
5298 982 799 933 1880 
5299 947 933 795 1512 
5300 1676 1880 1512 1136 
5301 982 947 1676 1880 
5302 982 1880 933 947 
5303 947 1676 1880 1512 
5304 947 1512 1880 933 
5305 672 749 754 1762 
5306 749 675 769 1432 
5307 754 769 671 1928 
5308 1762 1432 1928 1132 
5309 749 754 1762 1432 
5310 749 1432 769 754 
5311 754 1762 1432 1928 
5312 754 1928 1432 769 
5313 453 1773 576 1708 
5314 1773 1128 1366 1659 
5315 576 1366 475 1838 
5316 1708 1659 1838 1141 
5317 1773 576 1708 1659 
5318 1773 1659 1366 576 
5319 576 1708 1659 1838 
5320 576 1838 1659 1366 
5321 493 1922 548 546 
5322 1922 662 1921 709 
5323 548 1921 481 544 
5324 546 709 544 129 
5325 1922 548 546 709 
5326 1922 709 1921 548 
5327 548 546 709 544 
5328 548 544 709 1921 
5329 998 1073 1074 1402 
5330 1073 996 1075 1170 
5331 1074 1075 987 1571 
5332 1402 1170 1571 1114 
5333 1073 1074 1402 1170 
5334 1073 1170 1075 1074 
5335 1074 1402 1170 1571 
5336 1074 1571 1170 1075 
5337 677 710 1931 1919 
5338 710 662 1921 1888 
5339 1931 1921 481 1866 
5340 1919 1888 1866 1125 
5341 710 1931 1919 1888 
5342 710 1888 1921 1931 
5343 1931 1919 1888 1866 
5344 1931 1866 1888 1921 
5345 493 1923 1922 1932 
5346 1923 1125 1888 1854 
5347 1922 1888 662 1889 
5348 1932 1854 1889 1146 
5349 1923 1922 1932 1854 
5350 1923 1854 1888 1922 
5351 1922 1932 1854 1889 
5352 1922 1889 1854 1888 
5353 457 1911 1874 1875 
5354 1911 676 1785 1855 
5355 1874 1785 1121 1585 
5356 1875 1855 1585 1133 
5357 1911 1874 1875 1855 
5358 1911 1855 1785 1874 
5359 1874 1875 1855 1585 
5360 1874 1585 1855 1785 
5361 666 1683 727 1698 
5362 1683 817 870 875 
5363 727 870 157 874 
5364 1698 875 874 778 
5365 1683 727 1698 875 
5366 1683 875 870 727 
5367 727 1698 875 874 
5368 727 874 875 870 
5369 159 873 877 1927 
5370 873 778 878 1827 
5371 877 878 816 1926 
5372 1927 1827 1926 1132 
5373 873 877 1927 1827 
5374 873 1827 878 877 
5375 877 1927 1827 1926 
5376 877 1926 1827 878 
5377 67 276 520 1933 
5378 276 224 1871 1842 
5379 520 1871 482 1852 
5380 1933 1842 1852 1144 
5381 276 520 1933 1842 
5382 276 1842 1871 520 
5383 520 1933 1842 1852 
5384 520 1852 1842 1871 
5385 662 710 1921 709 
5386 710 677 1931 705 
5387 1921 1931 481 544 
5388 709 705 544 129 
5389 710 1921 709 705 
5390 710 705 1931 1921 
5391 1921 709 705 544 
5392 1921 544 705 1931 
5393 1123 1311 1886 1653 
5394 1311 1136 1515 1930 
5395 1886 1515 1101 1444 
5396 1653 1930 1444 1145 
5397 1311 1886 1653 1930 
5398 1311 1930 1515 1886 
5399 1886 1653 1930 1444 
5400 1886 1444 1930 1515 
5401 159 728 873 1927 
5402 728 666 1698 1826 
5403 873 1698 778 1827 
5404 1927 1826 1827 1132 
5405 728 873 1927 1826 
5406 728 1826 1698 873 
5407 873 1927 1826 1827 
5408 873 1827 1826 1698 
5409 664 1934 757 1935 
5410 1934 1138 1390 1601 
5411 757 1390 685 1523 
5412 1935 1601 1523 1154 
5413 1934 757 1935 1601 
5414 1934 1601 1390 757 
5415 757 1935 1601 1523 
5416 757 1523 1601 1390 
5417 795 934 941 1459 
5418 934 813 888 1618 
5419 941 888 785 1702 
5420 1459 1618 1702 1135 
5421 934 941 1459 1618 
5422 934 1618 888 941 
5423 941 1459 1618 1702 
5424 941 1702 1618 888 
5425 224 1841 1871 1842 
5426 1841 1122 1851 1202 
5427 1871 1851 482 1852 
5428 1842 1202 1852 1144 
5429 1841 1871 1842 1202 
5430 1841 1202 1851 1871 
5431 1871 1842 1202 1852 
5432 1871 1852 1202 1851 
5433 155 871 724 867 
5434 871 817 1248 872 
5435 724 1248 669 1245 
5436 867 872 1245 803 
5437 871 724 867 872 
5438 871 872 1248 724 
5439 724 867 872 1245 
5440 724 1245 872 1248 
5441 468 639 643 1673 
5442 639 467 644 1453 
5443 643 644 470 1383 
5444 1673 1453 1383 1134 
5445 639 643 1673 1453 
5446 639 1453 644 643 
5447 643 1673 1453 1383 
5448 643 1383 1453 644 
5449 236 277 272 1830 
5450 277 224 276 1842 
5451 272 276 67 1933 
5452 1830 1842 1933 1144 
5453 277 272 1830 1842 
5454 277 1842 276 272 
5455 272 1830 1842 1933 
5456 272 1933 1842 276 
5457 812 1797 982 1676 
5458 1797 5 1879 1715 
5459 982 1879 799 1880 
5460 1676 1715 1880 1136 
5461 1797 982 1676 1715 
5462 1797 1715 1879 982 
5463 982 1676 1715 1880 
5464 982 1880 1715 1879 
5465 232 306 307 1437 
5466 306 223 305 1530 
5467 307 305 231 1686 
5468 1437 1530 1686 1124 
5469 306 307 1437 1530 
5470 306 1530 305 307 
5471 307 1437 1530 1686 
5472 307 1686 1530 305 
5473 1113 1557 1876 1654 
5474 1557 1123 1886 1633 
5475 1876 1886 1101 1441 
5476 1654 1633 1441 1141 
5477 1557 1876 1654 1633 
5478 1557 1633 1886 1876 
5479 1876 1654 1633 1441 
5480 1876 1441 1633 1886 
5481 803 1245 867 1493 
5482 1245 669 724 726 
5483 867 724 155 722 
5484 1493 726 722 665 
5485 1245 867 1493 726 
5486 1245 726 724 867 
5487 867 1493 726 722 
5488 867 722 726 724 
5489 67 520 518 1933 
5490 520 482 522 1852 
5491 518 522 456 1831 
5492 1933 1852 1831 1144 
5493 520 518 1933 1852 
5494 520 1852 522 518 
5495 518 1933 1852 1831 
5496 518 1831 1852 522 
5497 804 930 849 1848 
5498 930 801 927 1414 
5499 849 927 782 1814 
5500 1848 1414 1814 1140 
5501 930 849 1848 1414 
5502 930 1414 927 849 
5503 849 1848 1414 1814 
5504 849 1814 1414 927 
5505 788 946 943 1800 
5506 946 812 945 1674 
5507 943 945 786 1503 
5508 1800 1674 1503 1118 
5509 946 943 1800 1674 
5510 946 1674 945 943 
5511 943 1800 1674 1503 
5512 943 1503 1674 945 
5513 484 598 660 1529 
5514 598 483 658 1301 
5515 660 658 476 1274 
5516 1529 1301 1274 1124 
5517 598 660 1529 1301 
5518 598 1301 658 660 
5519 660 1529 1301 1274 
5520 660 1274 1301 658 
5521 236 272 1780 1830 
5522 272 67 518 1933 
5523 1780 518 456 1831 
5524 1830 1933 1831 1144 
5525 272 1780 1830 1933 
5526 272 1933 518 1780 
5527 1780 1830 1933 1831 
5528 1780 1831 1933 518 
5529 1119 1542 1778 1789 
5530 1542 1126 1803 1805 
5531 1778 1803 1112 1397 
5532 1789 1805 1397 1143 
5533 1542 1778 1789 1805 
5534 1542 1805 1803 1778 
5535 1778 1789 1805 1397 
5536 1778 1397 1805 1803 
5537 359 419 1937 1910 
5538 419 340 1936 1620 
5539 1937 1936 496 1938 
5540 1910 1620 1938 1120 
5541 419 1937 1910 1620 
5542 419 1620 1936 1937 
5543 1937 1910 1620 1938 
5544 1937 1938 1620 1936 
5545 346 423 439 1816 
5546 423 353 451 1904 
5547 439 451 361 1804 
5548 1816 1904 1804 1126 
5549 423 439 1816 1904 
5550 423 1904 451 439 
5551 439 1816 1904 1804 
5552 439 1804 1904 451 
5553 1004 1939 1031 1903 
5554 1939 496 1940 1938 
5555 1031 1940 1001 1896 
5556 1903 1938 1896 1120 
5557 1939 1031 1903 1938 
5558 1939 1938 1940 1031 
5559 1031 1903 1938 1896 
5560 1031 1896 1938 1940 
5561 993 1084 1091 1743 
5562 1084 994 1068 1590 
5563 1091 1068 995 1326 
5564 1743 1590 1326 1135 
5565 1084 1091 1743 1590 
5566 1084 1590 1068 1091 
5567 1091 1743 1590 1326 
5568 1091 1326 1590 1068 
5569 1101 1886 1876 1515 
5570 1886 1123 1557 1311 
5571 1876 1557 1113 1363 
5572 1515 1311 1363 1136 
5573 1886 1876 1515 1311 
5574 1886 1311 1557 1876 
5575 1876 1515 1311 1363 
5576 1876 1363 1311 1557 
5577 1000 1941 1044 1510 
5578 1941 497 1942 1943 
5579 1044 1942 1005 1915 
5580 1510 1943 1915 1121 
5581 1941 1044 1510 1943 
5582 1941 1943 1942 1044 
5583 1044 1510 1943 1915 
5584 1044 1915 1943 1942 
5585 458 1860 1868 1862 
5586 1860 1122 1870 1776 
5587 1868 1870 237 1883 
5588 1862 1776 1883 1142 
5589 1860 1868 1862 1776 
5590 1860 1776 1870 1868 
5591 1868 1862 1776 1883 
5592 1868 1883 1776 1870 
5593 470 651 643 1253 
5594 651 483 650 1302 
5595 643 650 468 1355 
5596 1253 1302 1355 1130 
5597 651 643 1253 1302 
5598 651 1302 650 643 
5599 643 1253 1302 1355 
5600 643 1355 1302 650 
5601 681 1944 720 1908 
5602 1944 497 1945 1943 
5603 720 1945 676 1785 
5604 1908 1943 1785 1121 
5605 1944 720 1908 1943 
5606 1944 1943 1945 720 
5607 720 1908 1943 1785 
5608 720 1785 1943 1945 
5609 477 659 608 1625 
5610 659 486 624 1443 
5611 608 624 471 1793 
5612 1625 1443 1793 1145 
5613 659 608 1625 1443 
5614 659 1443 624 608 
5615 608 1625 1443 1793 
5616 608 1793 1443 624 
5617 472 600 1696 1599 
5618 600 474 1643 1665 
5619 1696 1643 1133 1697 
5620 1599 1665 1697 1149 
5621 600 1696 1599 1665 
5622 600 1665 1643 1696 
5623 1696 1599 1665 1697 
5624 1696 1697 1665 1643 
5625 1107 1689 1334 1422 
5626 1689 1145 1651 1794 
5627 1334 1651 1120 1424 
5628 1422 1794 1424 1155 
5629 1689 1334 1422 1794 
5630 1689 1794 1651 1334 
5631 1334 1422 1794 1424 
5632 1334 1424 1794 1651 
5633 1118 1532 1587 1451 
5634 1532 1150 1642 1835 
5635 1587 1642 1102 1672 
5636 1451 1835 1672 1153 
5637 1532 1587 1451 1835 
5638 1532 1835 1642 1587 
5639 1587 1451 1835 1672 
5640 1587 1672 1835 1642 
5641 810 1825 1847 1850 
5642 1825 1116 1839 1555 
5643 1847 1839 997 1840 
5644 1850 1555 1840 1151 
5645 1825 1847 1850 1555 
5646 1825 1555 1839 1847 
5647 1847 1850 1555 1840 
5648 1847 1840 1555 1839 
5649 348 428 444 1559 
5650 428 351 424 1304 
5651 444 424 347 1629 
5652 1559 1304 1629 1113 
5653 428 444 1559 1304 
5654 428 1304 424 444 
5655 444 1559 1304 1629 
5656 444 1629 1304 424 
5657 21 1946 20 1666 
5658 1946 792 1947 1901 
5659 20 1947 19 1779 
5660 1666 1901 1779 1129 
5661 1946 20 1666 1901 
5662 1946 1901 1947 20 
5663 20 1666 1901 1779 
5664 20 1779 1901 1947 
5665 453 578 538 1708 
5666 578 477 581 1624 
5667 538 581 494 1610 
5668 1708 1624 1610 1141 
5669 578 538 1708 1624 
5670 578 1624 581 538 
5671 538 1708 1624 1610 
5672 538 1610 1624 581 
5673 39 1894 1895 1916 
5674 1894 1127 1749 1473 
5675 1895 1749 1139 1834 
5676 1916 1473 1834 1153 
5677 1894 1895 1916 1473 
5678 1894 1473 1749 1895 
5679 1895 1916 1473 1834 
5680 1895 1834 1473 1749 
5681 226 1877 1878 1900 
5682 1877 814 1844 1846 
5683 1878 1844 1119 1789 
5684 1900 1846 1789 1143 
5685 1877 1878 1900 1846 
5686 1877 1846 1844 1878 
5687 1878 1900 1846 1789 
5688 1878 1789 1846 1844 
5689 131 549 547 1948 
5690 549 454 551 1594 
5691 547 551 493 1932 
5692 1948 1594 1932 1146 
5693 549 547 1948 1594 
5694 549 1594 551 547 
5695 547 1948 1594 1932 
5696 547 1932 1594 551 
5697 493 588 1923 1932 
5698 588 480 1807 1918 
5699 1923 1807 1125 1854 
5700 1932 1918 1854 1146 
5701 588 1923 1932 1918 
5702 588 1918 1807 1923 
5703 1923 1932 1918 1854 
5704 1923 1854 1918 1807 
5705 228 1313 288 1299 
5706 1313 668 1949 1314 
5707 288 1949 242 1950 
5708 1299 1314 1950 1142 
5709 1313 288 1299 1314 
5710 1313 1314 1949 288 
5711 288 1299 1314 1950 
5712 288 1950 1314 1949 
5713 804 919 930 1848 
5714 919 800 975 1751 
5715 930 975 801 1414 
5716 1848 1751 1414 1140 
5717 919 930 1848 1751 
5718 919 1751 975 930 
5719 930 1848 1751 1414 
5720 930 1414 1751 975 
5721 677 775 747 1919 
5722 775 684 763 1836 
5723 747 763 670 1579 
5724 1919 1836 1579 1125 
5725 775 747 1919 1836 
5726 775 1836 763 747 
5727 747 1919 1836 1579 
5728 747 1579 1836 763 
5729 19 215 219 1275 
5730 215 212 217 1276 
5731 219 217 35 1543 
5732 1275 1276 1543 1115 
5733 215 219 1275 1276 
5734 215 1276 217 219 
5735 219 1275 1276 1543 
5736 219 1543 1276 217 
5737 678 1951 1279 1272 
5738 1951 1007 1047 1952 
5739 1279 1047 1002 1280 
5740 1272 1952 1280 1138 
5741 1951 1279 1272 1952 
5742 1951 1952 1047 1279 
5743 1279 1272 1952 1280 
5744 1279 1280 1952 1047 
5745 7 1953 52 1799 
5746 1953 778 1857 1827 
5747 52 1857 3 1858 
5748 1799 1827 1858 1132 
5749 1953 52 1799 1827 
5750 1953 1827 1857 52 
5751 52 1799 1827 1858 
5752 52 1858 1827 1857 
5753 7 1746 1954 1799 
5754 1746 1127 1890 1549 
5755 1954 1890 808 1924 
5756 1799 1549 1924 1132 
5757 1746 1954 1799 1549 
5758 1746 1549 1890 1954 
5759 1954 1799 1549 1924 
5760 1954 1924 1549 1890 
5761 359 1937 1909 1910 
5762 1937 496 1939 1938 
5763 1909 1939 1004 1903 
5764 1910 1938 1903 1120 
5765 1937 1909 1910 1938 
5766 1937 1938 1939 1909 
5767 1909 1910 1938 1903 
5768 1909 1903 1938 1939 
5769 997 1063 1094 1839 
5770 1063 990 1092 1491 
5771 1094 1092 996 1173 
5772 1839 1491 1173 1116 
5773 1063 1094 1839 1491 
5774 1063 1491 1092 1094 
5775 1094 1839 1491 1173 
5776 1094 1173 1491 1092 
5777 1007 1955 1067 1952 
5778 1955 821 1956 1957 
5779 1067 1956 988 1864 
5780 1952 1957 1864 1138 
5781 1955 1067 1952 1957 
5782 1955 1957 1956 1067 
5783 1067 1952 1957 1864 
5784 1067 1864 1957 1956 
5785 668 704 1949 1314 
5786 704 680 1958 1959 
5787 1949 1958 242 1950 
5788 1314 1959 1950 1142 
5789 704 1949 1314 1959 
5790 704 1959 1958 1949 
5791 1949 1314 1959 1950 
5792 1949 1950 1959 1958 
5793 356 383 1961 1962 
5794 383 353 1960 1905 
5795 1961 1960 822 1963 
5796 1962 1905 1963 1143 
5797 383 1961 1962 1905 
5798 383 1905 1960 1961 
5799 1961 1962 1905 1963 
5800 1961 1963 1905 1960 
5801 1122 1607 1775 1776 
5802 1607 1125 1578 1837 
5803 1775 1578 1111 1384 
5804 1776 1837 1384 1142 
5805 1607 1775 1776 1837 
5806 1607 1837 1578 1775 
5807 1775 1776 1837 1384 
5808 1775 1384 1837 1578 
5809 678 739 1951 1272 
5810 739 683 1964 1965 
5811 1951 1964 1007 1952 
5812 1272 1965 1952 1138 
5813 739 1951 1272 1965 
5814 739 1965 1964 1951 
5815 1951 1272 1965 1952 
5816 1951 1952 1965 1964 
5817 470 645 656 1383 
5818 645 473 575 1703 
5819 656 575 475 1369 
5820 1383 1703 1369 1134 
5821 645 656 1383 1703 
5822 645 1703 575 656 
5823 656 1383 1703 1369 
5824 656 1369 1703 575 
5825 131 712 549 1948 
5826 712 673 1534 1572 
5827 549 1534 454 1594 
5828 1948 1572 1594 1146 
5829 712 549 1948 1572 
5830 712 1572 1534 549 
5831 549 1948 1572 1594 
5832 549 1594 1572 1534 
5833 787 916 917 1448 
5834 916 779 894 1576 
5835 917 894 810 1825 
5836 1448 1576 1825 1116 
5837 916 917 1448 1576 
5838 916 1576 894 917 
5839 917 1448 1576 1825 
5840 917 1825 1576 894 
5841 234 315 331 1821 
5842 315 235 312 1771 
5843 331 312 233 1736 
5844 1821 1771 1736 1140 
5845 315 331 1821 1771 
5846 315 1771 312 331 
5847 331 1821 1771 1736 
5848 331 1736 1771 312 
5849 683 736 1967 1965 
5850 736 664 1966 1934 
5851 1967 1966 821 1957 
5852 1965 1934 1957 1138 
5853 736 1967 1965 1934 
5854 736 1934 1966 1967 
5855 1967 1965 1934 1957 
5856 1967 1957 1934 1966 
5857 497 1941 574 1943 
5858 1941 1000 1509 1510 
5859 574 1509 488 1511 
5860 1943 1510 1511 1121 
5861 1941 574 1943 1510 
5862 1941 1510 1509 574 
5863 574 1943 1510 1511 
5864 574 1511 1510 1509 
5865 497 1944 1942 1943 
5866 1944 681 1914 1908 
5867 1942 1914 1005 1915 
5868 1943 1908 1915 1121 
5869 1944 1942 1943 1908 
5870 1944 1908 1914 1942 
5871 1942 1943 1908 1915 
5872 1942 1915 1908 1914 
5873 800 972 975 1769 
5874 972 793 976 1745 
5875 975 976 801 1312 
5876 1769 1745 1312 1152 
5877 972 975 1769 1745 
5878 972 1745 976 975 
5879 975 1769 1745 1312 
5880 975 1312 1745 976 
5881 242 1968 281 1950 
5882 1968 495 1969 1970 
5883 281 1969 237 1883 
5884 1950 1970 1883 1142 
5885 1968 281 1950 1970 
5886 1968 1970 1969 281 
5887 281 1950 1970 1883 
5888 281 1883 1970 1969 
5889 243 1971 291 1973 
5890 1971 822 1972 1963 
5891 291 1972 226 1900 
5892 1973 1963 1900 1143 
5893 1971 291 1973 1963 
5894 1971 1963 1972 291 
5895 291 1973 1963 1900 
5896 291 1900 1963 1972 
5897 356 1974 376 1962 
5898 1974 240 1328 1320 
5899 376 1328 344 1329 
5900 1962 1320 1329 1143 
5901 1974 376 1962 1320 
5902 1974 1320 1328 376 
5903 376 1962 1320 1329 
5904 376 1329 1320 1328 
5905 808 960 985 1891 
5906 960 807 924 1723 
5907 985 924 809 1757 
5908 1891 1723 1757 1154 
5909 960 985 1891 1723 
5910 960 1723 924 985 
5911 985 1891 1723 1757 
5912 985 1757 1723 924 
5913 680 707 1976 1959 
5914 707 677 1975 1920 
5915 1976 1975 495 1970 
5916 1959 1920 1970 1142 
5917 707 1976 1959 1920 
5918 707 1920 1975 1976 
5919 1976 1959 1920 1970 
5920 1976 1970 1920 1975 
5921 496 561 1940 1938 
5922 561 489 1977 1898 
5923 1940 1977 1001 1896 
5924 1938 1898 1896 1120 
5925 561 1940 1938 1898 
5926 561 1898 1977 1940 
5927 1940 1938 1898 1896 
5928 1940 1896 1898 1977 
5929 676 719 752 1855 
5930 719 663 751 1477 
5931 752 751 672 1584 
5932 1855 1477 1584 1133 
5933 719 752 1855 1477 
5934 719 1477 751 752 
5935 752 1855 1477 1584 
5936 752 1584 1477 751 
5937 466 636 1539 1365 
5938 636 487 1561 1832 
5939 1539 1561 1137 1540 
5940 1365 1832 1540 1148 
5941 636 1539 1365 1832 
5942 636 1832 1561 1539 
5943 1539 1365 1832 1540 
5944 1539 1540 1832 1561 
5945 794 967 973 1278 
5946 967 792 974 1901 
5947 973 974 805 1234 
5948 1278 1901 1234 1129 
5949 967 973 1278 1901 
5950 967 1901 974 973 
5951 973 1278 1901 1234 
5952 973 1234 1901 974 
5953 785 913 941 1702 
5954 913 786 942 1505 
5955 941 942 795 1459 
5956 1702 1505 1459 1135 
5957 913 941 1702 1505 
5958 913 1505 942 941 
5959 941 1702 1505 1459 
5960 941 1459 1505 942 
5961 459 542 1621 1619 
5962 542 496 1936 1938 
5963 1621 1936 340 1620 
5964 1619 1938 1620 1120 
5965 542 1621 1619 1938 
5966 542 1938 1936 1621 
5967 1621 1619 1938 1620 
5968 1621 1620 1938 1936 
5969 794 1695 967 1278 
5970 1695 19 1947 1779 
5971 967 1947 792 1901 
5972 1278 1779 1901 1129 
5973 1695 967 1278 1779 
5974 1695 1779 1947 967 
5975 967 1278 1779 1901 
5976 967 1901 1779 1947 
5977 1124 1254 1438 1787 
5978 1254 1130 1635 1201 
5979 1438 1635 1109 1637 
5980 1787 1201 1637 1144 
5981 1254 1438 1787 1201 
5982 1254 1201 1635 1438 
5983 1438 1787 1201 1637 
5984 1438 1637 1201 1635 
5985 243 261 1978 1973 
5986 261 240 1974 1320 
5987 1978 1974 356 1962 
5988 1973 1320 1962 1143 
5989 261 1978 1973 1320 
5990 261 1320 1974 1978 
5991 1978 1973 1320 1962 
5992 1978 1962 1320 1974 
5993 1108 1678 1562 1681 
5994 1678 1139 1758 1682 
5995 1562 1758 1137 1540 
5996 1681 1682 1540 1148 
5997 1678 1562 1681 1682 
5998 1678 1682 1758 1562 
5999 1562 1681 1682 1540 
6000 1562 1540 1682 1758 
6001 1006 1054 1012 1979 
6002 1054 989 1053 1464 
6003 1012 1053 173 1980 
6004 1979 1464 1980 1147 
6005 1054 1012 1979 1464 
6006 1054 1464 1053 1012 
6007 1012 1979 1464 1980 
6008 1012 1980 1464 1053 
6009 353 1904 1917 1905 
6010 1904 1126 1913 1805 
6011 1917 1913 784 1882 
6012 1905 1805 1882 1143 
6013 1904 1917 1905 1805 
6014 1904 1805 1913 1917 
6015 1917 1905 1805 1882 
6016 1917 1882 1805 1913 
6017 472 628 600 1599 
6018 628 465 637 1551 
6019 600 637 474 1665 
6020 1599 1551 1665 1149 
6021 628 600 1599 1551 
6022 628 1551 637 600 
6023 600 1599 1551 1665 
6024 600 1665 1551 637 
6025 988 1956 1981 1864 
6026 1956 821 898 1957 
6027 1981 898 781 1828 
6028 1864 1957 1828 1138 
6029 1956 1981 1864 1957 
6030 1956 1957 898 1981 
6031 1981 1864 1957 1828 
6032 1981 1828 1957 898 
6033 241 249 1520 268 
6034 249 61 500 267 
6035 1520 500 498 1739 
6036 268 267 1739 238 
6037 249 1520 268 267 
6038 249 267 500 1520 
6039 1520 268 267 1739 
6040 1520 1739 267 500 
6041 480 655 661 1807 
6042 655 479 604 1553 
6043 661 604 481 1866 
6044 1807 1553 1866 1125 
6045 655 661 1807 1553 
6046 655 1553 604 661 
6047 661 1807 1553 1866 
6048 661 1866 1553 604 
6049 150 510 1016 1042 
6050 510 497 1942 1941 
6051 1016 1942 1005 1044 
6052 1042 1941 1044 1000 
6053 510 1016 1042 1941 
6054 510 1941 1942 1016 
6055 1016 1042 1941 1044 
6056 1016 1044 1941 1942 
6057 816 1926 912 1982 
6058 1926 1132 1924 1660 
6059 912 1924 808 1891 
6060 1982 1660 1891 1154 
6061 1926 912 1982 1660 
6062 1926 1660 1924 912 
6063 912 1982 1660 1891 
6064 912 1891 1660 1924 
6065 496 1939 1940 507 
6066 1939 1004 1031 1015 
6067 1940 1031 1001 1029 
6068 507 1015 1029 140 
6069 1939 1940 507 1015 
6070 1939 1015 1031 1940 
6071 1940 507 1015 1029 
6072 1940 1029 1015 1031 
6073 243 1971 252 291 
6074 1971 822 823 1972 
6075 252 823 81 289 
6076 291 1972 289 226 
6077 1971 252 291 1972 
6078 1971 1972 823 252 
6079 252 291 1972 289 
6080 252 289 1972 823 
6081 797 938 936 1222 
6082 938 798 937 1396 
6083 936 937 784 1913 
6084 1222 1396 1913 1126 
6085 938 936 1222 1396 
6086 938 1396 937 936 
6087 936 1222 1396 1913 
6088 936 1913 1396 937 
6089 1006 1012 1983 1979 
6090 1012 173 831 1980 
6091 1983 831 819 1984 
6092 1979 1980 1984 1147 
6093 1012 1983 1979 1980 
6094 1012 1980 831 1983 
6095 1983 1979 1980 1984 
6096 1983 1984 1980 831 
6097 111 1026 400 1013 
6098 1026 992 1884 1028 
6099 400 1884 354 1902 
6100 1013 1028 1902 1004 
6101 1026 400 1013 1028 
6102 1026 1028 1884 400 
6103 400 1013 1028 1902 
6104 400 1902 1028 1884 
6105 183 1064 1021 834 
6106 1064 988 1067 1956 
6107 1021 1067 1007 1955 
6108 834 1956 1955 821 
6109 1064 1021 834 1956 
6110 1064 1956 1067 1021 
6111 1021 834 1956 1955 
6112 1021 1955 1956 1067 
6113 472 600 601 1696 
6114 600 474 599 1643 
6115 601 599 457 1875 
6116 1696 1643 1875 1133 
6117 600 601 1696 1643 
6118 600 1643 599 601 
6119 601 1696 1643 1875 
6120 601 1875 1643 599 
6121 991 1907 1048 1269 
6122 1907 681 694 743 
6123 1048 694 170 741 
6124 1269 743 741 667 
6125 1907 1048 1269 743 
6126 1907 743 694 1048 
6127 1048 1269 743 741 
6128 1048 741 743 694 
6129 224 311 280 1841 
6130 311 235 314 1770 
6131 280 314 237 1870 
6132 1841 1770 1870 1122 
6133 311 280 1841 1770 
6134 311 1770 314 280 
6135 280 1841 1770 1870 
6136 280 1870 1770 314 
6137 228 1313 286 288 
6138 1313 668 701 1949 
6139 286 701 78 255 
6140 288 1949 255 242 
6141 1313 286 288 1949 
6142 1313 1949 701 286 
6143 286 288 1949 255 
6144 286 255 1949 701 
6145 71 278 254 502 
6146 278 237 281 1969 
6147 254 281 242 1968 
6148 502 1969 1968 495 
6149 278 254 502 1969 
6150 278 1969 281 254 
6151 254 502 1969 1968 
6152 254 1968 1969 281 
6153 345 442 437 1766 
6154 442 347 422 1647 
6155 437 422 346 1796 
6156 1766 1647 1796 1128 
6157 442 437 1766 1647 
6158 442 1647 422 437 
6159 437 1766 1647 1796 
6160 437 1796 1647 422 
6161 354 435 434 1418 
6162 435 360 433 1333 
6163 434 433 340 1620 
6164 1418 1333 1620 1120 
6165 435 434 1418 1333 
6166 435 1333 433 434 
6167 434 1418 1333 1620 
6168 434 1620 1333 433 
6169 497 558 1945 1943 
6170 558 457 1911 1874 
6171 1945 1911 676 1785 
6172 1943 1874 1785 1121 
6173 558 1945 1943 1874 
6174 558 1874 1911 1945 
6175 1945 1943 1874 1785 
6176 1945 1785 1874 1911 
6177 481 1931 1866 1861 
6178 1931 677 1919 1920 
6179 1866 1919 1125 1837 
6180 1861 1920 1837 1142 
6181 1931 1866 1861 1920 
6182 1931 1920 1919 1866 
6183 1866 1861 1920 1837 
6184 1866 1837 1920 1919 
6185 1002 1082 1083 1280 
6186 1082 988 1080 1864 
6187 1083 1080 1008 1500 
6188 1280 1864 1500 1138 
6189 1082 1083 1280 1864 
6190 1082 1864 1080 1083 
6191 1083 1280 1864 1500 
6192 1083 1500 1864 1080 
6193 91 827 258 302 
6194 827 820 1469 1705 
6195 258 1469 244 304 
6196 302 1705 304 225 
6197 827 258 302 1705 
6198 827 1705 1469 258 
6199 258 302 1705 304 
6200 258 304 1705 1469 
6201 173 883 831 1980 
6202 883 813 885 1616 
6203 831 885 819 1984 
6204 1980 1616 1984 1147 
6205 883 831 1980 1616 
6206 883 1616 885 831 
6207 831 1980 1616 1984 
6208 831 1984 1616 885 
6209 359 372 403 1909 
6210 372 111 400 1013 
6211 403 400 354 1902 
6212 1909 1013 1902 1004 
6213 372 403 1909 1013 
6214 372 1013 400 403 
6215 403 1909 1013 1902 
6216 403 1902 1013 400 
6217 466 630 631 1539 
6218 630 465 626 1550 
6219 631 626 464 1324 
6220 1539 1550 1324 1137 
6221 630 631 1539 1550 
6222 630 1550 626 631 
6223 631 1539 1550 1324 
6224 631 1324 1550 626 
6225 991 1097 1095 1398 
6226 1097 1008 1096 1382 
6227 1095 1096 1000 1510 
6228 1398 1382 1510 1121 
6229 1097 1095 1398 1382 
6230 1097 1382 1096 1095 
6231 1095 1398 1382 1510 
6232 1095 1510 1382 1096 
6233 458 1868 526 1862 
6234 1868 237 1969 1883 
6235 526 1969 495 1970 
6236 1862 1883 1970 1142 
6237 1868 526 1862 1883 
6238 1868 1883 1969 526 
6239 526 1862 1883 1970 
6240 526 1970 1883 1969 
6241 230 322 294 1211 
6242 322 231 321 1759 
6243 294 321 226 1878 
6244 1211 1759 1878 1119 
6245 322 294 1211 1759 
6246 322 1759 321 294 
6247 294 1211 1759 1878 
6248 294 1878 1759 321 
6249 173 1053 883 1980 
6250 1053 989 1663 1464 
6251 883 1663 813 1616 
6252 1980 1464 1616 1147 
6253 1053 883 1980 1464 
6254 1053 1464 1663 883 
6255 883 1980 1464 1616 
6256 883 1616 1464 1663 
6257 681 1907 694 1914 
6258 1907 991 1048 1051 
6259 694 1048 170 1018 
6260 1914 1051 1018 1005 
6261 1907 694 1914 1051 
6262 1907 1051 1048 694 
6263 694 1914 1051 1018 
6264 694 1018 1051 1048 
6265 680 687 704 1958 
6266 687 78 701 255 
6267 704 701 668 1949 
6268 1958 255 1949 242 
6269 687 704 1958 255 
6270 687 255 701 704 
6271 704 1958 255 1949 
6272 704 1949 255 701 
6273 809 882 1985 1756 
6274 882 821 1966 1957 
6275 1985 1966 664 1934 
6276 1756 1957 1934 1138 
6277 882 1985 1756 1957 
6278 882 1957 1966 1985 
6279 1985 1756 1957 1934 
6280 1985 1934 1957 1966 
6281 988 1864 1981 1865 
6282 1864 1138 1828 1501 
6283 1981 1828 781 1829 
6284 1865 1501 1829 1151 
6285 1864 1981 1865 1501 
6286 1864 1501 1828 1981 
6287 1981 1865 1501 1829 
6288 1981 1829 1501 1828 
6289 480 1918 586 1808 
6290 1918 1146 1691 1833 
6291 586 1691 487 1832 
6292 1808 1833 1832 1148 
6293 1918 586 1808 1833 
6294 1918 1833 1691 586 
6295 586 1808 1833 1832 
6296 586 1832 1833 1691 
6297 104 393 369 1986 
6298 393 352 396 1342 
6299 369 396 357 1987 
6300 1986 1342 1987 1147 
6301 393 369 1986 1342 
6302 393 1342 396 369 
6303 369 1986 1342 1987 
6304 369 1987 1342 396 
6305 667 771 772 1399 
6306 771 676 773 1785 
6307 772 773 685 1395 
6308 1399 1785 1395 1121 
6309 771 772 1399 1785 
6310 771 1785 773 772 
6311 772 1399 1785 1395 
6312 772 1395 1785 773 
6313 226 1972 1877 1900 
6314 1972 822 837 1963 
6315 1877 837 814 1846 
6316 1900 1963 1846 1143 
6317 1972 1877 1900 1963 
6318 1972 1963 837 1877 
6319 1877 1900 1963 1846 
6320 1877 1846 1963 837 
6321 1002 1279 1046 1047 
6322 1279 678 737 1951 
6323 1046 737 166 1019 
6324 1047 1951 1019 1007 
6325 1279 1046 1047 1951 
6326 1279 1951 737 1046 
6327 1046 1047 1951 1019 
6328 1046 1019 1951 737 
6329 814 940 840 1844 
6330 940 798 983 1224 
6331 840 983 806 1210 
6332 1844 1224 1210 1119 
6333 940 840 1844 1224 
6334 940 1224 983 840 
6335 840 1844 1224 1210 
6336 840 1210 1224 983 
6337 104 369 829 1986 
6338 369 357 1988 1987 
6339 829 1988 819 1984 
6340 1986 1987 1984 1147 
6341 369 829 1986 1987 
6342 369 1987 1988 829 
6343 829 1986 1987 1984 
6344 829 1984 1987 1988 
6345 992 1098 1099 1481 
6346 1098 1001 1100 1896 
6347 1099 1100 1009 1420 
6348 1481 1896 1420 1120 
6349 1098 1099 1481 1896 
6350 1098 1896 1100 1099 
6351 1099 1481 1896 1420 
6352 1099 1420 1896 1100 
6353 94 825 367 382 
6354 825 822 1961 1960 
6355 367 1961 356 383 
6356 382 1960 383 353 
6357 825 367 382 1960 
6358 825 1960 1961 367 
6359 367 382 1960 383 
6360 367 383 1960 1961 
6361 481 545 1931 1861 
6362 545 495 1975 1970 
6363 1931 1975 677 1920 
6364 1861 1970 1920 1142 
6365 545 1931 1861 1970 
6366 545 1970 1975 1931 
6367 1931 1861 1970 1920 
6368 1931 1920 1970 1975 
6369 497 508 1944 1945 
6370 508 137 693 717 
6371 1944 693 681 720 
6372 1945 717 720 676 
6373 508 1944 1945 717 
6374 508 717 693 1944 
6375 1944 1945 717 720 
6376 1944 720 717 693 
6377 1003 1989 1425 1427 
6378 1989 357 399 1987 
6379 1425 399 343 1429 
6380 1427 1987 1429 1147 
6381 1989 1425 1427 1987 
6382 1989 1987 399 1425 
6383 1425 1427 1987 1429 
6384 1425 1429 1987 399 
6385 343 447 448 1429 
6386 447 352 449 1342 
6387 448 449 360 1498 
6388 1429 1342 1498 1147 
6389 447 448 1429 1342 
6390 447 1342 449 448 
6391 448 1429 1342 1498 
6392 448 1498 1342 449 
6393 107 398 1022 370 
6394 398 343 1425 399 
6395 1022 1425 1003 1989 
6396 370 399 1989 357 
6397 398 1022 370 399 
6398 398 399 1425 1022 
6399 1022 370 399 1989 
6400 1022 1989 399 1425 
6401 344 376 374 1328 
6402 376 356 366 1974 
6403 374 366 54 260 
6404 1328 1974 260 240 
6405 376 374 1328 1974 
6406 376 1974 366 374 
6407 374 1328 1974 260 
6408 374 260 1974 366 
6409 816 1925 1926 1982 
6410 1925 671 1928 1929 
6411 1926 1928 1132 1660 
6412 1982 1929 1660 1154 
6413 1925 1926 1982 1929 
6414 1925 1929 1928 1926 
6415 1926 1982 1929 1660 
6416 1926 1660 1929 1928 
6417 462 623 621 1219 
6418 623 486 622 1581 
6419 621 622 464 1323 
6420 1219 1581 1323 1131 
6421 623 621 1219 1581 
6422 623 1581 622 621 
6423 621 1219 1581 1323 
6424 621 1323 1581 622 
6425 493 588 548 1923 
6426 588 480 661 1807 
6427 548 661 481 1866 
6428 1923 1807 1866 1125 
6429 588 548 1923 1807 
6430 588 1807 661 548 
6431 548 1923 1807 1866 
6432 548 1866 1807 661 
6433 479 607 606 1235 
6434 607 482 525 1851 
6435 606 525 458 1860 
6436 1235 1851 1860 1122 
6437 607 606 1235 1851 
6438 607 1851 525 606 
6439 606 1235 1851 1860 
6440 606 1860 1851 525 
6441 358 1521 364 406 
6442 1521 498 501 1732 
6443 364 501 114 404 
6444 406 1732 404 341 
6445 1521 364 406 1732 
6446 1521 1732 501 364 
6447 364 406 1732 404 
6448 364 404 1732 501 
6449 344 452 450 1329 
6450 452 361 451 1391 
6451 450 451 353 1905 
6452 1329 1391 1905 1143 
6453 452 450 1329 1391 
6454 452 1391 451 450 
6455 450 1329 1391 1905 
6456 450 1905 1391 451 
6457 683 697 739 1964 
6458 697 166 737 1019 
6459 739 737 678 1951 
6460 1964 1019 1951 1007 
6461 697 739 1964 1019 
6462 697 1019 737 739 
6463 739 1964 1019 1951 
6464 739 1951 1019 737 
6465 1001 1896 1977 1897 
6466 1896 1120 1898 1424 
6467 1977 1898 489 1899 
6468 1897 1424 1899 1155 
6469 1896 1977 1897 1424 
6470 1896 1424 1898 1977 
6471 1977 1897 1424 1899 
6472 1977 1899 1424 1898 
6473 497 510 574 1941 
6474 510 150 571 1042 
6475 574 571 488 1509 
6476 1941 1042 1509 1000 
6477 510 574 1941 1042 
6478 510 1042 571 574 
6479 574 1941 1042 1509 
6480 574 1509 1042 571 
6481 988 1064 1981 1956 
6482 1064 183 896 834 
6483 1981 896 781 898 
6484 1956 834 898 821 
6485 1064 1981 1956 834 
6486 1064 834 896 1981 
6487 1981 1956 834 898 
6488 1981 898 834 896 
6489 664 757 755 1935 
6490 757 685 756 1523 
6491 755 756 672 1524 
6492 1935 1523 1524 1154 
6493 757 755 1935 1523 
6494 757 1523 756 755 
6495 755 1935 1523 1524 
6496 755 1524 1523 756 
6497 822 1960 853 1963 
6498 1960 353 1917 1905 
6499 853 1917 784 1882 
6500 1963 1905 1882 1143 
6501 1960 853 1963 1905 
6502 1960 1905 1917 853 
6503 853 1963 1905 1882 
6504 853 1882 1905 1917 
6505 1006 1990 1024 1979 
6506 1990 357 1989 1987 
6507 1024 1989 1003 1427 
6508 1979 1987 1427 1147 
6509 1990 1024 1979 1987 
6510 1990 1987 1989 1024 
6511 1024 1979 1987 1427 
6512 1024 1427 1987 1989 
6513 359 403 419 1910 
6514 403 354 434 1418 
6515 419 434 340 1620 
6516 1910 1418 1620 1120 
6517 403 419 1910 1418 
6518 403 1418 434 419 
6519 419 1910 1418 1620 
6520 419 1620 1418 434 
6521 340 419 1936 417 
6522 419 359 1937 373 
6523 1936 1937 496 506 
6524 417 373 506 124 
6525 419 1936 417 373 
6526 419 373 1937 1936 
6527 1936 417 373 506 
6528 1936 506 373 1937 
6529 1006 1011 1024 1990 
6530 1011 107 1022 370 
6531 1024 1022 1003 1989 
6532 1990 370 1989 357 
6533 1011 1024 1990 370 
6534 1011 370 1022 1024 
6535 1024 1990 370 1989 
6536 1024 1989 370 1022 
6537 61 511 500 267 
6538 511 490 513 1483 
6539 500 513 498 1739 
6540 267 1483 1739 238 
6541 511 500 267 1483 
6542 511 1483 513 500 
6543 500 267 1483 1739 
6544 500 1739 1483 513 
6545 356 1978 366 1974 
6546 1978 243 250 261 
6547 366 250 54 260 
6548 1974 261 260 240 
6549 1978 366 1974 261 
6550 1978 261 250 366 
6551 366 1974 261 260 
6552 366 260 261 250 
6553 245 333 334 1372 
6554 333 228 332 1299 
6555 334 332 237 1883 
6556 1372 1299 1883 1142 
6557 333 334 1372 1299 
6558 333 1299 332 334 
6559 334 1372 1299 1883 
6560 334 1883 1299 332 
6561 792 1901 1946 1906 
6562 1901 1129 1666 1628 
6563 1946 1666 21 1711 
6564 1906 1628 1711 1152 
6565 1901 1946 1906 1628 
6566 1901 1628 1666 1946 
6567 1946 1906 1628 1711 
6568 1946 1711 1628 1666 
6569 487 635 636 1561 
6570 635 465 630 1550 
6571 636 630 466 1539 
6572 1561 1550 1539 1137 
6573 635 636 1561 1550 
6574 635 1550 630 636 
6575 636 1561 1550 1539 
6576 636 1539 1550 630 
6577 489 561 1977 560 
6578 561 496 1940 507 
6579 1977 1940 1001 1029 
6580 560 507 1029 140 
6581 561 1977 560 507 
6582 561 507 1940 1977 
6583 1977 560 507 1029 
6584 1977 1029 507 1940 
6585 466 640 636 1365 
6586 640 469 642 1187 
6587 636 642 487 1832 
6588 1365 1187 1832 1148 
6589 640 636 1365 1187 
6590 640 1187 642 636 
6591 636 1365 1187 1832 
6592 636 1832 1187 642 
6593 822 837 823 1972 
6594 837 814 836 1877 
6595 823 836 81 289 
6596 1972 1877 289 226 
6597 837 823 1972 1877 
6598 837 1877 836 823 
6599 823 1972 1877 289 
6600 823 289 1877 836 
6601 71 524 278 502 
6602 524 458 1868 526 
6603 278 1868 237 1969 
6604 502 526 1969 495 
6605 524 278 502 526 
6606 524 526 1868 278 
6607 278 502 526 1969 
6608 278 1969 526 1868 
6609 784 856 936 1913 
6610 856 815 904 1178 
6611 936 904 797 1222 
6612 1913 1178 1222 1126 
6613 856 936 1913 1178 
6614 856 1178 904 936 
6615 936 1913 1178 1222 
6616 936 1222 1178 904 
6617 684 775 776 1417 
6618 775 677 774 1920 
6619 776 774 668 1314 
6620 1417 1920 1314 1142 
6621 775 776 1417 1920 
6622 775 1920 774 776 
6623 776 1417 1920 1314 
6624 776 1314 1920 774 
6625 778 1953 910 1827 
6626 1953 7 1954 1799 
6627 910 1954 808 1924 
6628 1827 1799 1924 1132 
6629 1953 910 1827 1799 
6630 1953 1799 1954 910 
6631 910 1827 1799 1924 
6632 910 1924 1799 1954 
6633 677 707 1975 706 
6634 707 680 1976 688 
6635 1975 1976 495 504 
6636 706 688 504 127 
6637 707 1975 706 688 
6638 707 688 1976 1975 
6639 1975 706 688 504 
6640 1975 504 688 1976 
6641 1004 1031 1028 1903 
6642 1031 1001 1098 1896 
6643 1028 1098 992 1481 
6644 1903 1896 1481 1120 
6645 1031 1028 1903 1896 
6646 1031 1896 1098 1028 
6647 1028 1903 1896 1481 
6648 1028 1481 1896 1098 
6649 820 827 850 1705 
6650 827 91 847 302 
6651 850 847 782 1813 
6652 1705 302 1813 225 
6653 827 850 1705 302 
6654 827 302 847 850 
6655 850 1705 302 1813 
6656 850 1813 302 847 
6657 346 420 423 1816 
6658 420 338 386 1283 
6659 423 386 353 1904 
6660 1816 1283 1904 1126 
6661 420 423 1816 1283 
6662 420 1283 386 423 
6663 423 1816 1283 1904 
6664 423 1904 1283 386 
6665 233 310 313 1741 
6666 310 224 277 1842 
6667 313 277 236 1830 
6668 1741 1842 1830 1144 
6669 310 313 1741 1842 
6670 310 1842 277 313 
6671 313 1741 1842 1830 
6672 313 1830 1842 277 
6673 778 910 878 1827 
6674 910 808 912 1924 
6675 878 912 816 1926 
6676 1827 1924 1926 1132 
6677 910 878 1827 1924 
6678 910 1924 912 878 
6679 878 1827 1924 1926 
6680 878 1926 1924 912 
6681 664 736 1966 734 
6682 736 683 1967 695 
6683 1966 1967 821 833 
6684 734 695 833 163 
6685 736 1966 734 695 
6686 736 695 1967 1966 
6687 1966 734 695 833 
6688 1966 833 695 1967 
6689 685 757 759 1390 
6690 757 664 758 1934 
6691 759 758 678 1272 
6692 1390 1934 1272 1138 
6693 757 759 1390 1934 
6694 757 1934 758 759 
6695 759 1390 1934 1272 
6696 759 1272 1934 758 
6697 1000 1044 1095 1510 
6698 1044 1005 1051 1915 
6699 1095 1051 991 1398 
6700 1510 1915 1398 1121 
6701 1044 1095 1510 1915 
6702 1044 1915 1051 1095 
6703 1095 1510 1915 1398 
6704 1095 1398 1915 1051 
6705 681 720 743 1908 
6706 720 676 771 1785 
6707 743 771 667 1399 
6708 1908 1785 1399 1121 
6709 720 743 1908 1785 
6710 720 1785 771 743 
6711 743 1908 1785 1399 
6712 743 1399 1785 771 
6713 246 326 323 1405 
6714 326 240 325 1320 
6715 323 325 226 1900 
6716 1405 1320 1900 1143 
6717 326 323 1405 1320 
6718 326 1320 325 323 
6719 323 1405 1320 1900 
6720 323 1900 1320 325 
6721 349 430 446 1632 
6722 430 350 427 1307 
6723 446 427 348 1558 
6724 1632 1307 1558 1123 
6725 430 446 1632 1307 
6726 430 1307 427 446 
6727 446 1632 1307 1558 
6728 446 1558 1307 427 
6729 1009 1087 1089 1463 
6730 1087 989 1088 1464 
6731 1089 1088 1003 1427 
6732 1463 1464 1427 1147 
6733 1087 1089 1463 1464 
6734 1087 1464 1088 1089 
6735 1089 1463 1464 1427 
6736 1089 1427 1464 1088 
6737 478 595 594 1200 
6738 595 456 522 1831 
6739 594 522 482 1852 
6740 1200 1831 1852 1144 
6741 595 594 1200 1831 
6742 595 1831 522 594 
6743 594 1200 1831 1852 
6744 594 1852 1831 522 
6745 487 586 582 1691 
6746 586 480 587 1918 
6747 582 587 454 1594 
6748 1691 1918 1594 1146 
6749 586 582 1691 1918 
6750 586 1918 587 582 
6751 582 1691 1918 1594 
6752 582 1594 1918 587 
6753 820 828 1468 1706 
6754 828 153 691 721 
6755 1468 691 682 723 
6756 1706 721 723 665 
6757 828 1468 1706 721 
6758 828 721 691 1468 
6759 1468 1706 721 723 
6760 1468 723 721 691 
6761 674 748 744 1720 
6762 748 673 713 1572 
6763 744 713 662 1889 
6764 1720 1572 1889 1146 
6765 748 744 1720 1572 
6766 748 1572 713 744 
6767 744 1720 1572 1889 
6768 744 1889 1572 713 
6769 21 20 220 1692 
6770 20 19 219 1873 
6771 220 219 35 1517 
6772 1692 1873 1517 1150 
6773 20 220 1692 1873 
6774 20 1873 219 220 
6775 220 1692 1873 1517 
6776 220 1517 1873 219 
6777 19 1275 219 1873 
6778 1275 1115 1543 1545 
6779 219 1543 35 1517 
6780 1873 1545 1517 1150 
6781 1275 219 1873 1545 
6782 1275 1545 1543 219 
6783 219 1873 1545 1517 
6784 219 1517 1545 1543 
6785 781 895 1981 1829 
6786 895 181 1065 1991 
6787 1981 1065 988 1865 
6788 1829 1991 1865 1151 
6789 895 1981 1829 1991 
6790 895 1991 1065 1981 
6791 1981 1829 1991 1865 
6792 1981 1865 1991 1065 
6793 677 747 710 1919 
6794 747 670 746 1579 
6795 710 746 662 1888 
6796 1919 1579 1888 1125 
6797 747 710 1919 1579 
6798 747 1579 746 710 
6799 710 1919 1579 1888 
6800 710 1888 1579 746 
6801 23 1992 22 1761 
6802 1992 792 1946 1906 
6803 22 1946 21 1711 
6804 1761 1906 1711 1152 
6805 1992 22 1761 1906 
6806 1992 1906 1946 22 
6807 22 1761 1906 1711 
6808 22 1711 1906 1946 
6809 664 1985 1934 1935 
6810 1985 809 1756 1757 
6811 1934 1756 1138 1601 
6812 1935 1757 1601 1154 
6813 1985 1934 1935 1757 
6814 1985 1757 1756 1934 
6815 1934 1935 1757 1601 
6816 1934 1601 1757 1756 
6817 810 1847 893 1850 
6818 1847 997 1061 1840 
6819 893 1061 181 1991 
6820 1850 1840 1991 1151 
6821 1847 893 1850 1840 
6822 1847 1840 1061 893 
6823 893 1850 1840 1991 
6824 893 1991 1840 1061 
6825 468 650 649 1355 
6826 650 483 597 1302 
6827 649 597 478 1191 
6828 1355 1302 1191 1130 
6829 650 649 1355 1302 
6830 650 1302 597 649 
6831 649 1355 1302 1191 
6832 649 1191 1302 597 
6833 124 506 417 539 
6834 506 496 1936 542 
6835 417 1936 340 1621 
6836 539 542 1621 459 
6837 506 417 539 542 
6838 506 542 1936 417 
6839 417 539 542 1621 
6840 417 1621 542 1936 
6841 489 559 1977 1899 
6842 559 142 1030 1993 
6843 1977 1030 1001 1897 
6844 1899 1993 1897 1155 
6845 559 1977 1899 1993 
6846 559 1993 1030 1977 
6847 1977 1899 1993 1897 
6848 1977 1897 1993 1030 
6849 788 1818 1994 946 
6850 1818 35 193 1675 
6851 1994 193 43 1995 
6852 946 1675 1995 812 
6853 1818 1994 946 1675 
6854 1818 1675 193 1994 
6855 1994 946 1675 1995 
6856 1994 1995 1675 193 
6857 789 950 959 1809 
6858 950 807 960 1729 
6859 959 960 808 1890 
6860 1809 1729 1890 1127 
6861 950 959 1809 1729 
6862 950 1729 960 959 
6863 959 1809 1729 1890 
6864 959 1890 1729 960 
6865 1007 1964 1955 1952 
6866 1964 683 1967 1965 
6867 1955 1967 821 1957 
6868 1952 1965 1957 1138 
6869 1964 1955 1952 1965 
6870 1964 1965 1967 1955 
6871 1955 1952 1965 1957 
6872 1955 1957 1965 1967 
6873 137 508 556 717 
6874 508 497 558 1945 
6875 556 558 457 1911 
6876 717 1945 1911 676 
6877 508 556 717 1945 
6878 508 1945 558 556 
6879 556 717 1945 1911 
6880 556 1911 1945 558 
6881 35 36 220 1517 
6882 36 37 221 1823 
6883 220 221 21 1692 
6884 1517 1823 1692 1150 
6885 36 220 1517 1823 
6886 36 1823 221 220 
6887 220 1517 1823 1692 
6888 220 1692 1823 221 
6889 988 1065 1066 1865 
6890 1065 181 1061 1991 
6891 1066 1061 997 1840 
6892 1865 1991 1840 1151 
6893 1065 1066 1865 1991 
6894 1065 1991 1061 1066 
6895 1066 1865 1991 1840 
6896 1066 1840 1991 1061 
6897 789 959 1996 1809 
6898 959 808 1954 1890 
6899 1996 1954 7 1746 
6900 1809 1890 1746 1127 
6901 959 1996 1809 1890 
6902 959 1890 1954 1996 
6903 1996 1809 1890 1746 
6904 1996 1746 1890 1954 
6905 812 1797 1997 982 
6906 1797 5 33 1879 
6907 1997 33 6 1998 
6908 982 1879 1998 799 
6909 1797 1997 982 1879 
6910 1797 1879 33 1997 
6911 1997 982 1879 1998 
6912 1997 1998 1879 33 
6913 680 1976 1958 1959 
6914 1976 495 1968 1970 
6915 1958 1968 242 1950 
6916 1959 1970 1950 1142 
6917 1976 1958 1959 1970 
6918 1976 1970 1968 1958 
6919 1958 1959 1970 1950 
6920 1958 1950 1970 1968 
6921 822 825 853 1960 
6922 825 94 851 382 
6923 853 851 784 1917 
6924 1960 382 1917 353 
6925 825 853 1960 382 
6926 825 382 851 853 
6927 853 1960 382 1917 
6928 853 1917 382 851 
6929 792 963 971 1906 
6930 963 793 972 1745 
6931 971 972 800 1769 
6932 1906 1745 1769 1152 
6933 963 971 1906 1745 
6934 963 1745 972 971 
6935 971 1906 1745 1769 
6936 971 1769 1745 972 
6937 821 882 1966 833 
6938 882 809 1985 879 
6939 1966 1985 664 734 
6940 833 879 734 163 
6941 882 1966 833 879 
6942 882 879 1985 1966 
6943 1966 833 879 734 
6944 1966 734 879 1985 
6945 810 893 897 1850 
6946 893 181 895 1991 
6947 897 895 781 1829 
6948 1850 1991 1829 1151 
6949 893 897 1850 1991 
6950 893 1991 895 897 
6951 897 1850 1991 1829 
6952 897 1829 1991 895 
6953 6 33 1999 1998 
6954 33 5 1714 1879 
6955 1999 1714 777 903 
6956 1998 1879 903 799 
6957 33 1999 1998 1879 
6958 33 1879 1714 1999 
6959 1999 1998 1879 903 
6960 1999 903 1879 1714 
6961 986 1032 1375 1574 
6962 1032 142 563 1993 
6963 1375 563 461 1573 
6964 1574 1993 1573 1155 
6965 1032 1375 1574 1993 
6966 1032 1993 563 1375 
6967 1375 1574 1993 1573 
6968 1375 1573 1993 563 
6969 495 545 1975 504 
6970 545 481 1931 543 
6971 1975 1931 677 706 
6972 504 543 706 127 
6973 545 1975 504 543 
6974 545 543 1931 1975 
6975 1975 504 543 706 
6976 1975 706 543 1931 
6977 822 1971 1961 1963 
6978 1971 243 1978 1973 
6979 1961 1978 356 1962 
6980 1963 1973 1962 1143 
6981 1971 1961 1963 1973 
6982 1971 1973 1978 1961 
6983 1961 1963 1973 1962 
6984 1961 1962 1973 1978 
6985 460 528 529 1752 
6986 528 114 501 404 
6987 529 501 498 1732 
6988 1752 404 1732 341 
6989 528 529 1752 404 
6990 528 404 501 529 
6991 529 1752 404 1732 
6992 529 1732 404 501 
6993 45 196 44 2000 
6994 196 35 193 1818 
6995 44 193 43 1994 
6996 2000 1818 1994 788 
6997 196 44 2000 1818 
6998 196 1818 193 44 
6999 44 2000 1818 1994 
7000 44 1994 1818 193 
7001 35 196 36 1818 
7002 196 45 197 2000 
7003 36 197 37 1822 
7004 1818 2000 1822 788 
7005 196 36 1818 2000 
7006 196 2000 197 36 
7007 36 1818 2000 1822 
7008 36 1822 2000 197 
7009 792 1992 963 1906 
7010 1992 23 1892 1761 
7011 963 1892 793 1745 
7012 1906 1761 1745 1152 
7013 1992 963 1906 1761 
7014 1992 1761 1892 963 
7015 963 1906 1761 1745 
7016 963 1745 1761 1892 
7017 788 944 948 1801 
7018 944 787 949 1449 
7019 948 949 789 1810 
7020 1801 1449 1810 1153 
7021 944 948 1801 1449 
7022 944 1449 949 948 
7023 948 1801 1449 1810 
7024 948 1810 1449 949 
7025 27 189 2001 186 
7026 189 21 1946 20 
7027 2001 1946 792 1947 
7028 186 20 1947 19 
7029 189 2001 186 20 
7030 189 20 1946 2001 
7031 2001 186 20 1947 
7032 2001 1947 20 1946 
7033 474 585 599 1643 
7034 585 492 557 1476 
7035 599 557 457 1875 
7036 1643 1476 1875 1133 
7037 585 599 1643 1476 
7038 585 1476 557 599 
7039 599 1643 1476 1875 
7040 599 1875 1476 557 
7041 153 828 868 721 
7042 828 820 869 1706 
7043 868 869 803 1493 
7044 721 1706 1493 665 
7045 828 868 721 1706 
7046 828 1706 869 868 
7047 868 721 1706 1493 
7048 868 1493 1706 869 
7049 19 186 1695 1947 
7050 186 27 2002 2001 
7051 1695 2002 794 967 
7052 1947 2001 967 792 
7053 186 1695 1947 2001 
7054 186 2001 2002 1695 
7055 1695 1947 2001 967 
7056 1695 967 2001 2002 
7057 671 769 732 1928 
7058 769 675 768 1432 
7059 732 768 666 1826 
7060 1928 1432 1826 1132 
7061 769 732 1928 1432 
7062 769 1432 768 732 
7063 732 1928 1432 1826 
7064 732 1826 1432 768 
7065 1001 1030 1034 1897 
7066 1030 142 1032 1993 
7067 1034 1032 986 1574 
7068 1897 1993 1574 1155 
7069 1030 1034 1897 1993 
7070 1030 1993 1032 1034 
7071 1034 1897 1993 1574 
7072 1034 1574 1993 1032 
7073 161 731 876 2003 
7074 731 671 1925 1929 
7075 876 1925 816 1982 
7076 2003 1929 1982 1154 
7077 731 876 2003 1929 
7078 731 1929 1925 876 
7079 876 2003 1929 1982 
7080 876 1982 1929 1925 
7081 988 1066 1078 1865 
7082 1066 997 1079 1840 
7083 1078 1079 998 1495 
7084 1865 1840 1495 1151 
7085 1066 1078 1865 1840 
7086 1066 1840 1079 1078 
7087 1078 1865 1840 1495 
7088 1078 1495 1840 1079 
7089 473 577 575 1704 
7090 577 453 576 1708 
7091 575 576 475 1838 
7092 1704 1708 1838 1141 
7093 577 575 1704 1708 
7094 577 1708 576 575 
7095 575 1704 1708 1838 
7096 575 1838 1708 576 
7097 459 611 542 1619 
7098 611 489 561 1898 
7099 542 561 496 1938 
7100 1619 1898 1938 1120 
7101 611 542 1619 1898 
7102 611 1898 561 542 
7103 542 1619 1898 1938 
7104 542 1938 1898 561 
7105 790 2004 962 955 
7106 2004 29 2005 2006 
7107 962 2005 792 961 
7108 955 2006 961 791 
7109 2004 962 955 2006 
7110 2004 2006 2005 962 
7111 962 955 2006 961 
7112 962 961 2006 2005 
7113 37 198 38 1887 
7114 198 47 195 2007 
7115 38 195 39 1916 
7116 1887 2007 1916 1153 
7117 198 38 1887 2007 
7118 198 2007 195 38 
7119 38 1887 2007 1916 
7120 38 1916 2007 195 
7121 797 2008 1220 900 
7122 2008 2 17 2009 
7123 1220 17 1 1260 
7124 900 2009 1260 777 
7125 2008 1220 900 2009 
7126 2008 2009 17 1220 
7127 1220 900 2009 1260 
7128 1220 1260 2009 17 
7129 664 733 1985 1935 
7130 733 161 880 2003 
7131 1985 880 809 1757 
7132 1935 2003 1757 1154 
7133 733 1985 1935 2003 
7134 733 2003 880 1985 
7135 1985 1935 2003 1757 
7136 1985 1757 2003 880 
7137 489 564 559 1899 
7138 564 461 563 1573 
7139 559 563 142 1993 
7140 1899 1573 1993 1155 
7141 564 559 1899 1573 
7142 564 1573 563 559 
7143 559 1899 1573 1993 
7144 559 1993 1573 563 
7145 671 731 735 1929 
7146 731 161 733 2003 
7147 735 733 664 1935 
7148 1929 2003 1935 1154 
7149 731 735 1929 2003 
7150 731 2003 733 735 
7151 735 1929 2003 1935 
7152 735 1935 2003 733 
7153 789 2010 948 1810 
7154 2010 47 2011 2007 
7155 948 2011 788 1801 
7156 1810 2007 1801 1153 
7157 2010 948 1810 2007 
7158 2010 2007 2011 948 
7159 948 1810 2007 1801 
7160 948 1801 2007 2011 
7161 1007 1067 1047 1952 
7162 1067 988 1082 1864 
7163 1047 1082 1002 1280 
7164 1952 1864 1280 1138 
7165 1067 1047 1952 1864 
7166 1067 1864 1082 1047 
7167 1047 1952 1864 1280 
7168 1047 1280 1864 1082 
7169 177 178 889 1059 
7170 178 179 890 1058 
7171 889 890 779 1589 
7172 1059 1058 1589 990 
7173 178 889 1059 1058 
7174 178 1058 890 889 
7175 889 1059 1058 1589 
7176 889 1589 1058 890 
7177 455 565 566 1183 
7178 565 146 145 1036 
7179 566 145 144 1035 
7180 1183 1036 1035 999 
7181 565 566 1183 1036 
7182 565 1036 145 566 
7183 566 1183 1036 1035 
7184 566 1035 1036 145 
7185 27 189 28 2001 
7186 189 21 191 1946 
7187 28 191 29 2005 
7188 2001 1946 2005 792 
7189 189 28 2001 1946 
7190 189 1946 191 28 
7191 28 2001 1946 2005 
7192 28 2005 1946 191 
7193 45 2012 2000 2013 
7194 2012 790 952 955 
7195 2000 952 788 954 
7196 2013 955 954 791 
7197 2012 2000 2013 955 
7198 2012 955 952 2000 
7199 2000 2013 955 954 
7200 2000 954 955 952 
7201 783 866 935 1341 
7202 866 819 885 1984 
7203 935 885 813 1616 
7204 1341 1984 1616 1147 
7205 866 935 1341 1984 
7206 866 1984 885 935 
7207 935 1341 1984 1616 
7208 935 1616 1984 885 
7209 792 1992 2014 963 
7210 1992 23 188 1892 
7211 2014 188 31 2015 
7212 963 1892 2015 793 
7213 1992 2014 963 1892 
7214 1992 1892 188 2014 
7215 2014 963 1892 2015 
7216 2014 2015 1892 188 
7217 816 912 881 1982 
7218 912 808 985 1891 
7219 881 985 809 1757 
7220 1982 1891 1757 1154 
7221 912 881 1982 1891 
7222 912 1891 985 881 
7223 881 1982 1891 1757 
7224 881 1757 1891 985 
7225 67 66 272 518 
7226 66 65 273 517 
7227 272 273 236 1780 
7228 518 517 1780 456 
7229 66 272 518 517 
7230 66 517 273 272 
7231 272 518 517 1780 
7232 272 1780 517 273 
7233 1001 1034 1071 1897 
7234 1034 986 1070 1574 
7235 1071 1070 994 1480 
7236 1897 1574 1480 1155 
7237 1034 1071 1897 1574 
7238 1034 1574 1070 1071 
7239 1071 1897 1574 1480 
7240 1071 1480 1574 1070 
7241 811 958 2016 957 
7242 958 789 2010 953 
7243 2016 2010 47 2017 
7244 957 953 2017 790 
7245 958 2016 957 953 
7246 958 953 2010 2016 
7247 2016 957 953 2017 
7248 2016 2017 953 2010 
7249 242 281 288 1950 
7250 281 237 332 1883 
7251 288 332 228 1299 
7252 1950 1883 1299 1142 
7253 281 288 1950 1883 
7254 281 1883 332 288 
7255 288 1950 1883 1299 
7256 288 1299 1883 332 
7257 680 704 707 1959 
7258 704 668 774 1314 
7259 707 774 677 1920 
7260 1959 1314 1920 1142 
7261 704 707 1959 1314 
7262 704 1314 774 707 
7263 707 1959 1314 1920 
7264 707 1920 1314 774 
7265 497 574 558 1943 
7266 574 488 603 1511 
7267 558 603 457 1874 
7268 1943 1511 1874 1121 
7269 574 558 1943 1511 
7270 574 1511 603 558 
7271 558 1943 1511 1874 
7272 558 1874 1511 603 
7273 796 2018 901 899 
7274 2018 2 2008 2009 
7275 901 2008 797 900 
7276 899 2009 900 777 
7277 2018 901 899 2009 
7278 2018 2009 2008 901 
7279 901 899 2009 900 
7280 901 900 2009 2008 
7281 237 1868 278 279 
7282 1868 458 524 523 
7283 278 524 71 70 
7284 279 523 70 69 
7285 1868 278 279 523 
7286 1868 523 524 278 
7287 278 279 523 70 
7288 278 70 523 524 
7289 804 844 845 1843 
7290 844 89 88 299 
7291 845 88 87 298 
7292 1843 299 298 234 
7293 844 845 1843 299 
7294 844 299 88 845 
7295 845 1843 299 298 
7296 845 298 299 88 
7297 161 876 880 2003 
7298 876 816 881 1982 
7299 880 881 809 1757 
7300 2003 1982 1757 1154 
7301 876 880 2003 1982 
7302 876 1982 881 880 
7303 880 2003 1982 1757 
7304 880 1757 1982 881 
7305 344 450 376 1329 
7306 450 353 383 1905 
7307 376 383 356 1962 
7308 1329 1905 1962 1143 
7309 450 376 1329 1905 
7310 450 1905 383 376 
7311 376 1329 1905 1962 
7312 376 1962 1905 383 
7313 31 2015 2019 2020 
7314 2015 793 965 964 
7315 2019 965 811 957 
7316 2020 964 957 790 
7317 2015 2019 2020 964 
7318 2015 964 965 2019 
7319 2019 2020 964 957 
7320 2019 957 964 965 
7321 227 1208 295 296 
7322 1208 780 842 841 
7323 295 842 85 86 
7324 296 841 86 87 
7325 1208 295 296 841 
7326 1208 841 842 295 
7327 295 296 841 86 
7328 295 86 841 842 
7329 224 1871 275 276 
7330 1871 482 521 520 
7331 275 521 69 68 
7332 276 520 68 67 
7333 1871 275 276 520 
7334 1871 520 521 275 
7335 275 276 520 68 
7336 275 68 520 521 
7337 493 551 588 1932 
7338 551 454 587 1594 
7339 588 587 480 1918 
7340 1932 1594 1918 1146 
7341 551 588 1932 1594 
7342 551 1594 587 588 
7343 588 1932 1594 1918 
7344 588 1918 1594 587 
7345 782 847 848 1813 
7346 847 91 90 302 
7347 848 90 89 301 
7348 1813 302 301 225 
7349 847 848 1813 302 
7350 847 302 90 848 
7351 848 1813 302 301 
7352 848 301 302 90 
7353 7 41 1953 1954 
7354 41 8 2021 2022 
7355 1953 2021 778 910 
7356 1954 2022 910 808 
7357 41 1953 1954 2022 
7358 41 2022 2021 1953 
7359 1953 1954 2022 910 
7360 1953 910 2022 2021 
7361 781 898 925 1828 
7362 898 821 882 1957 
7363 925 882 809 1756 
7364 1828 1957 1756 1138 
7365 898 925 1828 1957 
7366 898 1957 882 925 
7367 925 1828 1957 1756 
7368 925 1756 1957 882 
7369 683 739 736 1965 
7370 739 678 758 1272 
7371 736 758 664 1934 
7372 1965 1272 1934 1138 
7373 739 736 1965 1272 
7374 739 1272 758 736 
7375 736 1965 1272 1934 
7376 736 1934 1272 758 
7377 477 578 579 1624 
7378 578 453 577 1708 
7379 579 577 473 1704 
7380 1624 1708 1704 1141 
7381 578 579 1624 1708 
7382 578 1708 577 579 
7383 579 1624 1708 1704 
7384 579 1704 1708 577 
7385 781 896 1981 895 
7386 896 183 1064 182 
7387 1981 1064 988 1065 
7388 895 182 1065 181 
7389 896 1981 895 182 
7390 896 182 1064 1981 
7391 1981 895 182 1065 
7392 1981 1065 182 1064 
7393 781 923 897 1829 
7394 923 807 926 1722 
7395 897 926 810 1850 
7396 1829 1722 1850 1151 
7397 923 897 1829 1722 
7398 923 1722 926 897 
7399 897 1829 1722 1850 
7400 897 1850 1722 926 
7401 467 646 644 1453 
7402 646 473 645 1703 
7403 644 645 470 1383 
7404 1453 1703 1383 1134 
7405 646 644 1453 1703 
7406 646 1703 645 644 
7407 644 1453 1703 1383 
7408 644 1383 1703 645 
7409 181 1061 893 180 
7410 1061 997 1847 1062 
7411 893 1847 810 892 
7412 180 1062 892 179 
7413 1061 893 180 1062 
7414 1061 1062 1847 893 
7415 893 180 1062 892 
7416 893 892 1062 1847 
7417 791 2023 966 968 
7418 2023 27 2002 2024 
7419 966 2002 794 969 
7420 968 2024 969 796 
7421 2023 966 968 2024 
7422 2023 2024 2002 966 
7423 966 968 2024 969 
7424 966 969 2024 2002 
7425 159 728 158 873 
7426 728 666 727 1698 
7427 158 727 157 874 
7428 873 1698 874 778 
7429 728 158 873 1698 
7430 728 1698 727 158 
7431 158 873 1698 874 
7432 158 874 1698 727 
7433 3 25 1744 1284 
7434 25 4 2025 2026 
7435 1744 2025 793 978 
7436 1284 2026 978 802 
7437 25 1744 1284 2026 
7438 25 2026 2025 1744 
7439 1744 1284 2026 978 
7440 1744 978 2026 2025 
7441 243 291 261 1973 
7442 291 226 325 1900 
7443 261 325 240 1320 
7444 1973 1900 1320 1143 
7445 291 261 1973 1900 
7446 291 1900 325 261 
7447 261 1973 1900 1320 
7448 261 1320 1900 325 
7449 21 22 190 1946 
7450 22 23 188 1992 
7451 190 188 31 2014 
7452 1946 1992 2014 792 
7453 22 190 1946 1992 
7454 22 1992 188 190 
7455 190 1946 1992 2014 
7456 190 2014 1992 188 
7457 29 191 30 2005 
7458 191 21 190 1946 
7459 30 190 31 2014 
7460 2005 1946 2014 792 
7461 191 30 2005 1946 
7462 191 1946 190 30 
7463 30 2005 1946 2014 
7464 30 2014 1946 190 
7465 485 568 569 1569 
7466 568 148 147 1039 
7467 569 147 146 1038 
7468 1569 1039 1038 987 
7469 568 569 1569 1039 
7470 568 1039 147 569 
7471 569 1569 1039 1038 
7472 569 1038 1039 147 
7473 63 64 514 270 
7474 64 65 515 269 
7475 514 515 484 1528 
7476 270 269 1528 223 
7477 64 514 270 269 
7478 64 269 515 514 
7479 514 270 269 1528 
7480 514 1528 269 515 
7481 100 858 99 387 
7482 858 777 857 1389 
7483 99 857 98 388 
7484 387 1389 388 351 
7485 858 99 387 1389 
7486 858 1389 857 99 
7487 99 387 1389 388 
7488 99 388 1389 857 
7489 357 1990 1988 1987 
7490 1990 1006 1983 1979 
7491 1988 1983 819 1984 
7492 1987 1979 1984 1147 
7493 1990 1988 1987 1979 
7494 1990 1979 1983 1988 
7495 1988 1987 1979 1984 
7496 1988 1984 1979 1983 
7497 777 899 1999 903 
7498 899 796 2027 902 
7499 1999 2027 6 1998 
7500 903 902 1998 799 
7501 899 1999 903 902 
7502 899 902 2027 1999 
7503 1999 903 902 1998 
7504 1999 1998 902 2027 
7505 6 192 33 1997 
7506 192 35 34 1675 
7507 33 34 5 1797 
7508 1997 1675 1797 812 
7509 192 33 1997 1675 
7510 192 1675 34 33 
7511 33 1997 1675 1797 
7512 33 1797 1675 34 
7513 454 1534 549 550 
7514 1534 673 712 711 
7515 549 712 131 132 
7516 550 711 132 133 
7517 1534 549 550 711 
7518 1534 711 712 549 
7519 549 550 711 132 
7520 549 132 711 712 
7521 489 612 564 1899 
7522 612 471 619 1791 
7523 564 619 461 1573 
7524 1899 1791 1573 1155 
7525 612 564 1899 1791 
7526 612 1791 619 564 
7527 564 1899 1791 1573 
7528 564 1573 1791 619 
7529 802 1284 2026 906 
7530 1284 3 25 1857 
7531 2026 25 4 2028 
7532 906 1857 2028 778 
7533 1284 2026 906 1857 
7534 1284 1857 25 2026 
7535 2026 906 1857 2028 
7536 2026 2028 1857 25 
7537 177 887 176 1055 
7538 887 785 886 1742 
7539 176 886 175 1056 
7540 1055 1742 1056 993 
7541 887 176 1055 1742 
7542 887 1742 886 176 
7543 176 1055 1742 1056 
7544 176 1056 1742 886 
7545 461 563 1375 562 
7546 563 142 1032 143 
7547 1375 1032 986 1033 
7548 562 143 1033 144 
7549 563 1375 562 143 
7550 563 143 1032 1375 
7551 1375 562 143 1033 
7552 1375 1033 143 1032 
7553 806 839 1204 838 
7554 839 83 292 84 
7555 1204 292 230 293 
7556 838 84 293 85 
7557 839 1204 838 84 
7558 839 84 292 1204 
7559 1204 838 84 293 
7560 1204 293 84 292 
7561 1 17 1220 1258 
7562 17 2 2008 2029 
7563 1220 2008 797 979 
7564 1258 2029 979 794 
7565 17 1220 1258 2029 
7566 17 2029 2008 1220 
7567 1220 1258 2029 979 
7568 1220 979 2029 2008 
7569 47 46 2017 2011 
7570 46 45 2012 2000 
7571 2017 2012 790 952 
7572 2011 2000 952 788 
7573 46 2017 2011 2000 
7574 46 2000 2012 2017 
7575 2017 2011 2000 952 
7576 2017 952 2000 2012 
7577 488 571 572 1509 
7578 571 150 149 1042 
7579 572 149 148 1041 
7580 1509 1042 1041 1000 
7581 571 572 1509 1042 
7582 571 1042 149 572 
7583 572 1509 1042 1041 
7584 572 1041 1042 149 
7585 813 884 1663 883 
7586 884 175 1052 174 
7587 1663 1052 989 1053 
7588 883 174 1053 173 
7589 884 1663 883 174 
7590 884 174 1052 1663 
7591 1663 883 174 1053 
7592 1663 1053 174 1052 
7593 453 534 1707 533 
7594 534 118 410 119 
7595 1707 410 342 411 
7596 533 119 411 120 
7597 534 1707 533 119 
7598 534 119 410 1707 
7599 1707 533 119 411 
7600 1707 411 119 410 
7601 1001 1977 1029 1030 
7602 1977 489 560 559 
7603 1029 560 140 141 
7604 1030 559 141 142 
7605 1977 1029 1030 559 
7606 1977 559 560 1029 
7607 1029 1030 559 141 
7608 1029 141 559 560 
7609 808 1954 2022 959 
7610 1954 7 41 1996 
7611 2022 41 8 2030 
7612 959 1996 2030 789 
7613 1954 2022 959 1996 
7614 1954 1996 41 2022 
7615 2022 959 1996 2030 
7616 2022 2030 1996 41 
7617 814 836 1877 835 
7618 836 81 289 82 
7619 1877 289 226 290 
7620 835 82 290 83 
7621 836 1877 835 82 
7622 836 82 289 1877 
7623 1877 835 82 290 
7624 1877 290 82 289 
7625 352 394 1264 393 
7626 394 102 863 103 
7627 1264 863 783 864 
7628 393 103 864 104 
7629 394 1264 393 103 
7630 394 103 863 1264 
7631 1264 393 103 864 
7632 1264 864 103 863 
7633 61 62 511 267 
7634 62 63 512 266 
7635 511 512 490 1483 
7636 267 266 1483 238 
7637 62 511 267 266 
7638 62 266 512 511 
7639 511 267 266 1483 
7640 511 1483 266 512 
7641 124 417 123 539 
7642 417 340 416 1621 
7643 123 416 122 540 
7644 539 1621 540 459 
7645 417 123 539 1621 
7646 417 1621 416 123 
7647 123 539 1621 540 
7648 123 540 1621 416 
7649 163 879 734 162 
7650 879 809 1985 880 
7651 734 1985 664 733 
7652 162 880 733 161 
7653 879 734 162 880 
7654 879 880 1985 734 
7655 734 162 880 733 
7656 734 733 880 1985 
7657 354 1884 400 401 
7658 1884 992 1026 1025 
7659 400 1026 111 110 
7660 401 1025 110 109 
7661 1884 400 401 1025 
7662 1884 1025 1026 400 
7663 400 401 1025 110 
7664 400 110 1025 1026 
7665 135 136 555 718 
7666 136 137 556 717 
7667 555 556 457 1911 
7668 718 717 1911 676 
7669 136 555 718 717 
7670 136 717 556 555 
7671 555 718 717 1911 
7672 555 1911 717 556 
7673 481 605 545 1861 
7674 605 458 526 1862 
7675 545 526 495 1970 
7676 1861 1862 1970 1142 
7677 605 545 1861 1862 
7678 605 1862 526 545 
7679 545 1861 1862 1970 
7680 545 1970 1862 526 
7681 664 755 735 1935 
7682 755 672 754 1524 
7683 735 754 671 1929 
7684 1935 1524 1929 1154 
7685 755 735 1935 1524 
7686 755 1524 754 735 
7687 735 1935 1524 1929 
7688 735 1929 1524 754 
7689 822 853 837 1963 
7690 853 784 939 1882 
7691 837 939 814 1846 
7692 1963 1882 1846 1143 
7693 853 837 1963 1882 
7694 853 1882 939 837 
7695 837 1963 1882 1846 
7696 837 1846 1882 939 
7697 480 586 654 1808 
7698 586 487 642 1832 
7699 654 642 469 1187 
7700 1808 1832 1187 1148 
7701 586 654 1808 1832 
7702 586 1832 642 654 
7703 654 1808 1832 1187 
7704 654 1187 1832 642 
7705 127 543 706 128 
7706 543 481 1931 544 
7707 706 1931 677 705 
7708 128 544 705 129 
7709 543 706 128 544 
7710 543 544 1931 706 
7711 706 128 544 705 
7712 706 705 544 1931 
7713 168 1049 169 740 
7714 1049 991 1048 1269 
7715 169 1048 170 741 
7716 740 1269 741 667 
7717 1049 169 740 1269 
7718 1049 1269 1048 169 
7719 169 740 1269 741 
7720 169 741 1269 1048 
7721 668 702 1313 701 
7722 702 76 285 77 
7723 1313 285 228 286 
7724 701 77 286 78 
7725 702 1313 701 77 
7726 702 77 285 1313 
7727 1313 701 77 286 
7728 1313 286 77 285 
7729 6 42 192 1997 
7730 42 43 193 1995 
7731 192 193 35 1675 
7732 1997 1995 1675 812 
7733 42 192 1997 1995 
7734 42 1995 193 192 
7735 192 1997 1995 1675 
7736 192 1675 1995 193 
7737 789 2010 1996 2030 
7738 2010 47 194 48 
7739 1996 194 7 41 
7740 2030 48 41 8 
7741 2010 1996 2030 48 
7742 2010 48 194 1996 
7743 1996 2030 48 41 
7744 1996 41 48 194 
7745 43 2031 1995 2032 
7746 2031 791 956 968 
7747 1995 956 812 970 
7748 2032 968 970 796 
7749 2031 1995 2032 968 
7750 2031 968 956 1995 
7751 1995 2032 968 970 
7752 1995 970 968 956 
7753 790 953 2017 952 
7754 953 789 2010 948 
7755 2017 2010 47 2011 
7756 952 948 2011 788 
7757 953 2017 952 948 
7758 953 948 2010 2017 
7759 2017 952 948 2011 
7760 2017 2011 948 2010 
7761 788 1994 2000 954 
7762 1994 43 44 2031 
7763 2000 44 45 2013 
7764 954 2031 2013 791 
7765 1994 2000 954 2031 
7766 1994 2031 44 2000 
7767 2000 954 2031 2013 
7768 2000 2013 2031 44 
7769 155 154 867 722 
7770 154 153 868 721 
7771 867 868 803 1493 
7772 722 721 1493 665 
7773 154 867 722 721 
7774 154 721 868 867 
7775 867 722 721 1493 
7776 867 1493 721 868 
7777 94 851 382 95 
7778 851 784 1917 852 
7779 382 1917 353 381 
7780 95 852 381 96 
7781 851 382 95 852 
7782 851 852 1917 382 
7783 382 95 852 381 
7784 382 381 852 1917 
7785 357 396 399 1987 
7786 396 352 447 1342 
7787 399 447 343 1429 
7788 1987 1342 1429 1147 
7789 396 399 1987 1342 
7790 396 1342 447 399 
7791 399 1987 1342 1429 
7792 399 1429 1342 447 
7793 460 528 1752 527 
7794 528 114 404 115 
7795 1752 404 341 405 
7796 527 115 405 116 
7797 528 1752 527 115 
7798 528 115 404 1752 
7799 1752 527 115 405 
7800 1752 405 115 404 
7801 1003 1088 1024 1427 
7802 1088 989 1054 1464 
7803 1024 1054 1006 1979 
7804 1427 1464 1979 1147 
7805 1088 1024 1427 1464 
7806 1088 1464 1054 1024 
7807 1024 1427 1464 1979 
7808 1024 1979 1464 1054 
7809 1002 1279 1045 1046 
7810 1279 678 738 737 
7811 1045 738 168 167 
7812 1046 737 167 166 
7813 1279 1045 1046 737 
7814 1279 737 738 1045 
7815 1045 1046 737 167 
7816 1045 167 737 738 
7817 239 1296 282 283 
7818 1296 679 699 698 
7819 282 699 74 75 
7820 283 698 75 76 
7821 1296 282 283 698 
7822 1296 698 699 282 
7823 282 283 698 75 
7824 282 75 698 699 
7825 2 185 2029 17 
7826 185 19 1695 18 
7827 2029 1695 794 1258 
7828 17 18 1258 1 
7829 185 2029 17 18 
7830 185 18 1695 2029 
7831 2029 17 18 1258 
7832 2029 1258 18 1695 
7833 19 185 1695 186 
7834 185 2 2029 26 
7835 1695 2029 794 2002 
7836 186 26 2002 27 
7837 185 1695 186 26 
7838 185 26 2029 1695 
7839 1695 186 26 2002 
7840 1695 2002 26 2029 
7841 788 1994 954 946 
7842 1994 43 2031 1995 
7843 954 2031 791 956 
7844 946 1995 956 812 
7845 1994 954 946 1995 
7846 1994 1995 2031 954 
7847 954 946 1995 956 
7848 954 956 1995 2031 
7849 343 1425 397 398 
7850 1425 1003 1023 1022 
7851 397 1023 109 108 
7852 398 1022 108 107 
7853 1425 397 398 1022 
7854 1425 1022 1023 397 
7855 397 398 1022 108 
7856 397 108 1022 1023 
7857 344 374 375 1328 
7858 374 54 55 260 
7859 375 55 56 259 
7860 1328 260 259 240 
7861 374 375 1328 260 
7862 374 260 55 375 
7863 375 1328 260 259 
7864 375 259 260 55 
7865 355 377 378 1318 
7866 377 56 57 263 
7867 378 57 58 262 
7868 1318 263 262 229 
7869 377 378 1318 263 
7870 377 263 57 378 
7871 378 1318 263 262 
7872 378 262 263 57 
7873 3 187 1744 25 
7874 187 31 2015 32 
7875 1744 2015 793 2025 
7876 25 32 2025 4 
7877 187 1744 25 32 
7878 187 32 2015 1744 
7879 1744 25 32 2025 
7880 1744 2025 32 2015 
7881 8 2021 2022 2033 
7882 2021 778 910 907 
7883 2022 910 808 911 
7884 2033 907 911 811 
7885 2021 2022 2033 907 
7886 2021 907 910 2022 
7887 2022 2033 907 911 
7888 2022 911 907 910 
7889 778 2028 906 907 
7890 2028 4 2026 2034 
7891 906 2026 802 908 
7892 907 2034 908 811 
7893 2028 906 907 2034 
7894 2028 2034 2026 906 
7895 906 907 2034 908 
7896 906 908 2034 2026 
7897 243 251 1971 1978 
7898 251 10 824 365 
7899 1971 824 822 1961 
7900 1978 365 1961 356 
7901 251 1971 1978 365 
7902 251 365 824 1971 
7903 1971 1978 365 1961 
7904 1971 1961 365 824 
7905 241 1520 247 1345 
7906 1520 498 499 1521 
7907 247 499 9 363 
7908 1345 1521 363 358 
7909 1520 247 1345 1521 
7910 1520 1521 499 247 
7911 247 1345 1521 363 
7912 247 363 1521 499 
7913 357 1990 368 1988 
7914 1990 1006 1010 1983 
7915 368 1010 13 830 
7916 1988 1983 830 819 
7917 1990 368 1988 1983 
7918 1990 1983 1010 368 
7919 368 1988 1983 830 
7920 368 830 1983 1010 
7921 681 692 1944 1914 
7922 692 15 509 1017 
7923 1944 509 497 1942 
7924 1914 1017 1942 1005 
7925 692 1944 1914 1017 
7926 692 1017 509 1944 
7927 1944 1914 1017 1942 
7928 1944 1942 1017 509 
7929 242 1958 253 1968 
7930 1958 680 686 1976 
7931 253 686 11 503 
7932 1968 1976 503 495 
7933 1958 253 1968 1976 
7934 1958 1976 686 253 
7935 253 1968 1976 503 
7936 253 503 1976 686 
7937 1007 1964 1020 1955 
7938 1964 683 696 1967 
7939 1020 696 16 832 
7940 1955 1967 832 821 
7941 1964 1020 1955 1967 
7942 1964 1967 696 1020 
7943 1020 1955 1967 832 
7944 1020 832 1967 696 
7945 682 690 1468 1290 
7946 690 12 826 256 
7947 1468 826 820 1469 
7948 1290 256 1469 244 
7949 690 1468 1290 256 
7950 690 256 826 1468 
7951 1468 1290 256 1469 
7952 1468 1469 256 826 
7953 1004 1909 1014 1939 
7954 1909 359 371 1937 
7955 1014 371 14 505 
7956 1939 1937 505 496 
7957 1909 1014 1939 1937 
7958 1909 1937 371 1014 
7959 1014 1939 1937 505 
7960 1014 505 1937 371 
7961 3 187 24 1744 
7962 187 31 188 2015 
7963 24 188 23 1892 
7964 1744 2015 1892 793 
7965 187 24 1744 2015 
7966 187 2015 188 24 
7967 24 1744 2015 1892 
7968 24 1892 2015 188 
7969 29 28 2005 2006 
7970 28 27 2001 2023 
7971 2005 2001 792 961 
7972 2006 2023 961 791 
7973 28 2005 2006 2023 
7974 28 2023 2001 2005 
7975 2005 2006 2023 961 
7976 2005 961 2023 2001 
7977 27 2002 2001 2023 
7978 2002 794 967 966 
7979 2001 967 792 961 
7980 2023 966 961 791 
7981 2002 2001 2023 966 
7982 2002 966 967 2001 
7983 2001 2023 966 961 
7984 2001 961 966 967 
7985 31 30 2014 2020 
7986 30 29 2005 2004 
7987 2014 2005 792 962 
7988 2020 2004 962 790 
7989 30 2014 2020 2004 
7990 30 2004 2005 2014 
7991 2014 2020 2004 962 
7992 2014 962 2004 2005 
7993 31 2014 2015 2020 
7994 2014 792 963 962 
7995 2015 963 793 964 
7996 2020 962 964 790 
7997 2014 2015 2020 962 
7998 2014 962 963 2015 
7999 2015 2020 962 964 
8000 2015 964 962 963 
8001 135 553 134 714 
8002 553 492 552 1475 
8003 134 552 133 715 
8004 714 1475 715 663 
8005 553 134 714 1475 
8006 553 1475 552 134 
8007 134 714 1475 715 
8008 134 715 1475 552 
8009 671 731 1925 730 
8010 731 161 876 160 
8011 1925 876 816 877 
8012 730 160 877 159 
8013 731 1925 730 160 
8014 731 160 876 1925 
8015 1925 730 160 877 
8016 1925 877 160 876 
8017 817 1248 870 871 
8018 1248 669 725 724 
8019 870 725 157 156 
8020 871 724 156 155 
8021 1248 870 871 724 
8022 1248 724 725 870 
8023 870 871 724 156 
8024 870 156 724 725 
8025 338 384 385 1281 
8026 384 98 97 855 
8027 385 97 96 854 
8028 1281 855 854 815 
8029 384 385 1281 855 
8030 384 855 97 385 
8031 385 1281 855 854 
8032 385 854 855 97 
8033 129 546 709 130 
8034 546 493 1922 547 
8035 709 1922 662 708 
8036 130 547 708 131 
8037 546 709 130 547 
8038 546 547 1922 709 
8039 709 130 547 708 
8040 709 708 547 1922 
8041 120 537 121 413 
8042 537 494 536 1608 
8043 121 536 122 414 
8044 413 1608 414 349 
8045 537 121 413 1608 
8046 537 1608 536 121 
8047 121 413 1608 414 
8048 121 414 1608 536 
8049 100 101 860 391 
8050 101 102 861 390 
8051 860 861 818 1489 
8052 391 390 1489 339 
8053 101 860 391 390 
8054 101 390 861 860 
8055 860 391 390 1489 
8056 860 1489 390 861 
8057 116 117 407 531 
8058 117 118 408 530 
8059 407 408 345 1764 
8060 531 530 1764 491 
8061 117 407 531 530 
8062 117 530 408 407 
8063 407 531 530 1764 
8064 407 1764 530 408 
8065 796 970 2027 902 
8066 970 812 1997 982 
8067 2027 1997 6 1998 
8068 902 982 1998 799 
8069 970 2027 902 982 
8070 970 982 1997 2027 
8071 2027 902 982 1998 
8072 2027 1998 982 1997 
8073 173 172 1012 831 
8074 172 13 1010 830 
8075 1012 1010 1006 1983 
8076 831 830 1983 819 
8077 172 1012 831 830 
8078 172 830 1010 1012 
8079 1012 831 830 1983 
8080 1012 1983 830 1010 
8081 81 80 823 252 
8082 80 10 824 251 
8083 823 824 822 1971 
8084 252 251 1971 243 
8085 80 823 252 251 
8086 80 251 824 823 
8087 823 252 251 1971 
8088 823 1971 251 824 
8089 47 48 2010 2016 
8090 48 8 2030 2033 
8091 2010 2030 789 958 
8092 2016 2033 958 811 
8093 48 2010 2016 2033 
8094 48 2033 2030 2010 
8095 2010 2016 2033 958 
8096 2010 958 2033 2030 
8097 183 1021 184 834 
8098 1021 1007 1020 1955 
8099 184 1020 16 832 
8100 834 1955 832 821 
8101 1021 184 834 1955 
8102 1021 1955 1020 184 
8103 184 834 1955 832 
8104 184 832 1955 1020 
8105 150 510 151 1016 
8106 510 497 509 1942 
8107 151 509 15 1017 
8108 1016 1942 1017 1005 
8109 510 151 1016 1942 
8110 510 1942 509 151 
8111 151 1016 1942 1017 
8112 151 1017 1942 509 
8113 496 505 1939 507 
8114 505 14 1014 139 
8115 1939 1014 1004 1015 
8116 507 139 1015 140 
8117 505 1939 507 139 
8118 505 139 1014 1939 
8119 1939 507 139 1015 
8120 1939 1015 139 1014 
8121 498 499 500 1520 
8122 499 9 60 247 
8123 500 60 61 249 
8124 1520 247 249 241 
8125 499 500 1520 247 
8126 499 247 60 500 
8127 500 1520 247 249 
8128 500 249 247 60 
8129 796 2027 2018 899 
8130 2027 6 49 1999 
8131 2018 49 2 2009 
8132 899 1999 2009 777 
8133 2027 2018 899 1999 
8134 2027 1999 49 2018 
8135 2018 899 1999 2009 
8136 2018 2009 1999 49 
8137 71 254 72 502 
8138 254 242 253 1968 
8139 72 253 11 503 
8140 502 1968 503 495 
8141 254 72 502 1968 
8142 254 1968 253 72 
8143 72 502 1968 503 
8144 72 503 1968 253 
8145 91 827 92 258 
8146 827 820 826 1469 
8147 92 826 12 256 
8148 258 1469 256 244 
8149 827 92 258 1469 
8150 827 1469 826 92 
8151 92 258 1469 256 
8152 92 256 1469 826 
8153 2 2008 2029 2018 
8154 2008 797 979 901 
8155 2029 979 794 969 
8156 2018 901 969 796 
8157 2008 2029 2018 901 
8158 2008 901 979 2029 
8159 2029 2018 901 969 
8160 2029 969 901 979 
8161 359 371 372 1909 
8162 371 14 112 1014 
8163 372 112 111 1013 
8164 1909 1014 1013 1004 
8165 371 372 1909 1014 
8166 371 1014 112 372 
8167 372 1909 1014 1013 
8168 372 1013 1014 112 
8169 1005 1914 1017 1018 
8170 1914 681 692 694 
8171 1017 692 15 171 
8172 1018 694 171 170 
8173 1914 1017 1018 694 
8174 1914 694 692 1017 
8175 1017 1018 694 171 
8176 1017 171 694 692 
8177 680 686 687 1958 
8178 686 11 79 253 
8179 687 79 78 255 
8180 1958 253 255 242 
8181 686 687 1958 253 
8182 686 253 79 687 
8183 687 1958 253 255 
8184 687 255 253 79 
8185 243 250 251 1978 
8186 250 54 53 366 
8187 251 53 10 365 
8188 1978 366 365 356 
8189 250 251 1978 366 
8190 250 366 53 251 
8191 251 1978 366 365 
8192 251 365 366 53 
8193 241 247 248 1345 
8194 247 9 59 363 
8195 248 59 58 362 
8196 1345 363 362 358 
8197 247 248 1345 363 
8198 247 363 59 248 
8199 248 1345 363 362 
8200 248 362 363 59 
8201 497 508 509 1944 
8202 508 137 138 693 
8203 509 138 15 692 
8204 1944 693 692 681 
8205 508 509 1944 693 
8206 508 693 138 509 
8207 509 1944 693 692 
8208 509 692 693 138 
8209 498 501 499 1521 
8210 501 114 113 364 
8211 499 113 9 363 
8212 1521 364 363 358 
8213 501 499 1521 364 
8214 501 364 113 499 
8215 499 1521 364 363 
8216 499 363 364 113 
8217 94 825 93 367 
8218 825 822 824 1961 
8219 93 824 10 365 
8220 367 1961 365 356 
8221 825 93 367 1961 
8222 825 1961 824 93 
8223 93 367 1961 365 
8224 93 365 1961 824 
8225 683 696 697 1964 
8226 696 16 165 1020 
8227 697 165 166 1019 
8228 1964 1020 1019 1007 
8229 696 697 1964 1020 
8230 696 1020 165 697 
8231 697 1964 1020 1019 
8232 697 1019 1020 165 
8233 244 1290 256 257 
8234 1290 682 690 689 
8235 256 690 12 73 
8236 257 689 73 74 
8237 1290 256 257 689 
8238 1290 689 690 256 
8239 256 257 689 73 
8240 256 73 689 690 
8241 1006 1010 1011 1990 
8242 1010 13 106 368 
8243 1011 106 107 370 
8244 1990 368 370 357 
8245 1010 1011 1990 368 
8246 1010 368 106 1011 
8247 1011 1990 368 370 
8248 1011 370 368 106 
8249 802 2026 978 908 
8250 2026 4 2025 2034 
8251 978 2025 793 965 
8252 908 2034 965 811 
8253 2026 978 908 2034 
8254 2026 2034 2025 978 
8255 978 908 2034 965 
8256 978 965 2034 2025 
8257 8 2022 2030 2033 
8258 2022 808 959 911 
8259 2030 959 789 958 
8260 2033 911 958 811 
8261 2022 2030 2033 911 
8262 2022 911 959 2030 
8263 2030 2033 911 958 
8264 2030 958 911 959 
8265 104 369 105 829 
8266 369 357 368 1988 
8267 105 368 13 830 
8268 829 1988 830 819 
8269 369 105 829 1988 
8270 369 1988 368 105 
8271 105 829 1988 830 
8272 105 830 1988 368 
8273 496 1937 505 506 
8274 1937 359 371 373 
8275 505 371 14 125 
8276 506 373 125 124 
8277 1937 505 506 373 
8278 1937 373 371 505 
8279 505 506 373 125 
8280 505 125 373 371 
8281 821 1967 832 833 
8282 1967 683 696 695 
8283 832 696 16 164 
8284 833 695 164 163 
8285 1967 832 833 695 
8286 1967 695 696 832 
8287 832 833 695 164 
8288 832 164 695 696 
8289 6 33 199 1999 
8290 33 5 50 1714 
8291 199 50 1 1260 
8292 1999 1714 1260 777 
8293 33 199 1999 1714 
8294 33 1714 50 199 
8295 199 1999 1714 1260 
8296 199 1260 1714 50 
8297 6 199 49 1999 
8298 199 1 17 1260 
8299 49 17 2 2009 
8300 1999 1260 2009 777 
8301 199 49 1999 1260 
8302 199 1260 17 49 
8303 49 1999 1260 2009 
8304 49 2009 1260 17 
8305 820 828 826 1468 
8306 828 153 152 691 
8307 826 152 12 690 
8308 1468 691 690 682 
8309 828 826 1468 691 
8310 828 691 152 826 
8311 826 1468 691 690 
8312 826 690 691 152 
8313 495 1976 503 504 
8314 1976 680 686 688 
8315 503 686 11 126 
8316 504 688 126 127 
8317 1976 503 504 688 
8318 1976 688 686 503 
8319 503 504 688 126 
8320 503 126 688 686 
8321 8 51 2021 2033 
8322 51 4 2028 2034 
8323 2021 2028 778 907 
8324 2033 2034 907 811 
8325 51 2021 2033 2034 
8326 51 2034 2028 2021 
8327 2021 2033 2034 907 
8328 2021 907 2034 2028 
8329 4 32 2025 2034 
8330 32 31 2015 2019 
8331 2025 2015 793 965 
8332 2034 2019 965 811 
8333 32 2025 2034 2019 
8334 32 2019 2015 2025 
8335 2025 2034 2019 965 
8336 2025 965 2019 2015 
8337 8 51 200 2021 
8338 51 4 25 2028 
8339 200 25 3 1857 
8340 2021 2028 1857 778 
8341 51 200 2021 2028 
8342 51 2028 25 200 
8343 200 2021 2028 1857 
8344 200 1857 2028 25 
8345 811 2016 2019 957 
8346 2016 47 207 2017 
8347 2019 207 31 2020 
8348 957 2017 2020 790 
8349 2016 2019 957 2017 
8350 2016 2017 207 2019 
8351 2019 957 2017 2020 
8352 2019 2020 2017 207 
8353 8 200 41 2021 
8354 200 3 52 1857 
8355 41 52 7 1953 
8356 2021 1857 1953 778 
8357 200 41 2021 1857 
8358 200 1857 52 41 
8359 41 2021 1857 1953 
8360 41 1953 1857 52 
8361 790 2012 2004 955 
8362 2012 45 211 2013 
8363 2004 211 29 2006 
8364 955 2013 2006 791 
8365 2012 2004 955 2013 
8366 2012 2013 211 2004 
8367 2004 955 2013 2006 
8368 2004 2006 2013 211 
8369 43 209 2031 2032 
8370 209 27 2023 2024 
8371 2031 2023 791 968 
8372 2032 2024 968 796 
8373 209 2031 2032 2024 
8374 209 2024 2023 2031 
8375 2031 2032 2024 968 
8376 2031 968 2024 2023 
8377 796 2032 2024 2035 
8378 2032 43 209 206 
8379 2024 209 27 204 
8380 2035 206 204 201 
8381 2032 2024 2035 206 
8382 2032 206 209 2024 
8383 2024 2035 206 204 
8384 2024 204 206 209 
8385 43 208 2031 209 
8386 208 29 2006 28 
8387 2031 2006 791 2023 
8388 209 28 2023 27 
8389 208 2031 209 28 
8390 208 28 2006 2031 
8391 2031 209 28 2023 
8392 2031 2023 28 2006 
8393 45 210 46 2012 
8394 210 31 207 2020 
8395 46 207 47 2017 
8396 2012 2020 2017 790 
8397 210 46 2012 2020 
8398 210 2020 207 46 
8399 46 2012 2020 2017 
8400 46 2017 2020 207 
8401 45 44 211 2013 
8402 44 43 208 2031 
8403 211 208 29 2006 
8404 2013 2031 2006 791 
8405 44 211 2013 2031 
8406 44 2031 208 211 
8407 211 2013 2031 2006 
8408 211 2006 2031 208 
8409 31 210 30 2020 
8410 210 45 211 2012 
8411 30 211 29 2004 
8412 2020 2012 2004 790 
8413 210 30 2020 2012 
8414 210 2012 211 30 
8415 30 2020 2012 2004 
8416 30 2004 2012 211 
8417 8 205 51 2033 
8418 205 31 32 2019 
8419 51 32 4 2034 
8420 2033 2019 2034 811 
8421 205 51 2033 2019 
8422 205 2019 32 51 
8423 51 2033 2019 2034 
8424 51 2034 2019 32 
8425 31 205 207 2019 
8426 205 8 48 2033 
8427 207 48 47 2016 
8428 2019 2033 2016 811 
8429 205 207 2019 2033 
8430 205 2033 48 207 
8431 207 2019 2033 2016 
8432 207 2016 2033 48 
8433 796 2018 2027 2035 
8434 2018 2 49 202 
8435 2027 49 6 203 
8436 2035 202 203 201 
8437 2018 2027 2035 202 
8438 2018 202 49 2027 
8439 2027 2035 202 203 
8440 2027 203 202 49 
8441 1136 1265 1310 1362 
8442 1265 352 429 395 
8443 1310 429 350 426 
8444 1362 395 426 339 
8445 1265 1310 1362 395 
8446 1265 395 429 1310 
8447 1310 1362 395 426 
8448 1310 426 395 429 
8449 1136 1310 1265 1267 
8450 1310 350 429 1309 
8451 1265 429 352 1262 
8452 1267 1309 1262 1107 
8453 1310 1265 1267 1309 
8454 1310 1309 429 1265 
8455 1265 1267 1309 1262 
8456 1265 1262 1309 429 
8457 35 34 1543 217 
8458 34 5 1806 213 
8459 1543 1806 1115 1276 
8460 217 213 1276 212 
8461 34 1543 217 213 
8462 34 213 1806 1543 
8463 1543 217 213 1276 
8464 1543 1276 213 1806 
8465 1115 1806 1543 1567 
8466 1806 5 34 1715 
8467 1543 34 35 1516 
8468 1567 1715 1516 1136 
8469 1806 1543 1567 1715 
8470 1806 1715 34 1543 
8471 1543 1567 1715 1516 
8472 1543 1516 1715 34 
8473 1123 1336 1623 1307 
8474 1336 360 433 432 
8475 1623 433 340 431 
8476 1307 432 431 350 
8477 1336 1623 1307 432 
8478 1336 432 433 1623 
8479 1623 1307 432 431 
8480 1623 431 432 433 
8481 1123 1623 1336 1337 
8482 1623 340 433 1620 
8483 1336 433 360 1333 
8484 1337 1620 1333 1120 
8485 1623 1336 1337 1620 
8486 1623 1620 433 1336 
8487 1336 1337 1620 1333 
8488 1336 1333 1620 433 
8489 1138 1271 1500 1280 
8490 1271 991 1097 1050 
8491 1500 1097 1008 1083 
8492 1280 1050 1083 1002 
8493 1271 1500 1280 1050 
8494 1271 1050 1097 1500 
8495 1500 1280 1050 1083 
8496 1500 1083 1050 1097 
8497 1138 1500 1271 1400 
8498 1500 1008 1097 1382 
8499 1271 1097 991 1398 
8500 1400 1382 1398 1121 
8501 1500 1271 1400 1382 
8502 1500 1382 1097 1271 
8503 1271 1400 1382 1398 
8504 1271 1398 1382 1097 
8505 339 1488 391 392 
8506 1488 777 858 1389 
8507 391 858 100 387 
8508 392 1389 387 351 
8509 1488 391 392 1389 
8510 1488 1389 858 391 
8511 391 392 1389 387 
8512 391 387 1389 858 
8513 339 391 1488 1489 
8514 391 100 858 860 
8515 1488 858 777 862 
8516 1489 860 862 818 
8517 391 1488 1489 860 
8518 391 860 858 1488 
8519 1488 1489 860 862 
8520 1488 862 860 858 
8521 354 1885 1418 1884 
8522 1885 1003 1426 1027 
8523 1418 1426 1120 1481 
8524 1884 1027 1481 992 
8525 1885 1418 1884 1027 
8526 1885 1027 1426 1418 
8527 1418 1884 1027 1481 
8528 1418 1481 1027 1426 
8529 1120 1426 1418 1419 
8530 1426 1003 1885 1425 
8531 1418 1885 354 402 
8532 1419 1425 402 343 
8533 1426 1418 1419 1425 
8534 1426 1425 1885 1418 
8535 1418 1419 1425 402 
8536 1418 402 1425 1885 
8537 358 1344 362 1345 
8538 1344 229 262 265 
8539 362 262 58 248 
8540 1345 265 248 241 
8541 1344 362 1345 265 
8542 1344 265 262 362 
8543 362 1345 265 248 
8544 362 248 265 262 
8545 58 262 362 378 
8546 262 229 1344 1318 
8547 362 1344 358 380 
8548 378 1318 380 355 
8549 262 362 378 1318 
8550 262 1318 1344 362 
8551 362 378 1318 380 
8552 362 380 1318 1344 
8553 1149 1564 1551 1665 
8554 1564 487 635 583 
8555 1551 635 465 637 
8556 1665 583 637 474 
8557 1564 1551 1665 583 
8558 1564 583 635 1551 
8559 1551 1665 583 637 
8560 1551 637 583 635 
8561 1149 1551 1564 1241 
8562 1551 465 635 1550 
8563 1564 635 487 1561 
8564 1241 1550 1561 1137 
8565 1551 1564 1241 1550 
8566 1551 1550 635 1564 
8567 1564 1241 1550 1561 
8568 1564 1561 1550 635 
8569 1145 1930 1690 1689 
8570 1930 1136 1513 1267 
8571 1690 1513 1118 1457 
8572 1689 1267 1457 1107 
8573 1930 1690 1689 1267 
8574 1930 1267 1513 1690 
8575 1690 1689 1267 1457 
8576 1690 1457 1267 1513 
8577 1145 1690 1930 1444 
8578 1690 1118 1513 1586 
8579 1930 1513 1136 1515 
8580 1444 1586 1515 1101 
8581 1690 1930 1444 1586 
8582 1690 1586 1513 1930 
8583 1930 1444 1586 1515 
8584 1930 1515 1586 1513 
8585 234 1817 1821 300 
8586 1817 780 1603 1208 
8587 1821 1603 1140 1602 
8588 300 1208 1602 227 
8589 1817 1821 300 1208 
8590 1817 1208 1603 1821 
8591 1821 300 1208 1602 
8592 1821 1602 1208 1603 
8593 234 1821 1817 1843 
8594 1821 1140 1603 1848 
8595 1817 1603 780 846 
8596 1843 1848 846 804 
8597 1821 1817 1843 1848 
8598 1821 1848 1603 1817 
8599 1817 1843 1848 846 
8600 1817 846 1848 1603 
8601 3 1858 2036 52 
8602 1858 1132 1431 1799 
8603 2036 1431 1108 1747 
8604 52 1799 1747 7 
8605 1858 2036 52 1799 
8606 1858 1799 1431 2036 
8607 2036 52 1799 1747 
8608 2036 1747 1799 1431 
8609 1108 1431 2036 1679 
8610 1431 1132 1858 1716 
8611 2036 1858 3 1285 
8612 1679 1716 1285 1117 
8613 1431 2036 1679 1716 
8614 1431 1716 1858 2036 
8615 2036 1679 1716 1285 
8616 2036 1285 1716 1858 
8617 1108 1678 2036 1747 
8618 1678 1139 1330 1748 
8619 2036 1330 3 52 
8620 1747 1748 52 7 
8621 1678 2036 1747 1748 
8622 1678 1748 1330 2036 
8623 2036 1747 1748 52 
8624 2036 52 1748 1330 
8625 3 1330 2036 1285 
8626 1330 1139 1678 1331 
8627 2036 1678 1108 1679 
8628 1285 1331 1679 1117 
8629 1330 2036 1285 1331 
8630 1330 1331 1678 2036 
8631 2036 1285 1331 1679 
8632 2036 1679 1331 1678 
8633 27 26 2024 204 
8634 26 2 2018 202 
8635 2024 2018 796 2035 
8636 204 202 2035 201 
8637 26 2024 204 202 
8638 26 202 2018 2024 
8639 2024 204 202 2035 
8640 2024 2035 202 2018 
8641 27 2024 26 2002 
8642 2024 796 2018 969 
8643 26 2018 2 2029 
8644 2002 969 2029 794 
8645 2024 26 2002 969 
8646 2024 969 2018 26 
8647 26 2002 969 2029 
8648 26 2029 969 2018 
8649 43 42 2032 1995 
8650 42 6 2027 1997 
8651 2032 2027 796 970 
8652 1995 1997 970 812 
8653 42 2032 1995 1997 
8654 42 1997 2027 2032 
8655 2032 1995 1997 970 
8656 2032 970 1997 2027 
8657 43 2032 42 206 
8658 2032 796 2027 2035 
8659 42 2027 6 203 
8660 206 2035 203 201 
8661 2032 42 206 2035 
8662 2032 2035 2027 42 
8663 42 206 2035 203 
8664 42 203 2035 2027 
8665 1151 1849 1556 1722 
8666 1849 787 1472 951 
8667 1556 1472 1127 1729 
8668 1722 951 1729 807 
8669 1849 1556 1722 951 
8670 1849 951 1472 1556 
8671 1556 1722 951 1729 
8672 1556 1729 951 1472 
8673 1151 1556 1849 1555 
8674 1556 1127 1472 1412 
8675 1849 1472 787 1448 
8676 1555 1412 1448 1116 
8677 1556 1849 1555 1412 
8678 1556 1412 1472 1849 
8679 1849 1555 1412 1448 
8680 1849 1448 1412 1472 
8681 1143 1845 1805 1882 
8682 1845 798 1396 937 
8683 1805 1396 1126 1913 
8684 1882 937 1913 784 
8685 1845 1805 1882 937 
8686 1845 937 1396 1805 
8687 1805 1882 937 1913 
8688 1805 1913 937 1396 
8689 1143 1805 1845 1789 
8690 1805 1126 1396 1542 
8691 1845 1396 798 1224 
8692 1789 1542 1224 1119 
8693 1805 1845 1789 1542 
8694 1805 1542 1396 1845 
8695 1845 1789 1542 1224 
8696 1845 1224 1542 1396 
8697 239 1289 282 1296 
8698 1289 682 689 700 
8699 282 689 74 699 
8700 1296 700 699 679 
8701 1289 282 1296 700 
8702 1289 700 689 282 
8703 282 1296 700 699 
8704 282 699 700 689 
8705 239 282 1289 284 
8706 282 74 689 257 
8707 1289 689 682 1290 
8708 284 257 1290 244 
8709 282 1289 284 257 
8710 282 257 689 1289 
8711 1289 284 257 1290 
8712 1289 1290 257 689 
8713 1146 1948 1889 1932 
8714 1948 131 708 547 
8715 1889 708 662 1922 
8716 1932 547 1922 493 
8717 1948 1889 1932 547 
8718 1948 547 708 1889 
8719 1889 1932 547 1922 
8720 1889 1922 547 708 
8721 1146 1889 1948 1572 
8722 1889 662 708 713 
8723 1948 708 131 712 
8724 1572 713 712 673 
8725 1889 1948 1572 713 
8726 1889 713 708 1948 
8727 1948 1572 713 712 
8728 1948 712 713 708 
8729 1147 1986 1341 1984 
8730 1986 104 864 829 
8731 1341 864 783 866 
8732 1984 829 866 819 
8733 1986 1341 1984 829 
8734 1986 829 864 1341 
8735 1341 1984 829 866 
8736 1341 866 829 864 
8737 1147 1341 1986 1342 
8738 1341 783 864 1264 
8739 1986 864 104 393 
8740 1342 1264 393 352 
8741 1341 1986 1342 1264 
8742 1341 1264 864 1986 
8743 1986 1342 1264 393 
8744 1986 393 1264 864 
8745 37 198 1822 197 
8746 198 47 2011 46 
8747 1822 2011 788 2000 
8748 197 46 2000 45 
8749 198 1822 197 46 
8750 198 46 2011 1822 
8751 1822 197 46 2000 
8752 1822 2000 46 2011 
8753 37 1822 198 1887 
8754 1822 788 2011 1801 
8755 198 2011 47 2007 
8756 1887 1801 2007 1153 
8757 1822 198 1887 1801 
8758 1822 1801 2011 198 
8759 198 1887 1801 2007 
8760 198 2007 1801 2011 
8761 47 194 2037 2010 
8762 194 7 1746 1996 
8763 2037 1746 1127 1809 
8764 2010 1996 1809 789 
8765 194 2037 2010 1996 
8766 194 1996 1746 2037 
8767 2037 2010 1996 1809 
8768 2037 1809 1996 1746 
8769 1127 1746 2037 1894 
8770 1746 7 194 40 
8771 2037 194 47 195 
8772 1894 40 195 39 
8773 1746 2037 1894 40 
8774 1746 40 194 2037 
8775 2037 1894 40 195 
8776 2037 195 40 194 
8777 1127 1473 2037 1809 
8778 1473 1153 2007 1810 
8779 2037 2007 47 2010 
8780 1809 1810 2010 789 
8781 1473 2037 1809 1810 
8782 1473 1810 2007 2037 
8783 2037 1809 1810 2010 
8784 2037 2010 1810 2007 
8785 47 2007 2037 195 
8786 2007 1153 1473 1916 
8787 2037 1473 1127 1894 
8788 195 1916 1894 39 
8789 2007 2037 195 1916 
8790 2007 1916 1473 2037 
8791 2037 195 1916 1894 
8792 2037 1894 1916 1473 
$EndElements
