$MeshFormat
4.1 0 8
$EndMeshFormat
$PhysicalNames
1
3 1 "Resonator"
$EndPhysicalNames
$Entities
16 24 12 1
9 -0.0025 -0.025 -0.024165 0 
10 -0.0025 -0.025 -0.0242 0 
11 -0.0025 0.025 -0.024165 0 
12 -0.0025 0.025 -0.0242 0 
13 0.0025 -0.025 -0.024165 0 
14 0.0025 -0.025 -0.0242 0 
15 0.0025 0.025 -0.024165 0 
16 0.0025 0.025 -0.0242 0 
17 -0.05 -0.05 0.025 0 
18 -0.05 -0.05 -0.025 0 
19 -0.05 0.05 0.025 0 
20 -0.05 0.05 -0.025 0 
21 0.05 -0.05 -0.025 0 
22 0.05 -0.05 0.025 0 
23 0.05 0.05 0.025 0 
24 0.05 0.05 -0.025 0 
13 -0.0025001 -0.0250001 -0.0242001 -0.0024999 -0.0249999 -0.0241649 0 2 10 -9 
14 -0.0025001 -0.0250001 -0.0241651 -0.0024999 0.0250001 -0.0241649 0 2 9 -11 
15 -0.0025001 0.0249999 -0.0242001 -0.0024999 0.0250001 -0.0241649 0 2 12 -11 
16 -0.0025001 -0.0250001 -0.0242001 -0.0024999 0.0250001 -0.0241999 0 2 10 -12 
17 0.0024999 -0.0250001 -0.0242001 0.0025001 -0.0249999 -0.0241649 0 2 14 -13 
18 0.0024999 -0.0250001 -0.0241651 0.0025001 0.0250001 -0.0241649 0 2 13 -15 
19 0.0024999 0.0249999 -0.0242001 0.0025001 0.0250001 -0.0241649 0 2 16 -15 
20 0.0024999 -0.0250001 -0.0242001 0.0025001 0.0250001 -0.0241999 0 2 14 -16 
21 -0.0025001 -0.0250001 -0.0242001 0.0025001 -0.0249999 -0.0241999 0 2 10 -14 
22 -0.0025001 -0.0250001 -0.0241651 0.0025001 -0.0249999 -0.0241649 0 2 9 -13 
23 -0.0025001 0.0249999 -0.0242001 0.0025001 0.0250001 -0.0241999 0 2 12 -16 
24 -0.0025001 0.0249999 -0.0241651 0.0025001 0.0250001 -0.0241649 0 2 11 -15 
25 -0.05000010000000001 -0.05000010000000001 -0.0250001 -0.0499999 -0.0499999 0.0250001 0 2 18 -17 
26 -0.05000010000000001 -0.05000010000000001 0.0249999 -0.0499999 0.05000010000000001 0.0250001 0 2 17 -19 
27 -0.05000010000000001 0.0499999 -0.0250001 -0.0499999 0.05000010000000001 0.0250001 0 2 20 -19 
28 -0.05000010000000001 -0.05000010000000001 -0.0250001 -0.0499999 0.05000010000000001 -0.0249999 0 2 18 -20 
29 -0.05000010000000001 -0.05000010000000001 -0.0250001 0.05000010000000001 -0.0499999 -0.0249999 0 2 18 -21 
30 0.0499999 -0.05000010000000001 -0.0250001 0.05000010000000001 -0.0499999 0.0250001 0 2 21 -22 
31 -0.05000010000000001 -0.05000010000000001 0.0249999 0.05000010000000001 -0.0499999 0.0250001 0 2 17 -22 
32 -0.05000010000000001 0.0499999 0.0249999 0.05000010000000001 0.05000010000000001 0.0250001 0 2 19 -23 
33 0.0499999 -0.05000010000000001 0.0249999 0.05000010000000001 0.05000010000000001 0.0250001 0 2 22 -23 
34 -0.05000010000000001 0.0499999 -0.0250001 0.05000010000000001 0.05000010000000001 -0.0249999 0 2 20 -24 
35 0.0499999 0.0499999 -0.0250001 0.05000010000000001 0.05000010000000001 0.0250001 0 2 24 -23 
36 0.0499999 -0.05000010000000001 -0.0250001 0.05000010000000001 0.05000010000000001 -0.0249999 0 2 21 -24 
7 -0.0025001 -0.0250001 -0.0242001 -0.0024999 0.0250001 -0.0241649 0 4 -13 16 15 -14 
8 0.0024999 -0.0250001 -0.0242001 0.0025001 0.0250001 -0.0241649 0 4 -17 20 19 -18 
9 -0.0025001 -0.0250001 -0.0242001 0.0025001 -0.0249999 -0.0241649 0 4 -21 13 22 -17 
10 -0.0025001 0.0249999 -0.0242001 0.0025001 0.0250001 -0.0241649 0 4 -23 15 24 -19 
11 -0.0025001 -0.0250001 -0.0242001 0.0025001 0.0250001 -0.0241999 0 4 -16 21 20 -23 
12 -0.0025001 -0.0250001 -0.0241651 0.0025001 0.0250001 -0.0241649 0 4 -14 22 18 -24 
13 -0.05000010000000001 -0.05000010000000001 -0.0250001 -0.0499999 0.05000010000000001 0.0250001 0 4 -25 28 27 -26 
14 -0.05000010000000001 -0.05000010000000001 -0.0250001 0.05000010000000001 -0.0499999 0.0250001 0 4 -29 25 31 -30 
15 -0.05000010000000001 -0.05000010000000001 0.0249999 0.05000010000000001 0.05000010000000001 0.0250001 0 4 -26 31 33 -32 
16 -0.05000010000000001 0.0499999 -0.0250001 0.05000010000000001 0.05000010000000001 0.0250001 0 4 -34 27 32 -35 
17 -0.05000010000000001 -0.05000010000000001 -0.0250001 0.05000010000000001 0.05000010000000001 -0.0249999 0 4 -28 29 36 -34 
18 0.0499999 -0.05000010000000001 -0.0250001 0.05000010000000001 0.05000010000000001 0.0250001 0 4 -30 36 35 -33 
1 -0.05000010000000001 -0.05000010000000001 -0.0250001 0.05000010000000001 0.05000010000000001 0.0250001 1 1 12 -13 -14 15 16 -17 18 7 9 -12 -10 11 -8 
$EndEntities
$Nodes
53 2050 1 2050
0 9 0 1
1
-0.0025 -0.025 -0.024165
0 10 0 1
2
-0.0025 -0.025 -0.0242
0 11 0 1
3
-0.0025 0.025 -0.024165
0 12 0 1
4
-0.0025 0.025 -0.0242
0 13 0 1
5
0.0025 -0.025 -0.024165
0 14 0 1
6
0.0025 -0.025 -0.0242
0 15 0 1
7
0.0025 0.025 -0.024165
0 16 0 1
8
0.0025 0.025 -0.0242
0 17 0 1
9
-0.05 -0.05 0.025
0 18 0 1
10
-0.05 -0.05 -0.025
0 19 0 1
11
-0.05 0.05 0.025
0 20 0 1
12
-0.05 0.05 -0.025
0 21 0 1
13
0.05 -0.05 -0.025
0 22 0 1
14
0.05 -0.05 0.025
0 23 0 1
15
0.05 0.05 0.025
0 24 0 1
16
0.05 0.05 -0.025
1 13 0 1
17
-0.0025 -0.025 -0.0241825
1 14 0 7
18
19
20
21
22
23
24
-0.0025 -0.01875 -0.024165
-0.0025 -0.01249999999999999 -0.024165
-0.0025 -0.006249999999999995 -0.024165
-0.0025 3.469446951953614e-18 -0.024165
-0.0025 0.006250000000000006 -0.024165
-0.0025 0.0125 -0.024165
-0.0025 0.01875 -0.024165
1 15 0 1
25
-0.0025 0.025 -0.0241825
1 16 0 7
26
27
28
29
30
31
32
-0.0025 -0.01875 -0.0242
-0.0025 -0.01249999999999999 -0.0242
-0.0025 -0.006249999999999995 -0.0242
-0.0025 3.469446951953614e-18 -0.0242
-0.0025 0.006250000000000006 -0.0242
-0.0025 0.0125 -0.0242
-0.0025 0.01875 -0.0242
1 17 0 1
33
0.0025 -0.025 -0.0241825
1 18 0 7
34
35
36
37
38
39
40
0.0025 -0.01875 -0.024165
0.0025 -0.01249999999999999 -0.024165
0.0025 -0.006249999999999995 -0.024165
0.0025 3.469446951953614e-18 -0.024165
0.0025 0.006250000000000006 -0.024165
0.0025 0.0125 -0.024165
0.0025 0.01875 -0.024165
1 19 0 1
41
0.0025 0.025 -0.0241825
1 20 0 7
42
43
44
45
46
47
48
0.0025 -0.01875 -0.0242
0.0025 -0.01249999999999999 -0.0242
0.0025 -0.006249999999999995 -0.0242
0.0025 3.469446951953614e-18 -0.0242
0.0025 0.006250000000000006 -0.0242
0.0025 0.0125 -0.0242
0.0025 0.01875 -0.0242
1 21 0 1
49
0 -0.025 -0.0242
1 22 0 1
50
0 -0.025 -0.024165
1 23 0 1
51
0 0.025 -0.0242
1 24 0 1
52
0 0.025 -0.024165
1 25 0 7
53
54
55
56
57
58
59
-0.05 -0.05 -0.01875
-0.05 -0.05 -0.01249999999999999
-0.05 -0.05 -0.006249999999999995
-0.05 -0.05 3.469446951953614e-18
-0.05 -0.05 0.006250000000000006
-0.05 -0.05 0.0125
-0.05 -0.05 0.01875
1 26 0 13
60
61
62
63
64
65
66
67
68
69
70
71
72
-0.05 -0.04285714285714285 0.025
-0.05 -0.0357142857142857 0.025
-0.05 -0.02857142857142855 0.025
-0.05 -0.02142857142857141 0.025
-0.05 -0.01428571428571428 0.025
-0.05 -0.007142857142857131 0.025
-0.05 1.387778780781446e-17 0.025
-0.05 0.007142857142857152 0.025
-0.05 0.0142857142857143 0.025
-0.05 0.02142857142857145 0.025
-0.05 0.02857142857142859 0.025
-0.05 0.03571428571428573 0.025
-0.05 0.04285714285714287 0.025
1 27 0 7
73
74
75
76
77
78
79
-0.05 0.05 -0.01875
-0.05 0.05 -0.01249999999999999
-0.05 0.05 -0.006249999999999995
-0.05 0.05 3.469446951953614e-18
-0.05 0.05 0.006250000000000006
-0.05 0.05 0.0125
-0.05 0.05 0.01875
1 28 0 13
80
81
82
83
84
85
86
87
88
89
90
91
92
-0.05 -0.04285714285714285 -0.025
-0.05 -0.0357142857142857 -0.025
-0.05 -0.02857142857142855 -0.025
-0.05 -0.02142857142857141 -0.025
-0.05 -0.01428571428571428 -0.025
-0.05 -0.007142857142857131 -0.025
-0.05 1.387778780781446e-17 -0.025
-0.05 0.007142857142857152 -0.025
-0.05 0.0142857142857143 -0.025
-0.05 0.02142857142857145 -0.025
-0.05 0.02857142857142859 -0.025
-0.05 0.03571428571428573 -0.025
-0.05 0.04285714285714287 -0.025
1 29 0 13
93
94
95
96
97
98
99
100
101
102
103
104
105
-0.04285714285714285 -0.05 -0.025
-0.0357142857142857 -0.05 -0.025
-0.02857142857142855 -0.05 -0.025
-0.02142857142857141 -0.05 -0.025
-0.01428571428571428 -0.05 -0.025
-0.007142857142857131 -0.05 -0.025
1.387778780781446e-17 -0.05 -0.025
0.007142857142857152 -0.05 -0.025
0.0142857142857143 -0.05 -0.025
0.02142857142857145 -0.05 -0.025
0.02857142857142859 -0.05 -0.025
0.03571428571428573 -0.05 -0.025
0.04285714285714287 -0.05 -0.025
1 30 0 7
106
107
108
109
110
111
112
0.05 -0.05 -0.01875
0.05 -0.05 -0.01249999999999999
0.05 -0.05 -0.006249999999999995
0.05 -0.05 3.469446951953614e-18
0.05 -0.05 0.006250000000000006
0.05 -0.05 0.0125
0.05 -0.05 0.01875
1 31 0 13
113
114
115
116
117
118
119
120
121
122
123
124
125
-0.04285714285714285 -0.05 0.025
-0.0357142857142857 -0.05 0.025
-0.02857142857142855 -0.05 0.025
-0.02142857142857141 -0.05 0.025
-0.01428571428571428 -0.05 0.025
-0.007142857142857131 -0.05 0.025
1.387778780781446e-17 -0.05 0.025
0.007142857142857152 -0.05 0.025
0.0142857142857143 -0.05 0.025
0.02142857142857145 -0.05 0.025
0.02857142857142859 -0.05 0.025
0.03571428571428573 -0.05 0.025
0.04285714285714287 -0.05 0.025
1 32 0 13
126
127
128
129
130
131
132
133
134
135
136
137
138
-0.04285714285714285 0.05 0.025
-0.0357142857142857 0.05 0.025
-0.02857142857142855 0.05 0.025
-0.02142857142857141 0.05 0.025
-0.01428571428571428 0.05 0.025
-0.007142857142857131 0.05 0.025
1.387778780781446e-17 0.05 0.025
0.007142857142857152 0.05 0.025
0.0142857142857143 0.05 0.025
0.02142857142857145 0.05 0.025
0.02857142857142859 0.05 0.025
0.03571428571428573 0.05 0.025
0.04285714285714287 0.05 0.025
1 33 0 13
139
140
141
142
143
144
145
146
147
148
149
150
151
0.05 -0.04285714285714285 0.025
0.05 -0.0357142857142857 0.025
0.05 -0.02857142857142855 0.025
0.05 -0.02142857142857141 0.025
0.05 -0.01428571428571428 0.025
0.05 -0.007142857142857131 0.025
0.05 1.387778780781446e-17 0.025
0.05 0.007142857142857152 0.025
0.05 0.0142857142857143 0.025
0.05 0.02142857142857145 0.025
0.05 0.02857142857142859 0.025
0.05 0.03571428571428573 0.025
0.05 0.04285714285714287 0.025
1 34 0 13
152
153
154
155
156
157
158
159
160
161
162
163
164
-0.04285714285714285 0.05 -0.025
-0.0357142857142857 0.05 -0.025
-0.02857142857142855 0.05 -0.025
-0.02142857142857141 0.05 -0.025
-0.01428571428571428 0.05 -0.025
-0.007142857142857131 0.05 -0.025
1.387778780781446e-17 0.05 -0.025
0.007142857142857152 0.05 -0.025
0.0142857142857143 0.05 -0.025
0.02142857142857145 0.05 -0.025
0.02857142857142859 0.05 -0.025
0.03571428571428573 0.05 -0.025
0.04285714285714287 0.05 -0.025
1 35 0 7
165
166
167
168
169
170
171
0.05 0.05 -0.01875
0.05 0.05 -0.01249999999999999
0.05 0.05 -0.006249999999999995
0.05 0.05 3.469446951953614e-18
0.05 0.05 0.006250000000000006
0.05 0.05 0.0125
0.05 0.05 0.01875
1 36 0 13
172
173
174
175
176
177
178
179
180
181
182
183
184
0.05 -0.04285714285714285 -0.025
0.05 -0.0357142857142857 -0.025
0.05 -0.02857142857142855 -0.025
0.05 -0.02142857142857141 -0.025
0.05 -0.01428571428571428 -0.025
0.05 -0.007142857142857131 -0.025
0.05 1.387778780781446e-17 -0.025
0.05 0.007142857142857152 -0.025
0.05 0.0142857142857143 -0.025
0.05 0.02142857142857145 -0.025
0.05 0.02857142857142859 -0.025
0.05 0.03571428571428573 -0.025
0.05 0.04285714285714287 -0.025
2 7 0 7
185
186
187
188
189
190
191
-0.0025 -0.01875 -0.0241825
-0.0025 -0.01249999999999999 -0.0241825
-0.0025 0.01875 -0.0241825
-0.0025 0.0125 -0.0241825
-0.0025 -0.006249999999999995 -0.0241825
-0.0025 0.006250000000000006 -0.0241825
-0.0025 3.469446951953614e-18 -0.0241825
2 8 0 7
192
193
194
195
196
197
198
0.0025 -0.01875 -0.0241825
0.0025 -0.01249999999999999 -0.0241825
0.0025 0.01875 -0.0241825
0.0025 0.0125 -0.0241825
0.0025 -0.006249999999999995 -0.0241825
0.0025 3.469446951953614e-18 -0.0241825
0.0025 0.006250000000000006 -0.0241825
2 9 0 1
199
0 -0.025 -0.0241825
2 10 0 1
200
0 0.025 -0.0241825
2 11 0 11
201
202
203
204
205
206
207
208
209
210
211
0 0.01875 -0.0242
0 -0.01875 -0.0242
0.00125 0.021875 -0.0242
-0.00125 0.021875 -0.0242
-0.00125 0.01562500000000001 -0.0242
0 -0.01249999999999999 -0.0242
0.00125 0.01562500000000001 -0.0242
0 -0.006249999999999995 -0.0242
0 0.006250000000000006 -0.0242
0 3.469446951953614e-18 -0.0242
0 0.0125 -0.0242
2 12 0 11
212
213
214
215
216
217
218
219
220
221
222
0 0.01875 -0.024165
0 -0.01875 -0.024165
-0.00125 0.021875 -0.024165
0.00125 0.021875 -0.024165
-0.00125 0.01562500000000001 -0.024165
0 -0.01249999999999999 -0.024165
0.00125 0.01562500000000001 -0.024165
0 -0.006249999999999995 -0.024165
0 3.469446951953614e-18 -0.024165
0 0.006250000000000006 -0.024165
0 0.0125 -0.024165
2 13 0 115
223
224
225
226
227
228
229
230
231
232
233
234
235
236
237
238
239
240
241
242
243
244
245
246
247
248
249
250
251
252
253
254
255
256
257
258
259
260
261
262
263
264
265
266
267
268
269
270
271
272
273
274
275
276
277
278
279
280
281
282
283
284
285
286
287
288
289
290
291
292
293
294
295
296
297
298
299
300
301
302
303
304
305
306
307
308
309
310
311
312
313
314
315
316
317
318
319
320
321
322
323
324
325
326
327
328
329
330
331
332
333
334
335
336
337
-0.05 0.01413726422936511 0.01256425894794656
-0.05 -0.01413708969042531 0.01248039082959599
-0.05 -0.02919294731770535 -0.0122710720554213
-0.05 0.02919294731770537 -0.0122710720554213
-0.05 1.745389398011277e-07 -0.01257784516650624
-0.05 0.03982916980985106 0.005926993309820439
-0.05 -0.03982916980985104 0.005926993309820439
-0.05 0.01445385154304232 -0.01268648977699673
-0.05 0.02066923966385982 0.000160098685939785
-0.05 -0.01438931275466498 -0.01262299705965403
-0.05 -0.02065827957036715 7.283466742124406e-05
-0.05 2.036287630943767e-07 0.01250904585614996
-0.05 0.007019820615791969 -4.628718813996097e-05
-0.05 -0.007112031682119074 -0.0001905697890450982
-0.05 0.02911802553096962 0.01211715845806029
-0.05 -0.02911643486919355 0.01209271100993612
-0.05 -0.04017926792819979 -0.005851826915621507
-0.05 0.0401792679281998 -0.00585182691562151
-0.05 -0.04093197807866605 0.01610394086395132
-0.05 0.04093229621102128 0.01610883035357615
-0.05 -0.04101730019203817 -0.01612457979420856
-0.05 0.04101730019203818 -0.01612457979420856
-0.05 -0.03179521989906338 -6.071996773000798e-06
-0.05 0.03179773005011714 1.62702965555428e-05
-0.05 -0.04546598903933303 0.02055197043197566
-0.05 -0.04546598903933303 0.01430197043197566
-0.05 -0.03832313189647588 0.02055197043197566
-0.05 -0.04550865009601909 -0.01431228989710428
-0.05 -0.04550865009601909 -0.02056228989710428
-0.05 -0.03836579295316193 -0.02056228989710428
-0.05 0.04546614810551064 0.02055441517678808
-0.05 0.03832329096265351 0.02055441517678808
-0.05 0.04546614810551064 0.01430441517678808
-0.05 0.04550865009601909 -0.02056228989710428
-0.05 0.04550865009601909 -0.01431228989710428
-0.05 0.03836579295316196 -0.02056228989710428
-0.05 -0.04508963396409989 -0.00292591345781075
-0.05 -0.04508963396409989 -0.009175913457810748
-0.05 -0.04059828406011898 -0.01098820335491503
-0.05 -0.04491458490492552 0.009213496654910218
-0.05 -0.04491458490492552 0.002963496654910219
-0.05 -0.04000421886902542 3.758319709946598e-05
-0.05 -0.04038057394425855 0.01101546708688588
-0.05 -0.02527250314888248 0.01854635550496806
-0.05 -0.03241536029173962 0.01854635550496806
-0.05 -0.0350242064739298 0.01409832593694372
-0.05 -0.01063997341664122 0.018740195414798
-0.05 -0.01778283055949836 0.018740195414798
-0.05 -0.02162676227980943 0.01228655091976606
-0.05 0.003571530385810123 0.01875452292807498
-0.05 -0.003571326757047022 0.01875452292807498
-0.05 -0.007068443030831109 0.01249471834287297
-0.05 0.01778291782896828 0.01878212947397328
-0.05 0.01064006068611113 0.01878212947397328
-0.05 0.007068733929064097 0.01253665240204826
-0.05 0.03241615562262767 0.01855857922903014
-0.05 0.02527329847977054 0.01855857922903014
-0.05 0.02162764488016737 0.01234070870300342
-0.05 0.03502516087099546 0.01411299440581822
-0.05 0.0450896339640999 -0.009175913457810752
-0.05 0.0450896339640999 -0.002925913457810753
-0.05 0.04059828406011899 -0.01098820335491504
-0.05 0.04491458490492553 0.002963496654910219
-0.05 0.04491458490492553 0.009213496654910218
-0.05 0.04000421886902543 3.758319709946251e-05
-0.05 0.04038073301043617 0.01101791183169829
-0.05 -0.03245361651599552 -0.01863553602771065
-0.05 -0.02531075937313838 -0.01863553602771065
-0.05 -0.03510512375487176 -0.01419782592481493
-0.05 -0.0179089420916182 -0.01881149852982702
-0.05 -0.01076608494876106 -0.01881149852982702
-0.05 -0.02179113003618516 -0.01244703455753766
-0.05 -0.003571341301958665 -0.01878892258325312
-0.05 0.003571515840898473 -0.01878892258325312
-0.05 -0.007194569107862592 -0.01260042111308013
-0.05 0.01079835434294973 -0.01884324488849836
-0.05 0.01794121148580689 -0.01884324488849836
-0.05 0.007227013040991062 -0.01263216747175148
-0.05 0.02531075937313841 -0.01863553602771065
-0.05 0.03245361651599556 -0.01863553602771065
-0.05 0.02182339943037385 -0.01247878091620901
-0.05 0.03510512375487178 -0.01419782592481493
-0.05 0.01740325194661246 0.006362178816943169
-0.05 0.01384453013982589 5.690574889991029e-05
-0.05 0.01057854242257854 0.006258985879903298
-0.05 0.02489363259741471 0.006138628572000038
-0.05 0.003510012122277528 0.006231379334004999
-0.05 -0.01739768463039623 0.006276612748508617
-0.05 -0.01062456068627219 0.006144910520275444
-0.05 -0.01388515562624312 -5.886756081192879e-05
-0.05 -0.02488735721978035 0.006082772838678682
-0.05 -0.003555914026677987 0.006159238033552429
-0.05 -0.02492561344403625 -0.006099118694000025
-0.05 -0.01752379616251607 -0.006275081196116396
-0.05 -0.03049408360838436 -0.006138572026097147
-0.05 -0.02622674973471526 3.338133532412163e-05
-0.05 -0.03468610762295257 -0.0090614494855214
-0.05 -0.03598724391363158 -0.002928949456197254
-0.05 0.01756154560345106 -0.006263195545528469
-0.05 0.0249310934907826 -0.006055486684740759
-0.05 0.02623348485698848 8.818449124766564e-05
-0.05 0.03049533868391126 -0.006127400879432879
-0.05 0.03468610762295259 -0.009061449485521407
-0.05 0.03598849898915847 -0.002917778309532985
-0.05 0.003509997577365885 -0.006312066177323099
-0.05 0.01073683607941715 -0.006366388482568344
-0.05 -0.01075067221839203 -0.006406783424349565
-0.05 -0.003555928571589637 -0.006384207477775669
-0.05 -4.610553316355265e-05 -0.0001184284885925313
-0.05 0.03447359767041035 0.009022075883940363
-0.05 0.0358134499299841 0.002971631803187991
-0.05 0.03045787779054339 0.006066714377307915
-0.05 -0.0344728023395223 0.009009852159878283
-0.05 -0.03045582738412846 0.00604331950658156
-0.05 -0.0358121948544572 0.002960460656523719
2 14 0 115
338
339
340
341
342
343
344
345
346
347
348
349
350
351
352
353
354
355
356
357
358
359
360
361
362
363
364
365
366
367
368
369
370
371
372
373
374
375
376
377
378
379
380
381
382
383
384
385
386
387
388
389
390
391
392
393
394
395
396
397
398
399
400
401
402
403
404
405
406
407
408
409
410
411
412
413
414
415
416
417
418
419
420
421
422
423
424
425
426
427
428
429
430
431
432
433
434
435
436
437
438
439
440
441
442
443
444
445
446
447
448
449
450
451
452
0.01411224514516445 -0.05 -0.01245004551091234
-0.0141370485893641 -0.05 -0.01238594875771531
-0.02916565955676355 -0.05 0.01224741730713313
0.02913804943771901 -0.05 0.01220557132407692
-5.43398812414414e-06 -0.05 0.01264820408473925
-0.03982934431045691 -0.05 -0.005926994332451814
0.03981888061930454 -0.05 -0.005926933011754204
-0.01428571428571427 -0.05 0.01262820851736517
-0.0206368073880872 -0.05 -4.020838963710374e-05
-0.006991269177034201 -0.05 0.000165855027988198
0.007116556501315693 -0.05 0.0001933141111590264
0.01435430320658086 -0.05 0.01255752388958856
0.02062465614961496 -0.05 -9.845872717838614e-05
1.19623666764157e-05 -0.05 -0.01233082689642591
0.02909779311207376 -0.05 -0.01209197624630897
-0.02911353604360782 -0.05 -0.01207455941118682
-0.04017492355208301 -0.05 0.005847883264503542
0.03971231293725787 -0.05 0.006041316568779619
-0.04093143321367008 -0.05 -0.01610031074872773
0.04092619188913281 -0.05 -0.01610378185161263
-0.04101097376462645 -0.05 0.01611906011432734
0.04091292961785252 -0.05 0.01614937757857132
0.03167833845119403 -0.05 2.590398152299556e-05
-0.03178405417019969 -0.05 1.070768767218871e-05
-0.04550548688231323 -0.05 0.01430953005716367
-0.04550548688231323 -0.05 0.02055953005716367
-0.03836262973945608 -0.05 0.02055953005716367
-0.04546571660683504 -0.05 -0.02055015537436386
-0.04546571660683504 -0.05 -0.01430015537436386
-0.03832285946397789 -0.05 -0.02055015537436386
0.04546309594456641 -0.05 -0.02055189092580632
0.03832023880170927 -0.05 -0.02055189092580632
0.04546309594456641 -0.05 -0.01430189092580631
0.04545646480892626 -0.05 0.02057468878928566
0.04545646480892626 -0.05 0.01432468878928566
0.03831360766606913 -0.05 0.02057468878928566
-0.04491467215522846 -0.05 -0.009213497166225902
-0.04491467215522846 -0.05 -0.002963497166225904
-0.0403803887620635 -0.05 -0.01101365254058977
-0.0450874617760415 -0.05 0.002923941632251771
-0.0450874617760415 -0.05 0.009173941632251777
-0.04000213393126996 -0.05 -3.955553397413589e-05
-0.04059294865835473 -0.05 0.01098347168941544
-0.02527105373608962 -0.05 -0.01853727970559341
-0.03241391087894676 -0.05 -0.01853727970559341
-0.03502248462863895 -0.05 -0.01408743507995727
-0.01063995286611061 -0.05 -0.01869297437885766
-0.01778281000896775 -0.05 -0.01869297437885766
-0.02162529231648596 -0.05 -0.01223025408445107
0.00357740975476678 -0.05 -0.01866541344821296
-0.003565447388090358 -0.05 -0.01866541344821296
-0.007062543111343841 -0.05 -0.01235838782707061
0.01777040828686795 -0.05 -0.01872502275545617
0.0106275511440108 -0.05 -0.01872502275545617
0.007062103755920431 -0.05 -0.01239043620366913
0.03240603941317975 -0.05 -0.01854598812315449
0.02526318227032261 -0.05 -0.01854598812315449
0.0216050191286191 -0.05 -0.01227101087861066
0.03501199250060329 -0.05 -0.0140978790489608
0.04490944030965227 -0.05 -0.002963466505877102
0.04490944030965227 -0.05 -0.009213466505877097
0.04037253625421867 -0.05 -0.01101535743168342
0.04485615646862894 -0.05 0.009270658284389811
0.04485615646862894 -0.05 0.003020658284389813
0.0397655967782812 -0.05 5.719177851270726e-05
0.04031262127755519 -0.05 0.01109534707367547
-0.03243997263552462 -0.05 0.01862370865356656
-0.02529711549266749 -0.05 0.01862370865356656
-0.035088316660695 -0.05 0.01418323871073023
-0.01785714285714284 -0.05 0.01881410425868258
-0.0107142857142857 -0.05 0.01881410425868258
-0.02172568692123891 -0.05 0.01243781291224915
-0.003574145565490641 -0.05 0.01882410204236962
0.003568711577366504 -0.05 0.01882410204236962
-0.007145574136919207 -0.05 0.0126382063010522
0.01074858017471901 -0.05 0.01877876194479428
0.01789143731757616 -0.05 0.01877876194479428
0.007174434609228356 -0.05 0.01260286398716391
0.02528331043314523 -0.05 0.01860278566203846
0.03242616757600238 -0.05 0.01860278566203846
0.02174617632214994 -0.05 0.01238154760683274
0.03502548952778577 -0.05 0.01417747445132412
0.01061440082324007 -0.05 -0.006128365699876657
0.0173684506473897 -0.05 -0.006274252119045365
0.01387060632546533 -0.05 4.742769199032187e-05
0.003564259433996055 -0.05 -0.006068756392633441
0.02486122463084436 -0.05 -0.006095217486743677
-0.01738692798872565 -0.05 -0.006213078573676208
-0.01056415888319915 -0.05 -0.006110046864863557
-0.0138140382825607 -0.05 6.282331917554715e-05
-0.02487517171584751 -0.05 -0.00605738390041196
-0.003489653405178893 -0.05 -0.006082485934218857
-0.02490123347242538 -0.05 0.00610360445874801
-0.01746126083690074 -0.05 0.006294000063864033
-0.03047485686348162 -0.05 0.006129062497402658
-0.02621043077914345 -0.05 -1.475035098245925e-05
-0.03467029155442328 -0.05 0.009047650285818339
-0.03597948886114135 -0.05 0.002929295476087865
0.01748947967809791 -0.05 0.006229532581205087
0.02488135279366699 -0.05 0.006053556298449267
0.02615149730040449 -0.05 -3.627737282769355e-05
0.03040819394445653 -0.05 0.006115737652799959
0.03442518118748844 -0.05 0.009123443946428271
0.03569532569422594 -0.05 0.003033610275151307
-0.01063849173137424 -0.05 0.006397031772676684
-0.003498351582579176 -0.05 0.006407029556363721
6.264366214074613e-05 -0.05 0.000179584569573614
0.003555561256595771 -0.05 0.00642075909794914
0.01073542985394828 -0.05 0.006375419000373792
-0.03447144017703237 -0.05 -0.009000776871819317
-0.03044879510690376 -0.05 -0.006031925861757315
-0.0358066992403283 -0.05 -0.002958143322389813
0.03445833686568915 -0.05 -0.009009454629031587
0.03574860953524929 -0.05 -0.002950514515115604
0.0303880657816339 -0.05 -0.006033036132392987
2 15 0 209
453
454
455
456
457
458
459
460
461
462
463
464
465
466
467
468
469
470
471
472
473
474
475
476
477
478
479
480
481
482
483
484
485
486
487
488
489
490
491
492
493
494
495
496
497
498
499
500
501
502
503
504
505
506
507
508
509
510
511
512
513
514
515
516
517
518
519
520
521
522
523
524
525
526
527
528
529
530
531
532
533
534
535
536
537
538
539
540
541
542
543
544
545
546
547
548
549
550
551
552
553
554
555
556
557
558
559
560
561
562
563
564
565
566
567
568
569
570
571
572
573
574
575
576
577
578
579
580
581
582
583
584
585
586
587
588
589
590
591
592
593
594
595
596
597
598
599
600
601
602
603
604
605
606
607
608
609
610
611
612
613
614
615
616
617
618
619
620
621
622
623
624
625
626
627
628
629
630
631
632
633
634
635
636
637
638
639
640
641
642
643
644
645
646
647
648
649
650
651
652
653
654
655
656
657
658
659
660
661
0.03762820851736516 2.081668171172169e-17 0.025
-0.03740266011073339 7.246806882392487e-05 0.025
0.0002197860297688051 -0.03704865593677974 0.025
0.0001822700692833482 0.03734572123705369 0.025
-0.02704611174415682 -0.03704656139396734 0.025
0.03794719565121173 -0.02801892664864551 0.025
-0.0271079991724901 0.03712658666470137 0.025
0.03762820851736517 0.02857142857142858 0.025
0.0375554445429943 0.01464500561578026 0.025
0.02527717992054261 0.007467701796136851 0.025
0.02525987751569904 -0.007088716367310489 0.025
0.01301424933951709 0.0002806865401556377 0.025
0.01290680626349383 -0.01422990973309719 0.025
0.0005381348192639718 -0.007086775294061598 0.025
0.0006642413852895879 0.007416507509700285 0.025
-0.01199390725992414 5.495536927324629e-05 0.025
-0.01187723226266535 -0.0142672080827027 0.025
-0.01202061569268299 0.01434048190840047 0.025
0.0005378495145427695 0.02219747277374058 0.025
-0.01282082641047837 0.02879626850231586 0.025
0.01316927554739973 0.02963807886748307 0.025
-0.02546252092923183 0.02184816317272063 0.025
-0.02439569375760008 -0.00713044815976948 0.025
-0.024962003598463 -0.02151962833066132 0.025
-0.01290640696529502 -0.02860823369568495 0.025
0.01326856663065464 0.01533912006289416 0.025
-0.03703932619739548 -0.01422203748036854 0.025
-0.025217156041941 0.00714285714285736 0.025
-0.03756949577096606 0.0145846209594042 0.025
0.02531385508909924 -0.02131816355341361 0.025
0.01308256879537781 -0.02836166205845837 0.025
0.02675918889781496 -0.03681018136650926 0.025
0.0003272761133240043 -0.02160040746679743 0.025
0.03769152279556252 -0.01416620585679969 0.025
0.0256273241000587 0.02215562919663251 0.025
0.02686526944139588 0.03727244026607215 0.025
-0.03806775468378928 -0.02812292838633636 0.025
-0.03828965971562422 0.02838336172679012 0.025
-0.01366083225022232 -0.0405406902052864 0.025
-0.01366359681702273 0.04065371528081418 0.025
0.01414017080725832 -0.04043395582210446 0.025
0.01428571428571429 0.04116142233990921 0.025
-0.03954213132044461 -0.03954213132044461 0.025
0.03954213132044464 -0.0395421313204446 0.025
0.03954213132044464 0.03954213132044464 0.025
-0.03959794242105734 0.03959794242105738 0.025
-0.04477106566022231 -0.04477106566022231 0.025
-0.04477106566022231 -0.03762820851736515 0.025
-0.03762820851736515 -0.04477106566022231 0.025
-0.04479897121052867 0.03765611406767155 0.025
-0.04479897121052867 0.04479897121052868 0.025
-0.03765611406767152 0.04479897121052868 0.025
0.04477106566022232 -0.0447710656602223 0.025
0.03762820851736519 -0.0447710656602223 0.025
0.04477106566022232 -0.03762820851736515 0.025
0.03762820851736519 0.04477106566022232 0.025
0.04477106566022232 0.04477106566022232 0.025
0.04477106566022232 0.03762820851736519 0.025
-0.04403387734189464 -0.03191860705031103 0.025
-0.04403387734189464 -0.02477574990745389 0.025
-0.03880494300211694 -0.03383252985339048 0.025
-0.04351966309869774 -0.01782530445446998 0.025
-0.04351966309869774 -0.01068244731161284 0.025
-0.03755354044059238 -0.02117248293335245 0.025
-0.04370133005536669 -0.003535194537016603 0.025
-0.04370133005536669 0.003607662605840542 0.025
-0.03722099315406444 -0.007074784705772309 0.025
-0.04378474788548303 0.01086373905113068 0.025
-0.04378474788548303 0.01800659619398783 0.025
-0.03748607794084972 0.007328544514114063 0.025
-0.04414482985781211 0.02490596657768078 0.025
-0.04414482985781211 0.03204882372053793 0.025
-0.03792957774329514 0.02148399134309716 0.025
-0.03894380106834078 0.03399065207392375 0.025
-0.02423734158636412 -0.04352328069698367 0.025
-0.03138019872922126 -0.04352328069698367 0.025
-0.03329412153230071 -0.03829434635720597 0.025
-0.01040184469653972 -0.0452703451026432 0.025
-0.01754470183939687 -0.0452703451026432 0.025
-0.02035347199718957 -0.03879362579962688 0.025
0.003681321586312979 -0.04352432796838987 0.025
-0.00346153555654416 -0.04352432796838987 0.025
-0.006720523110226757 -0.03879467307103307 0.025
0.01778437111791488 -0.04521697791105223 0.025
0.01064151397505773 -0.04521697791105223 0.025
0.007179978418513561 -0.0387413058794421 0.025
0.03123673730605035 -0.04340509068325463 0.025
0.02409388016319321 -0.04340509068325463 0.025
0.02044967985253664 -0.03862206859430686 0.025
0.0331506601091298 -0.03817615634347692 0.025
-0.0314111424433879 0.04356329333235069 0.025
-0.02426828530053075 0.04356329333235069 0.025
-0.03335297079677372 0.03836226454287937 0.025
-0.01754608412279707 0.0453268576404071 0.025
-0.01040322697993994 0.0453268576404071 0.025
-0.02038579799475641 0.03889015097275778 0.025
-0.003480293536786888 0.04367286061852685 0.025
0.00366256360607025 0.04367286061852685 0.025
-0.006740663373869693 0.03899971825893393 0.025
0.01071428571428572 0.04558071116995462 0.025
0.01785714285714286 0.04558071116995462 0.025
0.007233992177498816 0.03925357178848145 0.025
0.02414692043498366 0.04363622013303607 0.025
0.03128977757784081 0.04363622013303607 0.025
0.02057549186355508 0.03921693130299068 0.025
0.03320370038092026 0.0384072857932584 0.025
0.04397359782560586 -0.02472374903860846 0.025
0.04397359782560586 -0.0318666061814656 0.025
0.03874466348582818 -0.03378052898454505 0.025
0.04384576139778126 -0.01065453149982841 0.025
0.04384576139778126 -0.01779738864268555 0.025
0.03781935922338713 -0.0210925662527226 0.025
0.04381410425868258 0.003571428571428586 0.025
0.04381410425868258 -0.003571428571428559 0.025
0.03765986565646384 -0.007083102928399837 0.025
0.04377772227149715 0.01803678852217586 0.025
0.04377772227149715 0.01089393137931871 0.025
0.03759182653017973 0.007322502807890138 0.025
0.04381410425868258 0.03214285714285715 0.025
0.04381410425868258 0.02500000000000001 0.025
0.03759182653017974 0.02160821709360443 0.025
0.03858516991890491 0.0340567799459366 0.025
0.03141631223176845 0.01105635370595856 0.025
0.03145269421895389 0.003733850898068436 0.025
0.02526852871812083 0.0001894927144131808 0.025
0.0314440430165321 -0.003544358183655234 0.025
0.03147570015563078 -0.01062746111205509 0.025
-0.03071750997749778 -0.01067624282006902 0.025
-0.03089917693416673 -0.003528990045472774 0.025
-0.02480642489977054 6.204491543940205e-06 0.025
-0.0313099080763372 0.003607662605840639 0.025
-0.03139332590645354 0.01086373905113078 0.025
0.0002735310715464012 -0.02932453170178858 0.025
-0.006289565425985508 -0.02510432058124119 0.025
-0.006343310467763111 -0.03282844481623234 0.025
-0.01328361960775867 -0.03457446195048568 0.025
0.006704922454350906 -0.0249810347626279 0.025
0.006651177412573303 -0.03270515899761905 0.025
0.01361136980131807 -0.03439780894028142 0.025
-0.006319278170597506 0.03307099486968477 0.025
-0.006141488447967802 0.02549687063802822 0.025
0.0003600597919130588 0.02977159700539714 0.025
0.006853562530971247 0.02591777582061182 0.025
0.006675772808341543 0.03349190005226839 0.025
-0.01324221161375055 0.03472499189156501 0.025
0.01372749491655702 0.03539975060369614 0.025
-0.01997625935472592 -0.03282739754482614 0.025
-0.01893420528187901 -0.02506393101317314 0.025
-0.02600405767130991 -0.02928309486231433 0.025
-0.03151487914112613 -0.02482127835849884 0.025
-0.03255693321397305 -0.03258474489015185 0.025
0.0260365219934571 -0.02906417245996143 0.025
0.03235319227451335 -0.03241455400757738 0.025
0.03163052537015548 -0.02466854510102956 0.025
0.03150268894233088 -0.01774218470510665 0.025
-0.02628526005086096 0.02948737491871099 0.025
-0.0191416736698551 0.02532221583751824 0.025
-0.01996441279148423 0.0329614275835086 0.025
-0.03269882944405716 0.03275497419574575 0.025
-0.03187609032242802 0.02511576244975537 0.025
0.03162776630871193 0.02536352888403055 0.025
0.0315913843215265 0.01840031740620639 0.025
0.03224673897938053 0.03292193441875037 0.025
0.02624629677072729 0.02971403473135233 0.025
0.02545225201030066 0.01481166549638468 0.025
0.01914571463002986 0.003874194168146244 0.025
0.01913706342760806 -0.003404014913577426 0.025
0.01927287327559862 0.01140341092951551 0.025
0.01314140798508585 0.007809903301524895 0.025
0.01944794536535667 0.01874737462976334 0.025
0.01296052780150546 -0.006974611596470781 0.025
0.01908334188959644 -0.01065931305020384 0.025
0.01911033067629654 -0.0177740366432554 0.025
0.02528686630239914 -0.01420343996036205 0.025
0.006776192079390529 -0.003403044376952977 0.025
0.006722470541378901 -0.0106583425135794 0.025
0.006839245362403337 0.003848597024927958 0.025
0.0006011881022767798 0.0001648661078193434 0.025
0.006966404007972112 0.01137781378629722 0.025
0.000432705466293988 -0.01434359138042951 0.025
0.006617041188408918 -0.01791515859994731 0.025
0.01299468752943582 -0.02129578589577778 0.025
0.01919821194223852 -0.02483991280593599 0.025
-0.005664832937317274 0.003735731439486766 0.025
-0.005727886220330089 -0.003515909962394176 0.025
-0.01193556976129474 -0.007106126356714725 0.025
-0.005669548721700689 -0.01067699168838215 0.025
-0.005774978074670672 -0.01793380777475007 0.025
-0.005678187153696695 0.01087849470905038 0.025
-0.01200726147630356 0.007197718638836857 0.025
0.0006010454499161821 0.01480699014172043 0.025
-0.005741383089070108 0.01826897734107052 0.025
0.006903208072598699 0.01876829641831737 0.025
-0.01819480050876211 -0.00353774639524812 0.025
-0.01813646301013271 -0.01069882812123608 0.025
-0.01861888586731199 0.01074166952562891 0.025
-0.01860553165093257 0.003598906256065307 0.025
-0.02467884867803154 -0.0143250382452154 0.025
-0.01841961793056417 -0.01789341820668201 0.025
-0.01239181961398018 -0.02143772088919382 0.025
-0.01242072105158068 0.02156837520535816 0.025
-0.01874156831095741 0.01809432254056055 0.025
-0.02533983848558641 0.01449551015778899 0.025
0.01321892108902718 0.02248859946518862 0.025
0.01939829982372922 0.02589685403205778 0.025
0.0200172724943978 0.03345525956677761 0.025
-0.03151600835009895 0.01821639206606242 0.025
-0.03100066489792924 -0.01787083290551493 0.025
0.01992087884659639 -0.03258592171248381 0.025
2 16 0 115
662
663
664
665
666
667
668
669
670
671
672
673
674
675
676
677
678
679
680
681
682
683
684
685
686
687
688
689
690
691
692
693
694
695
696
697
698
699
700
701
702
703
704
705
706
707
708
709
710
711
712
713
714
715
716
717
718
719
720
721
722
723
724
725
726
727
728
729
730
731
732
733
734
735
736
737
738
739
740
741
742
743
744
745
746
747
748
749
750
751
752
753
754
755
756
757
758
759
760
761
762
763
764
765
766
767
768
769
770
771
772
773
774
775
776
0.0141348851895495 0.05 0.01250368057168933
-0.01418128133570258 0.05 0.01242775613905712
-0.02916565955676355 0.05 -0.01224741730713313
0.0292232550898178 0.05 -0.01218136641194548
-9.006933292096675e-05 0.05 -0.01257728487392943
0.03985419580665754 0.05 0.005927139970454794
-0.03982934431045691 0.05 0.005926994332451817
-0.01428571428571427 0.05 -0.01262820851736516
-0.02068841225881544 0.05 4.004991062221339e-05
-0.007062274984429219 0.05 -7.080252615562777e-05
0.0071584810567768 0.05 -7.974711955604022e-05
0.01435480016679054 0.05 -0.01243478928807773
0.02068501587232709 0.05 0.000151022613549337
6.938893903907228e-18 0.05 0.0124194862103558
0.02914496540901207 0.05 0.01210735448317355
-0.02912722713176021 0.05 0.01208050925437637
-0.04017492355208301 0.05 -0.005847883264503539
0.04021351621982611 0.05 -0.005836704870968788
-0.04093417143130056 0.05 0.01610150071736564
0.04094268938599106 0.05 0.01610689889072568
-0.04101097376462645 0.05 -0.01611906011432733
0.04103021140478592 0.05 -0.01610361425658285
-0.03179711336197583 0.05 -9.549414837252412e-06
0.03182418967952812 0.05 3.348915685268475e-05
-0.04546708571565028 0.05 0.02055075035868282
-0.04546708571565028 0.05 0.01430075035868283
-0.03832422857279313 0.05 0.02055075035868282
-0.04550548688231323 0.05 -0.01430953005716366
-0.04550548688231323 0.05 -0.02055953005716367
-0.03836262973945608 0.05 -0.02055953005716367
0.04547134469299553 0.05 0.02055344944536284
0.03832848755013839 0.05 0.02055344944536284
0.04547134469299553 0.05 0.01430344944536284
0.03837224855953582 0.05 -0.02055180712829143
0.04551510570239296 0.05 -0.02055180712829143
0.04551510570239296 0.05 -0.01430180712829142
-0.0450874617760415 0.05 -0.002923941632251768
-0.0450874617760415 0.05 -0.009173941632251766
-0.04059294865835473 0.05 -0.01098347168941544
-0.04491467215522846 0.05 0.009213497166225909
-0.04491467215522846 0.05 0.00296349716622591
-0.04000213393126996 0.05 3.955553397413936e-05
-0.04038175787087873 0.05 0.01101424752490873
-0.02527789928016581 0.05 0.01854025462718819
-0.03242075642302295 0.05 0.01854025462718819
-0.03503069928153039 0.05 0.01409100498587101
-0.01066206923927986 0.05 0.01871387806952856
-0.017804926382137 0.05 0.01871387806952856
-0.02165425423373139 0.05 0.01225413269671675
0.00357142857142858 0.05 0.0187097431051779
-0.003571428571428559 0.05 0.0187097431051779
-0.007090640667851283 0.05 0.01242362117470646
0.01778172830906048 0.05 0.01875184028584467
0.01063887116620332 0.05 0.01875184028584467
0.00706744259477475 0.05 0.01246158339102257
0.0324296255616489 0.05 0.01855367724158678
0.02528676841879175 0.05 0.01855367724158678
0.02163992529928079 0.05 0.01230551752743144
0.03504382739750157 0.05 0.01410712668694961
-0.03243997263552462 0.05 -0.01862370865356657
-0.02529711549266749 0.05 -0.01862370865356657
-0.035088316660695 0.05 -0.01418323871073023
-0.01785714285714284 0.05 -0.01881410425868258
-0.0107142857142857 0.05 -0.01881410425868258
-0.02172568692123891 0.05 -0.01243781291224915
-0.003616463237889049 0.05 -0.01878864243696472
0.003526393904968089 0.05 -0.01878864243696472
-0.007187891809317615 0.05 -0.01260274669564729
0.01074882865482385 0.05 -0.01871739464403887
0.017891685797681 0.05 -0.01871739464403887
0.007132365416934787 0.05 -0.01250603708100358
0.02532591325919463 0.05 -0.01859068320597274
0.03246877040205176 0.05 -0.01859068320597274
0.02178902762830416 0.05 -0.01230807785001161
0.03512673324730185 0.05 -0.01414249033426417
0.04510675810991306 0.05 -0.009168352435484389
0.04510675810991306 0.05 -0.002918352435484391
0.04062186381230602 0.05 -0.01097015956377582
0.04492709790332877 0.05 0.002963569985227399
0.04492709790332877 0.05 0.009213569985227398
0.04003385601324182 0.05 4.52175497430013e-05
0.0403984425963243 0.05 0.01101701943059023
0.01740995053093829 0.05 0.006327351592619331
0.01392174846455195 0.05 3.563774699665012e-05
0.01064668312316315 0.05 0.006211966726066644
0.0035792405283884 0.05 0.006169869545399879
0.02491499064066958 0.05 0.006129188548361444
-0.0106217781600659 0.05 0.006178476806450745
-0.01387534362162233 0.05 -1.537630776670545e-05
-0.01743484679725901 0.05 0.006233903024839664
-0.02490781969528783 0.05 0.006060279582499294
-0.003531137492214606 0.05 0.006174341842100087
-0.0249270359077895 0.05 -0.006103683698255459
-0.01748706327226485 0.05 -0.006294079303371475
-0.03048138645936969 0.05 -0.006128483360985194
-0.02624276281039563 0.05 1.525024789247875e-05
-0.03467029155442328 0.05 -0.009047650285818335
-0.03598601845702942 0.05 -0.002928716339670394
0.01751990801955881 0.05 -0.006141883337264196
0.02495413548107243 0.05 -0.006015171899198073
0.0262546027759276 0.05 9.225588520100914e-05
0.03052372238467295 0.05 -0.006073938627546398
0.03471838565482195 0.05 -0.009009035641457136
0.03601885294967712 0.05 -0.00290160785705805
-0.01067399463507174 0.05 -0.006349505521760397
-0.003576172158675089 0.05 -0.006324043700042525
4.810303617379386e-05 0.05 -7.527482285583226e-05
0.003534205861927917 0.05 -0.006328515996742733
0.01075664061178367 0.05 -0.006257268203816883
0.0344995806078348 0.05 0.009017247226814171
0.03583919274309283 0.05 0.00298031456365374
0.0304845775442701 0.05 0.006070421820013119
-0.03447828572110856 0.05 0.009003751793414096
-0.03046217024686802 0.05 0.006035479919769559
-0.03581322883621636 0.05 0.002958722458807281
2 17 0 209
777
778
779
780
781
782
783
784
785
786
787
788
789
790
791
792
793
794
795
796
797
798
799
800
801
802
803
804
805
806
807
808
809
810
811
812
813
814
815
816
817
818
819
820
821
822
823
824
825
826
827
828
829
830
831
832
833
834
835
836
837
838
839
840
841
842
843
844
845
846
847
848
849
850
851
852
853
854
855
856
857
858
859
860
861
862
863
864
865
866
867
868
869
870
871
872
873
874
875
876
877
878
879
880
881
882
883
884
885
886
887
888
889
890
891
892
893
894
895
896
897
898
899
900
901
902
903
904
905
906
907
908
909
910
911
912
913
914
915
916
917
918
919
920
921
922
923
924
925
926
927
928
929
930
931
932
933
934
935
936
937
938
939
940
941
942
943
944
945
946
947
948
949
950
951
952
953
954
955
956
957
958
959
960
961
962
963
964
965
966
967
968
969
970
971
972
973
974
975
976
977
978
979
980
981
982
983
984
985
-0.03740266011073339 7.246806882393875e-05 -0.025
0.03762820851736516 2.081668171172169e-17 -0.025
0.0002197860297687981 -0.03704865593677974 -0.025
0.0001822700692833482 0.03734572123705368 -0.025
-0.02704611174415682 -0.03704656139396734 -0.025
0.0379471956512117 -0.02801892664864551 -0.025
0.03762820851736517 0.02857142857142858 -0.025
-0.02710799917249009 0.03712658666470141 -0.025
0.0375554445429943 0.01464500561578026 -0.025
0.02527717992054261 0.007467701796136844 -0.025
0.02525987751569904 -0.007088716367310489 -0.025
0.01301424933951709 0.0002806865401556377 -0.025
0.01290680626349382 -0.01422990973309718 -0.025
0.0005381348192639718 -0.007086775294061584 -0.025
0.0006642413852895879 0.007416507509700285 -0.025
-0.01199390725992414 5.495536927324629e-05 -0.025
-0.01187723226266534 -0.01426720808270269 -0.025
-0.01202061569268299 0.01434048190840047 -0.025
0.0005378495145427764 0.02219747277374058 -0.025
-0.01282082641047836 0.02879626850231587 -0.025
0.01316927554739972 0.02963807886748306 -0.025
-0.02546252092923183 0.02184816317272066 -0.025
-0.02439569375760008 -0.007130448159769473 -0.025
-0.024962003598463 -0.02151962833066132 -0.025
-0.01290640696529502 -0.02860823369568494 -0.025
0.01326856663065464 0.01533912006289413 -0.025
-0.03703932619739548 -0.01422203748036854 -0.025
-0.025217156041941 0.007142857142857388 -0.025
-0.03756949577096606 0.01458462095940422 -0.025
0.02531385508909922 -0.0213181635534136 -0.025
0.01308256879537779 -0.02836166205845837 -0.025
0.02675918889781495 -0.03681018136650925 -0.025
0.0003272761133239974 -0.02160040746679742 -0.025
0.0376915227955625 -0.01416620585679969 -0.025
0.02562732410005872 0.0221556291966325 -0.025
0.02686526944139586 0.03727244026607215 -0.025
-0.03806775468378928 -0.02812292838633635 -0.025
-0.03828965971562422 0.02838336172679014 -0.025
-0.01366083225022232 -0.0405406902052864 -0.025
-0.01366359681702273 0.0406537152808142 -0.025
0.0141401708072583 -0.04043395582210445 -0.025
0.01428571428571429 0.04116142233990921 -0.025
-0.03954213132044461 -0.03954213132044461 -0.025
0.03954213132044464 -0.0395421313204446 -0.025
0.03954213132044464 0.03954213132044464 -0.025
-0.03959794242105735 0.03959794242105741 -0.025
-0.04477106566022231 -0.03762820851736515 -0.025
-0.04477106566022231 -0.04477106566022231 -0.025
-0.03762820851736515 -0.04477106566022231 -0.025
-0.04479897121052868 0.04479897121052871 -0.025
-0.04479897121052868 0.03765611406767157 -0.025
-0.03765611406767153 0.04479897121052871 -0.025
0.03762820851736519 -0.0447710656602223 -0.025
0.04477106566022232 -0.0447710656602223 -0.025
0.04477106566022232 -0.03762820851736515 -0.025
0.04477106566022232 0.04477106566022232 -0.025
0.03762820851736519 0.04477106566022232 -0.025
0.04477106566022232 0.03762820851736519 -0.025
-0.04403387734189464 -0.02477574990745388 -0.025
-0.04403387734189464 -0.03191860705031102 -0.025
-0.03880494300211694 -0.03383252985339048 -0.025
-0.04351966309869774 -0.01068244731161283 -0.025
-0.04351966309869774 -0.01782530445446998 -0.025
-0.03755354044059238 -0.02117248293335244 -0.025
-0.04370133005536669 0.003607662605840542 -0.025
-0.04370133005536669 -0.003535194537016596 -0.025
-0.03722099315406444 -0.007074784705772302 -0.025
-0.04378474788548303 0.01800659619398783 -0.025
-0.04378474788548303 0.01086373905113068 -0.025
-0.03748607794084972 0.007328544514114077 -0.025
-0.04414482985781211 0.03204882372053793 -0.025
-0.04414482985781211 0.02490596657768079 -0.025
-0.03792957774329514 0.02148399134309718 -0.025
-0.03894380106834079 0.03399065207392378 -0.025
-0.03138019872922126 -0.04352328069698367 -0.025
-0.02423734158636412 -0.04352328069698367 -0.025
-0.03329412153230071 -0.03829434635720597 -0.025
-0.01754470183939687 -0.0452703451026432 -0.025
-0.01040184469653972 -0.0452703451026432 -0.025
-0.02035347199718957 -0.03879362579962687 -0.025
-0.003461535556544167 -0.04352432796838987 -0.025
0.003681321586312972 -0.04352432796838987 -0.025
-0.006720523110226764 -0.03879467307103307 -0.025
0.01064151397505772 -0.04521697791105223 -0.025
0.01778437111791488 -0.04521697791105223 -0.025
0.007179978418513547 -0.03874130587944209 -0.025
0.02409388016319321 -0.04340509068325463 -0.025
0.03123673730605034 -0.04340509068325463 -0.025
0.02044967985253662 -0.03862206859430685 -0.025
0.0331506601091298 -0.03817615634347692 -0.025
-0.02426828530053075 0.04356329333235071 -0.025
-0.03141114244338789 0.04356329333235071 -0.025
-0.03335297079677372 0.0383622645428794 -0.025
-0.01040322697993994 0.0453268576404071 -0.025
-0.01754608412279707 0.0453268576404071 -0.025
-0.02038579799475641 0.0388901509727578 -0.025
0.00366256360607025 0.04367286061852683 -0.025
-0.003480293536786888 0.04367286061852683 -0.025
-0.006740663373869693 0.03899971825893393 -0.025
0.01785714285714286 0.04558071116995462 -0.025
0.01071428571428572 0.04558071116995462 -0.025
0.007233992177498816 0.03925357178848145 -0.025
0.03128977757784079 0.04363622013303607 -0.025
0.02414692043498366 0.04363622013303607 -0.025
0.02057549186355508 0.03921693130299068 -0.025
0.03320370038092026 0.0384072857932584 -0.025
0.04397359782560585 -0.0318666061814656 -0.025
0.04397359782560585 -0.02472374903860846 -0.025
0.03874466348582817 -0.03378052898454505 -0.025
0.04384576139778125 -0.01779738864268555 -0.025
0.04384576139778125 -0.01065453149982841 -0.025
0.0378193592233871 -0.0210925662527226 -0.025
0.04381410425868258 -0.003571428571428559 -0.025
0.04381410425868258 0.003571428571428586 -0.025
0.03765986565646383 -0.007083102928399837 -0.025
0.04377772227149715 0.01089393137931871 -0.025
0.04377772227149715 0.01803678852217586 -0.025
0.03759182653017973 0.007322502807890138 -0.025
0.04381410425868258 0.02500000000000001 -0.025
0.04381410425868258 0.03214285714285715 -0.025
0.03759182653017974 0.02160821709360443 -0.025
0.03858516991890491 0.0340567799459366 -0.025
-0.03089917693416673 -0.003528990045472767 -0.025
-0.03071750997749778 -0.010676242820069 -0.025
-0.03130990807633719 0.003607662605840667 -0.025
-0.02480642489977054 6.204491543954083e-06 -0.025
-0.03139332590645353 0.01086373905113081 -0.025
0.03145269421895389 0.003733850898068436 -0.025
0.03141631223176845 0.01105635370595855 -0.025
0.0314440430165321 -0.003544358183655234 -0.025
0.02526852871812083 0.0001894927144131808 -0.025
0.03147570015563077 -0.01062746111205509 -0.025
-0.006343310467763111 -0.03282844481623234 -0.025
-0.006289565425985508 -0.02510432058124118 -0.025
0.0002735310715464012 -0.02932453170178858 -0.025
-0.01328361960775867 -0.03457446195048568 -0.025
0.006651177412573296 -0.03270515899761905 -0.025
0.006704922454350892 -0.02498103476262789 -0.025
0.01361136980131804 -0.03439780894028141 -0.025
0.0003600597919130588 0.02977159700539712 -0.025
-0.006141488447967788 0.02549687063802823 -0.025
-0.006319278170597506 0.03307099486968477 -0.025
0.006675772808341529 0.03349190005226836 -0.025
0.006853562530971247 0.02591777582061182 -0.025
-0.01324221161375055 0.03472499189156504 -0.025
0.013727494916557 0.03539975060369614 -0.025
-0.02600405767130991 -0.02928309486231433 -0.025
-0.01893420528187901 -0.02506393101317313 -0.025
-0.01997625935472592 -0.03282739754482614 -0.025
-0.03255693321397305 -0.03258474489015185 -0.025
-0.03151487914112613 -0.02482127835849883 -0.025
0.03163052537015547 -0.02466854510102955 -0.025
0.03235319227451332 -0.03241455400757738 -0.025
0.02603652199345709 -0.02906417245996143 -0.025
0.03150268894233087 -0.01774218470510665 -0.025
0.03159138432152651 0.01840031740620639 -0.025
0.03162776630871195 0.02536352888403054 -0.025
0.02624629677072729 0.02971403473135233 -0.025
0.03224673897938052 0.03292193441875037 -0.025
-0.01996441279148423 0.03296142758350863 -0.025
-0.01914167366985509 0.02532221583751827 -0.025
-0.02628526005086096 0.02948737491871103 -0.025
-0.03187609032242802 0.0251157624497554 -0.025
-0.03269882944405716 0.03275497419574577 -0.025
0.02545225201030067 0.01481166549638467 -0.025
0.01913706342760806 -0.003404014913577426 -0.025
0.01914571463002986 0.003874194168146244 -0.025
0.01314140798508585 0.007809903301524881 -0.025
0.01927287327559862 0.01140341092951549 -0.025
0.01944794536535667 0.01874737462976332 -0.025
0.01908334188959643 -0.01065931305020383 -0.025
0.01296052780150546 -0.006974611596470767 -0.025
0.02528686630239914 -0.01420343996036205 -0.025
0.01911033067629651 -0.01777403664325539 -0.025
0.006722470541378894 -0.01065834251357938 -0.025
0.006776192079390529 -0.003403044376952977 -0.025
0.0006011881022767798 0.0001648661078193503 -0.025
0.006839245362403337 0.003848597024927958 -0.025
0.006966404007972112 0.01137781378629721 -0.025
0.006617041188408904 -0.0179151585999473 -0.025
0.0004327054662939811 -0.0143435913804295 -0.025
0.01919821194223852 -0.02483991280593598 -0.025
0.01299468752943581 -0.02129578589577777 -0.025
-0.005727886220330089 -0.003515909962394169 -0.025
-0.005664832937317274 0.003735731439486766 -0.025
-0.005669548721700682 -0.01067699168838214 -0.025
-0.01193556976129474 -0.007106126356714718 -0.025
-0.005774978074670672 -0.01793380777475005 -0.025
-0.01200726147630356 0.007197718638836857 -0.025
-0.005678187153696695 0.01087849470905038 -0.025
-0.005741383089070101 0.01826897734107052 -0.025
0.0006010454499161821 0.01480699014172043 -0.025
0.006903208072598706 0.01876829641831736 -0.025
-0.01813646301013271 -0.01069882812123608 -0.025
-0.01819480050876211 -0.003537746395248113 -0.025
-0.01860553165093257 0.003598906256065321 -0.025
-0.01861888586731199 0.01074166952562892 -0.025
-0.01841961793056417 -0.017893418206682 -0.025
-0.02467884867803154 -0.01432503824521539 -0.025
-0.01239181961398018 -0.02143772088919382 -0.025
-0.01242072105158067 0.02156837520535816 -0.025
-0.01874156831095741 0.01809432254056056 -0.025
-0.02533983848558641 0.01449551015778902 -0.025
0.01321892108902718 0.02248859946518859 -0.025
0.01939829982372922 0.02589685403205778 -0.025
0.02001727249439779 0.0334552595667776 -0.025
-0.03151600835009895 0.01821639206606245 -0.025
-0.03100066489792924 -0.01787083290551493 -0.025
0.01992087884659637 -0.03258592171248381 -0.025
2 18 0 115
986
987
988
989
990
991
992
993
994
995
996
997
998
999
1000
1001
1002
1003
1004
1005
1006
1007
1008
1009
1010
1011
1012
1013
1014
1015
1016
1017
1018
1019
1020
1021
1022
1023
1024
1025
1026
1027
1028
1029
1030
1031
1032
1033
1034
1035
1036
1037
1038
1039
1040
1041
1042
1043
1044
1045
1046
1047
1048
1049
1050
1051
1052
1053
1054
1055
1056
1057
1058
1059
1060
1061
1062
1063
1064
1065
1066
1067
1068
1069
1070
1071
1072
1073
1074
1075
1076
1077
1078
1079
1080
1081
1082
1083
1084
1085
1086
1087
1088
1089
1090
1091
1092
1093
1094
1095
1096
1097
1098
1099
1100
0.05 0.01413726422936511 0.01256425894794656
0.05 -0.01413708969042531 0.01248039082959599
0.05 -0.02919294731770535 -0.0122710720554213
0.05 0.02919294731770537 -0.0122710720554213
0.05 1.745389398011277e-07 -0.01257784516650624
0.05 0.03982916980985106 0.005926993309820439
0.05 -0.03982916980985104 0.005926993309820439
0.05 0.01445385154304232 -0.01268648977699673
0.05 0.02066923966385982 0.000160098685939785
0.05 -0.01438931275466498 -0.01262299705965403
0.05 -0.02065827957036715 7.283466742124406e-05
0.05 2.036287630943767e-07 0.01250904585614996
0.05 0.007019820615791969 -4.628718813996097e-05
0.05 -0.007112031682119074 -0.0001905697890450982
0.05 0.02911802553096962 0.01211715845806029
0.05 -0.02911643486919355 0.01209271100993612
0.05 -0.04017926792819979 -0.005851826915621507
0.05 0.0401792679281998 -0.00585182691562151
0.05 -0.04093197807866605 0.01610394086395132
0.05 0.04093229621102128 0.01610883035357615
0.05 -0.04101730019203817 -0.01612457979420856
0.05 0.04101730019203818 -0.01612457979420856
0.05 -0.03179521989906338 -6.071996773000798e-06
0.05 0.03179773005011714 1.62702965555428e-05
0.05 -0.04550865009601909 -0.02056228989710428
0.05 -0.04550865009601909 -0.01431228989710428
0.05 -0.03836579295316193 -0.02056228989710428
0.05 -0.04546598903933303 0.01430197043197566
0.05 -0.04546598903933303 0.02055197043197566
0.05 -0.03832313189647588 0.02055197043197566
0.05 0.03832329096265351 0.02055441517678808
0.05 0.04546614810551064 0.02055441517678808
0.05 0.04546614810551064 0.01430441517678808
0.05 0.04550865009601909 -0.01431228989710428
0.05 0.04550865009601909 -0.02056228989710428
0.05 0.03836579295316196 -0.02056228989710428
0.05 -0.04508963396409989 -0.009175913457810748
0.05 -0.04508963396409989 -0.00292591345781075
0.05 -0.04059828406011898 -0.01098820335491503
0.05 -0.04491458490492552 0.002963496654910219
0.05 -0.04491458490492552 0.009213496654910218
0.05 -0.04000421886902542 3.758319709946598e-05
0.05 -0.04038057394425855 0.01101546708688588
0.05 -0.03241536029173962 0.01854635550496806
0.05 -0.02527250314888248 0.01854635550496806
0.05 -0.0350242064739298 0.01409832593694372
0.05 -0.01778283055949836 0.018740195414798
0.05 -0.01063997341664122 0.018740195414798
0.05 -0.02162676227980943 0.01228655091976606
0.05 -0.003571326757047022 0.01875452292807498
0.05 0.003571530385810123 0.01875452292807498
0.05 -0.007068443030831109 0.01249471834287297
0.05 0.01064006068611113 0.01878212947397328
0.05 0.01778291782896828 0.01878212947397328
0.05 0.007068733929064097 0.01253665240204826
0.05 0.02527329847977054 0.01855857922903014
0.05 0.03241615562262767 0.01855857922903014
0.05 0.02162764488016737 0.01234070870300342
0.05 0.03502516087099546 0.01411299440581822
0.05 0.0450896339640999 -0.002925913457810753
0.05 0.0450896339640999 -0.009175913457810752
0.05 0.04059828406011899 -0.01098820335491504
0.05 0.04491458490492553 0.009213496654910218
0.05 0.04491458490492553 0.002963496654910219
0.05 0.04000421886902543 3.758319709946251e-05
0.05 0.04038073301043617 0.01101791183169829
0.05 -0.02531075937313838 -0.01863553602771065
0.05 -0.03245361651599552 -0.01863553602771065
0.05 -0.03510512375487176 -0.01419782592481493
0.05 -0.01076608494876106 -0.01881149852982702
0.05 -0.0179089420916182 -0.01881149852982702
0.05 -0.02179113003618516 -0.01244703455753766
0.05 0.003571515840898473 -0.01878892258325312
0.05 -0.003571341301958665 -0.01878892258325312
0.05 -0.007194569107862592 -0.01260042111308013
0.05 0.01794121148580689 -0.01884324488849836
0.05 0.01079835434294973 -0.01884324488849836
0.05 0.007227013040991062 -0.01263216747175148
0.05 0.03245361651599556 -0.01863553602771065
0.05 0.02531075937313841 -0.01863553602771065
0.05 0.02182339943037385 -0.01247878091620901
0.05 0.03510512375487178 -0.01419782592481493
0.05 0.01057854242257854 0.006258985879903298
0.05 0.01384453013982589 5.690574889991029e-05
0.05 0.01740325194661246 0.006362178816943169
0.05 0.02489363259741471 0.006138628572000038
0.05 0.003510012122277528 0.006231379334004999
0.05 -0.01388515562624312 -5.886756081192879e-05
0.05 -0.01062456068627219 0.006144910520275444
0.05 -0.01739768463039623 0.006276612748508617
0.05 -0.02488735721978035 0.006082772838678682
0.05 -0.003555914026677987 0.006159238033552429
0.05 -0.01752379616251607 -0.006275081196116396
0.05 -0.02492561344403625 -0.006099118694000025
0.05 -0.02622674973471526 3.338133532412163e-05
0.05 -0.03049408360838436 -0.006138572026097147
0.05 -0.03468610762295257 -0.0090614494855214
0.05 -0.03598724391363158 -0.002928949456197254
0.05 0.0249310934907826 -0.006055486684740759
0.05 0.01756154560345106 -0.006263195545528469
0.05 0.03049533868391126 -0.006127400879432879
0.05 0.02623348485698848 8.818449124766564e-05
0.05 0.03468610762295259 -0.009061449485521407
0.05 0.03598849898915847 -0.002917778309532985
0.05 0.01073683607941715 -0.006366388482568344
0.05 0.003509997577365885 -0.006312066177323099
0.05 -0.003555928571589637 -0.006384207477775669
0.05 -0.01075067221839203 -0.006406783424349565
0.05 -4.610553316355265e-05 -0.0001184284885925313
0.05 0.03447359767041035 0.009022075883940363
0.05 0.03045787779054339 0.006066714377307915
0.05 0.0358134499299841 0.002971631803187991
0.05 -0.0344728023395223 0.009009852159878283
0.05 -0.0358121948544572 0.002960460656523719
0.05 -0.03045582738412846 0.00604331950658156
3 1 0 950
1101
1102
1103
1104
1105
1106
1107
1108
1109
1110
1111
1112
1113
1114
1115
1116
1117
1118
1119
1120
1121
1122
1123
1124
1125
1126
1127
1128
1129
1130
1131
1132
1133
1134
1135
1136
1137
1138
1139
1140
1141
1142
1143
1144
1145
1146
1147
1148
1149
1150
1151
1152
1153
1154
1155
1156
1157
1158
1159
1160
1161
1162
1163
1164
1165
1166
1167
1168
1169
1170
1171
1172
1173
1174
1175
1176
1177
1178
1179
1180
1181
1182
1183
1184
1185
1186
1187
1188
1189
1190
1191
1192
1193
1194
1195
1196
1197
1198
1199
1200
1201
1202
1203
1204
1205
1206
1207
1208
1209
1210
1211
1212
1213
1214
1215
1216
1217
1218
1219
1220
1221
1222
1223
1224
1225
1226
1227
1228
1229
1230
1231
1232
1233
1234
1235
1236
1237
1238
1239
1240
1241
1242
1243
1244
1245
1246
1247
1248
1249
1250
1251
1252
1253
1254
1255
1256
1257
1258
1259
1260
1261
1262
1263
1264
1265
1266
1267
1268
1269
1270
1271
1272
1273
1274
1275
1276
1277
1278
1279
1280
1281
1282
1283
1284
1285
1286
1287
1288
1289
1290
1291
1292
1293
1294
1295
1296
1297
1298
1299
1300
1301
1302
1303
1304
1305
1306
1307
1308
1309
1310
1311
1312
1313
1314
1315
1316
1317
1318
1319
1320
1321
1322
1323
1324
1325
1326
1327
1328
1329
1330
1331
1332
1333
1334
1335
1336
1337
1338
1339
1340
1341
1342
1343
1344
1345
1346
1347
1348
1349
1350
1351
1352
1353
1354
1355
1356
1357
1358
1359
1360
1361
1362
1363
1364
1365
1366
1367
1368
1369
1370
1371
1372
1373
1374
1375
1376
1377
1378
1379
1380
1381
1382
1383
1384
1385
1386
1387
1388
1389
1390
1391
1392
1393
1394
1395
1396
1397
1398
1399
1400
1401
1402
1403
1404
1405
1406
1407
1408
1409
1410
1411
1412
1413
1414
1415
1416
1417
1418
1419
1420
1421
1422
1423
1424
1425
1426
1427
1428
1429
1430
1431
1432
1433
1434
1435
1436
1437
1438
1439
1440
1441
1442
1443
1444
1445
1446
1447
1448
1449
1450
1451
1452
1453
1454
1455
1456
1457
1458
1459
1460
1461
1462
1463
1464
1465
1466
1467
1468
1469
1470
1471
1472
1473
1474
1475
1476
1477
1478
1479
1480
1481
1482
1483
1484
1485
1486
1487
1488
1489
1490
1491
1492
1493
1494
1495
1496
1497
1498
1499
1500
1501
1502
1503
1504
1505
1506
1507
1508
1509
1510
1511
1512
1513
1514
1515
1516
1517
1518
1519
1520
1521
1522
1523
1524
1525
1526
1527
1528
1529
1530
1531
1532
1533
1534
1535
1536
1537
1538
1539
1540
1541
1542
1543
1544
1545
1546
1547
1548
1549
1550
1551
1552
1553
1554
1555
1556
1557
1558
1559
1560
1561
1562
1563
1564
1565
1566
1567
1568
1569
1570
1571
1572
1573
1574
1575
1576
1577
1578
1579
1580
1581
1582
1583
1584
1585
1586
1587
1588
1589
1590
1591
1592
1593
1594
1595
1596
1597
1598
1599
1600
1601
1602
1603
1604
1605
1606
1607
1608
1609
1610
1611
1612
1613
1614
1615
1616
1617
1618
1619
1620
1621
1622
1623
1624
1625
1626
1627
1628
1629
1630
1631
1632
1633
1634
1635
1636
1637
1638
1639
1640
1641
1642
1643
1644
1645
1646
1647
1648
1649
1650
1651
1652
1653
1654
1655
1656
1657
1658
1659
1660
1661
1662
1663
1664
1665
1666
1667
1668
1669
1670
1671
1672
1673
1674
1675
1676
1677
1678
1679
1680
1681
1682
1683
1684
1685
1686
1687
1688
1689
1690
1691
1692
1693
1694
1695
1696
1697
1698
1699
1700
1701
1702
1703
1704
1705
1706
1707
1708
1709
1710
1711
1712
1713
1714
1715
1716
1717
1718
1719
1720
1721
1722
1723
1724
1725
1726
1727
1728
1729
1730
1731
1732
1733
1734
1735
1736
1737
1738
1739
1740
1741
1742
1743
1744
1745
1746
1747
1748
1749
1750
1751
1752
1753
1754
1755
1756
1757
1758
1759
1760
1761
1762
1763
1764
1765
1766
1767
1768
1769
1770
1771
1772
1773
1774
1775
1776
1777
1778
1779
1780
1781
1782
1783
1784
1785
1786
1787
1788
1789
1790
1791
1792
1793
1794
1795
1796
1797
1798
1799
1800
1801
1802
1803
1804
1805
1806
1807
1808
1809
1810
1811
1812
1813
1814
1815
1816
1817
1818
1819
1820
1821
1822
1823
1824
1825
1826
1827
1828
1829
1830
1831
1832
1833
1834
1835
1836
1837
1838
1839
1840
1841
1842
1843
1844
1845
1846
1847
1848
1849
1850
1851
1852
1853
1854
1855
1856
1857
1858
1859
1860
1861
1862
1863
1864
1865
1866
1867
1868
1869
1870
1871
1872
1873
1874
1875
1876
1877
1878
1879
1880
1881
1882
1883
1884
1885
1886
1887
1888
1889
1890
1891
1892
1893
1894
1895
1896
1897
1898
1899
1900
1901
1902
1903
1904
1905
1906
1907
1908
1909
1910
1911
1912
1913
1914
1915
1916
1917
1918
1919
1920
1921
1922
1923
1924
1925
1926
1927
1928
1929
1930
1931
1932
1933
1934
1935
1936
1937
1938
1939
1940
1941
1942
1943
1944
1945
1946
1947
1948
1949
1950
1951
1952
1953
1954
1955
1956
1957
1958
1959
1960
1961
1962
1963
1964
1965
1966
1967
1968
1969
1970
1971
1972
1973
1974
1975
1976
1977
1978
1979
1980
1981
1982
1983
1984
1985
1986
1987
1988
1989
1990
1991
1992
1993
1994
1995
1996
1997
1998
1999
2000
2001
2002
2003
2004
2005
2006
2007
2008
2009
2010
2011
2012
2013
2014
2015
2016
2017
2018
2019
2020
2021
2022
2023
2024
2025
2026
2027
2028
2029
2030
2031
2032
2033
2034
2035
2036
2037
2038
2039
2040
2041
2042
2043
2044
2045
2046
2047
2048
2049
2050
0.009062499999999996 0.01875 -0.0001195060795600722
0.01069240569907279 -0.007249269789556447 0
-0.01118709215906435 -0.02121457673135505 3.469446951953614e-18
-0.02623829365615937 0.02623670234226553 -0.0009857008363134167
0.02625201170532821 -0.02621874154122539 -0.001096900548318613
-0.01185454485703849 0.004388251232435905 3.469446951953614e-18
0.02849183335901749 0.02849289833995429 0.003999462575251246
0.02780946535781004 0.006870014472509477 -0.00104232575652448
-0.02971971603304132 -0.02971346702466654 0.005404662981011344
-0.006950734015042488 0.01959470639398301 -0.007814811046672549
-0.02887780856220819 -0.008226774463355076 0.003947218080088122
0.00654303092190676 -0.03018558174101637 -0.004807518863614803
0.03188054250106996 -0.009916353530723872 0.007245636919598487
-0.002972624248441189 0.0323158175150394 0.005858546571615806
-0.03151437336119506 0.00817061746179723 -0.006465297800732223
0.007094555667833701 0.03421214037491596 -0.008673238413468631
0.00273187998553512 0.006250000000000004 -0.008873231368609158
0.03494116889387506 -0.03484441274322786 0.009655513208552916
0.03497718332037957 0.03500094792834806 -0.009457326524421539
-0.03367056939090836 -0.01969735021683231 -0.008570812842210573
0.008756163606389677 0.01905408807042889 -0.01399060037638808
0.03348291897839899 -0.007101771326040231 -0.009763023834301766
-0.03512784241189927 0.03512792265097831 0.01013345277037613
0.01287879596565952 -0.0218724126190608 0.008970705460858867
0.03553046840082716 -0.03533374991522002 -0.01016986733042517
0.002918956883566894 0.005350567502917349 0.007866592731624602
-0.02012464509401248 -0.03362986419652552 -0.009011226100404966
-0.003603335354289465 -0.00897407803002704 -0.008074767720074094
-0.0354280278939474 0.03542767384348175 -0.01019980939683732
0.0133675262065921 0.03459559732878541 0.006599265603932129
-0.003398713128436736 -0.03374067691030613 0.008629484555593703
-0.01355086838570702 0.01930059326409321 0.007712016946025452
-0.02986338345759035 0.01340324035217903 0.009754772470074917
0.02086701899694687 0.01577437066920375 0.01064333429552535
-0.03567739097957653 -0.03548935329698023 -0.01031390616793649
-0.006769344559321403 -0.008289294241226075 0.009865317707641421
0.02431404597741758 0.02027511295222676 -0.009125676629765218
-0.01988858402953386 -0.01076722219005534 -0.009598497496167587
-0.01334203300261304 0.03470138698846233 -0.006676985659604835
0.01970249605840693 -0.01514539053779966 -0.01056978107476524
-0.01818915443020463 0.03444893159809988 0.01080284941295487
0.0199100518272118 -0.0001566563290882863 0.0107494638978273
0.0194584073750191 -0.03555562016945087 -0.01134890993737937
0.03732548361284578 0.03733159675267452 0.01134560246966505
0.01951223348299045 -0.03585633618251256 0.008965147029827925
0.03571991221270691 0.01590573046706201 0.008069740194410858
0.01710915972288121 0.001673288895912398 -0.01045841693342691
0.02108018125851067 0.03653775250441094 -0.005546698109751725
0.03767862952130722 -0.021008773625895 -0.00850500150116058
-0.005815461880212717 -0.03293397023899055 -0.01225596376897953
-0.02006348237464076 0.0008789412018986274 0.01222190166252187
-0.03805908229927647 -0.03809253679262185 0.01126340648882931
-0.03611460810785648 -0.005218276283791556 -0.01112578821676268
-0.01773060454522296 -0.03566522468384811 0.01165993253144349
0.03725056356926552 0.007229869955393865 -0.01225209414993579
-0.03679191010991765 0.02085869103936146 -0.01171664128355101
-0.009402639436040489 0.01199147881320945 -0.003907405523336273
-0.009485674853862737 0.01696759415119174 -0.01640740552333628
-0.01193758027486074 0.009364366570418187 -0.0125
-0.02168445910911677 0.006279434347116568 -0.00323264890036611
-0.02176749452693902 0.01125554968509885 -0.01573264890036611
-0.01923255368811877 0.01388266192789012 -0.007140054423702386
-0.01807454787876368 -0.02136710253100819 0.0125
-0.02003245036063627 -0.01472067559735506 0.001973609040044063
-0.02691990608033559 -0.0148732013970082 0.01447360904004406
-0.0158656740788922 -0.0149044612859437 0.01743265885382071
-0.0178235765607648 -0.008258034352290576 0.006906267893864772
-0.008978218359192878 -0.01475193548629056 0.004932658853820712
0.00452151546095338 -0.02134279087050818 -0.0144862594318074
0.00452151546095338 -0.02759279087050819 -0.0144862594318074
0.01110124802920346 -0.02007269526889983 -0.01736739053738262
0.01312276349015684 -0.02266548613940802 -0.007688649969190024
0.01110124802920346 -0.01382269526889983 -0.01736739053738262
-0.01620662747213716 0.02072143478335183 -0.01640740552333628
-0.01659451383560093 0.02291570436812427 -0.004400255941492983
-0.0258504072926956 0.02404243275749309 -0.01299285041815671
-0.02848844714521344 0.01500939031725895 -0.01573264890036611
-0.02887633350867722 0.01720365990203138 -0.00372549931852282
-0.02045340409605284 -0.0254640218780108 0.002702331490505673
-0.02734085981575216 -0.02561654767766394 0.01520233149050567
-0.02929876229762476 -0.01897012074401081 0.004675940530549733
-0.01153216221086485 -0.01774089240702887 0.0125
-0.009323288410993376 -0.01127825116196439 0.01743265885382071
-0.0005516676771447325 -0.01073703901501352 -0.01611988386003705
0.001469847783808648 -0.0195798298855217 -0.006441143291844449
0.00804958035205873 -0.01205973428391335 -0.009322274397419669
-0.0005516676771447325 -0.01698703901501352 -0.01611988386003705
-0.01853585044948974 0.005765554187646646 -0.0125
-0.02836576470156803 0.007656737302327309 -0.01573264890036611
-0.0333795211152184 -0.02196775225251754 0.01520233149050567
-0.03985985801652066 -0.02192527835754592 0.008942526905303666
-0.04351966309869774 -0.01417956358539692 0.018740195414798
-0.03295856737980184 -0.01122440597186181 0.01447360904004406
-0.0394389042811041 -0.01118193207689019 0.008213804454842056
0.04248859166018978 0.02472739973569519 -0.01107190815070913
0.03630269591887237 0.03178618824988832 -0.01722866326221077
0.04381410425868259 0.02151264005723545 -0.01884324488849836
0.03715702298870879 0.01736448224763455 -0.01090608320338097
0.03097112724739138 0.02442327076182767 -0.01706283831488261
0.02964561464889857 0.02763803044028741 -0.009291501577093379
0.04377772227149715 0.01454942857941129 -0.01884324488849836
0.03093474526020594 0.01746005928400352 -0.01706283831488261
-0.02255287003573743 -0.001812182523598978 -0.01729924874808379
-0.02570147869536446 -0.001298302364129057 -0.008031897648449905
-0.01587156444328618 -0.00318948547880972 -0.004799248748083792
0.04248859166018978 0.02783509379610394 -0.004648613919240877
0.03715702298870879 0.02047217630804329 -0.004482788971912717
-0.01192422605848132 0.002221603300854576 -0.0125
-0.015941245644729 -0.005356133410391049 -0.01729924874808379
0.004800174757271383 0.02047373638687029 0.01244024696021996
0.005990728441783446 0.01205028375145867 0.003873543326032265
0.001728403199054832 0.01377402013832896 0.0164332963658123
-0.006506509435582127 0.0207490330189169 0.01635600847301273
-0.005315955751070064 0.01232558038350528 0.007789304838825027
-0.002244184192853514 0.01902529663204661 0.00379625543323269
0.03491386907614084 -0.01896764008968469 0.01612281845979924
0.04094027125053498 -0.01202672161057459 0.009863013874597239
0.04397359782560586 -0.02107800816953541 0.018740195414798
0.0364441822725434 -0.03143166969593669 0.01732775660427646
0.04247058444693753 -0.02449075121682658 0.01106795201907445
0.03341085569747251 -0.02238038313697586 0.008450575064075701
-0.00121738736694921 0.02725664514438999 0.0154292732858079
0.003044937875779403 0.0255329087575197 0.002869520246027867
-0.008261746317074107 0.0258082053895663 0.006785281758820629
0.01121501310329605 0.02667279866439271 0.003239879762186028
0.01326840087699592 0.03211683809813424 0.01579963280196606
0.01111588777369986 0.02419403943374154 0.01244024696021996
0.01496475949847343 0.01726218533460188 0.00526191410798264
0.0170181472721733 0.02270622476834341 0.01782166714776268
0.01711727260176948 0.02518498399899458 0.008621299949728741
0.04384576139778126 -0.0141516477736125 0.018740195414798
0.03478603264831624 -0.01204127969376178 0.01612281845979924
0.006952687860567437 0.02839653505126299 0.01579963280196606
0.005197450979075457 0.0334557074219124 0.006228906087773968
0.03924591667950875 0.02458106900190705 0.002079780630595515
0.03173450833969853 0.03174692313415117 -0.002728931974585147
0.02640293966821753 0.02438400564609053 -0.002563107027256986
-0.02134630407184298 -0.02859242650725471 0.01832996626572175
-0.01445884835214365 -0.02843990070760158 0.005829966265721746
-0.02372516028913214 -0.03268934585425733 0.008532297756227417
-0.0394389042811041 -0.004113285417295991 0.008228131968119041
-0.0394389042811041 -0.0006034769237815533 0.001950465445974081
-0.03993169172879518 0.0102115304839855 0.004854242640967478
-0.02937059600989927 0.002588232944411979 0.00685099527508152
-0.03993169172879518 0.006701721990471064 0.01113190916311244
0.04362528178463276 0.01394955480962684 -0.006045997731998004
0.04362528178463276 0.01084186074921809 -0.01246929196346626
0.03078230477334155 0.01375249145381031 -0.0106888853898505
0.03740300405612991 0.01093743778558706 -0.0186260470749679
0.04381410425868258 1.018143815575967e-07 0.01875452292807498
0.04094027125053498 -0.004958074950980389 0.009877341387874224
0.03475437550921756 -0.004958176765361926 0.01612281845979924
0.03667406036503604 0.007952865233531017 0.01653487009720543
0.03380022735688844 0.002994688468169071 0.007657688557004673
0.04285995610635346 0.007952967047912554 0.01028939302528041
0.04285995610635346 0.01828748506546092 0.004114919440175321
0.03001697909506225 0.01809042170964439 -0.0005279682176771803
0.0321058727858622 0.02219931440350816 0.006034601384831051
0.01179960598128331 -0.01073958976132682 0.0125
0.005615270259168382 -0.007168022541809023 0.0125
0.01022409332323789 -0.003621715811574942 0.01787473194891365
0.0153012287631423 -0.003702963059322367 0.00537473194891365
0.01640842904535282 -0.007193283031092739 0.01787473194891365
0.01070243425574482 0.01898592172147217 0.01782166714776268
0.04381410425868259 0.02888218794456698 -0.01863553602771065
0.04248859166018978 0.03209694762302671 -0.01086419928992142
0.02589529716414088 -0.005036504929906079 0.008997550408712893
0.02876913017228848 -7.832816454413273e-05 0.01787473194891365
0.02781498201995936 0.007874537068986864 0.009409602046119079
-0.003051667677144733 -0.01698703901501352 -0.01611988386003705
-0.004157730940106358 -0.02896698511949528 -0.01821048188448977
-0.004709398617251091 -0.02095402413450879 -0.01016536574452681
-0.001657730940106358 -0.02896698511949528 -0.01821048188448977
0.01289280111457668 -0.018051161176079 0.01698535273042943
0.01178560083236616 -0.01456084120430863 0.004485352730429434
0.006708465392461748 -0.0144795939565612 0.01698535273042943
-0.04403387734189464 -0.02113000903838083 0.018740195414798
-0.0338937353584153 -0.02891819770550145 0.01520233149050567
-0.03019609096170162 -2.807850077892263e-05 -0.00125903986032205
-0.04075718668059753 0.0075952190387946 -0.003255792494436092
-0.03068887840939271 0.01078692890698813 0.001644737334671347
0.04397359782560586 -0.02856768075891953 0.01854635550496806
0.04247058444693753 -0.0319804238062107 0.01087411210924452
-0.03985985801652066 -0.02518587329751685 0.002738748824216294
-0.0394389042811041 -0.01444252701686112 0.002010026373754683
0.006805681291319844 -0.0009493511433195491 0.003933296365812301
0.001728545851415433 -0.0008681038955721245 0.0164332963658123
0.01141450435538935 0.002596955586914531 0.00930802831472595
0.02906627710319909 -0.01806754753597463 0.003074368185639938
0.0285971987950846 -0.01561725854206874 0.01612281845979924
0.02578293339721372 -0.0237684525473195 0.01195154972584069
0.03059659029960164 -0.03053157714222662 0.004279306330117152
0.03012751199148715 -0.02808128814832073 0.01732775660427646
0.008617718310489776 -0.01871742576528641 -0.002403759431807402
-0.002322030618578796 -0.02570007923618571 -0.0024037594318074
-0.0002473432299957799 -0.01423192326045575 1.734723475976807e-18
0.003544535172391664 -0.008111673909791743 -0.004037383860037047
-0.007395213756676909 -0.01509432738069104 -0.004037383860037045
-0.003115604870028715 -0.007688034767643836 0.01743265885382071
0.003054725703169061 -0.01508085343014344 0.009418011584250145
0.001961530569875695 -0.007769282015391261 0.004932658853820711
0.02984500392944 -0.001523169529107198 0.003101655581537003
0.03890473267890503 0.003435109050636286 0.00573336004981274
0.03176468878525848 0.01138787246978575 0.003513707218943189
-0.03314023433647079 -0.004077153197265575 0.01447360904004406
-0.04370133005536669 3.633584879350962e-05 0.01875452292807498
-0.03363302178416187 0.006737854210501479 0.01737738623503746
0.03648523789098622 0.01156780021122794 -0.002091176977762467
0.0008458519032975859 -0.02154349467520793 0.004485352730429435
0.009710913443783142 -0.02602899718003859 0.002081593298622032
-0.04403387734189464 -0.02861968162776495 0.01854635550496806
-0.03985985801652066 -0.02941495094693004 0.008748686995473732
-0.004644367853573933 0.01029524095420024 -0.01693661568430458
-0.004561332435751684 0.005319125616217954 -0.004436615684304577
-0.002109427014753684 0.0129223531969915 -0.008344021207640853
0.03890473267890503 0.006944917544150723 -0.0005443064723322205
0.04094027125053498 -0.001448266457465952 0.003599674865729263
0.006752912184295874 -0.003650394567057321 -0.009266592326750502
0.009804579861440605 -0.005413355552043797 -0.01731170846671345
0.01840582789064407 -0.006736050820943631 -0.01051409900409608
-0.007188616131332671 -0.01963360404135134 -0.0245825
-0.007740283808477404 -0.01162064305636486 -0.01653738386003705
-0.008846347071439029 -0.02360058916084662 -0.01862798188448977
-0.01940227696592243 0.02827477508059149 -0.01583849282980242
-0.01014638350882776 0.02714804669122266 -0.007245898353138693
-0.01979016332938621 0.03046904466536392 -0.003831343247959126
0.007703403131746909 -0.01961495486654859 -0.0245825
0.007703403131746909 -0.01336495486654858 -0.0245825
0.01630465116095037 -0.01468765013544842 -0.01778489053738262
-0.01904641925659893 0.01531247678735071 -0.0004928504181567066
0.01706779281380075 0.01555674536604896 0.01782166714776268
0.02385975859251092 0.003356679071710595 0.004853569070651409
-0.007637972695551043 -0.02400394249650441 0.01681474227779685
-0.007292902643750545 -0.02747762682083059 0.004314742277796853
-0.00508402884387907 -0.0210149855757661 0.009247401131617563
0.01519745087873986 -0.01119733016367805 -0.005284890537382622
-0.001925193837877254 -0.001469363369154363 0.008865955219633011
-0.004631013637194511 0.003152477684636625 -0.01693661568430458
0.04285995610635346 0.01146277554142699 0.004011726503135448
-0.001535718507556366 -0.02767054218855178 0.01681474227779685
-0.003221034222998699 -0.01494485085401175 0.01743265885382071
-0.01204674956217969 -0.02491140521352 0.0125
-0.01531850575525899 -0.03213672918976652 0.01832996626572175
-0.03112721551957474 0.02135342710604106 -0.01835832064177551
-0.03151510188303851 0.02354769669081349 -0.006351171059932212
-0.03415314173555635 0.01451465425057934 -0.009090969542141615
-0.0005516676771447325 -0.004487039015013518 -0.01611988386003705
0.009804579861440605 0.0008366444479562009 -0.01731170846671345
0.0003637845208470216 -0.03155977599000346 -0.008531741316297168
0.01909632552737938 -0.02159528808623721 0.01698535273042943
0.01956540383549387 -0.0240455770801431 0.003936902456270128
0.02237966923336474 -0.01589438307489234 0.008108171190228677
-0.004725367007521244 0.02229735319699151 -0.01598990552333628
-0.003475367007521244 0.0191723531969915 -0.01598990552333628
-0.004725367007521244 0.01604735319699151 -0.01598990552333628
0.013900782710977 -0.002787990446822024 -0.005229208466713455
0.007703403131746909 -0.01961495486654859 -0.0246
0.001413638056661999 -0.02330020373339871 -0.0246
0.007791284397688897 -0.02668083102922918 -0.0246
0.03890473267890503 -0.0001210086048047988 -0.0006164477727847891
0.04094027125053498 -0.008514192606421472 0.003527533565276695
-0.04370133005536669 -0.00703231081080069 0.018740195414798
-0.007260307846341493 0.01342024095420024 -0.0245825
0.00011593999276756 0.009375000000000005 -0.01651911568430458
-0.04183528469545418 -0.02017781489359973 -0.004248989087394664
-0.03169514271197484 -0.02470540862074943 -0.001583074930599615
-0.03127418897655827 -0.01396206234009369 -0.002311797381061225
0.03089124005307768 -0.03077624572822271 -0.00563338393937189
0.03360440342601059 -0.04266687495761001 -0.005071981674451086
0.02896517507826112 -0.0381093707706127 -0.0005354982833978085
0.02285520954017366 -0.03088718085533813 -0.006222905242848993
0.02556837291310656 -0.04277781008472543 -0.005661502977928189
0.02749443788792313 -0.03544468504233544 -0.01075938863390227
0.01646215058336445 6.201510553367572e-05 0.01787473194891365
0.0417414594891995 -0.007106901504079653 -0.004976796811673432
0.03064619216810452 -0.0001158784267653772 -0.005402674795413123
0.03268173073973447 -0.008509062428382052 -0.001258693457351639
-0.0394389042811041 -0.007669403072737075 0.001878324145521512
-0.04491467215522846 0.0450896339640999 3.758370841515368e-05
-0.04491467215522846 0.04491458490492553 0.005926993821136128
-0.0427140139469737 0.03780347088584077 -0.008025818156229417
-0.0427140139469737 0.0376284218266664 -0.002136408043508443
-0.03762868610220216 0.04271383692174088 -0.002136407532192753
-0.007246953629962072 0.006277477684636625 -0.0245825
0.00796660311154199 0.002815627021536493 0.0164332963658123
0.004740041418611394 -0.02780654476468346 0.008800095008226285
0.006603036039491765 -0.02173641004292912 0.01698535273042943
0.02241304428604484 -0.02858724986796308 0.01698257351491396
0.02722670118843275 -0.0353503744628702 0.00931033011919042
0.02288212259415933 -0.03103753886186897 0.003934123240754656
0.02559528596709224 -0.04292816809125628 0.00449552550567546
0.01948532042900478 -0.03570597817598171 -0.001191881453775725
-0.01270270662137276 0.01184442224826456 0.003856008473012728
-0.0198945810209332 0.02276864780317937 0.003363158054856018
-0.01025080120037476 0.01944764982903811 -5.139705032354861e-05
0.01500798299318751 -0.00627831041859239 -0.01772920846671346
-0.03044527441158961 0.02863791850810121 -0.01759990469841866
-0.03083316077505339 0.03083218809287364 -0.00559275511657537
-0.02438503044828022 0.03506453041597204 -0.00843839752822108
0.02259361587387721 0.003655522733524283 0.01787473194891365
0.03049854606662476 0.01168671613159943 0.01653487009720543
-0.0450874617760415 0.0450896339640999 -0.005849855090062524
-0.0378014757230152 0.04271383692174088 -0.008023846330670431
-0.005186339956805433 -0.008631686135626558 0.0008952749937836636
-0.008152560046865879 -0.03117445530299554 0.01681474227779685
0.0144862759136059 0.009296671835455858 0.005314978909133614
0.0130858298614406 0.0102116444479562 -0.005288961506493491
0.01001405830322405 0.003511928199414874 -0.001295912100901154
0.01850960577504651 0.000758316283412056 0.0001455234822001945
-0.04491467215522846 -0.04508963396409989 -0.00588941062403666
-0.0450874617760415 -0.04508963396409989 -1.971825558982204e-06
-0.03894421330486669 -0.04404626839631093 0.00266820607818875
-0.03911700292567974 -0.04404626839631093 0.008555644876666428
-0.04402954114963824 -0.03913590236041081 0.002705789786603904
0.04510675810991305 0.04491458490492553 4.514421942582517e-05
0.04492709790332877 0.04491458490492553 0.005927066640137616
0.03741568956351855 0.04250047396417403 -0.001765093276983373
0.04248859166018978 0.03741505886909956 -0.00176516660730055
0.03759534977010284 0.04250047396417403 -0.007647015697695164
0.01843598267890502 0.01281000723625474 -0.0005809159180422761
0.02245931254034563 0.004271651684210937 -0.005750371344975695
0.02128647410007138 -0.008582811660140161 0.003622818459799244
0.02208766233873589 -0.007175520557798339 -0.004881511917150883
0.0252960393506401 -0.002714241215063916 -0.01011072038386434
0.02449485111197559 -0.004121532317405737 -0.001606390006914211
0.0209296797828048 0.03154424783436985 0.005299364089591687
0.02011639782399399 0.03593401879742878 0.01579963280196606
0.02767855140020668 0.03288266930301322 0.01449973128762562
0.03290865848593164 0.03291224754631441 0.007672532522458149
0.03209537652712083 0.03730201850937334 0.01817280123483253
0.02534650490971894 0.03596359704072996 0.008972434036798592
0.01619551472432499 -0.02886437440078668 0.008967926245343396
-0.0450874617760415 -0.04491458490492552 0.00588743828716199
-0.04402954114963824 -0.03896085330123644 0.008595199899324876
-0.01553783809429911 -0.0159908994607052 -0.004799248748083792
-0.0158829081460996 -0.01251721513637902 -0.01729924874808379
-0.01153216221086485 -0.01774089240702887 -0.0125
-0.008501277019638535 -0.0270742734851728 -0.006127981884489766
-0.01285202295487329 -0.02185059621452295 -0.01092723063257356
-0.04402954114963824 -0.03494387834584262 0.005628667246028157
-0.04075718668059753 0.0005292928898390781 -0.00332793379488866
0.0285702100083845 -0.00850253494901718 0.01612281845979924
0.01906933674067928 -0.01448056449318565 0.01698535273042943
0.02258496467145542 -0.003622686348199388 0.01787473194891365
0.01639442389643566 -0.01101453447407454 0.009860084679343083
0.04510675810991305 0.0450896339640999 -0.005844265893295149
0.04248859166018978 0.03759010792827393 -0.007654576720021525
0.02579151927973844 -0.01253087203426177 -0.001662072077583379
0.02659270751840296 -0.01112358093191994 -0.01016640245453351
-0.009885780212760424 0.02419548744814944 -0.01640740552333628
-0.0130814297065457 0.0317488277453891 -0.01583849282980242
-0.03492156823473808 -0.04404626839631093 0.005637057088250751
-0.04305730405392824 -0.006165153982955316 -0.005658179002903888
-0.03249620833503233 -0.006722525373573316 -0.003589285068337278
-0.03381449073452577 0.001476170589002837 -0.00879554300874745
0.0194974251533254 0.02837561326270896 0.01579963280196606
0.0270595787295381 0.0253242637682934 0.01449973128762562
0.02324717154850279 0.01896499993291813 0.01782166714776268
0.02467942617798217 0.02213363450457902 0.007321398435388298
-0.003051667677144733 -0.01073703901501352 -0.01611988386003705
0.02297725388186757 -0.02068206603951252 -0.005833340811541929
0.01629064601203322 -0.01850890157843023 -0.0007995378069531886
0.01424723700691959 -0.04521697791105223 0.01877876194479428
0.005477795039072063 -0.04187033845515306 0.01059350422259113
0.005370728839410793 -0.0370873163662053 0.01681474227779685
0.01682620214512439 -0.03814514600230851 0.01698257351491396
0.008056760177276856 -0.03479850654640934 0.008797315792710814
0.01693326834478566 -0.04292816809125628 0.01076133545970824
0.00706736840956709 -0.04521697791105223 0.01882410204236962
-0.00170207355828044 -0.04187033845515306 0.01063884432016647
-0.04305730405392824 0.0009007721660002064 -0.00558603770245132
0.03330975367253454 -0.04242220637161393 0.004840708595037956
0.03523581864735111 -0.03508908132922394 -0.0002571770609361259
0.01034160086458253 -0.03530976878156041 -0.0149037594318074
0.0103276380335356 -0.04009279087050819 -0.008628782187263571
0.01412620797621137 -0.04521697791105223 -0.01872502275545617
0.0167992890911387 -0.03799478799577766 -0.01817445496868969
0.01678532626009177 -0.04277781008472543 -0.01189947772414586
0.01300071914846293 -0.03287060095523362 -0.008078214400497089
0.02004153176231703 -0.04277781008472543 -0.00572368433227888
0.02006844481630271 -0.04292816809125628 0.004433344151324769
-0.03126801353321874 0.03627713025409158 -0.01759990469841866
-0.02022501608755156 0.03591398682658187 -0.01583849282980242
-0.02000661456177317 -0.02219854319329043 -0.009304861798286277
-0.01565586862653842 -0.02742222046394029 -0.004505613050202481
-0.0129700534871126 -0.03328191721775803 -0.01063359493469225
0.03858983970975166 0.04366579837633726 0.008636371220059924
0.04366274180642289 0.03858038328126279 0.008636297889742746
0.03615133346661267 0.03616627234051129 0.0009441379726217568
-0.007798621307106804 -0.004459561330376897 -0.01653738386003705
-0.007728940105663977 -0.002292913398795567 -0.004037383860037045
-0.0004357276843771725 -0.001362039015013518 -0.008473999544341627
-0.02873307124268707 0.0004757046353612761 0.01861095083126094
-0.02496343291611556 0.00714109077703883 0.01098833706629839
-0.02447064546842447 -0.003673916630728224 0.008084559871304995
0.03732674091556647 -0.04242220637161393 0.007848414888666267
0.0373800247565898 -0.04242220637161393 0.001864290098399356
0.03924591667950875 0.03014531419503572 0.002007866435903394
0.04248859166018978 0.0333993389892326 -0.004720528113932998
-0.03361257062796161 0.04271383692174088 -0.005104679405837288
-0.02253262087345104 0.01373560536294522 0.0006233595726466146
0.03660454896106719 -0.02817126177055751 -0.009337434415792874
0.03196532061331772 -0.02361375758356019 -0.004800951024739596
0.02856851844816316 -0.02828219689767294 -0.009926955719269978
-0.04378474788548303 0.01436094259438465 0.01878212947397328
-0.04414482985781211 0.02126031297807762 0.01878212947397328
-0.03407652158660729 0.02089330103948458 0.01737738623503746
-0.03993169172879518 0.01377025229077207 0.01115951570901074
-0.03371643961427821 0.01399393065579162 0.01737738623503746
-0.0427140139469737 0.03361270194679945 -0.005091769550140891
-0.007188616131332671 -0.01338360404135134 -0.0245825
-0.04256392120594964 0.02789858115741907 0.005146775728157959
-0.04256392120594964 0.03212297409097396 0.01112530561421821
-0.03993169172879518 0.01703624000801943 0.004957435578007351
-0.03993169172879518 0.02126063294157433 0.0109359654640676
-0.03249561293474482 0.02426558150157867 0.009944112620225525
0.001791599134428241 0.006383537506308817 0.0164332963658123
-0.006443313500208718 0.01335855038689675 0.01635600847301273
0.00011593999276756 0.003125000000000004 -0.01651911568430458
-0.007246953629962072 2.747768463662488e-05 -0.0245825
-0.003051667677144733 -0.004487039015013518 -0.01611988386003705
-0.04414482985781211 0.02875069362887987 0.01855857922903014
-0.03670875106376174 0.03175564218888421 0.01756672638518807
7.191082639560658e-05 0.02690342338444948 -0.00824402473007059
0.002297277833916851 0.02960607018745798 -0.01641911920673432
-0.007921016501306518 0.02985069349423116 -0.01542099282980242
-0.003123738667389668 0.03445676368168914 -0.007675112036536733
-0.03068306803402932 0.03068231249662192 0.004573875967031358
-0.03811914682807969 0.02345297100306267 -0.0004128010751868158
-0.02805083855687486 0.01981997134722228 0.00438453581688075
-0.02346335295748741 0.03811835117113276 -0.0004728254628456016
-0.0290177035090676 0.03811835117113276 -0.0004976251255753345
-0.02805822007638142 0.04271383692174088 -0.005079879743107555
0.007757124669758544 -0.006109656729922177 -0.0245825
0.007757124669758544 0.0001403432700778206 -0.0245825
0.01506170453119915 0.000976987718034018 -0.01772920846671346
-0.01174595969191166 -0.009870650110041193 -0.008836632608120841
0.04490944030965227 -0.04508963396409989 -0.005889379963687855
0.04247058444693753 -0.03751184033571382 0.001901843146465704
0.04276523420041358 -0.0377565089217099 -0.008010847123023336
0.03767467451006585 -0.04266687495761001 -0.008048400171089685
0.02800511742520397 0.04363622013303608 0.01855367724158678
0.02125624580780209 0.04229779866439271 0.00935331004355284
0.03323522451092892 0.04366579837633726 0.0117264784764193
-0.01639749549741444 -0.01968772794287015 -0.01729924874808379
-0.009360934422753868 -0.03077110196733775 -0.01862798188448977
0.02433824217737846 0.01132219257085662 0.004800504269500436
0.02038853541207934 0.007808857170057734 0.01069639909667633
0.04247058444693753 -0.03331981632114562 0.004824720605889957
0.04247058444693753 -0.03733679127653945 0.007791253259186677
-0.03775336764501672 -0.04274467664849012 -0.00812045025019415
-0.04283869548978826 -0.03783431061259 -0.008082866541778996
-0.0368682366394265 -0.03679094504480104 0.0004747501604464143
0.00261593999276756 0.003125000000000004 -0.01651911568430458
0.009920519854208165 0.003961644447956201 -0.009665824151018035
-0.03346247788693755 0.04256396132548916 0.00506195167776944
-0.02790812733535735 0.04256396132548916 0.005086751340499173
0.0001071760208223305 -0.04352432796838987 0.01882410204236962
-0.001589463549333966 -0.03539466642354293 0.01681474227779685
0.007166015587466622 -0.04352432796838987 -0.01872502275545617
0.003381408475837779 -0.03361711883889806 -0.0149037594318074
-0.03811914682807969 0.02901721619619133 -0.0004847152698789369
-0.04256392120594964 0.03346282635054773 0.005074861533465837
-0.03747859336117809 0.04256396132548916 0.008030223551413975
-0.04256392120594964 0.03747854623041469 0.008030223040098285
-0.03527793515292334 0.03527779824723003 -3.3178313230596e-05
-0.004467793986735797 0.004869409367676627 0.003933296365812303
-0.008572262745536931 0.003114754352407988 0.01004424719707324
-0.01595901361583962 0.002633596217167266 0.006110950831260935
-0.01680717538017389 0.01008976723299592 0.009966959304273659
-0.01651552602965375 -0.03111904894610523 -0.01700561305020248
-0.02242883077498636 -0.02045596347409368 -0.004285406421105285
0.0001158741982226069 -0.04352432796838987 -0.01866541344821296
0.003277496644291588 -0.04009279087050819 -0.008569172880020359
0.03924591667950875 0.02880546193546196 0.008058310516655766
0.04366274180642289 0.03456466340139583 0.005680936383110298
0.04366274180642289 0.03322481114182207 0.01173138046386267
0.03340068649995384 0.04250047396417403 -0.004711918683784427
0.009812799858642278 -0.02927362189973737 -0.0149037594318074
0.007791284397688897 -0.02668083102922918 -0.0245825
0.01639253242689236 -0.02175352629812901 -0.01778489053738262
-0.03373072257488811 -0.04274467664849012 -0.005151599240132148
-0.005194991152735469 -0.04187033845515306 0.00439766979179095
-0.01176167911122461 -0.03368527055341582 -0.0001908707724056317
-0.01355795713552334 -0.04181493209826276 -0.004422685536208384
-0.01236093686112858 -0.04283261234192405 0.005912893779715844
-0.01892762481961772 -0.03464754444018681 0.001324353215519262
-0.01056465883682985 -0.03470295079707712 0.0101447085435186
-0.04339595505495883 0.02076396535161064 -0.005778271298805611
-0.04339595505495883 0.0263282105447393 -0.005850185493497732
0.04285995610635346 0.02385173025858958 0.0040430052454832
0.04285995610635346 0.02251187799901582 0.01009344932623557
-0.012785742039195 0.01682053758624684 0.01635600847301273
0.005098325649479271 0.03097694819126123 0.0154292732858079
0.0301580115192728 0.03924644916997715 0.002016475866051965
0.02458842461567229 0.03924644916997715 0.002075242594400291
0.0264521854690194 0.04326887625220548 -0.00275660447644952
0.02088259856541888 0.04326887625220548 -0.002697837748101194
0.02478600730876408 0.03251532542218262 -0.0007736177672502398
-0.03066588207489874 0.0009622904295329159 -0.01806289410838134
-0.02800159606869517 -0.00799274923692345 -0.01036214285646513
-0.03610996900193253 0.0281431824414216 -0.01095822534019417
0.003638412868558525 0.03577893080598482 -0.01683661920673431
-0.001158864965358326 0.03117286061852684 -0.0245825
-0.006579881466664845 0.036023554112758 -0.01583849282980242
0.02578293339721372 -0.02376845254731949 -0.01304845027415931
0.02238613123205916 -0.02843689186143224 -0.01817445496868969
0.03149624230520322 -0.0211634685896543 -0.01675250075058029
0.001572158896735012 -0.03196312932566125 0.00191098284598945
0.001858921686439479 -0.04187033845515306 0.004411399333376365
0.006829793711611227 -0.04009279087050819 -0.002307102376227888
0.01302763220244861 -0.03302095896176446 0.002078814083106561
0.01331439499215307 -0.04292816809125628 0.004579230570493475
0.03457483664618695 0.04366579837633726 0.005689545813258869
-0.04283869548978826 -0.03364228659802181 -0.005159989082354743
0.001055882992478754 0.0191723531969915 -0.003967158563116311
-0.002015888565737797 0.01247263694845018 2.589084247602621e-05
0.03042216174496319 -0.02832595673431681 -0.01758493366521258
-0.02214213889356697 -0.00894883517491241 -0.01729924874808379
-0.03025515093272828 -0.006174362221780515 -0.01806289410838134
-0.006403365528623459 -0.04146698511949527 -0.006045054370495668
-0.004607087504324727 -0.03333732357464834 -0.001813239606692916
0.04247058444693753 -0.02775134615679751 0.00486417393798708
0.04383931476065361 -0.02083352659813108 -0.004216083416869668
0.03630989920759115 -0.02792659318456143 0.0005752558536961678
0.04383931476065361 -0.02640199676247919 -0.00425553674896679
-0.02438319629587102 -0.009496998326705211 -0.002825639708039732
-0.02677957671022111 -0.01523228620344383 -0.00908465516918908
-0.033327646783754 0.01713096569577024 -0.0009809344067380453
0.002825418434551007 0.005800283751458676 -0.000503319318492278
0.005897189992767558 0.0125 -0.004496368724084615
-0.0002241191275637205 -0.04009279087050819 -0.002320831917813303
0.003128081803194838 0.02202704403521445 -0.01907780018819404
0.005628081803194839 0.02202704403521445 -0.01907780018819404
0.004378081803194839 0.01890204403521445 -0.01907780018819404
0.03306002093819133 0.02853216345569144 0.01449973128762562
0.03747684606510548 0.03295151266205155 0.01817280123483253
0.03147640385645224 0.02974361297465352 0.01817280123483253
0.04276523420041358 -0.0335644849071417 -0.005087969663599084
0.0132874819381674 -0.04277781008472543 -0.005577797913110174
-0.04075718668059753 0.01441992856282853 -0.003152599557396219
-0.01701522263071424 0.04235069349423116 -0.003318467874491311
0.01189298794025688 0.01056246908606055 0.009254963513574976
0.02606175566761381 0.01357256371236812 -0.005084001193144849
0.03253001446353779 0.007049942213951671 -0.006647209953230137
-0.02085896415731442 0.00889574579230747 0.00487738623503746
-0.02170712592164869 0.01635191680813612 0.008733394708050185
-0.04370133005536669 0.007104866149094516 0.01878212947397328
-0.002901749756768151 -0.04146698511949527 -0.01229339533270272
0.02250817557375307 -0.01823177704560663 -0.01778489053738262
0.01958045171671301 -0.02535050535362527 -0.01095934550607231
0.01702627103945959 0.04229779866439271 0.003375144108740733
0.01722385373255139 0.03556667491659818 0.000526283747090202
-0.02663675115990413 -0.007678611311562278 0.01447360904004406
-0.009311944708179946 -0.001950521504395085 0.004932658853820712
-0.02036617670962334 -0.001919261615459585 0.001973609040044063
-0.01332896429442763 -0.00952825821564071 0.0001334101057369171
-0.01392243907636266 0.04532685764040709 0.01871387806952856
-0.006831798408511364 0.04532685764040709 0.0187097431051779
-0.008318110532731961 0.03648476639792679 0.0154292732858079
-0.001486312124220591 0.0411579087575197 0.009139016390985804
-0.008576952792071884 0.0411579087575197 0.009143151355336462
0.02869056278985707 -0.01807708208184733 -0.009537391287962913
-0.02038072624104984 -0.04181493209826276 -0.004525717245021035
-0.01918370596665508 -0.04283261234192405 0.005809862070903193
-0.02766295219341109 0.01762570176244983 0.01737738623503746
-0.03029518167056555 0.02848804291184947 0.01756672638518807
-0.02182583767971823 0.02814854738541026 0.01790142470647743
-0.02665849842105195 0.0347884271245391 0.0104681510916655
-0.02402626894389749 0.02392608597513946 0.01027881094151489
-0.00770320348264751 -0.02680411684784247 -0.0245825
-0.04183528469545418 -0.01340469094947569 -0.004380691315627835
0.0009027147956735945 0.01932439723220595 -0.01090270571153032
0.003128081803194838 0.01577704403521445 -0.01907780018819404
0.03667406036503604 0.0222385795192453 0.01653487009720543
0.03652269791277635 0.02661866360986827 0.009707671332037955
-0.01943878334451004 0.04222446579904994 0.005421449661788542
-0.022213724043182 0.0303428169701827 0.004908574288320726
-0.04183528469545418 -0.02574628505794785 -0.004288442419491787
-0.03985985801652066 -0.03075434346186496 0.002699295492119171
-0.03269855350630892 -0.03260141016082339 -0.002454621593462571
-0.03467398018524244 -0.02759335175690627 -0.009442359505073529
0.004841927833470536 -0.03105116948438225 0.01681474227779685
0.01298068238051867 -0.02511703733875959 0.01698535273042943
0.01629740113918413 -0.03210899912048547 0.01698257351491396
-0.03229684372535548 0.04271383692174088 -0.01122361335198523
-0.02125384627968829 0.04235069349423116 -0.009462201483368984
-0.04370133005536669 0.007263159805933131 -0.01884324488849836
-0.04370133005536669 3.632130388186994e-05 -0.01878892258325312
-0.03445851673596422 0.004121542765310585 -0.01573264890036611
-0.04075718668059753 0.004085396000368516 -0.009521571483619229
-0.04075718668059753 0.01131223450241978 -0.009575893788864474
0.005628081803194839 0.01577704403521445 -0.01907780018819404
-0.009381625909622772 -0.004117169435976414 0.01743265885382071
-0.004537475188178625 0.002702761436095298 0.0164332963658123
-0.01602869481728245 0.0004669482855859369 0.01861095083126094
-0.01341641346698108 -0.003705176519663724 0.01104360968508164
-0.04378474788548303 0.01451923625122327 -0.01884324488849836
-0.03454193456608056 0.01137761921060072 -0.01573264890036611
0.03067361815638281 0.01903067983184726 0.01653487009720543
0.04381410425868258 -0.007068544845212642 0.018740195414798
9.113503464167755e-05 0.04367286061852685 0.0187097431051779
-0.001395177089578921 0.03483076937604655 0.0154292732858079
0.006774898137937726 0.03597065928291955 0.01579963280196606
0.008093761757110764 0.01034484378290575 0.0164332963658123
0.04381410425868258 0.007068632114682564 0.01878212947397328
0.04285995610635346 0.01502149734821356 0.01031699957117871
-0.04402954114963824 -0.03360448583090769 0.01167805874938272
-0.03806341849153287 -0.03310773258947911 0.01813170324441466
-0.03388939916615889 -0.0339030019086442 0.008334034734920328
-0.004961679131741839 0.0259552619545112 -0.0009781322375283716
-0.002797837925221959 -0.03499131308788514 -0.01862798188448977
0.007142857142857149 0.04558071116995461 0.0187097431051779
0.0142102997376319 0.04558071116995461 0.01875184028584467
0.0138266202461532 0.03787850983434731 0.01579963280196606
0.0137512056980708 0.04229779866439271 0.00955147308781073
0.006683763103296055 0.04229779866439271 0.009509375907143966
-0.01618521788295361 0.04222446579904994 0.01161530277600599
-0.01592637562361368 0.03755132343945703 0.01790142470647743
-0.01058088933932291 0.03338237455656964 0.008330697992285339
-0.0249221805635269 -0.03167166561059603 -0.001803281559696811
-0.02595434963210609 -0.04181493209826276 -0.004500259206366389
-0.03075188510162051 -0.03985673351233327 0.002707685334341766
-0.0279010180367945 -0.03455960874675287 -0.009662566134170726
-0.02689760724246042 -0.02666360720667892 -0.008791019471307769
-0.02813682936462682 0.04356329333235071 -0.01862370865356657
-0.02517826171056426 -0.03985673351233327 0.00268222729568712
0.04377772227149715 0.01439113492257268 0.01878212947397328
0.0366376783778506 0.01527536804142114 0.01653487009720543
0.02307209945874474 0.0116210362326703 0.01782166714776268
0.02829346560482689 0.01584005056813288 0.009356537244968105
0.01877716667950874 0.02362144916997715 0.001939978247845587
0.01668827298870879 0.01951255647611339 -0.004622591354662645
0.01507134062925533 0.02764387625220547 -0.002833102094655899
0.02269711361796413 0.02840643272831885 -0.007336187369758471
0.02050007731547269 0.04363622013303608 0.01875184028584467
4.61003681811907e-05 0.04367286061852684 -0.01878864243696472
0.003502243167456367 0.04210607018745798 -0.01062526164369903
-0.006716051167767002 0.04235069349423116 -0.009627135266767131
-0.02944268779490244 -0.03985673351233327 0.008826040144072235
0.01658930922893322 0.007591231866902937 0.01787473194891365
0.007757124669758544 0.006390343270077821 -0.0246
0.007757124669758544 0.0001403432700778206 -0.0246
0.001582120692644794 0.003708253754850144 -0.0246
0.001582120692644794 0.009958253754850144 -0.0246
-0.02254332434623774 -0.02757474626359342 -0.01700561305020248
-0.02242529381399843 -0.01614342526035833 -0.01729924874808379
-0.007246953629962072 0.006277477684636625 -0.0246
-0.007260307846341493 0.01342024095420024 -0.0246
-0.0009178793073552061 0.009958253754850144 -0.0246
-0.02222958806612042 -0.003125753478935426 0.01861095083126094
1.614034170224115e-05 0.04210607018745798 -0.004372020469812129
0.002060965709696256 0.03326397894497768 -0.001407345920926412
-0.005017449616435204 0.0411579087575197 0.002893872022730089
-0.01020215399352113 0.04235069349423116 -0.003373894092880231
-0.008157328625527113 0.03350860225175086 -0.0004092195439945145
0.006712142842303957 -0.0004996348947782217 -0.004436615684304579
0.01627048808519845 -0.03195864111395462 -0.01817445496868969
-0.006876833074971851 0.0453268576404071 -0.01878864243696472
-0.01350281490981789 0.03767755113463826 -0.01583849282980242
0.01874166076240865 0.02495659590985491 -0.01706283831488261
0.02558965770940672 0.02877377660914946 -0.01706283831488261
0.0171247284029552 0.033087915685947 -0.01527334905487586
0.02397272534995327 0.03690509638524155 -0.01527334905487586
0.01013191560761671 0.03192510962119951 -0.01683661920673431
0.00792535963711169 0.02663311422267243 -0.01133191939492836
0.0109627195768947 0.02434608346895598 -0.01949530018819404
0.01653510479190363 0.01966460051132783 -0.01155813850307665
0.01570430082262564 0.02724362666357136 -0.008899457521616925
0.02071160285014939 0.01097420092406958 -0.009792046781596064
0.0298674653418636 -0.01666025643363281 -0.005429962191310189
0.04381410425868259 0.0288447270511991 0.01855857922903014
0.01639752131361748 -0.02820216164112088 -0.002952209705966708
0.01408736846317219 0.03537494643966345 -0.007109968261610177
-0.0139746555513685 0.0453268576404071 -0.01881410425868258
-0.01381387364416365 0.04235069349423116 -0.009652597088484999
0.02802868228944512 0.0357693502163795 -0.007502012317086632
-0.01576559371640884 0.0345751592932811 0.002062931876675017
-0.01950669465746942 0.02057437821840692 0.01635600847301273
-0.01587001140795583 0.02687476243109654 0.009257433179490161
0.04362528178463276 0.007124845285592917 -0.006149190669037877
-0.02069685672910218 0.04356329333235071 -0.01881410425868258
-0.03489258874938242 -0.01245781325031193 -0.009848300529486625
-0.03212753477182974 0.04256396132548916 0.01110698101237625
0.03092122638088771 0.03613669409721011 -0.01722866326221077
0.002092928404167805 0.0411579087575197 0.002889399726029883
0.00712651836230525 0.04210607018745798 -0.004376492766512335
-0.02578892786791791 0.004524779331847929 0.002878301930894822
-0.02931628649468568 -0.02060848927374681 -0.01678540642110529
0.02497068503873815 0.02121537107442963 -0.01706283831488261
0.02479561294898009 0.0138714073741818 -0.01706283831488261
0.02119316982171191 0.004570495346024621 -0.01772920846671346
0.03126387174490407 0.007348785875765354 -0.0186260470749679
0.02717986164607337 0.004451579425653131 -0.01135525554168135
0.03477958601118859 -0.01546256357830944 -0.0006296822907810463
0.03558077424985311 -0.01405527247596762 -0.009134012667731173
0.03231413075645046 -0.04266687495761001 -0.01113092178836707
0.02427810024354643 -0.04277781008472543 -0.01172044309184417
-0.03361237092802001 -0.04404626839631093 0.01175541189798122
0.04383931476065361 -0.01406040265400704 -0.004347785645102839
0.008909331803194837 0.01890204403521445 -0.007055053227974077
0.01293266166463545 0.01036368848317065 -0.0122245086549075
0.04381410425868259 0.02135434640039684 0.01878212947397328
-0.04305730405392824 -0.002609050872425878 -0.01185181669163446
-0.03675863410929493 -0.002572904107483809 -0.01806289410838134
0.04094027125053498 -0.01528731655054551 0.003659235793509866
0.008078527833916849 0.02648107018745798 -0.004396372246514351
0.03673883202601943 -0.03167633828193277 -0.01758493366521258
0.03781291258625946 -0.02451385013727025 -0.01675250075058029
0.0417414594891995 -0.003550798393550215 -0.011170434500404
0.04362528178463276 0.003615022247166833 -0.01241496965822101
0.04362528178463276 5.891913663739557e-05 -0.006221331969490445
0.03536674127383226 6.404931467681721e-05 -0.01100755899211878
-0.00766041320523918 0.02689813425115794 -0.0245825
-0.02344813205099325 -0.04283261234192405 0.01195367491928831
0.007884283315327317 0.01391956003144707 -0.0245825
0.00261593999276756 0.009375000000000005 -0.01651911568430458
0.008000223308094877 0.01079456003144707 -0.01693661568430458
0.01101236511852216 0.01719660406666151 -0.01949530018819404
0.005744021795962399 0.01265204403521445 -0.01143191587249862
0.02259053248718222 0.01802474181071526 0.0007588288328800666
0.0293800494494708 0.0001829652350483066 -0.01738151191715089
0.01879130630403611 0.01780711650756045 -0.01706283831488261
0.01518886317676792 0.008506204479403265 -0.01772920846671346
-0.02094199957513667 0.01387186113028975 0.01737738623503746
-0.01604204903366187 0.007609711555149548 0.01861095083126094
-0.02754026974976568 0.0102730487475182 0.01737738623503746
-0.02264031920829088 0.004010899172377994 0.01861095083126094
-0.03100453307592932 0.01400077409110942 -0.01835832064177551
0.02937139824704901 -0.00709524384667536 -0.01738151191715089
0.02118451861929013 -0.002707713735699046 -0.01772920846671346
-0.007896725329459777 0.03055604300867763 0.0154292732858079
-0.01318584739809269 0.02404843088320453 0.01635600847301273
0.03030225371021914 0.02857828856249028 -0.01722866326221077
-0.003052551587015907 -0.000436393365762895 0.01743265885382071
-0.0003421892353612853 -0.001811755263554845 -0.0001040874942247463
-0.03031969728901976 -0.02850449081382077 -0.01765695308396825
-0.04183528469545418 -0.02444514876726883 -0.01042094244881593
-0.04283869548978826 -0.03234115030734279 -0.01129248911167889
0.01026300363168445 0.04229779866439271 0.003259759242188044
0.03114482864932105 -0.03607196564086464 -0.01758493366521258
0.02310879813641702 -0.03618290076798006 -0.01817445496868969
0.02815064935841376 0.01768145640623189 0.001478568409363383
0.03085017889584501 -0.03582729705486856 0.01732775660427646
0.02313571119040271 -0.03633325877451091 0.01698257351491396
-0.0155049904203415 0.03162260005020787 0.01790142470647743
0.02939838703374911 -0.01420996743972692 -0.01738151191715089
0.001359893014884399 -0.03102432796838987 -0.0245825
-0.04339595505495883 0.01393925582757671 -0.005881464235845484
-0.01713084684168829 -0.04181493209826276 -0.01069858742906014
-0.009976255234788407 -0.04146698511949527 -0.01232095626334742
-0.02365819078098242 0.04222446579904994 0.01144167933366562
-0.01262571470731693 0.04222446579904994 0.005366023443399621
0.03558722088698074 -0.01063398859141996 -0.01738151191715089
0.03768507615843486 -0.01758748974134735 -0.01675250075058029
-0.03718070294044186 0.01772165599938284 -0.01835832064177551
-0.04339595505495883 0.01765627129120189 -0.01220156553027387
0.0102310409372129 0.03440386885185068 -0.001036986404768251
0.03555556374788207 -0.003550885663020105 -0.01738151191715089
0.0417414594891995 -0.007122314234448681 -0.01738151191715089
-0.03586916203734881 -0.02391013930158433 -0.01678540642110529
-0.0368725728316829 -0.03180614084165829 -0.01765695308396825
0.04384576139778125 -0.01427775930573234 -0.01881149852982702
0.0417414594891995 -0.01074554204035261 -0.0111930104469779
-0.04403387734189464 -0.02865793785202085 -0.01863553602771065
-0.04403387734189464 -0.02125612057050067 -0.01881149852982702
-0.04183528469545418 -0.01704333148574865 -0.0105969049509323
0.04381410425868258 8.726946991097217e-08 -0.01878892258325312
-0.02461909056881015 -0.04181493209826276 -0.01054289275579589
-0.03239546351159218 -0.04274467664849012 -0.01119423278956165
-0.04351966309869774 -0.01430567511751676 -0.01881149852982702
-0.03535494779415192 -0.01695969384860042 -0.01678540642110529
0.03743938604331534 0.003614934977696943 -0.0186260470749679
-0.006833133119173232 -0.0452703451026432 0.01882410204236962
-0.01397327326796829 -0.0452703451026432 0.01881410425868258
-0.008529772689329529 -0.03714068355779626 0.01681474227779685
-0.008842213707075504 -0.04187033845515306 0.01062884653647943
-0.02903313157425422 -0.01341389918830089 -0.01678540642110529
0.001341135034641674 0.03117286061852684 -0.0245825
0.00479727783391685 0.02960607018745798 -0.01641911920673432
0.04485615646862894 -0.04491458490492552 0.005984154939300029
0.04485615646862894 -0.04508963396409989 9.474482657905597e-05
0.0206100348040932 0.04363622013303608 -0.01871739464403887
0.01432025722625242 0.04558071116995461 -0.01871739464403887
0.01768294777211248 0.03884958742216008 -0.01527334905487586
0.01771749071265061 0.04326887625220548 -0.008990743698914727
-0.03657696715262598 -0.009720156882080047 -0.01806289410838134
0.007097822476396662 0.04558071116995461 -0.01878864243696472
0.010690134976774 0.03768678135741259 -0.01683661920673431
0.01072467791731212 0.04210607018745798 -0.01055401385077318
0.007757124669758544 -0.006109656729922177 -0.0246
0.001519067409631986 -0.009793387647030787 -0.0246
0.001519067409631986 -0.00354338764703079 -0.0246
0.02804426226560683 0.04363622013303608 -0.01859068320597274
0.02515171817416424 0.04326887625220548 -0.008864032260848604
-0.02838291388859907 -0.03338001420931694 0.01520233149050567
-0.03255259702171664 -0.03756954909329459 0.01813170324441466
0.02248118678705298 -0.01111705345255508 -0.01778489053738262
-0.03685884380478581 0.03190551778513594 -0.01759990469841866
-0.03754078491277094 0.0246210263830758 -0.01835832064177551
0.02921123176997058 0.01520968814249201 0.01782166714776268
-0.04305730405392824 -0.009803794519228271 -0.01187439263820836
-0.01344645069416003 0.02700099012627777 0.0005175156432103084
-0.02238835814468989 -0.03635589303890772 0.01832996626572175
-0.02358537841908465 -0.03533821279524643 -0.01700561305020248
-0.03136175136186668 -0.03626795734547378 -0.01765695308396825
-0.02789484342224972 -0.03687888073823498 0.0114616695101364
0.03203960916579704 -0.04242220637161393 0.01093054226631492
0.02432514146035473 -0.04292816809125628 0.01058535917695242
-0.007246953629962072 -0.006222522315363373 -0.0245825
0.04485615646862894 -0.04546598903933303 0.01107262871636547
0.04247058444693753 -0.03788819541094696 0.01287972703625212
-0.0427140139469737 0.03231031058059356 -0.01123544072612931
-0.04339595505495883 0.02502581917853341 -0.01199385666948615
-0.03111792079219469 0.03612725465783984 0.01756672638518807
-0.02264857680134737 0.03578775913140062 0.01790142470647743
0.04545646480892626 -0.04546598903933303 0.01612665922126132
0.03792704925586379 -0.04242220637161393 0.01290244539356212
-0.01569571839772264 -0.03810295744456725 0.01832996626572175
-0.01600815941546861 -0.04283261234192405 0.01214407052440433
-0.01389894041979321 -0.0452703451026432 -0.01869297437885766
-0.02059158016676046 -0.04352328069698367 -0.01869297437885766
-0.0168927386721174 -0.03708527720090596 -0.01700561305020248
-0.007188616131332671 -0.01338360404135134 -0.0246
-0.007246953629962072 -0.006222522315363373 -0.0246
-0.0009809325903680141 -0.009793387647030787 -0.0246
-0.02807982389388233 -0.04352328069698367 -0.01853727970559341
0.04551510570239296 0.04550865009601909 -0.01611409702539571
0.04551510570239296 0.0450896339640999 -0.01097772058610218
0.03800369736258274 0.04250047396417403 -0.0127804703905022
0.04248859166018978 0.03800912406019312 -0.01279095315931505
-0.04546708571565028 0.04491458490492553 0.01101424701359304
-0.03803100692159991 0.04256396132548916 0.01311747674387089
0.01411933115764374 0.04326887625220548 -0.002813222614653883
0.04546309594456641 -0.04508963396409989 -0.01097780438361707
0.03822833014497998 -0.04266687495761001 -0.0131368245910189
0.04383931476065361 -0.01769904319027999 -0.01056399928040731
-0.02810588565046019 -0.04352328069698367 0.01862370865356656
0.0171917438532242 0.0206048586335307 -0.01949530018819404
0.04546309594456641 -0.04550865009601909 -0.0161141808229106
0.04276523420041358 -0.0381755250536291 -0.01314722356231686
0.02047040245578095 -0.04292816809125628 0.01698257351491396
-0.01980886292938802 0.04222446579904994 0.01790142470647743
-0.04546708571565028 0.04546614810551064 0.0161051655354709
-0.04256392120594964 0.0380301094309998 0.01312114156197614
0.04383931476065361 -0.02121867252723321 -0.01675250075058029
0.03210021920509868 0.04250047396417403 -0.01081934646818351
-0.01597035731865305 -0.006694133440402034 0.01861095083126094
-0.04550548688231323 0.0450896339640999 -0.01098544351497442
-0.04550548688231323 0.04550865009601909 -0.01612181995426794
-0.03821950082928693 0.04271383692174088 -0.01315943475558233
-0.0427140139469737 0.03822248701775997 -0.01316219459552294
-0.04546571660683504 -0.04508963396409989 -0.01097606883217462
-0.0383044120966233 -0.04274467664849012 -0.01320710845833211
-0.007260307846341493 0.01967024095420023 -0.0245825
0.03438269320513122 0.04477106566022232 -0.01859068320597274
0.04028617136261528 0.04477106566022232 -0.02055180712829143
0.0372596573204121 0.03727153962439635 -0.01722866326221077
0.02794861916776699 -0.04340509068325463 0.01860278566203846
0.03434009037908183 -0.0447710656602223 0.01860278566203846
0.04022753046914858 -0.0447710656602223 0.02057468878928566
0.03724165010715985 -0.03719327203183623 0.01732775660427646
0.04477106566022232 0.04027971575624141 -0.02056228989710428
0.04477106566022232 0.03436753931907501 -0.01863553602771065
-0.006479159511534924 -0.04146698511949527 -0.01862798188448977
0.04023416160478872 -0.0447710656602223 -0.02055189092580632
0.0343199622162592 -0.0447710656602223 -0.01854598812315449
0.0375362998606359 -0.03743794061783231 -0.01758493366521258
0.04477106566022232 -0.04023705469955532 0.02055197043197566
0.04477106566022232 -0.03432928309481907 0.01854635550496806
-0.04546571660683504 -0.04550865009601909 -0.01611244527146814
-0.04283869548978826 -0.03825332674450919 -0.01321924298107252
-0.0009810752427286118 0.02359873638687029 -0.0246
0.0002689247572713882 0.02047373638687029 -0.0246
0.001518924757271388 0.02359873638687029 -0.0246
-0.009738147065217518 -0.03673733022213847 -0.01862798188448977
0.04397359782560585 -0.02860593698317543 -0.01863553602771065
0.04383931476065361 -0.02510086047180017 -0.01038803677829094
-0.02811761315212515 0.04356329333235068 0.01854025462718819
0.04276523420041358 -0.03226334861646268 -0.01122046969292323
0.04477106566022232 -0.03436753931907497 -0.01863553602771065
0.04477106566022232 -0.04027971575624138 -0.02056228989710428
-0.0403044580928419 0.04479897121052871 -0.02055953005716367
-0.03438180098891045 0.04479897121052871 -0.01862370865356657
-0.03751298515750238 0.03751280813226958 -0.01759990469841866
-0.03432783368202622 -0.04477106566022231 -0.01853727970559341
-0.04023678226705735 -0.04477106566022231 -0.02055015537436386
-0.03760976115001056 -0.03751574230871242 -0.01765695308396825
-0.04479897121052868 0.03439544486938139 -0.01863553602771065
-0.04479897121052868 0.0403076213065478 -0.02056228989710428
-0.04479897121052867 0.04026511931603933 0.02055441517678808
-0.04479897121052867 0.0343579839760135 0.01855857922903014
-0.0373628924164783 0.03736293253601784 0.01756672638518807
-0.03436258477640877 0.04479897121052869 0.01854025462718819
-0.04026605692617895 0.04479897121052869 0.02055075035868282
-0.04477106566022231 -0.04027971575624139 -0.02056228989710428
-0.04477106566022231 -0.03436753931907498 -0.01863553602771065
-0.01957958798689718 -0.04283261234192405 0.01832996626572175
0.007834637773699858 0.02731903943374153 -0.0245825
0.02792849100494436 -0.04340509068325463 -0.01854598812315449
0.04366274180642289 0.03652294123348013 0.01817280123483253
0.04366274180642289 0.0391319464818479 0.0137272164116206
-0.04305730405392824 -0.006180566713324344 -0.01806289410838134
-0.04402954114963824 -0.03951225743564395 0.01368367367639032
-0.04402954114963824 -0.03690341125345377 0.01813170324441466
0.02044348940179527 -0.04277781008472543 -0.01817445496868969
0.04477106566022232 0.04023721376573296 0.02055441517678808
0.03843380746664521 0.03843686403655958 0.01817280123483253
0.04547134469299553 0.04491458490492553 0.01101694610027306
0.03913408649941842 0.04366579837633726 0.01372625068019536
-0.04414482985781211 0.02878815452224776 -0.01863553602771065
-0.04477106566022231 -0.04023705469955533 0.02055197043197566
-0.03880060680986054 -0.03881733405653323 0.01813170324441466
0.04547134469299553 0.04546614810551064 0.01610786462215091
0.03651988466356575 0.04366579837633726 0.01817280123483253
0.04024241035321785 0.04477106566022232 0.02055344944536284
-0.03953502803195146 -0.04404626839631093 0.01369123330157833
-0.03688668400678109 -0.04404626839631093 0.01813170324441466
-0.04027655254253553 -0.04477106566022231 0.02055953005716367
-0.04402954114963824 -0.04404626839631093 0.01188170324441466
-0.04339595505495883 0.02114363123396645 -0.01835832064177551
-0.04550548688231323 -0.04546598903933303 0.01611150048913933
0.04362528178463276 0.007186363549125508 -0.0186260470749679
0.007884283315327317 0.01391956003144707 -0.0246
-0.001140106985115601 -0.03102432796838987 -0.0245825
0.007757124669758544 0.006390343270077821 -0.0245825
0.001413638056661999 -0.01705020373339871 -0.0246
0.007703403131746909 -0.01336495486654858 -0.0246
0.007884283315327317 0.02016956003144707 -0.0245825
0.007884283315327317 0.02016956003144707 -0.0246
-0.007246953629962072 2.747768463662488e-05 -0.0246
0.007834637773699858 0.02731903943374153 -0.0246
-0.0009809325903680141 -0.00354338764703079 -0.0246
-0.0009178793073552061 0.003708253754850144 -0.0246
0.001341135034641674 0.03117286061852684 -0.0246
-0.00770320348264751 -0.02680411684784247 -0.0246
-0.001140106985115601 -0.03102432796838987 -0.0246
-0.00766041320523918 0.02689813425115794 -0.0246
-0.001158864965358326 0.03117286061852684 -0.0246
-0.007188616131332671 -0.01963360404135134 -0.0246
-0.007260307846341493 0.01967024095420023 -0.0246
0.001359893014884399 -0.03102432796838987 -0.0246
-0.001086361943338001 -0.01705020373339871 -0.0246
-0.001086361943338001 -0.02330020373339871 -0.0246
-0.0009810752427286118 0.01734873638687029 -0.0246
0.001518924757271388 0.01734873638687029 -0.0246
-0.02251274298655188 -0.01032034356438135 0.01861095083126094
0.02900524974258643 0.04366579837633726 0.005748312541607195
-0.01277238782281558 0.009677774316683227 0.01635600847301273
0.009804579861440605 0.007086644447956201 -0.01731170846671345
$EndNodes
$Elements
1 8880 1 8880
3 1 4 8880
1 1106 1157 1159 1160 
2 1157 1110 1158 1162 
3 1159 1158 794 1161 
4 1160 1162 1161 1115 
5 1157 1159 1160 1162 
6 1157 1162 1158 1159 
7 1159 1160 1162 1161 
8 1159 1161 1162 1158 
9 476 1163 1165 1166 
10 1163 1103 1164 1168 
11 1165 1164 1111 1167 
12 1166 1168 1167 1136 
13 1163 1165 1166 1168 
14 1163 1168 1164 1165 
15 1165 1166 1168 1167 
16 1165 1167 1168 1164 
17 5 34 1170 1171 
18 34 35 1169 1173 
19 1170 1169 1112 1172 
20 1171 1173 1172 1140 
21 34 1170 1171 1173 
22 34 1173 1169 1170 
23 1170 1171 1173 1172 
24 1170 1172 1173 1169 
25 798 1174 1176 1177 
26 1174 1110 1175 1162 
27 1176 1175 1104 1178 
28 1177 1162 1178 1115 
29 1174 1176 1177 1162 
30 1174 1162 1175 1176 
31 1176 1177 1162 1178 
32 1176 1178 1162 1175 
33 476 1163 1180 1165 
34 1163 1103 1179 1164 
35 1180 1179 1109 1181 
36 1165 1164 1181 1111 
37 1163 1180 1165 1164 
38 1163 1164 1179 1180 
39 1180 1165 1164 1181 
40 1180 1181 1164 1179 
41 476 651 1163 1166 
42 651 469 1182 1183 
43 1163 1182 1103 1168 
44 1166 1183 1168 1136 
45 651 1163 1166 1183 
46 651 1183 1182 1163 
47 1163 1166 1183 1168 
48 1163 1168 1183 1182 
49 798 978 1174 1177 
50 978 794 1158 1161 
51 1174 1158 1110 1162 
52 1177 1161 1162 1115 
53 978 1174 1177 1161 
54 978 1161 1158 1174 
55 1174 1177 1161 1162 
56 1174 1162 1161 1158 
57 35 1184 1169 1173 
58 1184 1128 1185 1186 
59 1169 1185 1112 1172 
60 1173 1186 1172 1140 
61 1184 1169 1173 1186 
62 1184 1186 1185 1169 
63 1169 1173 1186 1172 
64 1169 1172 1186 1185 
65 5 1170 34 1187 
66 1170 1112 1169 1185 
67 34 1169 35 1184 
68 1187 1185 1184 1128 
69 1170 34 1187 1185 
70 1170 1185 1169 34 
71 34 1187 1185 1184 
72 34 1184 1185 1169 
73 804 1188 973 1189 
74 1188 1106 1159 1160 
75 973 1159 794 1161 
76 1189 1160 1161 1115 
77 1188 973 1189 1160 
78 1188 1160 1159 973 
79 973 1189 1160 1161 
80 973 1161 1160 1159 
81 479 1190 1192 1193 
82 1190 1109 1191 1181 
83 1192 1191 224 1194 
84 1193 1181 1194 1111 
85 1190 1192 1193 1181 
86 1190 1181 1191 1192 
87 1192 1193 1181 1194 
88 1192 1194 1181 1191 
89 993 1195 1197 1198 
90 1195 1119 1196 1200 
91 1197 1196 783 1199 
92 1198 1200 1199 1137 
93 1195 1197 1198 1200 
94 1195 1200 1196 1197 
95 1197 1198 1200 1199 
96 1197 1199 1200 1196 
97 785 1201 897 1202 
98 1201 993 1197 1198 
99 897 1197 783 1199 
100 1202 1198 1199 1137 
101 1201 897 1202 1198 
102 1201 1198 1197 897 
103 897 1202 1198 1199 
104 897 1199 1198 1197 
105 804 1188 1189 1203 
106 1188 1106 1160 1205 
107 1189 1160 1115 1204 
108 1203 1205 1204 1138 
109 1188 1189 1203 1205 
110 1188 1205 1160 1189 
111 1189 1203 1205 1204 
112 1189 1204 1205 1160 
113 994 1206 1085 1207 
114 1206 1119 1195 1200 
115 1085 1195 993 1198 
116 1207 1200 1198 1137 
117 1206 1085 1207 1200 
118 1206 1200 1195 1085 
119 1085 1207 1200 1198 
120 1085 1198 1200 1195 
121 804 972 1188 1203 
122 972 792 1208 1209 
123 1188 1208 1106 1205 
124 1203 1209 1205 1138 
125 972 1188 1203 1209 
126 972 1209 1208 1188 
127 1188 1203 1209 1205 
128 1188 1205 1209 1208 
129 471 1210 1212 1213 
130 1210 1101 1211 1215 
131 1212 1211 1126 1214 
132 1213 1215 1214 1132 
133 1210 1212 1213 1215 
134 1210 1215 1211 1212 
135 1212 1213 1215 1214 
136 1212 1214 1215 1211 
137 458 1216 1218 1219 
138 1216 1113 1217 1221 
139 1218 1217 987 1220 
140 1219 1221 1220 1118 
141 1216 1218 1219 1221 
142 1216 1221 1217 1218 
143 1218 1219 1221 1220 
144 1218 1220 1221 1217 
145 471 1222 1210 1213 
146 1222 1114 1223 1224 
147 1210 1223 1101 1215 
148 1213 1224 1215 1132 
149 1222 1210 1213 1224 
150 1222 1224 1223 1210 
151 1210 1213 1224 1215 
152 1210 1215 1224 1223 
153 1101 1225 1227 1228 
154 1225 1130 1226 1230 
155 1227 1226 473 1229 
156 1228 1230 1229 1134 
157 1225 1227 1228 1230 
158 1225 1230 1226 1227 
159 1227 1228 1230 1229 
160 1227 1229 1230 1226 
161 987 1218 1231 1217 
162 1218 458 564 1216 
163 1231 564 486 1232 
164 1217 1216 1232 1113 
165 1218 1231 1217 1216 
166 1218 1216 564 1231 
167 1231 1217 1216 1232 
168 1231 1232 1216 564 
169 1101 1223 1210 1225 
170 1223 1114 1222 1234 
171 1210 1222 471 1233 
172 1225 1234 1233 1130 
173 1223 1210 1225 1234 
174 1223 1234 1222 1210 
175 1210 1225 1234 1233 
176 1210 1233 1234 1222 
177 994 1235 1206 1207 
178 1235 1107 1236 1237 
179 1206 1236 1119 1200 
180 1207 1237 1200 1137 
181 1235 1206 1207 1237 
182 1235 1237 1236 1206 
183 1206 1207 1237 1200 
184 1206 1200 1237 1236 
185 476 1180 1163 1238 
186 1180 1109 1179 1240 
187 1163 1179 1103 1239 
188 1238 1240 1239 1154 
189 1180 1163 1238 1240 
190 1180 1240 1179 1163 
191 1163 1238 1240 1239 
192 1163 1239 1240 1179 
193 235 309 1242 1243 
194 309 234 1241 1245 
195 1242 1241 1111 1244 
196 1243 1245 1244 1133 
197 309 1242 1243 1245 
198 309 1245 1241 1242 
199 1242 1243 1245 1244 
200 1242 1244 1245 1241 
201 994 1207 1085 1246 
202 1207 1137 1198 1248 
203 1085 1198 993 1247 
204 1246 1248 1247 1155 
205 1207 1085 1246 1248 
206 1207 1248 1198 1085 
207 1085 1246 1248 1247 
208 1085 1247 1248 1198 
209 473 1227 595 1226 
210 1227 1101 1210 1225 
211 595 1210 471 1233 
212 1226 1225 1233 1130 
213 1227 595 1226 1225 
214 1227 1225 1210 595 
215 595 1226 1225 1233 
216 595 1233 1225 1210 
217 804 972 973 1188 
218 972 792 965 1208 
219 973 965 794 1159 
220 1188 1208 1159 1106 
221 972 973 1188 1208 
222 972 1208 965 973 
223 973 1188 1208 1159 
224 973 1159 1208 965 
225 993 1198 1201 1247 
226 1198 1137 1202 1248 
227 1201 1202 785 1249 
228 1247 1248 1249 1155 
229 1198 1201 1247 1248 
230 1198 1248 1202 1201 
231 1201 1247 1248 1249 
232 1201 1249 1248 1202 
233 453 1250 1252 1253 
234 1250 997 1251 1255 
235 1252 1251 1113 1254 
236 1253 1255 1254 1146 
237 1250 1252 1253 1255 
238 1250 1255 1251 1252 
239 1252 1253 1255 1254 
240 1252 1254 1255 1251 
241 994 1235 1207 1256 
242 1235 1107 1237 1258 
243 1207 1237 1137 1257 
244 1256 1258 1257 1146 
245 1235 1207 1256 1258 
246 1235 1258 1237 1207 
247 1207 1256 1258 1257 
248 1207 1257 1258 1237 
249 466 628 1260 1261 
250 628 465 1259 1263 
251 1260 1259 1102 1262 
252 1261 1263 1262 1142 
253 628 1260 1261 1263 
254 628 1263 1259 1260 
255 1260 1261 1263 1262 
256 1260 1262 1263 1259 
257 471 1210 595 1264 
258 1210 1101 1227 1228 
259 595 1227 473 1229 
260 1264 1228 1229 1134 
261 1210 595 1264 1228 
262 1210 1228 1227 595 
263 595 1264 1228 1229 
264 595 1229 1228 1227 
265 783 1197 1265 1196 
266 1197 993 1066 1195 
267 1265 1066 989 1266 
268 1196 1195 1266 1119 
269 1197 1265 1196 1195 
270 1197 1195 1066 1265 
271 1265 1196 1195 1266 
272 1265 1266 1195 1066 
273 453 1252 1268 1253 
274 1252 1113 1267 1254 
275 1268 1267 1142 1269 
276 1253 1254 1269 1146 
277 1252 1268 1253 1254 
278 1252 1254 1267 1268 
279 1268 1253 1254 1269 
280 1268 1269 1254 1267 
281 1 50 1270 1271 
282 50 5 1187 1273 
283 1270 1187 1128 1272 
284 1271 1273 1272 1150 
285 50 1270 1271 1273 
286 50 1273 1187 1270 
287 1270 1271 1273 1272 
288 1270 1272 1273 1187 
289 465 628 1259 1274 
290 628 466 1260 1276 
291 1259 1260 1102 1275 
292 1274 1276 1275 1124 
293 628 1259 1274 1276 
294 628 1276 1260 1259 
295 1259 1274 1276 1275 
296 1259 1275 1276 1260 
297 224 1192 1277 1191 
298 1192 479 516 1190 
299 1277 516 489 1278 
300 1191 1190 1278 1109 
301 1192 1277 1191 1190 
302 1192 1190 516 1277 
303 1277 1191 1190 1278 
304 1277 1278 1190 516 
305 798 979 978 1177 
306 979 804 973 1189 
307 978 973 794 1161 
308 1177 1189 1161 1115 
309 979 978 1177 1189 
310 979 1189 973 978 
311 978 1177 1189 1161 
312 978 1161 1189 973 
313 235 1242 1280 1243 
314 1242 1111 1279 1244 
315 1280 1279 1115 1281 
316 1243 1244 1281 1133 
317 1242 1280 1243 1244 
318 1242 1244 1279 1280 
319 1280 1243 1244 1281 
320 1280 1281 1244 1279 
321 1001 1282 1034 1283 
322 1282 458 1218 1219 
323 1034 1218 987 1220 
324 1283 1219 1220 1118 
325 1282 1034 1283 1219 
326 1282 1219 1218 1034 
327 1034 1283 1219 1220 
328 1034 1220 1219 1218 
329 224 1191 310 1194 
330 1191 1109 1284 1181 
331 310 1284 233 1285 
332 1194 1181 1285 1111 
333 1191 310 1194 1181 
334 1191 1181 1284 310 
335 310 1194 1181 1285 
336 310 1285 1181 1284 
337 466 1260 1287 1261 
338 1260 1102 1286 1262 
339 1287 1286 1126 1288 
340 1261 1262 1288 1142 
341 1260 1287 1261 1262 
342 1260 1262 1286 1287 
343 1287 1261 1262 1288 
344 1287 1288 1262 1286 
345 1105 1289 1291 1292 
346 1289 1113 1290 1221 
347 1291 1290 482 1293 
348 1292 1221 1293 1118 
349 1289 1291 1292 1221 
350 1289 1221 1290 1291 
351 1291 1292 1221 1293 
352 1291 1293 1221 1290 
353 1102 1294 1296 1297 
354 1294 1112 1295 1185 
355 1296 1295 1103 1298 
356 1297 1185 1298 1128 
357 1294 1296 1297 1185 
358 1294 1185 1295 1296 
359 1296 1297 1185 1298 
360 1296 1298 1185 1295 
361 466 1260 1276 1299 
362 1260 1102 1275 1301 
363 1276 1275 1124 1300 
364 1299 1301 1300 1136 
365 1260 1276 1299 1301 
366 1260 1301 1275 1276 
367 1276 1299 1301 1300 
368 1276 1300 1301 1275 
369 1108 1302 1303 1304 
370 1302 1113 1251 1254 
371 1303 1251 997 1255 
372 1304 1254 1255 1146 
373 1302 1303 1304 1254 
374 1302 1254 1251 1303 
375 1303 1304 1254 1255 
376 1303 1255 1254 1251 
377 454 1305 1306 1307 
378 1305 1111 1241 1244 
379 1306 1241 234 1245 
380 1307 1244 1245 1133 
381 1305 1306 1307 1244 
382 1305 1244 1241 1306 
383 1306 1307 1244 1245 
384 1306 1245 1244 1241 
385 994 1256 1207 1246 
386 1256 1146 1257 1308 
387 1207 1257 1137 1248 
388 1246 1308 1248 1155 
389 1256 1207 1246 1308 
390 1256 1308 1257 1207 
391 1207 1246 1308 1248 
392 1207 1248 1308 1257 
393 1103 1295 1296 1309 
394 1295 1112 1294 1310 
395 1296 1294 1102 1275 
396 1309 1310 1275 1124 
397 1295 1296 1309 1310 
398 1295 1310 1294 1296 
399 1296 1309 1310 1275 
400 1296 1275 1310 1294 
401 489 1311 1277 1278 
402 1311 238 271 1312 
403 1277 271 224 1191 
404 1278 1312 1191 1109 
405 1311 1277 1278 1312 
406 1311 1312 271 1277 
407 1277 1278 1312 1191 
408 1277 1191 1312 271 
409 989 1066 1084 1266 
410 1066 993 1085 1195 
411 1084 1085 994 1206 
412 1266 1195 1206 1119 
413 1066 1084 1266 1195 
414 1066 1195 1085 1084 
415 1084 1266 1195 1206 
416 1084 1206 1195 1085 
417 794 1158 1159 1313 
418 1158 1110 1157 1315 
419 1159 1157 1106 1314 
420 1313 1315 1314 1117 
421 1158 1159 1313 1315 
422 1158 1315 1157 1159 
423 1159 1313 1315 1314 
424 1159 1314 1315 1157 
425 998 1072 1316 1317 
426 1072 997 1303 1251 
427 1316 1303 1108 1302 
428 1317 1251 1302 1113 
429 1072 1316 1317 1251 
430 1072 1251 1303 1316 
431 1316 1317 1251 1302 
432 1316 1302 1251 1303 
433 1128 1186 1184 1318 
434 1186 1140 1173 1320 
435 1184 1173 35 1319 
436 1318 1320 1319 1147 
437 1186 1184 1318 1320 
438 1186 1320 1173 1184 
439 1184 1318 1320 1319 
440 1184 1319 1320 1173 
441 793 1321 1322 1323 
442 1321 1 1270 1271 
443 1322 1270 1128 1272 
444 1323 1271 1272 1150 
445 1321 1322 1323 1271 
446 1321 1271 1270 1322 
447 1322 1323 1271 1272 
448 1322 1272 1271 1270 
449 798 1176 1174 1324 
450 1176 1104 1175 1326 
451 1174 1175 1110 1325 
452 1324 1326 1325 1139 
453 1176 1174 1324 1326 
454 1176 1326 1175 1174 
455 1174 1324 1326 1325 
456 1174 1325 1326 1175 
457 5 1327 34 1171 
458 1327 789 1328 1329 
459 34 1328 35 1173 
460 1171 1329 1173 1140 
461 1327 34 1171 1329 
462 1327 1329 1328 34 
463 34 1171 1329 1173 
464 34 1173 1329 1328 
465 458 606 1216 1219 
466 606 482 1290 1293 
467 1216 1290 1113 1221 
468 1219 1293 1221 1118 
469 606 1216 1219 1293 
470 606 1293 1290 1216 
471 1216 1219 1293 1221 
472 1216 1221 1293 1290 
473 1104 1175 1330 1178 
474 1175 1110 1157 1162 
475 1330 1157 1106 1160 
476 1178 1162 1160 1115 
477 1175 1330 1178 1162 
478 1175 1162 1157 1330 
479 1330 1178 1162 1160 
480 1330 1160 1162 1157 
481 471 595 645 1264 
482 595 473 656 1229 
483 645 656 478 1331 
484 1264 1229 1331 1134 
485 595 645 1264 1229 
486 595 1229 656 645 
487 645 1264 1229 1331 
488 645 1331 1229 656 
489 1108 1332 1302 1304 
490 1332 1142 1267 1269 
491 1302 1267 1113 1254 
492 1304 1269 1254 1146 
493 1332 1302 1304 1269 
494 1332 1269 1267 1302 
495 1302 1304 1269 1254 
496 1302 1254 1269 1267 
497 469 1333 1182 1183 
498 1333 1131 1334 1335 
499 1182 1334 1103 1168 
500 1183 1335 1168 1136 
501 1333 1182 1183 1335 
502 1333 1335 1334 1182 
503 1182 1183 1335 1168 
504 1182 1168 1335 1334 
505 1112 1185 1294 1172 
506 1185 1128 1297 1186 
507 1294 1297 1102 1336 
508 1172 1186 1336 1140 
509 1185 1294 1172 1186 
510 1185 1186 1297 1294 
511 1294 1172 1186 1336 
512 1294 1336 1186 1297 
513 476 1180 660 1165 
514 1180 1109 1190 1181 
515 660 1190 479 1193 
516 1165 1181 1193 1111 
517 1180 660 1165 1181 
518 1180 1181 1190 660 
519 660 1165 1181 1193 
520 660 1193 1181 1190 
521 1102 1260 1286 1301 
522 1260 466 1287 1299 
523 1286 1287 1126 1337 
524 1301 1299 1337 1136 
525 1260 1286 1301 1299 
526 1260 1299 1287 1286 
527 1286 1301 1299 1337 
528 1286 1337 1299 1287 
529 794 1159 965 1313 
530 1159 1106 1208 1314 
531 965 1208 792 1338 
532 1313 1314 1338 1117 
533 1159 965 1313 1314 
534 1159 1314 1208 965 
535 965 1313 1314 1338 
536 965 1338 1314 1208 
537 998 1316 1072 1339 
538 1316 1108 1303 1304 
539 1072 1303 997 1255 
540 1339 1304 1255 1146 
541 1316 1072 1339 1304 
542 1316 1304 1303 1072 
543 1072 1339 1304 1255 
544 1072 1255 1304 1303 
545 469 640 1333 1183 
546 640 485 1340 1341 
547 1333 1340 1131 1335 
548 1183 1341 1335 1136 
549 640 1333 1183 1341 
550 640 1341 1340 1333 
551 1333 1183 1341 1335 
552 1333 1335 1341 1340 
553 477 600 1342 1343 
554 600 476 1163 1238 
555 1342 1163 1103 1239 
556 1343 1238 1239 1154 
557 600 1342 1343 1238 
558 600 1238 1163 1342 
559 1342 1343 1238 1239 
560 1342 1239 1238 1163 
561 798 1177 1176 1344 
562 1177 1115 1178 1346 
563 1176 1178 1104 1345 
564 1344 1346 1345 1156 
565 1177 1176 1344 1346 
566 1177 1346 1178 1176 
567 1176 1344 1346 1345 
568 1176 1345 1346 1178 
569 1103 1309 1296 1168 
570 1309 1124 1275 1300 
571 1296 1275 1102 1301 
572 1168 1300 1301 1136 
573 1309 1296 1168 1300 
574 1309 1300 1275 1296 
575 1296 1168 1300 1301 
576 1296 1301 1300 1275 
577 35 36 1184 1319 
578 36 37 1347 1348 
579 1184 1347 1128 1318 
580 1319 1348 1318 1147 
581 36 1184 1319 1348 
582 36 1348 1347 1184 
583 1184 1319 1348 1318 
584 1184 1318 1348 1347 
585 1112 1185 1170 1349 
586 1185 1128 1187 1272 
587 1170 1187 5 1273 
588 1349 1272 1273 1150 
589 1185 1170 1349 1272 
590 1185 1272 1187 1170 
591 1170 1349 1272 1273 
592 1170 1273 1272 1187 
593 482 1290 1291 1350 
594 1290 1113 1289 1352 
595 1291 1289 1105 1351 
596 1350 1352 1351 1124 
597 1290 1291 1350 1352 
598 1290 1352 1289 1291 
599 1291 1350 1352 1351 
600 1291 1351 1352 1289 
601 3 24 214 1353 
602 24 23 216 1355 
603 214 216 212 1354 
604 1353 1355 1354 1110 
605 24 214 1353 1355 
606 24 1355 216 214 
607 214 1353 1355 1354 
608 214 1354 1355 216 
609 477 600 652 1342 
610 600 476 651 1163 
611 652 651 469 1182 
612 1342 1163 1182 1103 
613 600 652 1342 1163 
614 600 1163 651 652 
615 652 1342 1163 1182 
616 652 1182 1163 651 
617 1102 1336 1297 1356 
618 1336 1140 1186 1320 
619 1297 1186 1128 1318 
620 1356 1320 1318 1147 
621 1336 1297 1356 1320 
622 1336 1320 1186 1297 
623 1297 1356 1320 1318 
624 1297 1318 1320 1186 
625 809 956 1358 914 
626 956 789 1357 959 
627 1358 1357 6 1359 
628 914 959 1359 807 
629 956 1358 914 959 
630 956 959 1357 1358 
631 1358 914 959 1359 
632 1358 1359 959 1357 
633 998 1316 1094 1317 
634 1316 1108 1360 1302 
635 1094 1360 999 1361 
636 1317 1302 1361 1113 
637 1316 1094 1317 1302 
638 1316 1302 1360 1094 
639 1094 1317 1302 1361 
640 1094 1361 1302 1360 
641 454 1362 1306 1305 
642 1362 224 274 1194 
643 1306 274 234 1241 
644 1305 1194 1241 1111 
645 1362 1306 1305 1194 
646 1362 1194 274 1306 
647 1306 1305 1194 1241 
648 1306 1241 1194 274 
649 458 606 564 1216 
650 606 482 607 1290 
651 564 607 486 1232 
652 1216 1290 1232 1113 
653 606 564 1216 1290 
654 606 1290 607 564 
655 564 1216 1290 1232 
656 564 1232 1290 607 
657 23 1355 1363 1364 
658 1355 1110 1158 1315 
659 1363 1158 794 1313 
660 1364 1315 1313 1117 
661 1355 1363 1364 1315 
662 1355 1315 1158 1363 
663 1363 1364 1315 1313 
664 1363 1313 1315 1158 
665 233 1285 1284 1365 
666 1285 1111 1181 1367 
667 1284 1181 1109 1366 
668 1365 1367 1366 1120 
669 1285 1284 1365 1367 
670 1285 1367 1181 1284 
671 1284 1365 1367 1366 
672 1284 1366 1367 1181 
673 1105 1368 1370 1371 
674 1368 1125 1369 1373 
675 1370 1369 360 1372 
676 1371 1373 1372 1143 
677 1368 1370 1371 1373 
678 1368 1373 1369 1370 
679 1370 1371 1373 1372 
680 1370 1372 1373 1369 
681 466 627 628 1261 
682 627 464 623 1374 
683 628 623 465 1263 
684 1261 1374 1263 1142 
685 627 628 1261 1374 
686 627 1374 623 628 
687 628 1261 1374 1263 
688 628 1263 1374 623 
689 999 1361 1360 1375 
690 1361 1113 1302 1377 
691 1360 1302 1108 1376 
692 1375 1377 1376 1122 
693 1361 1360 1375 1377 
694 1361 1377 1302 1360 
695 1360 1375 1377 1376 
696 1360 1376 1377 1302 
697 234 314 309 1241 
698 314 236 331 1378 
699 309 331 235 1242 
700 1241 1378 1242 1111 
701 314 309 1241 1378 
702 314 1378 331 309 
703 309 1241 1378 1242 
704 309 1242 1378 331 
705 240 1379 287 1381 
706 1379 668 1380 1383 
707 287 1380 228 1382 
708 1381 1383 1382 1129 
709 1379 287 1381 1383 
710 1379 1383 1380 287 
711 287 1381 1383 1382 
712 287 1382 1383 1380 
713 23 1363 1384 1364 
714 1363 794 965 1313 
715 1384 965 792 1338 
716 1364 1313 1338 1117 
717 1363 1384 1364 1313 
718 1363 1313 965 1384 
719 1384 1364 1313 1338 
720 1384 1338 1313 965 
721 479 1192 519 1193 
722 1192 224 1362 1194 
723 519 1362 454 1305 
724 1193 1194 1305 1111 
725 1192 519 1193 1194 
726 1192 1194 1362 519 
727 519 1193 1194 1305 
728 519 1305 1194 1362 
729 466 1287 627 1261 
730 1287 1126 1385 1288 
731 627 1385 464 1374 
732 1261 1288 1374 1142 
733 1287 627 1261 1288 
734 1287 1288 1385 627 
735 627 1261 1288 1374 
736 627 1374 1288 1385 
737 1124 1386 1387 1300 
738 1386 1131 1340 1335 
739 1387 1340 485 1341 
740 1300 1335 1341 1136 
741 1386 1387 1300 1335 
742 1386 1335 1340 1387 
743 1387 1300 1335 1341 
744 1387 1341 1335 1340 
745 482 1291 1293 1388 
746 1291 1105 1292 1390 
747 1293 1292 1118 1389 
748 1388 1390 1389 1145 
749 1291 1293 1388 1390 
750 1291 1390 1292 1293 
751 1293 1388 1390 1389 
752 1293 1389 1390 1292 
753 1105 1371 1370 1390 
754 1371 1143 1372 1392 
755 1370 1372 360 1391 
756 1390 1392 1391 1145 
757 1371 1370 1390 1392 
758 1371 1392 1372 1370 
759 1370 1390 1392 1391 
760 1370 1391 1392 1372 
761 1106 1157 1330 1393 
762 1157 1110 1175 1395 
763 1330 1175 1104 1394 
764 1393 1395 1394 1132 
765 1157 1330 1393 1395 
766 1157 1395 1175 1330 
767 1330 1393 1395 1394 
768 1330 1394 1395 1175 
769 35 1173 1328 1319 
770 1173 1140 1329 1320 
771 1328 1329 789 1396 
772 1319 1320 1396 1147 
773 1173 1328 1319 1320 
774 1173 1320 1329 1328 
775 1328 1319 1320 1396 
776 1328 1396 1320 1329 
777 798 1397 1176 1324 
778 1397 1129 1398 1399 
779 1176 1398 1104 1326 
780 1324 1399 1326 1139 
781 1397 1176 1324 1399 
782 1397 1399 1398 1176 
783 1176 1324 1399 1326 
784 1176 1326 1399 1398 
785 453 1268 576 1253 
786 1268 1142 1400 1269 
787 576 1400 462 1401 
788 1253 1269 1401 1146 
789 1268 576 1253 1269 
790 1268 1269 1400 576 
791 576 1253 1269 1401 
792 576 1401 1269 1400 
793 240 1402 1379 1381 
794 1402 678 703 1403 
795 1379 703 668 1383 
796 1381 1403 1383 1129 
797 1402 1379 1381 1403 
798 1402 1403 703 1379 
799 1379 1381 1403 1383 
800 1379 1383 1403 703 
801 1102 1297 1296 1301 
802 1297 1128 1298 1404 
803 1296 1298 1103 1168 
804 1301 1404 1168 1136 
805 1297 1296 1301 1404 
806 1297 1404 1298 1296 
807 1296 1301 1404 1168 
808 1296 1168 1404 1298 
809 1103 1334 1309 1168 
810 1334 1131 1386 1335 
811 1309 1386 1124 1300 
812 1168 1335 1300 1136 
813 1334 1309 1168 1335 
814 1334 1335 1386 1309 
815 1309 1168 1335 1300 
816 1309 1300 1335 1386 
817 469 652 1182 1333 
818 652 477 1342 1405 
819 1182 1342 1103 1334 
820 1333 1405 1334 1131 
821 652 1182 1333 1405 
822 652 1405 1342 1182 
823 1182 1333 1405 1334 
824 1182 1334 1405 1342 
825 1101 1406 1211 1407 
826 1406 1142 1288 1409 
827 1211 1288 1126 1408 
828 1407 1409 1408 1147 
829 1406 1211 1407 1409 
830 1406 1409 1288 1211 
831 1211 1407 1409 1408 
832 1211 1408 1409 1288 
833 343 1410 379 1412 
834 1410 239 1411 1414 
835 379 1411 354 1413 
836 1412 1414 1413 1152 
837 1410 379 1412 1414 
838 1410 1414 1411 379 
839 379 1412 1414 1413 
840 379 1413 1414 1411 
841 667 742 1416 1417 
842 742 679 1415 1419 
843 1416 1415 991 1418 
844 1417 1419 1418 1119 
845 742 1416 1417 1419 
846 742 1419 1415 1416 
847 1416 1417 1419 1418 
848 1416 1418 1419 1415 
849 1108 1332 1420 1421 
850 1332 1142 1406 1409 
851 1420 1406 1101 1407 
852 1421 1409 1407 1147 
853 1332 1420 1421 1409 
854 1332 1409 1406 1420 
855 1420 1421 1409 1407 
856 1420 1407 1409 1406 
857 1102 1422 1423 1356 
858 1422 1113 1377 1425 
859 1423 1377 1122 1424 
860 1356 1425 1424 1147 
861 1422 1423 1356 1425 
862 1422 1425 1377 1423 
863 1423 1356 1425 1424 
864 1423 1424 1425 1377 
865 1107 1426 1428 1429 
866 1426 1130 1427 1431 
867 1428 1427 488 1430 
868 1429 1431 1430 1144 
869 1426 1428 1429 1431 
870 1426 1431 1427 1428 
871 1428 1429 1431 1430 
872 1428 1430 1431 1427 
873 482 1350 1291 1388 
874 1350 1124 1351 1432 
875 1291 1351 1105 1390 
876 1388 1432 1390 1145 
877 1350 1291 1388 1432 
878 1350 1432 1351 1291 
879 1291 1388 1432 1390 
880 1291 1390 1432 1351 
881 1108 1376 1302 1421 
882 1376 1122 1377 1424 
883 1302 1377 1113 1425 
884 1421 1424 1425 1147 
885 1376 1302 1421 1424 
886 1376 1424 1377 1302 
887 1302 1421 1424 1425 
888 1302 1425 1424 1377 
889 239 264 1411 1414 
890 264 229 1433 1434 
891 1411 1433 354 1413 
892 1414 1434 1413 1152 
893 264 1411 1414 1434 
894 264 1434 1433 1411 
895 1411 1414 1434 1413 
896 1411 1413 1434 1433 
897 1103 1435 1437 1438 
898 1435 1138 1436 1439 
899 1437 1436 793 1323 
900 1438 1439 1323 1150 
901 1435 1437 1438 1439 
902 1435 1439 1436 1437 
903 1437 1438 1439 1323 
904 1437 1323 1439 1436 
905 239 320 264 1414 
906 320 245 337 1440 
907 264 337 229 1434 
908 1414 1440 1434 1152 
909 320 264 1414 1440 
910 320 1440 337 264 
911 264 1414 1440 1434 
912 264 1434 1440 337 
913 235 1242 331 1280 
914 1242 1111 1378 1279 
915 331 1378 236 1441 
916 1280 1279 1441 1115 
917 1242 331 1280 1279 
918 1242 1279 1378 331 
919 331 1280 1279 1441 
920 331 1441 1279 1378 
921 463 1442 1443 1444 
922 1442 1113 1352 1267 
923 1443 1352 1124 1445 
924 1444 1267 1445 1142 
925 1442 1443 1444 1267 
926 1442 1267 1352 1443 
927 1443 1444 1267 1445 
928 1443 1445 1267 1352 
929 998 1094 1072 1317 
930 1094 999 1077 1361 
931 1072 1077 997 1251 
932 1317 1361 1251 1113 
933 1094 1072 1317 1361 
934 1094 1361 1077 1072 
935 1072 1317 1361 1251 
936 1072 1251 1361 1077 
937 469 640 652 1333 
938 640 485 586 1340 
939 652 586 477 1405 
940 1333 1340 1405 1131 
941 640 652 1333 1340 
942 640 1340 586 652 
943 652 1333 1340 1405 
944 652 1405 1340 586 
945 793 1322 1437 1323 
946 1322 1128 1298 1272 
947 1437 1298 1103 1438 
948 1323 1272 1438 1150 
949 1322 1437 1323 1272 
950 1322 1272 1298 1437 
951 1437 1323 1272 1438 
952 1437 1438 1272 1298 
953 679 1446 1415 1419 
954 1446 1003 1050 1447 
955 1415 1050 991 1418 
956 1419 1447 1418 1119 
957 1446 1415 1419 1447 
958 1446 1447 1050 1415 
959 1415 1419 1447 1418 
960 1415 1418 1447 1050 
961 1102 1423 1422 1336 
962 1423 1122 1377 1449 
963 1422 1377 1113 1448 
964 1336 1449 1448 1140 
965 1423 1422 1336 1449 
966 1423 1449 1377 1422 
967 1422 1336 1449 1448 
968 1422 1448 1449 1377 
969 798 1174 937 1324 
970 1174 1110 1450 1325 
971 937 1450 796 1451 
972 1324 1325 1451 1139 
973 1174 937 1324 1325 
974 1174 1325 1450 937 
975 937 1324 1325 1451 
976 937 1451 1325 1450 
977 354 435 379 1413 
978 435 361 449 1452 
979 379 449 343 1412 
980 1413 1452 1412 1152 
981 435 379 1413 1452 
982 435 1452 449 379 
983 379 1413 1452 1412 
984 379 1412 1452 449 
985 465 1274 1259 1263 
986 1274 1124 1275 1445 
987 1259 1275 1102 1262 
988 1263 1445 1262 1142 
989 1274 1259 1263 1445 
990 1274 1445 1275 1259 
991 1259 1263 1445 1262 
992 1259 1262 1445 1275 
993 236 1441 1378 1453 
994 1441 1115 1279 1455 
995 1378 1279 1111 1454 
996 1453 1455 1454 1153 
997 1441 1378 1453 1455 
998 1441 1455 1279 1378 
999 1378 1453 1455 1454 
1000 1378 1454 1455 1279 
1001 487 1456 1457 1458 
1002 1456 1130 1426 1230 
1003 1457 1426 1107 1459 
1004 1458 1230 1459 1134 
1005 1456 1457 1458 1230 
1006 1456 1230 1426 1457 
1007 1457 1458 1230 1459 
1008 1457 1459 1230 1426 
1009 19 18 213 1460 
1010 18 1 50 1270 
1011 213 50 5 1187 
1012 1460 1270 1187 1128 
1013 18 213 1460 1270 
1014 18 1270 50 213 
1015 213 1460 1270 1187 
1016 213 1187 1270 50 
1017 1105 1351 1289 1461 
1018 1351 1124 1352 1462 
1019 1289 1352 1113 1448 
1020 1461 1462 1448 1140 
1021 1351 1289 1461 1462 
1022 1351 1462 1352 1289 
1023 1289 1461 1462 1448 
1024 1289 1448 1462 1352 
1025 493 1463 1465 1466 
1026 1463 349 1464 1468 
1027 1465 1464 1131 1467 
1028 1466 1468 1467 1145 
1029 1463 1465 1466 1468 
1030 1463 1468 1464 1465 
1031 1465 1466 1468 1467 
1032 1465 1467 1468 1464 
1033 238 313 271 1312 
1034 313 233 310 1284 
1035 271 310 224 1191 
1036 1312 1284 1191 1109 
1037 313 271 1312 1284 
1038 313 1284 310 271 
1039 271 1312 1284 1191 
1040 271 1191 1284 310 
1041 493 1463 1469 1465 
1042 1463 349 415 1464 
1043 1469 415 342 1470 
1044 1465 1464 1470 1131 
1045 1463 1469 1465 1464 
1046 1463 1464 415 1469 
1047 1469 1465 1464 1470 
1048 1469 1470 1464 415 
1049 235 1280 331 1471 
1050 1280 1115 1441 1455 
1051 331 1441 236 1453 
1052 1471 1455 1453 1153 
1053 1280 331 1471 1455 
1054 1280 1455 1441 331 
1055 331 1471 1455 1453 
1056 331 1453 1455 1441 
1057 1105 1292 1370 1368 
1058 1292 1118 1472 1473 
1059 1370 1472 360 1369 
1060 1368 1473 1369 1125 
1061 1292 1370 1368 1473 
1062 1292 1473 1472 1370 
1063 1370 1368 1473 1369 
1064 1370 1369 1473 1472 
1065 817 1474 1476 1477 
1066 1474 1112 1475 1479 
1067 1476 1475 338 1478 
1068 1477 1479 1478 1143 
1069 1474 1476 1477 1479 
1070 1474 1479 1475 1476 
1071 1476 1477 1479 1478 
1072 1476 1478 1479 1475 
1073 350 438 1480 1481 
1074 438 360 1372 1391 
1075 1480 1372 1143 1392 
1076 1481 1391 1392 1145 
1077 438 1480 1481 1391 
1078 438 1391 1372 1480 
1079 1480 1481 1391 1392 
1080 1480 1392 1391 1372 
1081 784 1482 938 1483 
1082 1482 1129 1397 1399 
1083 938 1397 798 1324 
1084 1483 1399 1324 1139 
1085 1482 938 1483 1399 
1086 1482 1399 1397 938 
1087 938 1483 1399 1324 
1088 938 1324 1399 1397 
1089 1127 1484 1485 1486 
1090 1484 1138 1435 1439 
1091 1485 1435 1103 1438 
1092 1486 1439 1438 1150 
1093 1484 1485 1486 1439 
1094 1484 1439 1435 1485 
1095 1485 1486 1439 1438 
1096 1485 1438 1439 1435 
1097 487 616 1457 1456 
1098 616 488 1428 1427 
1099 1457 1428 1107 1426 
1100 1456 1427 1426 1130 
1101 616 1457 1456 1427 
1102 616 1427 1428 1457 
1103 1457 1456 1427 1426 
1104 1457 1426 1427 1428 
1105 667 1417 1416 1487 
1106 1417 1119 1418 1489 
1107 1416 1418 991 1488 
1108 1487 1489 1488 1144 
1109 1417 1416 1487 1489 
1110 1417 1489 1418 1416 
1111 1416 1487 1489 1488 
1112 1416 1488 1489 1418 
1113 792 1338 1208 1490 
1114 1338 1117 1314 1492 
1115 1208 1314 1106 1491 
1116 1490 1492 1491 1128 
1117 1338 1208 1490 1492 
1118 1338 1492 1314 1208 
1119 1208 1490 1492 1491 
1120 1208 1491 1492 1314 
1121 454 1305 1307 1493 
1122 1305 1111 1244 1495 
1123 1307 1244 1133 1494 
1124 1493 1495 1494 1151 
1125 1305 1307 1493 1495 
1126 1305 1495 1244 1307 
1127 1307 1493 1495 1494 
1128 1307 1494 1495 1244 
1129 355 402 441 1496 
1130 402 344 451 1497 
1131 441 451 360 1472 
1132 1496 1497 1472 1118 
1133 402 441 1496 1497 
1134 402 1497 451 441 
1135 441 1496 1497 1472 
1136 441 1472 1497 451 
1137 1113 1352 1422 1448 
1138 1352 1124 1275 1462 
1139 1422 1275 1102 1336 
1140 1448 1462 1336 1140 
1141 1352 1422 1448 1462 
1142 1352 1462 1275 1422 
1143 1422 1448 1462 1336 
1144 1422 1336 1462 1275 
1145 994 1235 1087 1206 
1146 1235 1107 1498 1236 
1147 1087 1498 1009 1499 
1148 1206 1236 1499 1119 
1149 1235 1087 1206 1236 
1150 1235 1236 1498 1087 
1151 1087 1206 1236 1499 
1152 1087 1499 1236 1498 
1153 684 776 759 1500 
1154 776 668 703 1383 
1155 759 703 678 1403 
1156 1500 1383 1403 1129 
1157 776 759 1500 1383 
1158 776 1383 703 759 
1159 759 1500 1383 1403 
1160 759 1403 1383 703 
1161 1104 1178 1330 1394 
1162 1178 1115 1160 1501 
1163 1330 1160 1106 1393 
1164 1394 1501 1393 1132 
1165 1178 1330 1394 1501 
1166 1178 1501 1160 1330 
1167 1330 1394 1501 1393 
1168 1330 1393 1501 1160 
1169 1125 1373 1368 1502 
1170 1373 1143 1371 1504 
1171 1368 1371 1105 1503 
1172 1502 1504 1503 1149 
1173 1373 1368 1502 1504 
1174 1373 1504 1371 1368 
1175 1368 1502 1504 1503 
1176 1368 1503 1504 1371 
1177 490 525 1506 1507 
1178 525 481 1505 1509 
1179 1506 1505 223 1508 
1180 1507 1509 1508 1133 
1181 525 1506 1507 1509 
1182 525 1509 1505 1506 
1183 1506 1507 1509 1508 
1184 1506 1508 1509 1505 
1185 240 287 326 1381 
1186 287 228 333 1382 
1187 326 333 246 1510 
1188 1381 1382 1510 1129 
1189 287 326 1381 1382 
1190 287 1382 333 326 
1191 326 1381 1382 1510 
1192 326 1510 1382 333 
1193 360 1472 1370 1391 
1194 1472 1118 1292 1389 
1195 1370 1292 1105 1390 
1196 1391 1389 1390 1145 
1197 1472 1370 1391 1389 
1198 1472 1389 1292 1370 
1199 1370 1391 1389 1390 
1200 1370 1390 1389 1292 
1201 793 1321 1511 1322 
1202 1321 1 18 1270 
1203 1511 18 19 1460 
1204 1322 1270 1460 1128 
1205 1321 1511 1322 1270 
1206 1321 1270 18 1511 
1207 1511 1322 1270 1460 
1208 1511 1460 1270 18 
1209 231 1512 308 1514 
1210 1512 1123 1513 1516 
1211 308 1513 237 1515 
1212 1514 1516 1515 1133 
1213 1512 308 1514 1516 
1214 1512 1516 1513 308 
1215 308 1514 1516 1515 
1216 308 1515 1516 1513 
1217 467 643 1517 1518 
1218 643 471 1212 1213 
1219 1517 1212 1126 1214 
1220 1518 1213 1214 1132 
1221 643 1517 1518 1213 
1222 643 1213 1212 1517 
1223 1517 1518 1213 1214 
1224 1517 1214 1213 1212 
1225 21 1519 1520 1521 
1226 1519 1117 1338 1492 
1227 1520 1338 792 1490 
1228 1521 1492 1490 1128 
1229 1519 1520 1521 1492 
1230 1519 1492 1338 1520 
1231 1520 1521 1492 1490 
1232 1520 1490 1492 1338 
1233 490 1522 1523 1507 
1234 1522 237 1513 1515 
1235 1523 1513 1123 1516 
1236 1507 1515 1516 1133 
1237 1522 1523 1507 1515 
1238 1522 1515 1513 1523 
1239 1523 1507 1515 1516 
1240 1523 1516 1515 1513 
1241 21 22 1520 1519 
1242 22 23 1384 1364 
1243 1520 1384 792 1338 
1244 1519 1364 1338 1117 
1245 22 1520 1519 1364 
1246 22 1364 1384 1520 
1247 1520 1519 1364 1338 
1248 1520 1338 1364 1384 
1249 3 1353 1525 1526 
1250 1353 1110 1524 1325 
1251 1525 1524 1116 1527 
1252 1526 1325 1527 1139 
1253 1353 1525 1526 1325 
1254 1353 1325 1524 1525 
1255 1525 1526 1325 1527 
1256 1525 1527 1325 1524 
1257 490 1506 1522 1507 
1258 1506 223 280 1508 
1259 1522 280 237 1515 
1260 1507 1508 1515 1133 
1261 1506 1522 1507 1508 
1262 1506 1508 280 1522 
1263 1522 1507 1508 1515 
1264 1522 1515 1508 280 
1265 1104 1528 1529 1530 
1266 1528 1123 1512 1516 
1267 1529 1512 231 1514 
1268 1530 1516 1514 1133 
1269 1528 1529 1530 1516 
1270 1528 1516 1512 1529 
1271 1529 1530 1516 1514 
1272 1529 1514 1516 1512 
1273 1122 1449 1423 1424 
1274 1449 1140 1336 1320 
1275 1423 1336 1102 1356 
1276 1424 1320 1356 1147 
1277 1449 1423 1424 1320 
1278 1449 1320 1336 1423 
1279 1423 1424 1320 1356 
1280 1423 1356 1320 1336 
1281 670 1531 757 1533 
1282 1531 1104 1532 1398 
1283 757 1532 684 1500 
1284 1533 1398 1500 1129 
1285 1531 757 1533 1398 
1286 1531 1398 1532 757 
1287 757 1533 1398 1500 
1288 757 1500 1398 1532 
1289 35 1534 36 1319 
1290 1534 788 1535 1536 
1291 36 1535 37 1348 
1292 1319 1536 1348 1147 
1293 1534 36 1319 1536 
1294 1534 1536 1535 36 
1295 36 1319 1536 1348 
1296 36 1348 1536 1535 
1297 463 1443 624 1444 
1298 1443 1124 1274 1445 
1299 624 1274 465 1263 
1300 1444 1445 1263 1142 
1301 1443 624 1444 1445 
1302 1443 1445 1274 624 
1303 624 1444 1445 1263 
1304 624 1263 1445 1274 
1305 1103 1298 1437 1435 
1306 1298 1128 1322 1537 
1307 1437 1322 793 1436 
1308 1435 1537 1436 1138 
1309 1298 1437 1435 1537 
1310 1298 1537 1322 1437 
1311 1437 1435 1537 1436 
1312 1437 1436 1537 1322 
1313 1002 1538 1539 1540 
1314 1538 344 1497 1541 
1315 1539 1497 1118 1473 
1316 1540 1541 1473 1125 
1317 1538 1539 1540 1541 
1318 1538 1541 1497 1539 
1319 1539 1540 1541 1473 
1320 1539 1473 1541 1497 
1321 676 1542 1543 1544 
1322 1542 488 1427 1430 
1323 1543 1427 1130 1431 
1324 1544 1430 1431 1144 
1325 1542 1543 1544 1430 
1326 1542 1430 1427 1543 
1327 1543 1544 1430 1431 
1328 1543 1431 1430 1427 
1329 801 976 1545 1546 
1330 976 793 1436 1323 
1331 1545 1436 1138 1439 
1332 1546 1323 1439 1150 
1333 976 1545 1546 1323 
1334 976 1323 1436 1545 
1335 1545 1546 1323 1439 
1336 1545 1439 1323 1436 
1337 1101 1420 1228 1406 
1338 1420 1108 1547 1332 
1339 1228 1547 1134 1548 
1340 1406 1332 1548 1142 
1341 1420 1228 1406 1332 
1342 1420 1332 1547 1228 
1343 1228 1406 1332 1548 
1344 1228 1548 1332 1547 
1345 1002 1027 1083 1539 
1346 1027 992 1099 1550 
1347 1083 1099 1008 1549 
1348 1539 1550 1549 1118 
1349 1027 1083 1539 1550 
1350 1027 1550 1099 1083 
1351 1083 1539 1550 1549 
1352 1083 1549 1550 1099 
1353 343 1551 1410 1412 
1354 1551 1135 1552 1553 
1355 1410 1552 239 1414 
1356 1412 1553 1414 1152 
1357 1551 1410 1412 1553 
1358 1551 1553 1552 1410 
1359 1410 1412 1553 1414 
1360 1410 1414 1553 1552 
1361 463 1442 626 1443 
1362 1442 1113 1290 1352 
1363 626 1290 482 1350 
1364 1443 1352 1350 1124 
1365 1442 626 1443 1352 
1366 1442 1352 1290 626 
1367 626 1443 1352 1350 
1368 626 1350 1352 1290 
1369 1117 1492 1554 1555 
1370 1492 1128 1347 1318 
1371 1554 1347 37 1348 
1372 1555 1318 1348 1147 
1373 1492 1554 1555 1318 
1374 1492 1318 1347 1554 
1375 1554 1555 1318 1348 
1376 1554 1348 1318 1347 
1377 684 1532 757 1556 
1378 1532 1104 1531 1528 
1379 757 1531 670 1557 
1380 1556 1528 1557 1123 
1381 1532 757 1556 1528 
1382 1532 1528 1531 757 
1383 757 1556 1528 1557 
1384 757 1557 1528 1531 
1385 5 34 213 1187 
1386 34 35 217 1184 
1387 213 217 19 1460 
1388 1187 1184 1460 1128 
1389 34 213 1187 1184 
1390 34 1184 217 213 
1391 213 1187 1184 1460 
1392 213 1460 1184 217 
1393 792 1490 1208 1209 
1394 1490 1128 1491 1537 
1395 1208 1491 1106 1205 
1396 1209 1537 1205 1138 
1397 1490 1208 1209 1537 
1398 1490 1537 1491 1208 
1399 1208 1209 1537 1205 
1400 1208 1205 1537 1491 
1401 493 1469 538 1465 
1402 1469 342 1558 1470 
1403 538 1558 455 1559 
1404 1465 1470 1559 1131 
1405 1469 538 1465 1470 
1406 1469 1470 1558 538 
1407 538 1465 1470 1559 
1408 538 1559 1470 1558 
1409 817 862 1476 1474 
1410 862 779 1560 1561 
1411 1476 1560 338 1475 
1412 1474 1561 1475 1112 
1413 862 1476 1474 1561 
1414 862 1561 1560 1476 
1415 1476 1474 1561 1475 
1416 1476 1475 1561 1560 
1417 231 1529 323 1512 
1418 1529 1104 1562 1528 
1419 323 1562 246 1563 
1420 1512 1528 1563 1123 
1421 1529 323 1512 1528 
1422 1529 1528 1562 323 
1423 323 1512 1528 1563 
1424 323 1563 1528 1562 
1425 668 1564 1380 1383 
1426 1564 1123 1565 1566 
1427 1380 1565 228 1382 
1428 1383 1566 1382 1129 
1429 1564 1380 1383 1566 
1430 1564 1566 1565 1380 
1431 1380 1383 1566 1382 
1432 1380 1382 1566 1565 
1433 1126 1214 1567 1568 
1434 1214 1132 1393 1570 
1435 1567 1393 1106 1569 
1436 1568 1570 1569 1151 
1437 1214 1567 1568 1570 
1438 1214 1570 1393 1567 
1439 1567 1568 1570 1569 
1440 1567 1569 1570 1393 
1441 801 1545 1571 1546 
1442 1545 1138 1484 1439 
1443 1571 1484 1127 1486 
1444 1546 1439 1486 1150 
1445 1545 1571 1546 1439 
1446 1545 1439 1484 1571 
1447 1571 1546 1439 1486 
1448 1571 1486 1439 1484 
1449 1109 1181 1179 1366 
1450 1181 1111 1164 1367 
1451 1179 1164 1103 1572 
1452 1366 1367 1572 1120 
1453 1181 1179 1366 1367 
1454 1181 1367 1164 1179 
1455 1179 1366 1367 1572 
1456 1179 1572 1367 1164 
1457 466 1276 632 1299 
1458 1276 1124 1387 1300 
1459 632 1387 485 1341 
1460 1299 1300 1341 1136 
1461 1276 632 1299 1300 
1462 1276 1300 1387 632 
1463 632 1299 1300 1341 
1464 632 1341 1300 1387 
1465 351 392 1573 1574 
1466 392 338 1560 1475 
1467 1573 1560 779 1561 
1468 1574 1475 1561 1112 
1469 392 1573 1574 1475 
1470 392 1475 1560 1573 
1471 1573 1574 1475 1561 
1472 1573 1561 1475 1560 
1473 479 660 516 1190 
1474 660 476 602 1180 
1475 516 602 489 1278 
1476 1190 1180 1278 1109 
1477 660 516 1190 1180 
1478 660 1180 602 516 
1479 516 1190 1180 1278 
1480 516 1278 1180 602 
1481 1009 1498 1096 1576 
1482 1498 1107 1575 1429 
1483 1096 1575 1000 1577 
1484 1576 1429 1577 1144 
1485 1498 1096 1576 1429 
1486 1498 1429 1575 1096 
1487 1096 1576 1429 1577 
1488 1096 1577 1429 1575 
1489 685 765 772 1578 
1490 765 679 742 1419 
1491 772 742 667 1417 
1492 1578 1419 1417 1119 
1493 765 772 1578 1419 
1494 765 1419 742 772 
1495 772 1578 1419 1417 
1496 772 1417 1419 742 
1497 5 1170 1580 1171 
1498 1170 1112 1579 1172 
1499 1580 1579 807 1581 
1500 1171 1172 1581 1140 
1501 1170 1580 1171 1172 
1502 1170 1172 1579 1580 
1503 1580 1171 1172 1581 
1504 1580 1581 1172 1579 
1505 361 1582 449 1452 
1506 1582 1135 1551 1553 
1507 449 1551 343 1412 
1508 1452 1553 1412 1152 
1509 1582 449 1452 1553 
1510 1582 1553 1551 449 
1511 449 1452 1553 1412 
1512 449 1412 1553 1551 
1513 347 1583 1585 1586 
1514 1583 1131 1584 1588 
1515 1585 1584 1127 1587 
1516 1586 1588 1587 1154 
1517 1583 1585 1586 1588 
1518 1583 1588 1584 1585 
1519 1585 1586 1588 1587 
1520 1585 1587 1588 1584 
1521 991 1050 1097 1418 
1522 1050 1003 1089 1447 
1523 1097 1089 1009 1499 
1524 1418 1447 1499 1119 
1525 1050 1097 1418 1447 
1526 1050 1447 1089 1097 
1527 1097 1418 1447 1499 
1528 1097 1499 1447 1089 
1529 231 323 1529 1589 
1530 323 246 1562 1590 
1531 1529 1562 1104 1345 
1532 1589 1590 1345 1156 
1533 323 1529 1589 1590 
1534 323 1590 1562 1529 
1535 1529 1589 1590 1345 
1536 1529 1345 1590 1562 
1537 223 305 280 1508 
1538 305 231 308 1514 
1539 280 308 237 1515 
1540 1508 1514 1515 1133 
1541 305 280 1508 1514 
1542 305 1514 308 280 
1543 280 1508 1514 1515 
1544 280 1515 1514 308 
1545 1009 1096 1498 1591 
1546 1096 1000 1575 1592 
1547 1498 1575 1107 1258 
1548 1591 1592 1258 1146 
1549 1096 1498 1591 1592 
1550 1096 1592 1575 1498 
1551 1498 1591 1592 1258 
1552 1498 1258 1592 1575 
1553 467 641 643 1518 
1554 641 470 644 1593 
1555 643 644 471 1213 
1556 1518 1593 1213 1132 
1557 641 643 1518 1593 
1558 641 1593 644 643 
1559 643 1518 1593 1213 
1560 643 1213 1593 644 
1561 473 595 1594 1226 
1562 595 471 1222 1233 
1563 1594 1222 1114 1234 
1564 1226 1233 1234 1130 
1565 595 1594 1226 1233 
1566 595 1233 1222 1594 
1567 1594 1226 1233 1234 
1568 1594 1234 1233 1222 
1569 685 1595 762 1597 
1570 1595 1107 1596 1599 
1571 762 1596 674 1598 
1572 1597 1599 1598 1148 
1573 1595 762 1597 1599 
1574 1595 1599 1596 762 
1575 762 1597 1599 1598 
1576 762 1598 1599 1596 
1577 804 1203 1189 1600 
1578 1203 1138 1204 1601 
1579 1189 1204 1115 1455 
1580 1600 1601 1455 1153 
1581 1203 1189 1600 1601 
1582 1203 1601 1204 1189 
1583 1189 1600 1601 1455 
1584 1189 1455 1601 1204 
1585 246 1510 1562 1590 
1586 1510 1129 1398 1602 
1587 1562 1398 1104 1345 
1588 1590 1602 1345 1156 
1589 1510 1562 1590 1602 
1590 1510 1602 1398 1562 
1591 1562 1590 1602 1345 
1592 1562 1345 1602 1398 
1593 3 1525 1604 1526 
1594 1525 1116 1603 1527 
1595 1604 1603 780 1605 
1596 1526 1527 1605 1139 
1597 1525 1604 1526 1527 
1598 1525 1527 1603 1604 
1599 1604 1526 1527 1605 
1600 1604 1605 1527 1603 
1601 806 1606 1607 1608 
1602 1606 1105 1371 1503 
1603 1607 1371 1143 1504 
1604 1608 1503 1504 1149 
1605 1606 1607 1608 1503 
1606 1606 1503 1371 1607 
1607 1607 1608 1503 1504 
1608 1607 1504 1503 1371 
1609 788 1534 948 1536 
1610 1534 35 1328 1319 
1611 948 1328 789 1396 
1612 1536 1319 1396 1147 
1613 1534 948 1536 1319 
1614 1534 1319 1328 948 
1615 948 1536 1319 1396 
1616 948 1396 1319 1328 
1617 1112 1310 1295 1609 
1618 1310 1124 1309 1386 
1619 1295 1309 1103 1334 
1620 1609 1386 1334 1131 
1621 1310 1295 1609 1386 
1622 1310 1386 1309 1295 
1623 1295 1609 1386 1334 
1624 1295 1334 1386 1309 
1625 1112 1609 1611 1612 
1626 1609 1131 1610 1467 
1627 1611 1610 348 1613 
1628 1612 1467 1613 1145 
1629 1609 1611 1612 1467 
1630 1609 1467 1610 1611 
1631 1611 1612 1467 1613 
1632 1611 1613 1467 1610 
1633 667 772 1417 1487 
1634 772 685 1578 1614 
1635 1417 1578 1119 1489 
1636 1487 1614 1489 1144 
1637 772 1417 1487 1614 
1638 772 1614 1578 1417 
1639 1417 1487 1614 1489 
1640 1417 1489 1614 1578 
1641 1102 1286 1262 1356 
1642 1286 1126 1288 1408 
1643 1262 1288 1142 1409 
1644 1356 1408 1409 1147 
1645 1286 1262 1356 1408 
1646 1286 1408 1288 1262 
1647 1262 1356 1408 1409 
1648 1262 1409 1408 1288 
1649 239 1552 320 1414 
1650 1552 1135 1615 1553 
1651 320 1615 245 1440 
1652 1414 1553 1440 1152 
1653 1552 320 1414 1553 
1654 1552 1553 1615 320 
1655 320 1414 1553 1440 
1656 320 1440 1553 1615 
1657 1101 1616 1211 1215 
1658 1616 1110 1617 1395 
1659 1211 1617 1126 1214 
1660 1215 1395 1214 1132 
1661 1616 1211 1215 1395 
1662 1616 1395 1617 1211 
1663 1211 1215 1395 1214 
1664 1211 1214 1395 1617 
1665 806 1607 1618 1608 
1666 1607 1143 1373 1504 
1667 1618 1373 1125 1502 
1668 1608 1504 1502 1149 
1669 1607 1618 1608 1504 
1670 1607 1504 1373 1618 
1671 1618 1608 1504 1502 
1672 1618 1502 1504 1373 
1673 1009 1097 1499 1576 
1674 1097 991 1418 1488 
1675 1499 1418 1119 1489 
1676 1576 1488 1489 1144 
1677 1097 1499 1576 1488 
1678 1097 1488 1418 1499 
1679 1499 1576 1488 1489 
1680 1499 1489 1488 1418 
1681 344 451 1497 1541 
1682 451 360 1472 1369 
1683 1497 1472 1118 1473 
1684 1541 1369 1473 1125 
1685 451 1497 1541 1369 
1686 451 1369 1472 1497 
1687 1497 1541 1369 1473 
1688 1497 1473 1369 1472 
1689 349 446 1464 1468 
1690 446 348 1610 1613 
1691 1464 1610 1131 1467 
1692 1468 1613 1467 1145 
1693 446 1464 1468 1613 
1694 446 1613 1610 1464 
1695 1464 1468 1613 1467 
1696 1464 1467 1613 1610 
1697 804 902 1203 1600 
1698 902 799 1619 1620 
1699 1203 1619 1138 1601 
1700 1600 1620 1601 1153 
1701 902 1203 1600 1620 
1702 902 1620 1619 1203 
1703 1203 1600 1620 1601 
1704 1203 1601 1620 1619 
1705 347 1585 1583 1621 
1706 1585 1127 1584 1486 
1707 1583 1584 1131 1622 
1708 1621 1486 1622 1150 
1709 1585 1583 1621 1486 
1710 1585 1486 1584 1583 
1711 1583 1621 1486 1622 
1712 1583 1622 1486 1584 
1713 996 1080 1623 1624 
1714 1080 1008 1549 1626 
1715 1623 1549 1118 1625 
1716 1624 1626 1625 1149 
1717 1080 1623 1624 1626 
1718 1080 1626 1549 1623 
1719 1623 1624 1626 1625 
1720 1623 1625 1626 1549 
1721 465 633 628 1274 
1722 633 485 632 1387 
1723 628 632 466 1276 
1724 1274 1387 1276 1124 
1725 633 628 1274 1387 
1726 633 1387 632 628 
1727 628 1274 1387 1276 
1728 628 1276 1387 632 
1729 463 626 624 1443 
1730 626 482 625 1350 
1731 624 625 465 1274 
1732 1443 1350 1274 1124 
1733 626 624 1443 1350 
1734 626 1350 625 624 
1735 624 1443 1350 1274 
1736 624 1274 1350 625 
1737 1103 1572 1164 1435 
1738 1572 1120 1367 1628 
1739 1164 1367 1111 1627 
1740 1435 1628 1627 1138 
1741 1572 1164 1435 1628 
1742 1572 1628 1367 1164 
1743 1164 1435 1628 1627 
1744 1164 1627 1628 1367 
1745 231 1529 1514 1589 
1746 1529 1104 1530 1345 
1747 1514 1530 1133 1629 
1748 1589 1345 1629 1156 
1749 1529 1514 1589 1345 
1750 1529 1345 1530 1514 
1751 1514 1589 1345 1629 
1752 1514 1629 1345 1530 
1753 1101 1211 1631 1407 
1754 1211 1126 1630 1408 
1755 1631 1630 1117 1555 
1756 1407 1408 1555 1147 
1757 1211 1631 1407 1408 
1758 1211 1408 1630 1631 
1759 1631 1407 1408 1555 
1760 1631 1555 1408 1630 
1761 1009 1498 1087 1591 
1762 1498 1107 1235 1258 
1763 1087 1235 994 1256 
1764 1591 1258 1256 1146 
1765 1498 1087 1591 1258 
1766 1498 1258 1235 1087 
1767 1087 1591 1258 1256 
1768 1087 1256 1258 1235 
1769 487 657 1456 1458 
1770 657 473 1226 1229 
1771 1456 1226 1130 1230 
1772 1458 1229 1230 1134 
1773 657 1456 1458 1229 
1774 657 1229 1226 1456 
1775 1456 1458 1229 1230 
1776 1456 1230 1229 1226 
1777 348 423 444 1611 
1778 423 351 429 1574 
1779 444 429 347 1632 
1780 1611 1574 1632 1112 
1781 423 444 1611 1574 
1782 423 1574 429 444 
1783 444 1611 1574 1632 
1784 444 1632 1574 429 
1785 3 214 52 1633 
1786 214 212 215 1635 
1787 52 215 7 1634 
1788 1633 1635 1634 1121 
1789 214 52 1633 1635 
1790 214 1635 215 52 
1791 52 1633 1635 1634 
1792 52 1634 1635 215 
1793 1103 1298 1295 1438 
1794 1298 1128 1185 1272 
1795 1295 1185 1112 1349 
1796 1438 1272 1349 1150 
1797 1298 1295 1438 1272 
1798 1298 1272 1185 1295 
1799 1295 1438 1272 1349 
1800 1295 1349 1272 1185 
1801 460 1636 613 1637 
1802 1636 1107 1457 1429 
1803 613 1457 487 1638 
1804 1637 1429 1638 1144 
1805 1636 613 1637 1429 
1806 1636 1429 1457 613 
1807 613 1637 1429 1638 
1808 613 1638 1429 1457 
1809 487 657 616 1456 
1810 657 473 658 1226 
1811 616 658 488 1427 
1812 1456 1226 1427 1130 
1813 657 616 1456 1226 
1814 657 1226 658 616 
1815 616 1456 1226 1427 
1816 616 1427 1226 658 
1817 349 446 415 1464 
1818 446 348 445 1610 
1819 415 445 342 1470 
1820 1464 1610 1470 1131 
1821 446 415 1464 1610 
1822 446 1610 445 415 
1823 415 1464 1610 1470 
1824 415 1470 1610 445 
1825 1008 1083 1549 1639 
1826 1083 1002 1539 1540 
1827 1549 1539 1118 1473 
1828 1639 1540 1473 1125 
1829 1083 1549 1639 1540 
1830 1083 1540 1539 1549 
1831 1549 1639 1540 1473 
1832 1549 1473 1540 1539 
1833 348 1640 1611 1613 
1834 1640 1143 1479 1392 
1835 1611 1479 1112 1612 
1836 1613 1392 1612 1145 
1837 1640 1611 1613 1392 
1838 1640 1392 1479 1611 
1839 1611 1613 1392 1612 
1840 1611 1612 1392 1479 
1841 231 1514 1641 1589 
1842 1514 1133 1281 1629 
1843 1641 1281 1115 1346 
1844 1589 1629 1346 1156 
1845 1514 1641 1589 1629 
1846 1514 1629 1281 1641 
1847 1641 1589 1629 1346 
1848 1641 1346 1629 1281 
1849 1104 1398 1531 1326 
1850 1398 1129 1533 1399 
1851 1531 1533 670 1642 
1852 1326 1399 1642 1139 
1853 1398 1531 1326 1399 
1854 1398 1399 1533 1531 
1855 1531 1326 1399 1642 
1856 1531 1642 1399 1533 
1857 1101 1228 1211 1406 
1858 1228 1134 1643 1548 
1859 1211 1643 1126 1288 
1860 1406 1548 1288 1142 
1861 1228 1211 1406 1548 
1862 1228 1548 1643 1211 
1863 1211 1406 1548 1288 
1864 1211 1288 1548 1643 
1865 1137 1257 1644 1248 
1866 1257 1146 1304 1308 
1867 1644 1304 1108 1645 
1868 1248 1308 1645 1155 
1869 1257 1644 1248 1308 
1870 1257 1308 1304 1644 
1871 1644 1248 1308 1645 
1872 1644 1645 1308 1304 
1873 1008 1639 1549 1626 
1874 1639 1125 1473 1502 
1875 1549 1473 1118 1625 
1876 1626 1502 1625 1149 
1877 1639 1549 1626 1502 
1878 1639 1502 1473 1549 
1879 1549 1626 1502 1625 
1880 1549 1625 1502 1473 
1881 236 311 312 1378 
1882 311 224 310 1194 
1883 312 310 233 1285 
1884 1378 1194 1285 1111 
1885 311 312 1378 1194 
1886 311 1194 310 312 
1887 312 1378 1194 1285 
1888 312 1285 1194 310 
1889 1106 1393 1160 1646 
1890 1393 1132 1501 1647 
1891 1160 1501 1115 1281 
1892 1646 1647 1281 1133 
1893 1393 1160 1646 1647 
1894 1393 1647 1501 1160 
1895 1160 1646 1647 1281 
1896 1160 1281 1647 1501 
1897 477 1342 1405 1343 
1898 1342 1103 1334 1239 
1899 1405 1334 1131 1588 
1900 1343 1239 1588 1154 
1901 1342 1405 1343 1239 
1902 1342 1239 1334 1405 
1903 1405 1343 1239 1588 
1904 1405 1588 1239 1334 
1905 223 1648 277 1508 
1906 1648 454 1306 1307 
1907 277 1306 234 1245 
1908 1508 1307 1245 1133 
1909 1648 277 1508 1307 
1910 1648 1307 1306 277 
1911 277 1508 1307 1245 
1912 277 1245 1307 1306 
1913 684 1556 776 1500 
1914 1556 1123 1564 1566 
1915 776 1564 668 1383 
1916 1500 1566 1383 1129 
1917 1556 776 1500 1566 
1918 1556 1566 1564 776 
1919 776 1500 1566 1383 
1920 776 1383 1566 1564 
1921 1104 1528 1532 1398 
1922 1528 1123 1556 1566 
1923 1532 1556 684 1500 
1924 1398 1566 1500 1129 
1925 1528 1532 1398 1566 
1926 1528 1566 1556 1532 
1927 1532 1398 1566 1500 
1928 1532 1500 1566 1556 
1929 347 1632 429 1621 
1930 1632 1112 1574 1349 
1931 429 1574 351 1649 
1932 1621 1349 1649 1150 
1933 1632 429 1621 1349 
1934 1632 1349 1574 429 
1935 429 1621 1349 1649 
1936 429 1649 1349 1574 
1937 234 274 314 1241 
1938 274 224 311 1194 
1939 314 311 236 1378 
1940 1241 1194 1378 1111 
1941 274 314 1241 1194 
1942 274 1194 311 314 
1943 314 1241 1194 1378 
1944 314 1378 1194 311 
1945 246 1563 1562 1510 
1946 1563 1123 1528 1566 
1947 1562 1528 1104 1398 
1948 1510 1566 1398 1129 
1949 1563 1562 1510 1566 
1950 1563 1566 1528 1562 
1951 1562 1510 1566 1398 
1952 1562 1398 1566 1528 
1953 228 1565 333 1382 
1954 1565 1123 1563 1566 
1955 333 1563 246 1510 
1956 1382 1566 1510 1129 
1957 1565 333 1382 1566 
1958 1565 1566 1563 333 
1959 333 1382 1566 1510 
1960 333 1510 1566 1563 
1961 1105 1461 1606 1371 
1962 1461 1140 1650 1651 
1963 1606 1650 806 1607 
1964 1371 1651 1607 1143 
1965 1461 1606 1371 1651 
1966 1461 1651 1650 1606 
1967 1606 1371 1651 1607 
1968 1606 1607 1651 1650 
1969 674 1596 1652 1598 
1970 1596 1107 1426 1599 
1971 1652 1426 1130 1653 
1972 1598 1599 1653 1148 
1973 1596 1652 1598 1599 
1974 1596 1599 1426 1652 
1975 1652 1598 1599 1653 
1976 1652 1653 1599 1426 
1977 454 1648 522 1307 
1978 1648 223 1505 1508 
1979 522 1505 481 1509 
1980 1307 1508 1509 1133 
1981 1648 522 1307 1508 
1982 1648 1508 1505 522 
1983 522 1307 1508 1509 
1984 522 1509 1508 1505 
1985 476 660 650 1165 
1986 660 479 580 1193 
1987 650 580 475 1654 
1988 1165 1193 1654 1111 
1989 660 650 1165 1193 
1990 660 1193 580 650 
1991 650 1165 1193 1654 
1992 650 1654 1193 580 
1993 1106 1655 1656 1205 
1994 1655 1136 1167 1657 
1995 1656 1167 1111 1627 
1996 1205 1657 1627 1138 
1997 1655 1656 1205 1657 
1998 1655 1657 1167 1656 
1999 1656 1205 1657 1627 
2000 1656 1627 1657 1167 
2001 492 1658 1659 1660 
2002 1658 663 713 1662 
2003 1659 713 675 1661 
2004 1660 1662 1661 1114 
2005 1658 1659 1660 1662 
2006 1658 1662 713 1659 
2007 1659 1660 1662 1661 
2008 1659 1661 1662 713 
2009 1105 1606 1461 1503 
2010 1606 806 1650 1608 
2011 1461 1650 1140 1663 
2012 1503 1608 1663 1149 
2013 1606 1461 1503 1608 
2014 1606 1608 1650 1461 
2015 1461 1503 1608 1663 
2016 1461 1663 1608 1650 
2017 798 1176 1397 1344 
2018 1176 1104 1398 1345 
2019 1397 1398 1129 1602 
2020 1344 1345 1602 1156 
2021 1176 1397 1344 1345 
2022 1176 1345 1398 1397 
2023 1397 1344 1345 1602 
2024 1397 1602 1345 1398 
2025 347 1585 427 1586 
2026 1585 1127 1664 1587 
2027 427 1664 346 1665 
2028 1586 1587 1665 1154 
2029 1585 427 1586 1587 
2030 1585 1587 1664 427 
2031 427 1586 1587 1665 
2032 427 1665 1587 1664 
2033 474 1666 1667 1668 
2034 1666 1133 1516 1670 
2035 1667 1516 1123 1669 
2036 1668 1670 1669 1141 
2037 1666 1667 1668 1670 
2038 1666 1670 1516 1667 
2039 1667 1668 1670 1669 
2040 1667 1669 1670 1516 
2041 793 976 1321 1323 
2042 976 801 1671 1546 
2043 1321 1671 1 1271 
2044 1323 1546 1271 1150 
2045 976 1321 1323 1546 
2046 976 1546 1671 1321 
2047 1321 1323 1546 1271 
2048 1321 1271 1546 1671 
2049 1104 1178 1394 1530 
2050 1178 1115 1501 1281 
2051 1394 1501 1132 1647 
2052 1530 1281 1647 1133 
2053 1178 1394 1530 1281 
2054 1178 1281 1501 1394 
2055 1394 1530 1281 1647 
2056 1394 1647 1281 1501 
2057 236 1378 312 1672 
2058 1378 1111 1285 1367 
2059 312 1285 233 1365 
2060 1672 1367 1365 1120 
2061 1378 312 1672 1367 
2062 1378 1367 1285 312 
2063 312 1672 1367 1365 
2064 312 1365 1367 1285 
2065 235 307 309 1243 
2066 307 223 277 1508 
2067 309 277 234 1245 
2068 1243 1508 1245 1133 
2069 307 309 1243 1508 
2070 307 1508 277 309 
2071 309 1243 1508 1245 
2072 309 1245 1508 277 
2073 235 1280 306 1243 
2074 1280 1115 1641 1281 
2075 306 1641 231 1514 
2076 1243 1281 1514 1133 
2077 1280 306 1243 1281 
2078 1280 1281 1641 306 
2079 306 1243 1281 1514 
2080 306 1514 1281 1641 
2081 3 1353 214 1633 
2082 1353 1110 1354 1673 
2083 214 1354 212 1635 
2084 1633 1673 1635 1121 
2085 1353 214 1633 1673 
2086 1353 1673 1354 214 
2087 214 1633 1673 1635 
2088 214 1635 1673 1354 
2089 212 1354 216 1635 
2090 1354 1110 1355 1673 
2091 216 1355 23 1674 
2092 1635 1673 1674 1121 
2093 1354 216 1635 1673 
2094 1354 1673 1355 216 
2095 216 1635 1673 1674 
2096 216 1674 1673 1355 
2097 1107 1429 1636 1258 
2098 1429 1144 1637 1676 
2099 1636 1637 460 1675 
2100 1258 1676 1675 1146 
2101 1429 1636 1258 1676 
2102 1429 1676 1637 1636 
2103 1636 1258 1676 1675 
2104 1636 1675 1676 1637 
2105 670 1557 1531 1677 
2106 1557 1123 1528 1669 
2107 1531 1528 1104 1678 
2108 1677 1669 1678 1141 
2109 1557 1531 1677 1669 
2110 1557 1669 1528 1531 
2111 1531 1677 1669 1678 
2112 1531 1678 1669 1528 
2113 1102 1275 1422 1262 
2114 1275 1124 1352 1445 
2115 1422 1352 1113 1267 
2116 1262 1445 1267 1142 
2117 1275 1422 1262 1445 
2118 1275 1445 1352 1422 
2119 1422 1262 1445 1267 
2120 1422 1267 1445 1352 
2121 245 1679 1680 1615 
2122 1679 1120 1366 1682 
2123 1680 1366 1109 1681 
2124 1615 1682 1681 1135 
2125 1679 1680 1615 1682 
2126 1679 1682 1366 1680 
2127 1680 1615 1682 1681 
2128 1680 1681 1682 1366 
2129 350 1480 422 1481 
2130 1480 1143 1640 1392 
2131 422 1640 348 1613 
2132 1481 1392 1613 1145 
2133 1480 422 1481 1392 
2134 1480 1392 1640 422 
2135 422 1481 1392 1613 
2136 422 1613 1392 1640 
2137 804 902 972 1203 
2138 902 799 971 1619 
2139 972 971 792 1209 
2140 1203 1619 1209 1138 
2141 902 972 1203 1619 
2142 902 1619 971 972 
2143 972 1203 1619 1209 
2144 972 1209 1619 971 
2145 348 1611 444 1610 
2146 1611 1112 1632 1609 
2147 444 1632 347 1583 
2148 1610 1609 1583 1131 
2149 1611 444 1610 1609 
2150 1611 1609 1632 444 
2151 444 1610 1609 1583 
2152 444 1583 1609 1632 
2153 483 1683 1684 1685 
2154 1683 1131 1386 1467 
2155 1684 1386 1124 1432 
2156 1685 1467 1432 1145 
2157 1683 1684 1685 1467 
2158 1683 1467 1386 1684 
2159 1684 1685 1467 1432 
2160 1684 1432 1467 1386 
2161 1107 1236 1595 1429 
2162 1236 1119 1578 1489 
2163 1595 1578 685 1614 
2164 1429 1489 1614 1144 
2165 1236 1595 1429 1489 
2166 1236 1489 1578 1595 
2167 1595 1429 1489 1614 
2168 1595 1614 1489 1578 
2169 479 519 580 1193 
2170 519 454 581 1305 
2171 580 581 475 1654 
2172 1193 1305 1654 1111 
2173 519 580 1193 1305 
2174 519 1305 581 580 
2175 580 1193 1305 1654 
2176 580 1654 1305 581 
2177 1009 1499 1498 1576 
2178 1499 1119 1236 1489 
2179 1498 1236 1107 1429 
2180 1576 1489 1429 1144 
2181 1499 1498 1576 1489 
2182 1499 1489 1236 1498 
2183 1498 1576 1489 1429 
2184 1498 1429 1489 1236 
2185 347 1583 1632 1621 
2186 1583 1131 1609 1622 
2187 1632 1609 1112 1349 
2188 1621 1622 1349 1150 
2189 1583 1632 1621 1622 
2190 1583 1622 1609 1632 
2191 1632 1621 1622 1349 
2192 1632 1349 1622 1609 
2193 1102 1275 1294 1336 
2194 1275 1124 1310 1462 
2195 1294 1310 1112 1172 
2196 1336 1462 1172 1140 
2197 1275 1294 1336 1462 
2198 1275 1462 1310 1294 
2199 1294 1336 1462 1172 
2200 1294 1172 1462 1310 
2201 664 754 1686 1687 
2202 754 670 1533 1642 
2203 1686 1533 1129 1399 
2204 1687 1642 1399 1139 
2205 754 1686 1687 1642 
2206 754 1642 1533 1686 
2207 1686 1687 1642 1399 
2208 1686 1399 1642 1533 
2209 233 1284 318 1365 
2210 1284 1109 1680 1366 
2211 318 1680 245 1679 
2212 1365 1366 1679 1120 
2213 1284 318 1365 1366 
2214 1284 1366 1680 318 
2215 318 1365 1366 1679 
2216 318 1679 1366 1680 
2217 777 1688 1689 1690 
2218 1688 230 300 1692 
2219 1689 300 227 1691 
2220 1690 1692 1691 1115 
2221 1688 1689 1690 1692 
2222 1688 1692 300 1689 
2223 1689 1690 1692 1691 
2224 1689 1691 1692 300 
2225 789 1327 959 1329 
2226 1327 5 1580 1171 
2227 959 1580 807 1581 
2228 1329 1171 1581 1140 
2229 1327 959 1329 1171 
2230 1327 1171 1580 959 
2231 959 1329 1171 1581 
2232 959 1581 1171 1580 
2233 1111 1279 1656 1627 
2234 1279 1115 1160 1204 
2235 1656 1160 1106 1205 
2236 1627 1204 1205 1138 
2237 1279 1656 1627 1204 
2238 1279 1204 1160 1656 
2239 1656 1627 1204 1205 
2240 1656 1205 1204 1160 
2241 39 218 222 1693 
2242 218 212 216 1635 
2243 222 216 23 1674 
2244 1693 1635 1674 1121 
2245 218 222 1693 1635 
2246 218 1635 216 222 
2247 222 1693 1635 1674 
2248 222 1674 1635 216 
2249 1126 1337 1695 1568 
2250 1337 1136 1694 1697 
2251 1695 1694 468 1696 
2252 1568 1697 1696 1151 
2253 1337 1695 1568 1697 
2254 1337 1697 1694 1695 
2255 1695 1568 1697 1696 
2256 1695 1696 1697 1694 
2257 805 1698 846 1699 
2258 1698 230 1688 1692 
2259 846 1688 777 1690 
2260 1699 1692 1690 1115 
2261 1698 846 1699 1692 
2262 1698 1692 1688 846 
2263 846 1699 1692 1690 
2264 846 1690 1692 1688 
2265 487 1457 613 1700 
2266 1457 1107 1636 1258 
2267 613 1636 460 1675 
2268 1700 1258 1675 1146 
2269 1457 613 1700 1258 
2270 1457 1258 1636 613 
2271 613 1700 1258 1675 
2272 613 1675 1258 1636 
2273 1111 1167 1164 1627 
2274 1167 1136 1168 1657 
2275 1164 1168 1103 1435 
2276 1627 1657 1435 1138 
2277 1167 1164 1627 1657 
2278 1167 1657 1168 1164 
2279 1164 1627 1657 1435 
2280 1164 1435 1657 1168 
2281 987 1231 1701 1217 
2282 1231 486 567 1232 
2283 1701 567 453 1252 
2284 1217 1232 1252 1113 
2285 1231 1701 1217 1232 
2286 1231 1232 567 1701 
2287 1701 1217 1232 1252 
2288 1701 1252 1232 567 
2289 492 1659 551 1660 
2290 1659 675 1702 1661 
2291 551 1702 456 1703 
2292 1660 1661 1703 1114 
2293 1659 551 1660 1661 
2294 1659 1661 1702 551 
2295 551 1660 1661 1703 
2296 551 1703 1661 1702 
2297 473 1594 596 1226 
2298 1594 1114 1703 1234 
2299 596 1703 456 1704 
2300 1226 1234 1704 1130 
2301 1594 596 1226 1234 
2302 1594 1234 1703 596 
2303 596 1226 1234 1704 
2304 596 1704 1234 1703 
2305 471 645 643 1212 
2306 645 478 631 1705 
2307 643 631 467 1517 
2308 1212 1705 1517 1126 
2309 645 643 1212 1705 
2310 645 1705 631 643 
2311 643 1212 1705 1517 
2312 643 1517 1705 631 
2313 997 1250 1040 1255 
2314 1250 453 1706 1253 
2315 1040 1706 986 1707 
2316 1255 1253 1707 1146 
2317 1250 1040 1255 1253 
2318 1250 1253 1706 1040 
2319 1040 1255 1253 1707 
2320 1040 1707 1253 1706 
2321 238 1312 1311 1708 
2322 1312 1109 1278 1710 
2323 1311 1278 489 1709 
2324 1708 1710 1709 1152 
2325 1312 1311 1708 1710 
2326 1312 1710 1278 1311 
2327 1311 1708 1710 1709 
2328 1311 1709 1710 1278 
2329 488 616 1428 1430 
2330 616 487 1457 1638 
2331 1428 1457 1107 1429 
2332 1430 1638 1429 1144 
2333 616 1428 1430 1638 
2334 616 1638 1457 1428 
2335 1428 1430 1638 1429 
2336 1428 1429 1638 1457 
2337 1101 1223 1616 1215 
2338 1223 1114 1711 1224 
2339 1616 1711 1110 1395 
2340 1215 1224 1395 1132 
2341 1223 1616 1215 1224 
2342 1223 1224 1711 1616 
2343 1616 1215 1224 1395 
2344 1616 1395 1224 1711 
2345 1123 1516 1528 1669 
2346 1516 1133 1530 1670 
2347 1528 1530 1104 1678 
2348 1669 1670 1678 1141 
2349 1516 1528 1669 1670 
2350 1516 1670 1530 1528 
2351 1528 1669 1670 1678 
2352 1528 1678 1670 1530 
2353 453 1250 1701 1252 
2354 1250 997 1037 1251 
2355 1701 1037 987 1217 
2356 1252 1251 1217 1113 
2357 1250 1701 1252 1251 
2358 1250 1251 1037 1701 
2359 1701 1252 1251 1217 
2360 1701 1217 1251 1037 
2361 779 1573 1561 1712 
2362 1573 351 1574 1649 
2363 1561 1574 1112 1349 
2364 1712 1649 1349 1150 
2365 1573 1561 1712 1649 
2366 1573 1649 1574 1561 
2367 1561 1712 1649 1349 
2368 1561 1349 1649 1574 
2369 494 1713 1714 1715 
2370 1713 675 716 1717 
2371 1714 716 662 1716 
2372 1715 1717 1716 1130 
2373 1713 1714 1715 1717 
2374 1713 1717 716 1714 
2375 1714 1715 1717 1716 
2376 1714 1716 1717 716 
2377 663 1662 1658 1718 
2378 1662 1114 1660 1720 
2379 1658 1660 492 1719 
2380 1718 1720 1719 1141 
2381 1662 1658 1718 1720 
2382 1662 1720 1660 1658 
2383 1658 1718 1720 1719 
2384 1658 1719 1720 1660 
2385 1109 1721 1723 1681 
2386 1721 1127 1722 1724 
2387 1723 1722 361 1582 
2388 1681 1724 1582 1135 
2389 1721 1723 1681 1724 
2390 1721 1724 1722 1723 
2391 1723 1681 1724 1582 
2392 1723 1582 1724 1722 
2393 1009 1087 1096 1591 
2394 1087 994 1071 1256 
2395 1096 1071 1000 1592 
2396 1591 1256 1592 1146 
2397 1087 1096 1591 1256 
2398 1087 1256 1071 1096 
2399 1096 1591 1256 1592 
2400 1096 1592 1256 1071 
2401 1109 1366 1179 1721 
2402 1366 1120 1572 1725 
2403 1179 1572 1103 1485 
2404 1721 1725 1485 1127 
2405 1366 1179 1721 1725 
2406 1366 1725 1572 1179 
2407 1179 1721 1725 1485 
2408 1179 1485 1725 1572 
2409 664 1686 1726 1687 
2410 1686 1129 1482 1399 
2411 1726 1482 784 1483 
2412 1687 1399 1483 1139 
2413 1686 1726 1687 1399 
2414 1686 1399 1482 1726 
2415 1726 1687 1399 1483 
2416 1726 1483 1399 1482 
2417 346 433 1727 1664 
2418 433 361 1723 1722 
2419 1727 1723 1109 1721 
2420 1664 1722 1721 1127 
2421 433 1727 1664 1722 
2422 433 1722 1723 1727 
2423 1727 1664 1722 1721 
2424 1727 1721 1722 1723 
2425 461 1728 570 1729 
2426 1728 986 1706 1707 
2427 570 1706 453 1253 
2428 1729 1707 1253 1146 
2429 1728 570 1729 1707 
2430 1728 1707 1706 570 
2431 570 1729 1707 1253 
2432 570 1253 1707 1706 
2433 664 754 756 1686 
2434 754 670 757 1533 
2435 756 757 684 1500 
2436 1686 1533 1500 1129 
2437 754 756 1686 1533 
2438 754 1533 757 756 
2439 756 1686 1533 1500 
2440 756 1500 1533 757 
2441 462 1400 1730 1401 
2442 1400 1142 1548 1269 
2443 1730 1548 1134 1731 
2444 1401 1269 1731 1146 
2445 1400 1730 1401 1269 
2446 1400 1269 1548 1730 
2447 1730 1401 1269 1731 
2448 1730 1731 1269 1548 
2449 1101 1732 1733 1734 
2450 1732 1107 1237 1599 
2451 1733 1237 1137 1735 
2452 1734 1599 1735 1148 
2453 1732 1733 1734 1599 
2454 1732 1599 1237 1733 
2455 1733 1734 1599 1735 
2456 1733 1735 1599 1237 
2457 1101 1225 1732 1734 
2458 1225 1130 1426 1653 
2459 1732 1426 1107 1599 
2460 1734 1653 1599 1148 
2461 1225 1732 1734 1653 
2462 1225 1653 1426 1732 
2463 1732 1734 1653 1599 
2464 1732 1599 1653 1426 
2465 662 719 1736 1716 
2466 719 676 1542 1543 
2467 1736 1542 488 1427 
2468 1716 1543 1427 1130 
2469 719 1736 1716 1543 
2470 719 1543 1542 1736 
2471 1736 1716 1543 1427 
2472 1736 1427 1543 1542 
2473 1000 1577 1575 1592 
2474 1577 1144 1429 1676 
2475 1575 1429 1107 1258 
2476 1592 1676 1258 1146 
2477 1577 1575 1592 1676 
2478 1577 1676 1429 1575 
2479 1575 1592 1676 1258 
2480 1575 1258 1676 1429 
2481 666 1737 1738 1739 
2482 1737 780 1603 1605 
2483 1738 1603 1116 1527 
2484 1739 1605 1527 1139 
2485 1737 1738 1739 1605 
2486 1737 1605 1603 1738 
2487 1738 1739 1605 1527 
2488 1738 1527 1605 1603 
2489 340 430 432 1740 
2490 430 346 433 1727 
2491 432 433 361 1723 
2492 1740 1727 1723 1109 
2493 430 432 1740 1727 
2494 430 1727 433 432 
2495 432 1740 1727 1723 
2496 432 1723 1727 433 
2497 456 596 594 1703 
2498 596 473 595 1594 
2499 594 595 471 1222 
2500 1703 1594 1222 1114 
2501 596 594 1703 1594 
2502 596 1594 595 594 
2503 594 1703 1594 1222 
2504 594 1222 1594 595 
2505 1109 1681 1723 1710 
2506 1681 1135 1582 1553 
2507 1723 1582 361 1452 
2508 1710 1553 1452 1152 
2509 1681 1723 1710 1553 
2510 1681 1553 1582 1723 
2511 1723 1710 1553 1452 
2512 1723 1452 1553 1582 
2513 1110 1157 1617 1395 
2514 1157 1106 1567 1393 
2515 1617 1567 1126 1214 
2516 1395 1393 1214 1132 
2517 1157 1617 1395 1393 
2518 1157 1393 1567 1617 
2519 1617 1395 1393 1214 
2520 1617 1214 1393 1567 
2521 494 554 1713 1715 
2522 554 456 1702 1704 
2523 1713 1702 675 1717 
2524 1715 1704 1717 1130 
2525 554 1713 1715 1704 
2526 554 1704 1702 1713 
2527 1713 1715 1704 1717 
2528 1713 1717 1704 1702 
2529 1126 1643 1705 1288 
2530 1643 1134 1331 1548 
2531 1705 1331 478 1741 
2532 1288 1548 1741 1142 
2533 1643 1705 1288 1548 
2534 1643 1548 1331 1705 
2535 1705 1288 1548 1741 
2536 1705 1741 1548 1331 
2537 798 978 937 1174 
2538 978 794 977 1158 
2539 937 977 796 1450 
2540 1174 1158 1450 1110 
2541 978 937 1174 1158 
2542 978 1158 977 937 
2543 937 1174 1158 1450 
2544 937 1450 1158 977 
2545 456 1703 1702 1704 
2546 1703 1114 1661 1234 
2547 1702 1661 675 1717 
2548 1704 1234 1717 1130 
2549 1703 1702 1704 1234 
2550 1703 1234 1661 1702 
2551 1702 1704 1234 1717 
2552 1702 1717 1234 1661 
2553 45 46 1743 1744 
2554 46 47 1742 1745 
2555 1743 1742 788 954 
2556 1744 1745 954 791 
2557 46 1743 1744 1745 
2558 46 1745 1742 1743 
2559 1743 1744 1745 954 
2560 1743 954 1745 1742 
2561 801 924 1571 1545 
2562 924 800 1746 1747 
2563 1571 1746 1127 1484 
2564 1545 1747 1484 1138 
2565 924 1571 1545 1747 
2566 924 1747 1746 1571 
2567 1571 1545 1747 1484 
2568 1571 1484 1747 1746 
2569 31 1748 1749 1750 
2570 1748 792 965 961 
2571 1749 965 794 966 
2572 1750 961 966 791 
2573 1748 1749 1750 961 
2574 1748 961 965 1749 
2575 1749 1750 961 966 
2576 1749 966 961 965 
2577 245 1615 1680 1440 
2578 1615 1135 1681 1553 
2579 1680 1681 1109 1710 
2580 1440 1553 1710 1152 
2581 1615 1680 1440 1553 
2582 1615 1553 1681 1680 
2583 1680 1440 1553 1710 
2584 1680 1710 1553 1681 
2585 475 1654 581 1751 
2586 1654 1111 1305 1495 
2587 581 1305 454 1493 
2588 1751 1495 1493 1151 
2589 1654 581 1751 1495 
2590 1654 1495 1305 581 
2591 581 1751 1495 1493 
2592 581 1493 1495 1305 
2593 671 1752 1754 1755 
2594 1752 1116 1753 1527 
2595 1754 1753 1114 1756 
2596 1755 1527 1756 1139 
2597 1752 1754 1755 1527 
2598 1752 1527 1753 1754 
2599 1754 1755 1527 1756 
2600 1754 1756 1527 1753 
2601 1102 1297 1757 1356 
2602 1297 1128 1492 1318 
2603 1757 1492 1117 1555 
2604 1356 1318 1555 1147 
2605 1297 1757 1356 1318 
2606 1297 1318 1492 1757 
2607 1757 1356 1318 1555 
2608 1757 1555 1318 1492 
2609 1110 1315 1616 1617 
2610 1315 1117 1631 1630 
2611 1616 1631 1101 1211 
2612 1617 1630 1211 1126 
2613 1315 1616 1617 1630 
2614 1315 1630 1631 1616 
2615 1616 1617 1630 1211 
2616 1616 1211 1630 1631 
2617 817 915 1474 1477 
2618 915 807 1579 1758 
2619 1474 1579 1112 1479 
2620 1477 1758 1479 1143 
2621 915 1474 1477 1758 
2622 915 1758 1579 1474 
2623 1474 1477 1758 1479 
2624 1474 1479 1758 1579 
2625 666 1738 767 1739 
2626 1738 1116 1752 1527 
2627 767 1752 671 1755 
2628 1739 1527 1755 1139 
2629 1738 767 1739 1527 
2630 1738 1527 1752 767 
2631 767 1739 1527 1755 
2632 767 1755 1527 1752 
2633 1118 1473 1292 1625 
2634 1473 1125 1368 1502 
2635 1292 1368 1105 1503 
2636 1625 1502 1503 1149 
2637 1473 1292 1625 1502 
2638 1473 1502 1368 1292 
2639 1292 1625 1502 1503 
2640 1292 1503 1502 1368 
2641 784 938 936 1483 
2642 938 798 937 1324 
2643 936 937 796 1451 
2644 1483 1324 1451 1139 
2645 938 936 1483 1324 
2646 938 1324 937 936 
2647 936 1483 1324 1451 
2648 936 1451 1324 937 
2649 1111 1167 1656 1495 
2650 1167 1136 1655 1697 
2651 1656 1655 1106 1569 
2652 1495 1697 1569 1151 
2653 1167 1656 1495 1697 
2654 1167 1697 1655 1656 
2655 1656 1495 1697 1569 
2656 1656 1569 1697 1655 
2657 488 615 616 1430 
2658 615 460 613 1637 
2659 616 613 487 1638 
2660 1430 1637 1638 1144 
2661 615 616 1430 1637 
2662 615 1637 613 616 
2663 616 1430 1637 1638 
2664 616 1638 1637 613 
2665 233 313 318 1284 
2666 313 238 336 1312 
2667 318 336 245 1680 
2668 1284 1312 1680 1109 
2669 313 318 1284 1312 
2670 313 1312 336 318 
2671 318 1284 1312 1680 
2672 318 1680 1312 336 
2673 462 575 576 1401 
2674 575 461 570 1729 
2675 576 570 453 1253 
2676 1401 1729 1253 1146 
2677 575 576 1401 1729 
2678 575 1729 570 576 
2679 576 1401 1729 1253 
2680 576 1253 1729 570 
2681 816 875 1759 1760 
2682 875 780 1737 1605 
2683 1759 1737 666 1739 
2684 1760 1605 1739 1139 
2685 875 1759 1760 1605 
2686 875 1605 1737 1759 
2687 1759 1760 1605 1739 
2688 1759 1739 1605 1737 
2689 797 1761 982 1763 
2690 1761 1137 1762 1735 
2691 982 1762 812 1764 
2692 1763 1735 1764 1148 
2693 1761 982 1763 1735 
2694 1761 1735 1762 982 
2695 982 1763 1735 1764 
2696 982 1764 1735 1762 
2697 1102 1757 1286 1356 
2698 1757 1117 1630 1555 
2699 1286 1630 1126 1408 
2700 1356 1555 1408 1147 
2701 1757 1286 1356 1555 
2702 1757 1555 1630 1286 
2703 1286 1356 1555 1408 
2704 1286 1408 1555 1630 
2705 797 1765 1767 1761 
2706 1765 1116 1766 1769 
2707 1767 1766 1121 1768 
2708 1761 1769 1768 1137 
2709 1765 1767 1761 1769 
2710 1765 1769 1766 1767 
2711 1767 1761 1769 1768 
2712 1767 1768 1769 1766 
2713 1108 1420 1644 1421 
2714 1420 1101 1733 1407 
2715 1644 1733 1137 1770 
2716 1421 1407 1770 1147 
2717 1420 1644 1421 1407 
2718 1420 1407 1733 1644 
2719 1644 1421 1407 1770 
2720 1644 1770 1407 1733 
2721 494 1714 557 1715 
2722 1714 662 1736 1716 
2723 557 1736 488 1427 
2724 1715 1716 1427 1130 
2725 1714 557 1715 1716 
2726 1714 1716 1736 557 
2727 557 1715 1716 1427 
2728 557 1427 1716 1736 
2729 1113 1377 1289 1448 
2730 1377 1122 1771 1449 
2731 1289 1771 1105 1461 
2732 1448 1449 1461 1140 
2733 1377 1289 1448 1449 
2734 1377 1449 1771 1289 
2735 1289 1448 1449 1461 
2736 1289 1461 1449 1771 
2737 474 612 1667 1666 
2738 612 490 1523 1507 
2739 1667 1523 1123 1516 
2740 1666 1507 1516 1133 
2741 612 1667 1666 1507 
2742 612 1507 1523 1667 
2743 1667 1666 1507 1516 
2744 1667 1516 1507 1523 
2745 807 1581 1579 1758 
2746 1581 1140 1172 1651 
2747 1579 1172 1112 1479 
2748 1758 1651 1479 1143 
2749 1581 1579 1758 1651 
2750 1581 1651 1172 1579 
2751 1579 1758 1651 1479 
2752 1579 1479 1651 1172 
2753 1000 1772 1577 1592 
2754 1772 460 1637 1675 
2755 1577 1637 1144 1676 
2756 1592 1675 1676 1146 
2757 1772 1577 1592 1675 
2758 1772 1675 1637 1577 
2759 1577 1592 1675 1676 
2760 1577 1676 1675 1637 
2761 1112 1310 1773 1172 
2762 1310 1124 1351 1462 
2763 1773 1351 1105 1461 
2764 1172 1462 1461 1140 
2765 1310 1773 1172 1462 
2766 1310 1462 1351 1773 
2767 1773 1172 1462 1461 
2768 1773 1461 1462 1351 
2769 797 1765 1761 1763 
2770 1765 1116 1769 1774 
2771 1761 1769 1137 1735 
2772 1763 1774 1735 1148 
2773 1765 1761 1763 1774 
2774 1765 1774 1769 1761 
2775 1761 1763 1774 1735 
2776 1761 1735 1774 1769 
2777 464 1385 621 1374 
2778 1385 1126 1705 1288 
2779 621 1705 478 1741 
2780 1374 1288 1741 1142 
2781 1385 621 1374 1288 
2782 1385 1288 1705 621 
2783 621 1374 1288 1741 
2784 621 1741 1288 1705 
2785 669 1775 729 1776 
2786 1775 816 1759 1760 
2787 729 1759 666 1739 
2788 1776 1760 1739 1139 
2789 1775 729 1776 1760 
2790 1775 1760 1759 729 
2791 729 1776 1760 1739 
2792 729 1739 1760 1759 
2793 235 306 307 1243 
2794 306 231 305 1514 
2795 307 305 223 1508 
2796 1243 1514 1508 1133 
2797 306 307 1243 1514 
2798 306 1514 305 307 
2799 307 1243 1514 1508 
2800 307 1508 1514 305 
2801 685 1578 1595 1597 
2802 1578 1119 1236 1777 
2803 1595 1236 1107 1599 
2804 1597 1777 1599 1148 
2805 1578 1595 1597 1777 
2806 1578 1777 1236 1595 
2807 1595 1597 1777 1599 
2808 1595 1599 1777 1236 
2809 1104 1326 1531 1678 
2810 1326 1139 1642 1778 
2811 1531 1642 670 1677 
2812 1678 1778 1677 1141 
2813 1326 1531 1678 1778 
2814 1326 1778 1642 1531 
2815 1531 1678 1778 1677 
2816 1531 1677 1778 1642 
2817 1132 1647 1779 1780 
2818 1647 1133 1666 1670 
2819 1779 1666 474 1668 
2820 1780 1670 1668 1141 
2821 1647 1779 1780 1670 
2822 1647 1670 1666 1779 
2823 1779 1780 1670 1668 
2824 1779 1668 1670 1666 
2825 994 1069 1256 1246 
2826 1069 998 1339 1781 
2827 1256 1339 1146 1308 
2828 1246 1781 1308 1155 
2829 1069 1256 1246 1781 
2830 1069 1781 1339 1256 
2831 1256 1246 1781 1308 
2832 1256 1308 1781 1339 
2833 664 1726 726 1687 
2834 1726 784 1782 1483 
2835 726 1782 669 1776 
2836 1687 1483 1776 1139 
2837 1726 726 1687 1483 
2838 1726 1483 1782 726 
2839 726 1687 1483 1776 
2840 726 1776 1483 1782 
2841 1111 1367 1378 1454 
2842 1367 1120 1672 1783 
2843 1378 1672 236 1453 
2844 1454 1783 1453 1153 
2845 1367 1378 1454 1783 
2846 1367 1783 1672 1378 
2847 1378 1454 1783 1453 
2848 1378 1453 1783 1672 
2849 684 757 775 1556 
2850 757 670 752 1557 
2851 775 752 677 1784 
2852 1556 1557 1784 1123 
2853 757 775 1556 1557 
2854 757 1557 752 775 
2855 775 1556 1557 1784 
2856 775 1784 1557 752 
2857 1103 1485 1572 1435 
2858 1485 1127 1725 1484 
2859 1572 1725 1120 1628 
2860 1435 1484 1628 1138 
2861 1485 1572 1435 1484 
2862 1485 1484 1725 1572 
2863 1572 1435 1484 1628 
2864 1572 1628 1484 1725 
2865 812 1762 1785 1764 
2866 1762 1137 1200 1735 
2867 1785 1200 1119 1777 
2868 1764 1735 1777 1148 
2869 1762 1785 1764 1735 
2870 1762 1735 1200 1785 
2871 1785 1764 1735 1777 
2872 1785 1777 1735 1200 
2873 989 1084 1086 1266 
2874 1084 994 1087 1206 
2875 1086 1087 1009 1499 
2876 1266 1206 1499 1119 
2877 1084 1086 1266 1206 
2878 1084 1206 1087 1086 
2879 1086 1266 1206 1499 
2880 1086 1499 1206 1087 
2881 672 1786 768 1787 
2882 1786 1114 1754 1753 
2883 768 1754 671 1752 
2884 1787 1753 1752 1116 
2885 1786 768 1787 1753 
2886 1786 1753 1754 768 
2887 768 1787 1753 1752 
2888 768 1752 1753 1754 
2889 1106 1160 1656 1569 
2890 1160 1115 1279 1788 
2891 1656 1279 1111 1495 
2892 1569 1788 1495 1151 
2893 1160 1656 1569 1788 
2894 1160 1788 1279 1656 
2895 1656 1569 1788 1495 
2896 1656 1495 1788 1279 
2897 1106 1491 1655 1205 
2898 1491 1128 1404 1537 
2899 1655 1404 1136 1657 
2900 1205 1537 1657 1138 
2901 1491 1655 1205 1537 
2902 1491 1537 1404 1655 
2903 1655 1205 1537 1657 
2904 1655 1657 1537 1404 
2905 1106 1314 1157 1567 
2906 1314 1117 1315 1630 
2907 1157 1315 1110 1617 
2908 1567 1630 1617 1126 
2909 1314 1157 1567 1630 
2910 1314 1630 1315 1157 
2911 1157 1567 1630 1617 
2912 1157 1617 1630 1315 
2913 453 1252 578 1268 
2914 1252 1113 1442 1267 
2915 578 1442 463 1444 
2916 1268 1267 1444 1142 
2917 1252 578 1268 1267 
2918 1252 1267 1442 578 
2919 578 1268 1267 1444 
2920 578 1444 1267 1442 
2921 1120 1725 1789 1628 
2922 1725 1127 1746 1484 
2923 1789 1746 800 1747 
2924 1628 1484 1747 1138 
2925 1725 1789 1628 1484 
2926 1725 1484 1746 1789 
2927 1789 1628 1484 1747 
2928 1789 1747 1484 1746 
2929 231 323 308 1512 
2930 323 246 334 1563 
2931 308 334 237 1513 
2932 1512 1563 1513 1123 
2933 323 308 1512 1563 
2934 323 1563 334 308 
2935 308 1512 1563 1513 
2936 308 1513 1563 334 
2937 797 981 982 1761 
2938 981 811 934 1790 
2939 982 934 812 1762 
2940 1761 1790 1762 1137 
2941 981 982 1761 1790 
2942 981 1790 934 982 
2943 982 1761 1790 1762 
2944 982 1762 1790 934 
2945 786 1791 1792 1793 
2946 1791 1137 1770 1248 
2947 1792 1770 1147 1794 
2948 1793 1248 1794 1155 
2949 1791 1792 1793 1248 
2950 1791 1248 1770 1792 
2951 1792 1793 1248 1794 
2952 1792 1794 1248 1770 
2953 1127 1584 1485 1587 
2954 1584 1131 1334 1588 
2955 1485 1334 1103 1239 
2956 1587 1588 1239 1154 
2957 1584 1485 1587 1588 
2958 1584 1588 1334 1485 
2959 1485 1587 1588 1239 
2960 1485 1239 1588 1334 
2961 1105 1771 1289 1503 
2962 1771 1122 1377 1796 
2963 1289 1377 1113 1795 
2964 1503 1796 1795 1149 
2965 1771 1289 1503 1796 
2966 1771 1796 1377 1289 
2967 1289 1503 1796 1795 
2968 1289 1795 1796 1377 
2969 351 423 392 1574 
2970 423 348 420 1611 
2971 392 420 338 1475 
2972 1574 1611 1475 1112 
2973 423 392 1574 1611 
2974 423 1611 420 392 
2975 392 1574 1611 1475 
2976 392 1475 1611 420 
2977 352 452 1797 1798 
2978 452 360 1369 1372 
2979 1797 1369 1125 1373 
2980 1798 1372 1373 1143 
2981 452 1797 1798 1372 
2982 452 1372 1369 1797 
2983 1797 1798 1372 1373 
2984 1797 1373 1372 1369 
2985 996 1080 1076 1623 
2986 1080 1008 1100 1549 
2987 1076 1100 1001 1283 
2988 1623 1549 1283 1118 
2989 1080 1076 1623 1549 
2990 1080 1549 1100 1076 
2991 1076 1623 1549 1283 
2992 1076 1283 1549 1100 
2993 811 932 933 1790 
2994 932 785 897 1202 
2995 933 897 783 1199 
2996 1790 1202 1199 1137 
2997 932 933 1790 1202 
2998 932 1202 897 933 
2999 933 1790 1202 1199 
3000 933 1199 1202 897 
3001 340 1740 432 1799 
3002 1740 1109 1723 1710 
3003 432 1723 361 1452 
3004 1799 1710 1452 1152 
3005 1740 432 1799 1710 
3006 1740 1710 1723 432 
3007 432 1799 1710 1452 
3008 432 1452 1710 1723 
3009 1113 1377 1361 1795 
3010 1377 1122 1375 1796 
3011 1361 1375 999 1800 
3012 1795 1796 1800 1149 
3013 1377 1361 1795 1796 
3014 1377 1796 1375 1361 
3015 1361 1795 1796 1800 
3016 1361 1800 1796 1375 
3017 669 1782 1775 1776 
3018 1782 784 872 1483 
3019 1775 872 816 1760 
3020 1776 1483 1760 1139 
3021 1782 1775 1776 1483 
3022 1782 1483 872 1775 
3023 1775 1776 1483 1760 
3024 1775 1760 1483 872 
3025 817 915 862 1474 
3026 915 807 913 1579 
3027 862 913 779 1561 
3028 1474 1579 1561 1112 
3029 915 862 1474 1579 
3030 915 1579 913 862 
3031 862 1474 1579 1561 
3032 862 1561 1579 913 
3033 1106 1655 1567 1569 
3034 1655 1136 1337 1697 
3035 1567 1337 1126 1568 
3036 1569 1697 1568 1151 
3037 1655 1567 1569 1697 
3038 1655 1697 1337 1567 
3039 1567 1569 1697 1568 
3040 1567 1568 1697 1337 
3041 801 976 924 1545 
3042 976 793 974 1436 
3043 924 974 800 1747 
3044 1545 1436 1747 1138 
3045 976 924 1545 1436 
3046 976 1436 974 924 
3047 924 1545 1436 1747 
3048 924 1747 1436 974 
3049 1124 1386 1310 1432 
3050 1386 1131 1609 1467 
3051 1310 1609 1112 1612 
3052 1432 1467 1612 1145 
3053 1386 1310 1432 1467 
3054 1386 1467 1609 1310 
3055 1310 1432 1467 1612 
3056 1310 1612 1467 1609 
3057 1121 1768 1801 1802 
3058 1768 1137 1733 1770 
3059 1801 1733 1101 1407 
3060 1802 1770 1407 1147 
3061 1768 1801 1802 1770 
3062 1768 1770 1733 1801 
3063 1801 1802 1770 1407 
3064 1801 1407 1770 1733 
3065 1103 1334 1485 1438 
3066 1334 1131 1584 1622 
3067 1485 1584 1127 1486 
3068 1438 1622 1486 1150 
3069 1334 1485 1438 1622 
3070 1334 1622 1584 1485 
3071 1485 1438 1622 1486 
3072 1485 1486 1622 1584 
3073 460 1803 573 1675 
3074 1803 986 1728 1707 
3075 573 1728 461 1729 
3076 1675 1707 1729 1146 
3077 1803 573 1675 1707 
3078 1803 1707 1728 573 
3079 573 1675 1707 1729 
3080 573 1729 1707 1728 
3081 227 1689 1691 1804 
3082 1689 777 1690 1805 
3083 1691 1690 1115 1455 
3084 1804 1805 1455 1153 
3085 1689 1691 1804 1805 
3086 1689 1805 1690 1691 
3087 1691 1804 1805 1455 
3088 1691 1455 1805 1690 
3089 1107 1426 1732 1459 
3090 1426 1130 1225 1230 
3091 1732 1225 1101 1228 
3092 1459 1230 1228 1134 
3093 1426 1732 1459 1230 
3094 1426 1230 1225 1732 
3095 1732 1459 1230 1228 
3096 1732 1228 1230 1225 
3097 996 1806 1073 1624 
3098 1806 1113 1361 1795 
3099 1073 1361 999 1800 
3100 1624 1795 1800 1149 
3101 1806 1073 1624 1795 
3102 1806 1795 1361 1073 
3103 1073 1624 1795 1800 
3104 1073 1800 1795 1361 
3105 245 1680 336 1440 
3106 1680 1109 1312 1710 
3107 336 1312 238 1708 
3108 1440 1710 1708 1152 
3109 1680 336 1440 1710 
3110 1680 1710 1312 336 
3111 336 1440 1710 1708 
3112 336 1708 1710 1312 
3113 1101 1733 1807 1734 
3114 1733 1137 1769 1735 
3115 1807 1769 1116 1774 
3116 1734 1735 1774 1148 
3117 1733 1807 1734 1735 
3118 1733 1735 1769 1807 
3119 1807 1734 1735 1774 
3120 1807 1774 1735 1769 
3121 1115 1281 1178 1346 
3122 1281 1133 1530 1629 
3123 1178 1530 1104 1345 
3124 1346 1629 1345 1156 
3125 1281 1178 1346 1629 
3126 1281 1629 1530 1178 
3127 1178 1346 1629 1345 
3128 1178 1345 1629 1530 
3129 806 1618 928 1608 
3130 1618 1125 1808 1502 
3131 928 1808 782 1809 
3132 1608 1502 1809 1149 
3133 1618 928 1608 1502 
3134 1618 1502 1808 928 
3135 928 1608 1502 1809 
3136 928 1809 1502 1808 
3137 990 1810 1092 1811 
3138 1810 1122 1375 1813 
3139 1092 1375 999 1812 
3140 1811 1813 1812 1155 
3141 1810 1092 1811 1813 
3142 1810 1813 1375 1092 
3143 1092 1811 1813 1812 
3144 1092 1812 1813 1375 
3145 1000 1043 1772 1592 
3146 1043 986 1803 1707 
3147 1772 1803 460 1675 
3148 1592 1707 1675 1146 
3149 1043 1772 1592 1707 
3150 1043 1707 1803 1772 
3151 1772 1592 1707 1675 
3152 1772 1675 1707 1803 
3153 3 1604 1814 1526 
3154 1604 780 918 1605 
3155 1814 918 796 1451 
3156 1526 1605 1451 1139 
3157 1604 1814 1526 1605 
3158 1604 1605 918 1814 
3159 1814 1526 1605 1451 
3160 1814 1451 1605 918 
3161 1108 1421 1644 1645 
3162 1421 1147 1770 1794 
3163 1644 1770 1137 1248 
3164 1645 1794 1248 1155 
3165 1421 1644 1645 1794 
3166 1421 1794 1770 1644 
3167 1644 1645 1794 1248 
3168 1644 1248 1794 1770 
3169 346 1727 430 1665 
3170 1727 1109 1740 1240 
3171 430 1740 340 1815 
3172 1665 1240 1815 1154 
3173 1727 430 1665 1240 
3174 1727 1240 1740 430 
3175 430 1665 1240 1815 
3176 430 1815 1240 1740 
3177 1106 1646 1160 1569 
3178 1646 1133 1281 1494 
3179 1160 1281 1115 1788 
3180 1569 1494 1788 1151 
3181 1646 1160 1569 1494 
3182 1646 1494 1281 1160 
3183 1160 1569 1494 1788 
3184 1160 1788 1494 1281 
3185 777 1688 841 1689 
3186 1688 230 298 300 
3187 841 298 87 296 
3188 1689 300 296 227 
3189 1688 841 1689 300 
3190 1688 300 298 841 
3191 841 1689 300 296 
3192 841 296 300 298 
3193 1110 1711 1616 1524 
3194 1711 1114 1223 1753 
3195 1616 1223 1101 1807 
3196 1524 1753 1807 1116 
3197 1711 1616 1524 1753 
3198 1711 1753 1223 1616 
3199 1616 1524 1753 1807 
3200 1616 1807 1753 1223 
3201 802 1816 1818 1819 
3202 1816 39 1817 1693 
3203 1818 1817 1117 1820 
3204 1819 1693 1820 1121 
3205 1816 1818 1819 1693 
3206 1816 1693 1817 1818 
3207 1818 1819 1693 1820 
3208 1818 1820 1693 1817 
3209 1101 1732 1228 1733 
3210 1732 1107 1459 1237 
3211 1228 1459 1134 1821 
3212 1733 1237 1821 1137 
3213 1732 1228 1733 1237 
3214 1732 1237 1459 1228 
3215 1228 1733 1237 1821 
3216 1228 1821 1237 1459 
3217 1112 1172 1773 1479 
3218 1172 1140 1461 1651 
3219 1773 1461 1105 1371 
3220 1479 1651 1371 1143 
3221 1172 1773 1479 1651 
3222 1172 1651 1461 1773 
3223 1773 1479 1651 1371 
3224 1773 1371 1651 1461 
3225 805 1698 845 846 
3226 1698 230 298 1688 
3227 845 298 87 841 
3228 846 1688 841 777 
3229 1698 845 846 1688 
3230 1698 1688 298 845 
3231 845 846 1688 841 
3232 845 841 1688 298 
3233 1104 1530 1394 1678 
3234 1530 1133 1647 1670 
3235 1394 1647 1132 1780 
3236 1678 1670 1780 1141 
3237 1530 1394 1678 1670 
3238 1530 1670 1647 1394 
3239 1394 1678 1670 1780 
3240 1394 1780 1670 1647 
3241 786 1792 1822 1793 
3242 1792 1147 1424 1794 
3243 1822 1424 1122 1813 
3244 1793 1794 1813 1155 
3245 1792 1822 1793 1794 
3246 1792 1794 1424 1822 
3247 1822 1793 1794 1813 
3248 1822 1813 1794 1424 
3249 802 1823 1819 1824 
3250 1823 1137 1768 1770 
3251 1819 1768 1121 1802 
3252 1824 1770 1802 1147 
3253 1823 1819 1824 1770 
3254 1823 1770 1768 1819 
3255 1819 1824 1770 1802 
3256 1819 1802 1770 1768 
3257 1103 1168 1298 1435 
3258 1168 1136 1404 1657 
3259 1298 1404 1128 1537 
3260 1435 1657 1537 1138 
3261 1168 1298 1435 1657 
3262 1168 1657 1404 1298 
3263 1298 1435 1657 1537 
3264 1298 1537 1657 1404 
3265 338 1475 420 1478 
3266 1475 1112 1611 1479 
3267 420 1611 348 1640 
3268 1478 1479 1640 1143 
3269 1475 420 1478 1479 
3270 1475 1479 1611 420 
3271 420 1478 1479 1640 
3272 420 1640 1479 1611 
3273 1101 1801 1807 1733 
3274 1801 1121 1766 1768 
3275 1807 1766 1116 1769 
3276 1733 1768 1769 1137 
3277 1801 1807 1733 1768 
3278 1801 1768 1766 1807 
3279 1807 1733 1768 1769 
3280 1807 1769 1768 1766 
3281 786 1791 945 1792 
3282 1791 1137 1823 1770 
3283 945 1823 802 1824 
3284 1792 1770 1824 1147 
3285 1791 945 1792 1770 
3286 1791 1770 1823 945 
3287 945 1792 1770 1824 
3288 945 1824 1770 1823 
3289 483 589 1684 1683 
3290 589 485 1387 1340 
3291 1684 1387 1124 1386 
3292 1683 1340 1386 1131 
3293 589 1684 1683 1340 
3294 589 1340 1387 1684 
3295 1684 1683 1340 1386 
3296 1684 1386 1340 1387 
3297 470 1825 1593 1826 
3298 1825 1133 1647 1494 
3299 1593 1647 1132 1570 
3300 1826 1494 1570 1151 
3301 1825 1593 1826 1494 
3302 1825 1494 1647 1593 
3303 1593 1826 1494 1570 
3304 1593 1570 1494 1647 
3305 990 1092 1091 1811 
3306 1092 999 1094 1812 
3307 1091 1094 998 1781 
3308 1811 1812 1781 1155 
3309 1092 1091 1811 1812 
3310 1092 1812 1094 1091 
3311 1091 1811 1812 1781 
3312 1091 1781 1812 1094 
3313 7 215 40 1634 
3314 215 212 218 1635 
3315 40 218 39 1693 
3316 1634 1635 1693 1121 
3317 215 40 1634 1635 
3318 215 1635 218 40 
3319 40 1634 1635 1693 
3320 40 1693 1635 218 
3321 453 1701 566 567 
3322 1701 987 1033 1231 
3323 566 1033 144 562 
3324 567 1231 562 486 
3325 1701 566 567 1231 
3326 1701 1231 1033 566 
3327 566 567 1231 562 
3328 566 562 1231 1033 
3329 480 1827 648 1828 
3330 1827 1133 1825 1494 
3331 648 1825 470 1826 
3332 1828 1494 1826 1151 
3333 1827 648 1828 1494 
3334 1827 1494 1825 648 
3335 648 1828 1494 1826 
3336 648 1826 1494 1825 
3337 148 568 572 1039 
3338 568 461 573 1728 
3339 572 573 460 1803 
3340 1039 1728 1803 986 
3341 568 572 1039 1728 
3342 568 1728 573 572 
3343 572 1039 1728 1803 
3344 572 1803 1728 573 
3345 804 1189 979 1829 
3346 1189 1115 1177 1346 
3347 979 1177 798 1344 
3348 1829 1346 1344 1156 
3349 1189 979 1829 1346 
3350 1189 1346 1177 979 
3351 979 1829 1346 1344 
3352 979 1344 1346 1177 
3353 487 1458 1457 1700 
3354 1458 1134 1459 1731 
3355 1457 1459 1107 1258 
3356 1700 1731 1258 1146 
3357 1458 1457 1700 1731 
3358 1458 1731 1459 1457 
3359 1457 1700 1731 1258 
3360 1457 1258 1731 1459 
3361 346 1664 1727 1665 
3362 1664 1127 1721 1587 
3363 1727 1721 1109 1240 
3364 1665 1587 1240 1154 
3365 1664 1727 1665 1587 
3366 1664 1587 1721 1727 
3367 1727 1665 1587 1240 
3368 1727 1240 1587 1721 
3369 787 1830 907 1831 
3370 1830 1122 1822 1424 
3371 907 1822 786 1792 
3372 1831 1424 1792 1147 
3373 1830 907 1831 1424 
3374 1830 1424 1822 907 
3375 907 1831 1424 1792 
3376 907 1792 1424 1822 
3377 472 1832 593 1833 
3378 1832 1114 1222 1224 
3379 593 1222 471 1213 
3380 1833 1224 1213 1132 
3381 1832 593 1833 1224 
3382 1832 1224 1222 593 
3383 593 1833 1224 1213 
3384 593 1213 1224 1222 
3385 1105 1461 1771 1503 
3386 1461 1140 1449 1663 
3387 1771 1449 1122 1796 
3388 1503 1663 1796 1149 
3389 1461 1771 1503 1663 
3390 1461 1663 1449 1771 
3391 1771 1503 1663 1796 
3392 1771 1796 1663 1449 
3393 987 1701 1033 1037 
3394 1701 453 566 1250 
3395 1033 566 144 1035 
3396 1037 1250 1035 997 
3397 1701 1033 1037 1250 
3398 1701 1250 566 1033 
3399 1033 1037 1250 1035 
3400 1033 1035 1250 566 
3401 811 1834 934 1790 
3402 1834 1119 1785 1200 
3403 934 1785 812 1762 
3404 1790 1200 1762 1137 
3405 1834 934 1790 1200 
3406 1834 1200 1785 934 
3407 934 1790 1200 1762 
3408 934 1762 1200 1785 
3409 3 1814 1353 1526 
3410 1814 796 1450 1451 
3411 1353 1450 1110 1325 
3412 1526 1451 1325 1139 
3413 1814 1353 1526 1451 
3414 1814 1451 1450 1353 
3415 1353 1526 1451 1325 
3416 1353 1325 1451 1450 
3417 1000 1041 1772 1043 
3418 1041 148 572 1039 
3419 1772 572 460 1803 
3420 1043 1039 1803 986 
3421 1041 1772 1043 1039 
3422 1041 1039 572 1772 
3423 1772 1043 1039 1803 
3424 1772 1803 1039 572 
3425 468 1695 636 1694 
3426 1695 1126 1517 1337 
3427 636 1517 467 1835 
3428 1694 1337 1835 1136 
3429 1695 636 1694 1337 
3430 1695 1337 1517 636 
3431 636 1694 1337 1835 
3432 636 1835 1337 1517 
3433 454 517 1306 1362 
3434 517 65 273 269 
3435 1306 273 234 274 
3436 1362 269 274 224 
3437 517 1306 1362 269 
3438 517 269 273 1306 
3439 1306 1362 269 274 
3440 1306 274 269 273 
3441 1115 1281 1279 1788 
3442 1281 1133 1244 1494 
3443 1279 1244 1111 1495 
3444 1788 1494 1495 1151 
3445 1281 1279 1788 1494 
3446 1281 1494 1244 1279 
3447 1279 1788 1494 1495 
3448 1279 1495 1494 1244 
3449 1114 1753 1711 1756 
3450 1753 1116 1524 1527 
3451 1711 1524 1110 1325 
3452 1756 1527 1325 1139 
3453 1753 1711 1756 1527 
3454 1753 1527 1524 1711 
3455 1711 1756 1527 1325 
3456 1711 1325 1527 1524 
3457 223 1648 1505 276 
3458 1648 454 522 518 
3459 1505 522 481 520 
3460 276 518 520 67 
3461 1648 1505 276 518 
3462 1648 518 522 1505 
3463 1505 276 518 520 
3464 1505 520 518 522 
3465 997 1250 1036 1040 
3466 1250 453 565 1706 
3467 1036 565 146 1038 
3468 1040 1706 1038 986 
3469 1250 1036 1040 1706 
3470 1250 1706 565 1036 
3471 1036 1040 1706 1038 
3472 1036 1038 1706 565 
3473 1108 1304 1316 1645 
3474 1304 1146 1339 1308 
3475 1316 1339 998 1781 
3476 1645 1308 1781 1155 
3477 1304 1316 1645 1308 
3478 1304 1308 1339 1316 
3479 1316 1645 1308 1781 
3480 1316 1781 1308 1339 
3481 666 769 767 1738 
3482 769 672 768 1787 
3483 767 768 671 1752 
3484 1738 1787 1752 1116 
3485 769 767 1738 1787 
3486 769 1787 768 767 
3487 767 1738 1787 1752 
3488 767 1752 1787 768 
3489 223 277 1648 276 
3490 277 234 1306 272 
3491 1648 1306 454 518 
3492 276 272 518 67 
3493 277 1648 276 272 
3494 277 272 1306 1648 
3495 1648 276 272 518 
3496 1648 518 272 1306 
3497 993 1201 1197 1061 
3498 1201 785 897 893 
3499 1197 897 783 895 
3500 1061 893 895 181 
3501 1201 1197 1061 893 
3502 1201 893 897 1197 
3503 1197 1061 893 895 
3504 1197 895 893 897 
3505 461 569 570 1728 
3506 569 146 565 1038 
3507 570 565 453 1706 
3508 1728 1038 1706 986 
3509 569 570 1728 1038 
3510 569 1038 565 570 
3511 570 1728 1038 1706 
3512 570 1706 1038 565 
3513 1102 1286 1297 1301 
3514 1286 1126 1836 1337 
3515 1297 1836 1128 1404 
3516 1301 1337 1404 1136 
3517 1286 1297 1301 1337 
3518 1286 1337 1836 1297 
3519 1297 1301 1337 1404 
3520 1297 1404 1337 1836 
3521 1101 1228 1420 1733 
3522 1228 1134 1547 1821 
3523 1420 1547 1108 1644 
3524 1733 1821 1644 1137 
3525 1228 1420 1733 1821 
3526 1228 1821 1547 1420 
3527 1420 1733 1821 1644 
3528 1420 1644 1821 1547 
3529 800 1746 1789 1837 
3530 1746 1127 1725 1724 
3531 1789 1725 1120 1682 
3532 1837 1724 1682 1135 
3533 1746 1789 1837 1724 
3534 1746 1724 1725 1789 
3535 1789 1837 1724 1682 
3536 1789 1682 1724 1725 
3537 245 317 1679 1615 
3538 317 225 1838 1839 
3539 1679 1838 1120 1682 
3540 1615 1839 1682 1135 
3541 317 1679 1615 1839 
3542 317 1839 1838 1679 
3543 1679 1615 1839 1682 
3544 1679 1682 1839 1838 
3545 675 1661 747 1717 
3546 1661 1114 1786 1234 
3547 747 1786 672 1840 
3548 1717 1234 1840 1130 
3549 1661 747 1717 1234 
3550 1661 1234 1786 747 
3551 747 1717 1234 1840 
3552 747 1840 1234 1786 
3553 65 517 515 269 
3554 517 454 519 1362 
3555 515 519 479 1192 
3556 269 1362 1192 224 
3557 517 515 269 1362 
3558 517 1362 519 515 
3559 515 269 1362 1192 
3560 515 1192 1362 519 
3561 806 930 1618 1607 
3562 930 808 1841 1842 
3563 1618 1841 1125 1373 
3564 1607 1842 1373 1143 
3565 930 1618 1607 1842 
3566 930 1842 1841 1618 
3567 1618 1607 1842 1373 
3568 1618 1373 1842 1841 
3569 1108 1547 1843 1644 
3570 1547 1134 1459 1821 
3571 1843 1459 1107 1237 
3572 1644 1821 1237 1137 
3573 1547 1843 1644 1821 
3574 1547 1821 1459 1843 
3575 1843 1644 1821 1237 
3576 1843 1237 1821 1459 
3577 482 1293 604 1388 
3578 1293 1118 1844 1389 
3579 604 1844 484 1845 
3580 1388 1389 1845 1145 
3581 1293 604 1388 1389 
3582 1293 1389 1844 604 
3583 604 1388 1389 1845 
3584 604 1845 1389 1844 
3585 1102 1286 1757 1297 
3586 1286 1126 1630 1836 
3587 1757 1630 1117 1492 
3588 1297 1836 1492 1128 
3589 1286 1757 1297 1836 
3590 1286 1836 1630 1757 
3591 1757 1297 1836 1492 
3592 1757 1492 1836 1630 
3593 492 1660 597 1719 
3594 1660 1114 1832 1720 
3595 597 1832 472 1846 
3596 1719 1720 1846 1141 
3597 1660 597 1719 1720 
3598 1660 1720 1832 597 
3599 597 1719 1720 1846 
3600 597 1846 1720 1832 
3601 1122 1449 1847 1796 
3602 1449 1140 1650 1663 
3603 1847 1650 806 1608 
3604 1796 1663 1608 1149 
3605 1449 1847 1796 1663 
3606 1449 1663 1650 1847 
3607 1847 1796 1663 1608 
3608 1847 1608 1663 1650 
3609 1108 1644 1843 1304 
3610 1644 1137 1237 1257 
3611 1843 1237 1107 1258 
3612 1304 1257 1258 1146 
3613 1644 1843 1304 1257 
3614 1644 1257 1237 1843 
3615 1843 1304 1257 1258 
3616 1843 1258 1257 1237 
3617 1108 1547 1332 1304 
3618 1547 1134 1548 1731 
3619 1332 1548 1142 1269 
3620 1304 1731 1269 1146 
3621 1547 1332 1304 1731 
3622 1547 1731 1548 1332 
3623 1332 1304 1731 1269 
3624 1332 1269 1731 1548 
3625 454 1307 583 1493 
3626 1307 1133 1827 1494 
3627 583 1827 480 1828 
3628 1493 1494 1828 1151 
3629 1307 583 1493 1494 
3630 1307 1494 1827 583 
3631 583 1493 1494 1828 
3632 583 1828 1494 1827 
3633 466 630 1287 1299 
3634 630 467 1517 1835 
3635 1287 1517 1126 1337 
3636 1299 1835 1337 1136 
3637 630 1287 1299 1835 
3638 630 1835 1517 1287 
3639 1287 1299 1835 1337 
3640 1287 1337 1835 1517 
3641 5 1848 1580 1170 
3642 1848 779 913 1561 
3643 1580 913 807 1579 
3644 1170 1561 1579 1112 
3645 1848 1580 1170 1561 
3646 1848 1561 913 1580 
3647 1580 1170 1561 1579 
3648 1580 1579 1561 913 
3649 231 1641 306 1589 
3650 1641 1115 1280 1346 
3651 306 1280 235 1849 
3652 1589 1346 1849 1156 
3653 1641 306 1589 1346 
3654 1641 1346 1280 306 
3655 306 1589 1346 1849 
3656 306 1849 1346 1280 
3657 1107 1459 1843 1258 
3658 1459 1134 1547 1731 
3659 1843 1547 1108 1304 
3660 1258 1731 1304 1146 
3661 1459 1843 1258 1731 
3662 1459 1731 1547 1843 
3663 1843 1258 1731 1304 
3664 1843 1304 1731 1547 
3665 347 426 1585 1621 
3666 426 339 1850 1851 
3667 1585 1850 1127 1486 
3668 1621 1851 1486 1150 
3669 426 1585 1621 1851 
3670 426 1851 1850 1585 
3671 1585 1621 1851 1486 
3672 1585 1486 1851 1850 
3673 783 1265 1197 895 
3674 1265 989 1066 1065 
3675 1197 1066 993 1061 
3676 895 1065 1061 181 
3677 1265 1197 895 1065 
3678 1265 1065 1066 1197 
3679 1197 895 1065 1061 
3680 1197 1061 1065 1066 
3681 677 1784 752 1852 
3682 1784 1123 1557 1669 
3683 752 1557 670 1677 
3684 1852 1669 1677 1141 
3685 1784 752 1852 1669 
3686 1784 1669 1557 752 
3687 752 1852 1669 1677 
3688 752 1677 1669 1557 
3689 671 1755 1754 1853 
3690 1755 1139 1756 1778 
3691 1754 1756 1114 1720 
3692 1853 1778 1720 1141 
3693 1755 1754 1853 1778 
3694 1755 1778 1756 1754 
3695 1754 1853 1778 1720 
3696 1754 1720 1778 1756 
3697 806 931 1847 1608 
3698 931 810 1854 1855 
3699 1847 1854 1122 1796 
3700 1608 1855 1796 1149 
3701 931 1847 1608 1855 
3702 931 1855 1854 1847 
3703 1847 1608 1855 1796 
3704 1847 1796 1855 1854 
3705 352 424 452 1798 
3706 424 350 438 1480 
3707 452 438 360 1372 
3708 1798 1480 1372 1143 
3709 424 452 1798 1480 
3710 424 1480 438 452 
3711 452 1798 1480 1372 
3712 452 1372 1480 438 
3713 805 1698 1699 1856 
3714 1698 230 1692 1857 
3715 1699 1692 1115 1346 
3716 1856 1857 1346 1156 
3717 1698 1699 1856 1857 
3718 1698 1857 1692 1699 
3719 1699 1856 1857 1346 
3720 1699 1346 1857 1692 
3721 1117 1630 1314 1492 
3722 1630 1126 1567 1836 
3723 1314 1567 1106 1491 
3724 1492 1836 1491 1128 
3725 1630 1314 1492 1836 
3726 1630 1836 1567 1314 
3727 1314 1492 1836 1491 
3728 1314 1491 1836 1567 
3729 811 933 1834 1790 
3730 933 783 1196 1199 
3731 1834 1196 1119 1200 
3732 1790 1199 1200 1137 
3733 933 1834 1790 1199 
3734 933 1199 1196 1834 
3735 1834 1790 1199 1200 
3736 1834 1200 1199 1196 
3737 1111 1279 1627 1454 
3738 1279 1115 1204 1455 
3739 1627 1204 1138 1601 
3740 1454 1455 1601 1153 
3741 1279 1627 1454 1455 
3742 1279 1455 1204 1627 
3743 1627 1454 1455 1601 
3744 1627 1601 1455 1204 
3745 987 1218 1032 1231 
3746 1218 458 559 564 
3747 1032 559 142 563 
3748 1231 564 563 486 
3749 1218 1032 1231 564 
3750 1218 564 559 1032 
3751 1032 1231 564 563 
3752 1032 563 564 559 
3753 490 1506 525 523 
3754 1506 223 1505 275 
3755 525 1505 481 521 
3756 523 275 521 69 
3757 1506 525 523 275 
3758 1506 275 1505 525 
3759 525 523 275 521 
3760 525 521 275 1505 
3761 474 1779 654 1666 
3762 1779 1132 1593 1647 
3763 654 1593 470 1825 
3764 1666 1647 1825 1133 
3765 1779 654 1666 1647 
3766 1779 1647 1593 654 
3767 654 1666 1647 1825 
3768 654 1825 1647 1593 
3769 1106 1491 1567 1655 
3770 1491 1128 1836 1404 
3771 1567 1836 1126 1337 
3772 1655 1404 1337 1136 
3773 1491 1567 1655 1404 
3774 1491 1404 1836 1567 
3775 1567 1655 1404 1337 
3776 1567 1337 1404 1836 
3777 802 1819 1818 1824 
3778 1819 1121 1820 1802 
3779 1818 1820 1117 1555 
3780 1824 1802 1555 1147 
3781 1819 1818 1824 1802 
3782 1819 1802 1820 1818 
3783 1818 1824 1802 1555 
3784 1818 1555 1802 1820 
3785 466 637 630 1299 
3786 637 468 636 1694 
3787 630 636 467 1835 
3788 1299 1694 1835 1136 
3789 637 630 1299 1694 
3790 637 1694 636 630 
3791 630 1299 1694 1835 
3792 630 1835 1694 636 
3793 492 551 597 1660 
3794 551 456 592 1703 
3795 597 592 472 1832 
3796 1660 1703 1832 1114 
3797 551 597 1660 1703 
3798 551 1703 592 597 
3799 597 1660 1703 1832 
3800 597 1832 1703 592 
3801 1114 1753 1786 1234 
3802 1753 1116 1787 1858 
3803 1786 1787 672 1840 
3804 1234 1858 1840 1130 
3805 1753 1786 1234 1858 
3806 1753 1858 1787 1786 
3807 1786 1234 1858 1840 
3808 1786 1840 1858 1787 
3809 1112 1479 1773 1612 
3810 1479 1143 1371 1392 
3811 1773 1371 1105 1390 
3812 1612 1392 1390 1145 
3813 1479 1773 1612 1392 
3814 1479 1392 1371 1773 
3815 1773 1612 1392 1390 
3816 1773 1390 1392 1371 
3817 453 578 576 1268 
3818 578 463 577 1444 
3819 576 577 462 1400 
3820 1268 1444 1400 1142 
3821 578 576 1268 1444 
3822 578 1444 577 576 
3823 576 1268 1444 1400 
3824 576 1400 1444 577 
3825 778 891 889 1859 
3826 891 810 887 1854 
3827 889 887 177 1860 
3828 1859 1854 1860 1122 
3829 891 889 1859 1854 
3830 891 1854 887 889 
3831 889 1859 1854 1860 
3832 889 1860 1854 887 
3833 474 659 612 1666 
3834 659 481 525 1509 
3835 612 525 490 1507 
3836 1666 1509 1507 1133 
3837 659 612 1666 1509 
3838 659 1509 525 612 
3839 612 1666 1509 1507 
3840 612 1507 1509 525 
3841 800 1789 927 1837 
3842 1789 1120 1861 1682 
3843 927 1861 813 1862 
3844 1837 1682 1862 1135 
3845 1789 927 1837 1682 
3846 1789 1682 1861 927 
3847 927 1837 1682 1862 
3848 927 1862 1682 1861 
3849 810 1863 887 1854 
3850 1863 995 1055 1864 
3851 887 1055 177 1860 
3852 1854 1864 1860 1122 
3853 1863 887 1854 1864 
3854 1863 1864 1055 887 
3855 887 1854 1864 1860 
3856 887 1860 1864 1055 
3857 225 1865 294 1838 
3858 1865 813 1866 1861 
3859 294 1866 232 1867 
3860 1838 1861 1867 1120 
3861 1865 294 1838 1861 
3862 1865 1861 1866 294 
3863 294 1838 1861 1867 
3864 294 1867 1861 1866 
3865 778 889 1868 1859 
3866 889 177 1059 1860 
3867 1868 1059 990 1810 
3868 1859 1860 1810 1122 
3869 889 1868 1859 1860 
3870 889 1860 1059 1868 
3871 1868 1859 1860 1810 
3872 1868 1810 1860 1059 
3873 779 1561 1848 1712 
3874 1561 1112 1170 1349 
3875 1848 1170 5 1273 
3876 1712 1349 1273 1150 
3877 1561 1848 1712 1349 
3878 1561 1349 1170 1848 
3879 1848 1712 1349 1273 
3880 1848 1273 1349 1170 
3881 361 1722 448 1582 
3882 1722 1127 1869 1724 
3883 448 1869 353 1870 
3884 1582 1724 1870 1135 
3885 1722 448 1582 1724 
3886 1722 1724 1869 448 
3887 448 1582 1724 1870 
3888 448 1870 1724 1869 
3889 803 1871 840 1872 
3890 1871 232 1866 1867 
3891 840 1866 813 1861 
3892 1872 1867 1861 1120 
3893 1871 840 1872 1867 
3894 1871 1867 1866 840 
3895 840 1872 1867 1861 
3896 840 1861 1867 1866 
3897 1101 1807 1225 1734 
3898 1807 1116 1858 1774 
3899 1225 1858 1130 1653 
3900 1734 1774 1653 1148 
3901 1807 1225 1734 1774 
3902 1807 1774 1858 1225 
3903 1225 1734 1774 1653 
3904 1225 1653 1774 1858 
3905 177 1055 1059 1860 
3906 1055 995 1060 1864 
3907 1059 1060 990 1810 
3908 1860 1864 1810 1122 
3909 1055 1059 1860 1864 
3910 1055 1864 1060 1059 
3911 1059 1860 1864 1810 
3912 1059 1810 1864 1060 
3913 778 904 1859 1873 
3914 904 786 1822 1793 
3915 1859 1822 1122 1813 
3916 1873 1793 1813 1155 
3917 904 1859 1873 1793 
3918 904 1793 1822 1859 
3919 1859 1873 1793 1813 
3920 1859 1813 1793 1822 
3921 490 1522 1506 523 
3922 1522 237 280 279 
3923 1506 280 223 275 
3924 523 279 275 69 
3925 1522 1506 523 279 
3926 1522 279 280 1506 
3927 1506 523 279 275 
3928 1506 275 279 280 
3929 785 1202 905 1249 
3930 1202 1137 1791 1248 
3931 905 1791 786 1793 
3932 1249 1248 1793 1155 
3933 1202 905 1249 1248 
3934 1202 1248 1791 905 
3935 905 1249 1248 1793 
3936 905 1793 1248 1791 
3937 491 1874 1875 1876 
3938 1874 342 412 1470 
3939 1875 412 345 1877 
3940 1876 1470 1877 1131 
3941 1874 1875 1876 1470 
3942 1874 1470 412 1875 
3943 1875 1876 1470 1877 
3944 1875 1877 1470 412 
3945 483 590 589 1683 
3946 590 455 585 1559 
3947 589 585 485 1340 
3948 1683 1559 1340 1131 
3949 590 589 1683 1559 
3950 590 1559 585 589 
3951 589 1683 1559 1340 
3952 589 1340 1559 585 
3953 778 904 906 1859 
3954 904 786 907 1822 
3955 906 907 787 1830 
3956 1859 1822 1830 1122 
3957 904 906 1859 1822 
3958 904 1822 907 906 
3959 906 1859 1822 1830 
3960 906 1830 1822 907 
3961 671 750 1755 1853 
3962 750 670 1642 1677 
3963 1755 1642 1139 1778 
3964 1853 1677 1778 1141 
3965 750 1755 1853 1677 
3966 750 1677 1642 1755 
3967 1755 1853 1677 1778 
3968 1755 1778 1677 1642 
3969 458 1282 1218 559 
3970 1282 1001 1034 1030 
3971 1218 1034 987 1032 
3972 559 1030 1032 142 
3973 1282 1218 559 1030 
3974 1282 1030 1034 1218 
3975 1218 559 1030 1032 
3976 1218 1032 1030 1034 
3977 225 315 317 1838 
3978 315 233 318 1365 
3979 317 318 245 1679 
3980 1838 1365 1679 1120 
3981 315 317 1838 1365 
3982 315 1365 318 317 
3983 317 1838 1365 1679 
3984 317 1679 1365 318 
3985 480 655 648 1827 
3986 655 474 654 1666 
3987 648 654 470 1825 
3988 1827 1666 1825 1133 
3989 655 648 1827 1666 
3990 655 1666 654 648 
3991 648 1827 1666 1825 
3992 648 1825 1666 654 
3993 1109 1721 1179 1240 
3994 1721 1127 1485 1587 
3995 1179 1485 1103 1239 
3996 1240 1587 1239 1154 
3997 1721 1179 1240 1587 
3998 1721 1587 1485 1179 
3999 1179 1240 1587 1239 
4000 1179 1239 1587 1485 
4001 671 1754 749 1853 
4002 1754 1114 1662 1720 
4003 749 1662 663 1718 
4004 1853 1720 1718 1141 
4005 1754 749 1853 1720 
4006 1754 1720 1662 749 
4007 749 1853 1720 1718 
4008 749 1718 1720 1662 
4009 467 631 629 1517 
4010 631 478 621 1705 
4011 629 621 464 1385 
4012 1517 1705 1385 1126 
4013 631 629 1517 1705 
4014 631 1705 621 629 
4015 629 1517 1705 1385 
4016 629 1385 1705 621 
4017 1120 1628 1878 1783 
4018 1628 1138 1619 1601 
4019 1878 1619 799 1620 
4020 1783 1601 1620 1153 
4021 1628 1878 1783 1601 
4022 1628 1601 1619 1878 
4023 1878 1783 1601 1620 
4024 1878 1620 1601 1619 
4025 7 1879 52 1880 
4026 1879 780 1604 1603 
4027 52 1604 3 1525 
4028 1880 1603 1525 1116 
4029 1879 52 1880 1603 
4030 1879 1603 1604 52 
4031 52 1880 1603 1525 
4032 52 1525 1603 1604 
4033 230 328 1692 1857 
4034 328 235 1280 1849 
4035 1692 1280 1115 1346 
4036 1857 1849 1346 1156 
4037 328 1692 1857 1849 
4038 328 1849 1280 1692 
4039 1692 1857 1849 1346 
4040 1692 1346 1849 1280 
4041 63 514 512 270 
4042 514 479 516 1192 
4043 512 516 489 1277 
4044 270 1192 1277 224 
4045 514 512 270 1192 
4046 514 1192 516 512 
4047 512 270 1192 1277 
4048 512 1277 1192 516 
4049 793 1322 963 1436 
4050 1322 1128 1490 1537 
4051 963 1490 792 1209 
4052 1436 1537 1209 1138 
4053 1322 963 1436 1537 
4054 1322 1537 1490 963 
4055 963 1436 1537 1209 
4056 963 1209 1537 1490 
4057 473 598 658 1226 
4058 598 494 557 1715 
4059 658 557 488 1427 
4060 1226 1715 1427 1130 
4061 598 658 1226 1715 
4062 598 1715 557 658 
4063 658 1226 1715 1427 
4064 658 1427 1715 557 
4065 992 1881 1027 1025 
4066 1881 355 1882 401 
4067 1027 1882 1002 1023 
4068 1025 401 1023 109 
4069 1881 1027 1025 401 
4070 1881 401 1882 1027 
4071 1027 1025 401 1023 
4072 1027 1023 401 1882 
4073 1117 1820 1631 1555 
4074 1820 1121 1801 1802 
4075 1631 1801 1101 1407 
4076 1555 1802 1407 1147 
4077 1820 1631 1555 1802 
4078 1820 1802 1801 1631 
4079 1631 1555 1802 1407 
4080 1631 1407 1802 1801 
4081 818 881 1884 1885 
4082 881 812 1883 1764 
4083 1884 1883 673 1886 
4084 1885 1764 1886 1148 
4085 881 1884 1885 1764 
4086 881 1764 1883 1884 
4087 1884 1885 1764 1886 
4088 1884 1886 1764 1883 
4089 238 266 1311 271 
4090 266 63 512 270 
4091 1311 512 489 1277 
4092 271 270 1277 224 
4093 266 1311 271 270 
4094 266 270 512 1311 
4095 1311 271 270 1277 
4096 1311 1277 270 512 
4097 355 402 1882 401 
4098 402 344 1538 397 
4099 1882 1538 1002 1023 
4100 401 397 1023 109 
4101 402 1882 401 397 
4102 402 397 1538 1882 
4103 1882 401 397 1023 
4104 1882 1023 397 1538 
4105 803 1872 900 1887 
4106 1872 1120 1878 1783 
4107 900 1878 799 1620 
4108 1887 1783 1620 1153 
4109 1872 900 1887 1783 
4110 1872 1783 1878 900 
4111 900 1887 1783 1620 
4112 900 1620 1783 1878 
4113 804 903 1189 1829 
4114 903 805 1699 1856 
4115 1189 1699 1115 1346 
4116 1829 1856 1346 1156 
4117 903 1189 1829 1856 
4118 903 1856 1699 1189 
4119 1189 1829 1856 1346 
4120 1189 1346 1856 1699 
4121 987 1074 1075 1217 
4122 1074 999 1073 1361 
4123 1075 1073 996 1806 
4124 1217 1361 1806 1113 
4125 1074 1075 1217 1361 
4126 1074 1361 1073 1075 
4127 1075 1217 1361 1806 
4128 1075 1806 1361 1073 
4129 662 744 719 1716 
4130 744 674 748 1652 
4131 719 748 676 1543 
4132 1716 1652 1543 1130 
4133 744 719 1716 1652 
4134 744 1652 748 719 
4135 719 1716 1652 1543 
4136 719 1543 1652 748 
4137 994 1085 1069 1246 
4138 1085 993 1090 1247 
4139 1069 1090 998 1781 
4140 1246 1247 1781 1155 
4141 1085 1069 1246 1247 
4142 1085 1247 1090 1069 
4143 1069 1246 1247 1781 
4144 1069 1781 1247 1090 
4145 818 1884 1888 1889 
4146 1884 673 732 1890 
4147 1888 732 666 1738 
4148 1889 1890 1738 1116 
4149 1884 1888 1889 1890 
4150 1884 1890 732 1888 
4151 1888 1889 1890 1738 
4152 1888 1738 1890 732 
4153 230 321 328 1857 
4154 321 231 306 1589 
4155 328 306 235 1849 
4156 1857 1589 1849 1156 
4157 321 328 1857 1589 
4158 321 1589 306 328 
4159 328 1857 1589 1849 
4160 328 1849 1589 306 
4161 1110 1524 1616 1673 
4162 1524 1116 1807 1766 
4163 1616 1807 1101 1801 
4164 1673 1766 1801 1121 
4165 1524 1616 1673 1766 
4166 1524 1766 1807 1616 
4167 1616 1673 1766 1801 
4168 1616 1801 1766 1807 
4169 664 726 754 1687 
4170 726 669 755 1776 
4171 754 755 670 1642 
4172 1687 1776 1642 1139 
4173 726 754 1687 1776 
4174 726 1776 755 754 
4175 754 1687 1776 1642 
4176 754 1642 1776 755 
4177 43 1891 1892 44 
4178 1891 788 952 1743 
4179 1892 952 790 1893 
4180 44 1743 1893 45 
4181 1891 1892 44 1743 
4182 1891 1743 952 1892 
4183 1892 44 1743 1893 
4184 1892 1893 1743 952 
4185 673 1883 735 1886 
4186 1883 812 1894 1764 
4187 735 1894 665 1895 
4188 1886 1764 1895 1148 
4189 1883 735 1886 1764 
4190 1883 1764 1894 735 
4191 735 1886 1764 1895 
4192 735 1895 1764 1894 
4193 473 596 598 1226 
4194 596 456 554 1704 
4195 598 554 494 1715 
4196 1226 1704 1715 1130 
4197 596 598 1226 1704 
4198 596 1704 554 598 
4199 598 1226 1704 1715 
4200 598 1715 1704 554 
4201 83 292 835 839 
4202 292 232 1866 1871 
4203 835 1866 813 840 
4204 839 1871 840 803 
4205 292 835 839 1871 
4206 292 1871 1866 835 
4207 835 839 1871 840 
4208 835 840 1871 1866 
4209 346 427 425 1664 
4210 427 347 426 1585 
4211 425 426 339 1850 
4212 1664 1585 1850 1127 
4213 427 425 1664 1585 
4214 427 1585 426 425 
4215 425 1664 1585 1850 
4216 425 1850 1585 426 
4217 482 626 607 1290 
4218 626 463 579 1442 
4219 607 579 486 1232 
4220 1290 1442 1232 1113 
4221 626 607 1290 1442 
4222 626 1442 579 607 
4223 607 1290 1442 1232 
4224 607 1232 1442 579 
4225 671 753 749 1754 
4226 753 675 713 1661 
4227 749 713 663 1662 
4228 1754 1661 1662 1114 
4229 753 749 1754 1661 
4230 753 1661 713 749 
4231 749 1754 1661 1662 
4232 749 1662 1661 713 
4233 782 928 929 1808 
4234 928 806 930 1618 
4235 929 930 808 1841 
4236 1808 1618 1841 1125 
4237 928 929 1808 1618 
4238 928 1618 930 929 
4239 929 1808 1618 1841 
4240 929 1841 1618 930 
4241 1105 1351 1773 1390 
4242 1351 1124 1310 1432 
4243 1773 1310 1112 1612 
4244 1390 1432 1612 1145 
4245 1351 1773 1390 1432 
4246 1351 1432 1310 1773 
4247 1773 1390 1432 1612 
4248 1773 1612 1432 1310 
4249 232 1866 294 292 
4250 1866 813 1865 835 
4251 294 1865 225 290 
4252 292 835 290 83 
4253 1866 294 292 835 
4254 1866 835 1865 294 
4255 294 292 835 290 
4256 294 290 835 1865 
4257 350 421 422 1480 
4258 421 338 420 1478 
4259 422 420 348 1640 
4260 1480 1478 1640 1143 
4261 421 422 1480 1478 
4262 421 1478 420 422 
4263 422 1480 1478 1640 
4264 422 1640 1478 420 
4265 491 535 1874 1876 
4266 535 455 1558 1559 
4267 1874 1558 342 1470 
4268 1876 1559 1470 1131 
4269 535 1874 1876 1559 
4270 535 1559 1558 1874 
4271 1874 1876 1559 1470 
4272 1874 1470 1559 1558 
4273 489 602 603 1278 
4274 602 476 601 1180 
4275 603 601 457 1896 
4276 1278 1180 1896 1109 
4277 602 603 1278 1180 
4278 602 1180 601 603 
4279 603 1278 1180 1896 
4280 603 1896 1180 601 
4281 818 1889 922 1885 
4282 1889 1116 1765 1774 
4283 922 1765 797 1763 
4284 1885 1774 1763 1148 
4285 1889 922 1885 1774 
4286 1889 1774 1765 922 
4287 922 1885 1774 1763 
4288 922 1763 1774 1765 
4289 489 1278 603 1709 
4290 1278 1109 1896 1710 
4291 603 1896 457 1897 
4292 1709 1710 1897 1152 
4293 1278 603 1709 1710 
4294 1278 1710 1896 603 
4295 603 1709 1710 1897 
4296 603 1897 1710 1896 
4297 230 328 300 1692 
4298 328 235 327 1280 
4299 300 327 227 1691 
4300 1692 1280 1691 1115 
4301 328 300 1692 1280 
4302 328 1280 327 300 
4303 300 1692 1280 1691 
4304 300 1691 1280 327 
4305 818 1888 878 1889 
4306 1888 666 1737 1738 
4307 878 1737 780 1603 
4308 1889 1738 1603 1116 
4309 1888 878 1889 1738 
4310 1888 1738 1737 878 
4311 878 1889 1738 1603 
4312 878 1603 1738 1737 
4313 987 1037 1074 1217 
4314 1037 997 1077 1251 
4315 1074 1077 999 1361 
4316 1217 1251 1361 1113 
4317 1037 1074 1217 1251 
4318 1037 1251 1077 1074 
4319 1074 1217 1251 1361 
4320 1074 1361 1251 1077 
4321 668 1379 1380 702 
4322 1379 240 287 283 
4323 1380 287 228 285 
4324 702 283 285 76 
4325 1379 1380 702 283 
4326 1379 283 287 1380 
4327 1380 702 283 285 
4328 1380 285 283 287 
4329 799 1878 975 1619 
4330 1878 1120 1789 1628 
4331 975 1789 800 1747 
4332 1619 1628 1747 1138 
4333 1878 975 1619 1628 
4334 1878 1628 1789 975 
4335 975 1619 1628 1747 
4336 975 1747 1628 1789 
4337 787 949 1830 1898 
4338 949 806 1847 1650 
4339 1830 1847 1122 1449 
4340 1898 1650 1449 1140 
4341 949 1830 1898 1650 
4342 949 1650 1847 1830 
4343 1830 1898 1650 1449 
4344 1830 1449 1650 1847 
4345 804 979 903 1829 
4346 979 798 983 1344 
4347 903 983 805 1856 
4348 1829 1344 1856 1156 
4349 979 903 1829 1344 
4350 979 1344 983 903 
4351 903 1829 1344 1856 
4352 903 1856 1344 983 
4353 798 1397 939 1344 
4354 1397 1129 1899 1602 
4355 939 1899 814 1900 
4356 1344 1602 1900 1156 
4357 1397 939 1344 1602 
4358 1397 1602 1899 939 
4359 939 1344 1602 1900 
4360 939 1900 1602 1899 
4361 462 1730 575 1401 
4362 1730 1134 1901 1731 
4363 575 1901 461 1729 
4364 1401 1731 1729 1146 
4365 1730 575 1401 1731 
4366 1730 1731 1901 575 
4367 575 1401 1731 1729 
4368 575 1729 1731 1901 
4369 346 428 433 1664 
4370 428 353 448 1869 
4371 433 448 361 1722 
4372 1664 1869 1722 1127 
4373 428 433 1664 1869 
4374 428 1869 448 433 
4375 433 1664 1869 1722 
4376 433 1722 1869 448 
4377 667 740 1416 742 
4378 740 168 1049 738 
4379 1416 1049 991 1415 
4380 742 738 1415 679 
4381 740 1416 742 738 
4382 740 738 1049 1416 
4383 1416 742 738 1415 
4384 1416 1415 738 1049 
4385 810 908 931 1854 
4386 908 787 949 1830 
4387 931 949 806 1847 
4388 1854 1830 1847 1122 
4389 908 931 1854 1830 
4390 908 1830 949 931 
4391 931 1854 1830 1847 
4392 931 1847 1830 949 
4393 785 932 905 1202 
4394 932 811 941 1790 
4395 905 941 786 1791 
4396 1202 1790 1791 1137 
4397 932 905 1202 1790 
4398 932 1790 941 905 
4399 905 1202 1790 1791 
4400 905 1791 1790 941 
4401 232 329 1867 1902 
4402 329 236 1672 1453 
4403 1867 1672 1120 1783 
4404 1902 1453 1783 1153 
4405 329 1867 1902 1453 
4406 329 1453 1672 1867 
4407 1867 1902 1453 1783 
4408 1867 1783 1453 1672 
4409 1110 1175 1395 1325 
4410 1175 1104 1394 1326 
4411 1395 1394 1132 1903 
4412 1325 1326 1903 1139 
4413 1175 1395 1325 1326 
4414 1175 1326 1394 1395 
4415 1395 1325 1326 1903 
4416 1395 1903 1326 1394 
4417 818 922 881 1885 
4418 922 797 982 1763 
4419 881 982 812 1764 
4420 1885 1763 1764 1148 
4421 922 881 1885 1763 
4422 922 1763 982 881 
4423 881 1885 1763 1764 
4424 881 1764 1763 982 
4425 486 579 567 1232 
4426 579 463 578 1442 
4427 567 578 453 1252 
4428 1232 1442 1252 1113 
4429 579 567 1232 1442 
4430 579 1442 578 567 
4431 567 1232 1442 1252 
4432 567 1252 1442 578 
4433 986 1068 1040 1707 
4434 1068 998 1072 1339 
4435 1040 1072 997 1255 
4436 1707 1339 1255 1146 
4437 1068 1040 1707 1339 
4438 1068 1339 1072 1040 
4439 1040 1707 1339 1255 
4440 1040 1255 1339 1072 
4441 816 921 875 1760 
4442 921 796 918 1451 
4443 875 918 780 1605 
4444 1760 1451 1605 1139 
4445 921 875 1760 1451 
4446 921 1451 918 875 
4447 875 1760 1451 1605 
4448 875 1605 1451 918 
4449 671 768 753 1754 
4450 768 672 747 1786 
4451 753 747 675 1661 
4452 1754 1786 1661 1114 
4453 768 753 1754 1786 
4454 768 1786 747 753 
4455 753 1754 1786 1661 
4456 753 1661 1786 747 
4457 457 1896 601 1904 
4458 1896 1109 1180 1240 
4459 601 1180 476 1238 
4460 1904 1240 1238 1154 
4461 1896 601 1904 1240 
4462 1896 1240 1180 601 
4463 601 1904 1240 1238 
4464 601 1238 1240 1180 
4465 471 593 594 1222 
4466 593 472 592 1832 
4467 594 592 456 1703 
4468 1222 1832 1703 1114 
4469 593 594 1222 1832 
4470 593 1832 592 594 
4471 594 1222 1832 1703 
4472 594 1703 1832 592 
4473 807 958 1581 1758 
4474 958 806 1650 1607 
4475 1581 1650 1140 1651 
4476 1758 1607 1651 1143 
4477 958 1581 1758 1607 
4478 958 1607 1650 1581 
4479 1581 1758 1607 1651 
4480 1581 1651 1607 1650 
4481 781 1905 923 1906 
4482 1905 1127 1746 1724 
4483 923 1746 800 1837 
4484 1906 1724 1837 1135 
4485 1905 923 1906 1724 
4486 1905 1724 1746 923 
4487 923 1906 1724 1837 
4488 923 1837 1724 1746 
4489 120 411 537 413 
4490 411 342 1469 415 
4491 537 1469 493 1463 
4492 413 415 1463 349 
4493 411 537 413 415 
4494 411 415 1469 537 
4495 537 413 415 1463 
4496 537 1463 415 1469 
4497 227 1691 327 1804 
4498 1691 1115 1280 1455 
4499 327 1280 235 1471 
4500 1804 1455 1471 1153 
4501 1691 327 1804 1455 
4502 1691 1455 1280 327 
4503 327 1804 1455 1471 
4504 327 1471 1455 1280 
4505 800 975 984 1789 
4506 975 799 900 1878 
4507 984 900 803 1872 
4508 1789 1878 1872 1120 
4509 975 984 1789 1878 
4510 975 1878 900 984 
4511 984 1789 1878 1872 
4512 984 1872 1878 900 
4513 666 732 1888 728 
4514 732 673 1884 730 
4515 1888 1884 818 877 
4516 728 730 877 159 
4517 732 1888 728 730 
4518 732 730 1884 1888 
4519 1888 728 730 877 
4520 1888 877 730 1884 
4521 1109 1710 1740 1240 
4522 1710 1152 1799 1907 
4523 1740 1799 340 1815 
4524 1240 1907 1815 1154 
4525 1710 1740 1240 1907 
4526 1710 1907 1799 1740 
4527 1740 1240 1907 1815 
4528 1740 1815 1907 1799 
4529 668 1379 702 703 
4530 1379 240 283 1402 
4531 702 283 76 698 
4532 703 1402 698 678 
4533 1379 702 703 1402 
4534 1379 1402 283 702 
4535 702 703 1402 698 
4536 702 698 1402 283 
4537 461 614 573 1729 
4538 614 487 613 1700 
4539 573 613 460 1675 
4540 1729 1700 1675 1146 
4541 614 573 1729 1700 
4542 614 1700 613 573 
4543 573 1729 1700 1675 
4544 573 1675 1700 613 
4545 133 550 711 552 
4546 550 456 1702 554 
4547 711 1702 675 1713 
4548 552 554 1713 494 
4549 550 711 552 554 
4550 550 554 1702 711 
4551 711 552 554 1713 
4552 711 1713 554 1702 
4553 494 1713 552 1714 
4554 1713 675 711 716 
4555 552 711 133 715 
4556 1714 716 715 662 
4557 1713 552 1714 716 
4558 1713 716 711 552 
4559 552 1714 716 715 
4560 552 715 716 711 
4561 360 439 1472 1391 
4562 439 341 1908 1909 
4563 1472 1908 1118 1389 
4564 1391 1909 1389 1145 
4565 439 1472 1391 1909 
4566 439 1909 1908 1472 
4567 1472 1391 1909 1389 
4568 1472 1389 1909 1908 
4569 792 1910 1520 1490 
4570 1910 19 20 1460 
4571 1520 20 21 1521 
4572 1490 1460 1521 1128 
4573 1910 1520 1490 1460 
4574 1910 1460 20 1520 
4575 1520 1490 1460 1521 
4576 1520 1521 1460 20 
4577 679 738 1415 1446 
4578 738 168 1049 1045 
4579 1415 1049 991 1050 
4580 1446 1045 1050 1003 
4581 738 1415 1446 1045 
4582 738 1045 1049 1415 
4583 1415 1446 1045 1050 
4584 1415 1050 1045 1049 
4585 159 877 728 873 
4586 877 818 1888 878 
4587 728 1888 666 1737 
4588 873 878 1737 780 
4589 877 728 873 878 
4590 877 878 1888 728 
4591 728 873 878 1737 
4592 728 1737 878 1888 
4593 1106 1393 1646 1569 
4594 1393 1132 1647 1570 
4595 1646 1647 1133 1494 
4596 1569 1570 1494 1151 
4597 1393 1646 1569 1570 
4598 1393 1570 1647 1646 
4599 1646 1569 1570 1494 
4600 1646 1494 1570 1647 
4601 796 921 936 1451 
4602 921 816 872 1760 
4603 936 872 784 1483 
4604 1451 1760 1483 1139 
4605 921 936 1451 1760 
4606 921 1760 872 936 
4607 936 1451 1760 1483 
4608 936 1483 1760 872 
4609 466 630 627 1287 
4610 630 467 629 1517 
4611 627 629 464 1385 
4612 1287 1517 1385 1126 
4613 630 627 1287 1517 
4614 630 1517 629 627 
4615 627 1287 1517 1385 
4616 627 1385 1517 629 
4617 236 312 329 1672 
4618 312 233 316 1365 
4619 329 316 232 1867 
4620 1672 1365 1867 1120 
4621 312 329 1672 1365 
4622 312 1365 316 329 
4623 329 1672 1365 1867 
4624 329 1867 1365 316 
4625 1101 1807 1223 1225 
4626 1807 1116 1753 1858 
4627 1223 1753 1114 1234 
4628 1225 1858 1234 1130 
4629 1807 1223 1225 1858 
4630 1807 1858 1753 1223 
4631 1223 1225 1858 1234 
4632 1223 1234 1858 1753 
4633 1110 1395 1711 1325 
4634 1395 1132 1224 1903 
4635 1711 1224 1114 1756 
4636 1325 1903 1756 1139 
4637 1395 1711 1325 1903 
4638 1395 1903 1224 1711 
4639 1711 1325 1903 1756 
4640 1711 1756 1903 1224 
4641 493 538 1469 537 
4642 538 455 1558 533 
4643 1469 1558 342 411 
4644 537 533 411 120 
4645 538 1469 537 533 
4646 538 533 1558 1469 
4647 1469 537 533 411 
4648 1469 411 533 1558 
4649 1004 1028 1911 1912 
4650 1028 992 1881 1550 
4651 1911 1881 355 1496 
4652 1912 1550 1496 1118 
4653 1028 1911 1912 1550 
4654 1028 1550 1881 1911 
4655 1911 1912 1550 1496 
4656 1911 1496 1550 1881 
4657 805 846 903 1699 
4658 846 777 901 1690 
4659 903 901 804 1189 
4660 1699 1690 1189 1115 
4661 846 903 1699 1690 
4662 846 1690 901 903 
4663 903 1699 1690 1189 
4664 903 1189 1690 901 
4665 482 635 1350 1388 
4666 635 483 1684 1685 
4667 1350 1684 1124 1432 
4668 1388 1685 1432 1145 
4669 635 1350 1388 1685 
4670 635 1685 1684 1350 
4671 1350 1388 1685 1432 
4672 1350 1432 1685 1684 
4673 792 963 1910 1490 
4674 963 793 1511 1322 
4675 1910 1511 19 1460 
4676 1490 1322 1460 1128 
4677 963 1910 1490 1322 
4678 963 1322 1511 1910 
4679 1910 1490 1322 1460 
4680 1910 1460 1322 1511 
4681 226 1913 324 1914 
4682 1913 1129 1510 1602 
4683 324 1510 246 1590 
4684 1914 1602 1590 1156 
4685 1913 324 1914 1602 
4686 1913 1602 1510 324 
4687 324 1914 1602 1590 
4688 324 1590 1602 1510 
4689 474 1667 608 1668 
4690 1667 1123 1915 1669 
4691 608 1915 459 1916 
4692 1668 1669 1916 1141 
4693 1667 608 1668 1669 
4694 1667 1669 1915 608 
4695 608 1668 1669 1916 
4696 608 1916 1669 1915 
4697 487 614 1458 1700 
4698 614 461 1901 1729 
4699 1458 1901 1134 1731 
4700 1700 1729 1731 1146 
4701 614 1458 1700 1729 
4702 614 1729 1901 1458 
4703 1458 1700 1729 1731 
4704 1458 1731 1729 1901 
4705 462 620 1730 1400 
4706 620 478 1331 1741 
4707 1730 1331 1134 1548 
4708 1400 1741 1548 1142 
4709 620 1730 1400 1741 
4710 620 1741 1331 1730 
4711 1730 1400 1741 1548 
4712 1730 1548 1741 1331 
4713 812 934 935 1785 
4714 934 811 933 1834 
4715 935 933 783 1196 
4716 1785 1834 1196 1119 
4717 934 935 1785 1834 
4718 934 1834 933 935 
4719 935 1785 1834 1196 
4720 935 1196 1834 933 
4721 781 923 926 1906 
4722 923 800 927 1837 
4723 926 927 813 1862 
4724 1906 1837 1862 1135 
4725 923 926 1906 1837 
4726 923 1837 927 926 
4727 926 1906 1837 1862 
4728 926 1862 1837 927 
4729 671 749 750 1853 
4730 749 663 751 1718 
4731 750 751 670 1677 
4732 1853 1718 1677 1141 
4733 749 750 1853 1718 
4734 749 1718 751 750 
4735 750 1853 1718 1677 
4736 750 1677 1718 751 
4737 39 222 1817 1693 
4738 222 23 1364 1674 
4739 1817 1364 1117 1820 
4740 1693 1674 1820 1121 
4741 222 1817 1693 1674 
4742 222 1674 1364 1817 
4743 1817 1693 1674 1820 
4744 1817 1820 1674 1364 
4745 482 606 604 1293 
4746 606 458 605 1219 
4747 604 605 484 1844 
4748 1293 1219 1844 1118 
4749 606 604 1293 1219 
4750 606 1219 605 604 
4751 604 1293 1219 1844 
4752 604 1844 1219 605 
4753 355 403 1911 1496 
4754 403 359 1917 1918 
4755 1911 1917 1004 1912 
4756 1496 1918 1912 1118 
4757 403 1911 1496 1918 
4758 403 1918 1917 1911 
4759 1911 1496 1918 1912 
4760 1911 1912 1918 1917 
4761 491 1876 1875 1919 
4762 1876 1131 1877 1588 
4763 1875 1877 345 1920 
4764 1919 1588 1920 1154 
4765 1876 1875 1919 1588 
4766 1876 1588 1877 1875 
4767 1875 1919 1588 1920 
4768 1875 1920 1588 1877 
4769 1114 1224 1832 1720 
4770 1224 1132 1833 1780 
4771 1832 1833 472 1846 
4772 1720 1780 1846 1141 
4773 1224 1832 1720 1780 
4774 1224 1780 1833 1832 
4775 1832 1720 1780 1846 
4776 1832 1846 1780 1833 
4777 1103 1295 1334 1438 
4778 1295 1112 1609 1349 
4779 1334 1609 1131 1622 
4780 1438 1349 1622 1150 
4781 1295 1334 1438 1349 
4782 1295 1349 1609 1334 
4783 1334 1438 1349 1622 
4784 1334 1622 1349 1609 
4785 815 1921 856 854 
4786 1921 339 1922 385 
4787 856 1922 781 852 
4788 854 385 852 96 
4789 1921 856 854 385 
4790 1921 385 1922 856 
4791 856 854 385 852 
4792 856 852 385 1922 
4793 818 1884 1889 1885 
4794 1884 673 1890 1886 
4795 1889 1890 1116 1774 
4796 1885 1886 1774 1148 
4797 1884 1889 1885 1886 
4798 1884 1886 1890 1889 
4799 1889 1885 1886 1774 
4800 1889 1774 1886 1890 
4801 462 617 575 1730 
4802 617 487 614 1458 
4803 575 614 461 1901 
4804 1730 1458 1901 1134 
4805 617 575 1730 1458 
4806 617 1458 614 575 
4807 575 1730 1458 1901 
4808 575 1901 1458 614 
4809 488 557 555 1736 
4810 557 494 553 1714 
4811 555 553 135 714 
4812 1736 1714 714 662 
4813 557 555 1736 1714 
4814 557 1714 553 555 
4815 555 1736 1714 714 
4816 555 714 1714 553 
4817 239 259 1410 1411 
4818 259 56 375 377 
4819 1410 375 343 379 
4820 1411 377 379 354 
4821 259 1410 1411 377 
4822 259 377 375 1410 
4823 1410 1411 377 379 
4824 1410 379 377 375 
4825 354 1411 377 1433 
4826 1411 239 259 264 
4827 377 259 56 263 
4828 1433 264 263 229 
4829 1411 377 1433 264 
4830 1411 264 259 377 
4831 377 1433 264 263 
4832 377 263 264 259 
4833 1110 1315 1355 1673 
4834 1315 1117 1364 1820 
4835 1355 1364 23 1674 
4836 1673 1820 1674 1121 
4837 1315 1355 1673 1820 
4838 1315 1820 1364 1355 
4839 1355 1673 1820 1674 
4840 1355 1674 1820 1364 
4841 787 1898 1830 1831 
4842 1898 1140 1449 1320 
4843 1830 1449 1122 1424 
4844 1831 1320 1424 1147 
4845 1898 1830 1831 1320 
4846 1898 1320 1449 1830 
4847 1830 1831 1320 1424 
4848 1830 1424 1320 1449 
4849 777 901 1690 1805 
4850 901 804 1189 1600 
4851 1690 1189 1115 1455 
4852 1805 1600 1455 1153 
4853 901 1690 1805 1600 
4854 901 1600 1189 1690 
4855 1690 1805 1600 1455 
4856 1690 1455 1600 1189 
4857 815 856 1921 1923 
4858 856 781 1922 1905 
4859 1921 1922 339 1850 
4860 1923 1905 1850 1127 
4861 856 1921 1923 1905 
4862 856 1905 1922 1921 
4863 1921 1923 1905 1850 
4864 1921 1850 1905 1922 
4865 227 327 330 1804 
4866 327 235 331 1471 
4867 330 331 236 1453 
4868 1804 1471 1453 1153 
4869 327 330 1804 1471 
4870 327 1471 331 330 
4871 330 1804 1471 1453 
4872 330 1453 1471 331 
4873 818 1884 881 876 
4874 1884 673 1883 731 
4875 881 1883 812 880 
4876 876 731 880 161 
4877 1884 881 876 731 
4878 1884 731 1883 881 
4879 881 876 731 880 
4880 881 880 731 1883 
4881 27 1924 1925 1926 
4882 1924 793 963 962 
4883 1925 963 792 960 
4884 1926 962 960 790 
4885 1924 1925 1926 962 
4886 1924 962 963 1925 
4887 1925 1926 962 960 
4888 1925 960 962 963 
4889 676 1542 718 719 
4890 1542 488 555 1736 
4891 718 555 135 714 
4892 719 1736 714 662 
4893 1542 718 719 1736 
4894 1542 1736 555 718 
4895 718 719 1736 714 
4896 718 714 1736 555 
4897 131 547 712 549 
4898 547 492 1659 551 
4899 712 1659 675 1702 
4900 549 551 1702 456 
4901 547 712 549 551 
4902 547 551 1659 712 
4903 712 549 551 1702 
4904 712 1702 551 1659 
4905 339 386 1922 385 
4906 386 353 1927 381 
4907 1922 1927 781 852 
4908 385 381 852 96 
4909 386 1922 385 381 
4910 386 381 1927 1922 
4911 1922 385 381 852 
4912 1922 852 381 1927 
4913 1122 1424 1376 1813 
4914 1424 1147 1421 1794 
4915 1376 1421 1108 1645 
4916 1813 1794 1645 1155 
4917 1424 1376 1813 1794 
4918 1424 1794 1421 1376 
4919 1376 1813 1794 1645 
4920 1376 1645 1794 1421 
4921 675 713 1659 712 
4922 713 663 1658 708 
4923 1659 1658 492 547 
4924 712 708 547 131 
4925 713 1659 712 708 
4926 713 708 1658 1659 
4927 1659 712 708 547 
4928 1659 547 708 1658 
4929 683 1928 1929 1930 
4930 1928 1007 1047 1931 
4931 1929 1047 1003 1447 
4932 1930 1931 1447 1119 
4933 1928 1929 1930 1931 
4934 1928 1931 1047 1929 
4935 1929 1930 1931 1447 
4936 1929 1447 1931 1047 
4937 155 871 724 867 
4938 871 816 1775 872 
4939 724 1775 669 1782 
4940 867 872 1782 784 
4941 871 724 867 872 
4942 871 872 1775 724 
4943 724 867 872 1782 
4944 724 1782 872 1775 
4945 673 735 1883 731 
4946 735 665 1894 733 
4947 1883 1894 812 880 
4948 731 733 880 161 
4949 735 1883 731 733 
4950 735 733 1894 1883 
4951 1883 731 733 880 
4952 1883 880 733 1894 
4953 1003 1446 1929 1447 
4954 1446 679 739 1419 
4955 1929 739 683 1930 
4956 1447 1419 1930 1119 
4957 1446 1929 1447 1419 
4958 1446 1419 739 1929 
4959 1929 1447 1419 1930 
4960 1929 1930 1419 739 
4961 462 618 620 1400 
4962 618 464 621 1374 
4963 620 621 478 1741 
4964 1400 1374 1741 1142 
4965 618 620 1400 1374 
4966 618 1374 621 620 
4967 620 1400 1374 1741 
4968 620 1741 1374 621 
4969 1114 1756 1224 1720 
4970 1756 1139 1903 1778 
4971 1224 1903 1132 1780 
4972 1720 1778 1780 1141 
4973 1756 1224 1720 1778 
4974 1756 1778 1903 1224 
4975 1224 1720 1778 1780 
4976 1224 1780 1778 1903 
4977 339 1922 386 1850 
4978 1922 781 1927 1905 
4979 386 1927 353 1869 
4980 1850 1905 1869 1127 
4981 1922 386 1850 1905 
4982 1922 1905 1927 386 
4983 386 1850 1905 1869 
4984 386 1869 1905 1927 
4985 342 445 443 1470 
4986 445 348 444 1610 
4987 443 444 347 1583 
4988 1470 1610 1583 1131 
4989 445 443 1470 1610 
4990 445 1610 444 443 
4991 443 1470 1610 1583 
4992 443 1583 1610 444 
4993 666 1759 727 1737 
4994 1759 816 870 875 
4995 727 870 157 874 
4996 1737 875 874 780 
4997 1759 727 1737 875 
4998 1759 875 870 727 
4999 727 1737 875 874 
5000 727 874 875 870 
5001 784 1782 867 1726 
5002 1782 669 724 726 
5003 867 724 155 722 
5004 1726 726 722 664 
5005 1782 867 1726 726 
5006 1782 726 724 867 
5007 867 1726 726 722 
5008 867 722 726 724 
5009 345 1877 442 1920 
5010 1877 1131 1583 1588 
5011 442 1583 347 1586 
5012 1920 1588 1586 1154 
5013 1877 442 1920 1588 
5014 1877 1588 1583 442 
5015 442 1920 1588 1586 
5016 442 1586 1588 1583 
5017 157 725 870 727 
5018 725 669 1775 729 
5019 870 1775 816 1759 
5020 727 729 1759 666 
5021 725 870 727 729 
5022 725 729 1775 870 
5023 870 727 729 1759 
5024 870 1759 729 1775 
5025 784 940 938 1482 
5026 940 814 939 1899 
5027 938 939 798 1397 
5028 1482 1899 1397 1129 
5029 940 938 1482 1899 
5030 940 1899 939 938 
5031 938 1482 1899 1397 
5032 938 1397 1899 939 
5033 491 530 1874 535 
5034 530 118 410 534 
5035 1874 410 342 1558 
5036 535 534 1558 455 
5037 530 1874 535 534 
5038 530 534 410 1874 
5039 1874 535 534 1558 
5040 1874 1558 534 410 
5041 347 429 426 1621 
5042 429 351 389 1649 
5043 426 389 339 1851 
5044 1621 1649 1851 1150 
5045 429 426 1621 1649 
5046 429 1649 389 426 
5047 426 1621 1649 1851 
5048 426 1851 1649 389 
5049 118 410 408 530 
5050 410 342 412 1874 
5051 408 412 345 1875 
5052 530 1874 1875 491 
5053 410 408 530 1874 
5054 410 1874 412 408 
5055 408 530 1874 1875 
5056 408 1875 1874 412 
5057 662 716 746 1716 
5058 716 675 747 1717 
5059 746 747 672 1840 
5060 1716 1717 1840 1130 
5061 716 746 1716 1717 
5062 716 1717 747 746 
5063 746 1716 1717 1840 
5064 746 1840 1717 747 
5065 228 1380 1932 1565 
5066 1380 668 704 1564 
5067 1932 704 680 1933 
5068 1565 1564 1933 1123 
5069 1380 1932 1565 1564 
5070 1380 1564 704 1932 
5071 1932 1565 1564 1933 
5072 1932 1933 1564 704 
5073 37 1554 220 1347 
5074 1554 1117 1519 1492 
5075 220 1519 21 1521 
5076 1347 1492 1521 1128 
5077 1554 220 1347 1492 
5078 1554 1492 1519 220 
5079 220 1347 1492 1521 
5080 220 1521 1492 1519 
5081 345 442 431 1920 
5082 442 347 427 1586 
5083 431 427 346 1665 
5084 1920 1586 1665 1154 
5085 442 431 1920 1586 
5086 442 1586 427 431 
5087 431 1920 1586 1665 
5088 431 1665 1586 427 
5089 672 1840 1787 1934 
5090 1840 1130 1858 1653 
5091 1787 1858 1116 1774 
5092 1934 1653 1774 1148 
5093 1840 1787 1934 1653 
5094 1840 1653 1858 1787 
5095 1787 1934 1653 1774 
5096 1787 1774 1653 1858 
5097 357 399 1935 1936 
5098 399 344 1538 1541 
5099 1935 1538 1002 1540 
5100 1936 1541 1540 1125 
5101 399 1935 1936 1541 
5102 399 1541 1538 1935 
5103 1935 1936 1541 1540 
5104 1935 1540 1541 1538 
5105 777 899 901 1805 
5106 899 799 902 1620 
5107 901 902 804 1600 
5108 1805 1620 1600 1153 
5109 899 901 1805 1620 
5110 899 1620 902 901 
5111 901 1805 1620 1600 
5112 901 1600 1620 902 
5113 472 593 653 1833 
5114 593 471 644 1213 
5115 653 644 470 1593 
5116 1833 1213 1593 1132 
5117 593 653 1833 1213 
5118 593 1213 644 653 
5119 653 1833 1213 1593 
5120 653 1593 1213 644 
5121 225 1865 1838 1839 
5122 1865 813 1861 1862 
5123 1838 1861 1120 1682 
5124 1839 1862 1682 1135 
5125 1865 1838 1839 1862 
5126 1865 1862 1861 1838 
5127 1838 1839 1862 1682 
5128 1838 1682 1862 1861 
5129 995 1093 1864 1937 
5130 1093 999 1375 1800 
5131 1864 1375 1122 1796 
5132 1937 1800 1796 1149 
5133 1093 1864 1937 1800 
5134 1093 1800 1375 1864 
5135 1864 1937 1800 1796 
5136 1864 1796 1800 1375 
5137 457 1938 1897 1904 
5138 1938 340 1799 1815 
5139 1897 1799 1152 1907 
5140 1904 1815 1907 1154 
5141 1938 1897 1904 1815 
5142 1938 1815 1799 1897 
5143 1897 1904 1815 1907 
5144 1897 1907 1815 1799 
5145 797 1767 981 1761 
5146 1767 1121 1939 1768 
5147 981 1939 811 1790 
5148 1761 1768 1790 1137 
5149 1767 981 1761 1768 
5150 1767 1768 1939 981 
5151 981 1761 1768 1790 
5152 981 1790 1768 1939 
5153 1132 1903 1394 1780 
5154 1903 1139 1326 1778 
5155 1394 1326 1104 1678 
5156 1780 1778 1678 1141 
5157 1903 1394 1780 1778 
5158 1903 1778 1326 1394 
5159 1394 1780 1778 1678 
5160 1394 1678 1778 1326 
5161 357 1935 1940 1936 
5162 1935 1002 1024 1540 
5163 1940 1024 1006 1941 
5164 1936 1540 1941 1125 
5165 1935 1940 1936 1540 
5166 1935 1540 1024 1940 
5167 1940 1936 1540 1941 
5168 1940 1941 1540 1024 
5169 472 1833 609 1846 
5170 1833 1132 1779 1780 
5171 609 1779 474 1668 
5172 1846 1780 1668 1141 
5173 1833 609 1846 1780 
5174 1833 1780 1779 609 
5175 609 1846 1780 1668 
5176 609 1668 1780 1779 
5177 349 1463 414 1468 
5178 1463 493 536 1466 
5179 414 536 122 1942 
5180 1468 1466 1942 1145 
5181 1463 414 1468 1466 
5182 1463 1466 536 414 
5183 414 1468 1466 1942 
5184 414 1942 1466 536 
5185 663 709 710 1718 
5186 709 129 705 1943 
5187 710 705 677 1852 
5188 1718 1943 1852 1141 
5189 709 710 1718 1943 
5190 709 1943 705 710 
5191 710 1718 1943 1852 
5192 710 1852 1943 705 
5193 680 1944 1932 1933 
5194 1944 242 288 1945 
5195 1932 288 228 1565 
5196 1933 1945 1565 1123 
5197 1944 1932 1933 1945 
5198 1944 1945 288 1932 
5199 1932 1933 1945 1565 
5200 1932 1565 1945 288 
5201 810 888 886 1855 
5202 888 782 884 1809 
5203 886 884 175 1946 
5204 1855 1809 1946 1149 
5205 888 886 1855 1809 
5206 888 1809 884 886 
5207 886 1855 1809 1946 
5208 886 1946 1809 884 
5209 341 418 416 1909 
5210 418 349 414 1468 
5211 416 414 122 1942 
5212 1909 1468 1942 1145 
5213 418 416 1909 1468 
5214 418 1468 414 416 
5215 416 1909 1468 1942 
5216 416 1942 1468 414 
5217 454 522 583 1307 
5218 522 481 584 1509 
5219 583 584 480 1827 
5220 1307 1509 1827 1133 
5221 522 583 1307 1509 
5222 522 1509 584 583 
5223 583 1307 1509 1827 
5224 583 1827 1509 584 
5225 457 1897 1896 1904 
5226 1897 1152 1710 1907 
5227 1896 1710 1109 1240 
5228 1904 1907 1240 1154 
5229 1897 1896 1904 1907 
5230 1897 1907 1710 1896 
5231 1896 1904 1907 1240 
5232 1896 1240 1907 1710 
5233 812 1785 1894 1764 
5234 1785 1119 1947 1777 
5235 1894 1947 665 1895 
5236 1764 1777 1895 1148 
5237 1785 1894 1764 1777 
5238 1785 1777 1947 1894 
5239 1894 1764 1777 1895 
5240 1894 1895 1777 1947 
5241 786 941 945 1791 
5242 941 811 946 1790 
5243 945 946 802 1823 
5244 1791 1790 1823 1137 
5245 941 945 1791 1790 
5246 941 1790 946 945 
5247 945 1791 1790 1823 
5248 945 1823 1790 946 
5249 1120 1725 1366 1682 
5250 1725 1127 1721 1724 
5251 1366 1721 1109 1681 
5252 1682 1724 1681 1135 
5253 1725 1366 1682 1724 
5254 1725 1724 1721 1366 
5255 1366 1682 1724 1681 
5256 1366 1681 1724 1721 
5257 669 729 766 1776 
5258 729 666 767 1739 
5259 766 767 671 1755 
5260 1776 1739 1755 1139 
5261 729 766 1776 1739 
5262 729 1739 767 766 
5263 766 1776 1739 1755 
5264 766 1755 1739 767 
5265 469 638 1183 1948 
5266 638 468 1694 1696 
5267 1183 1694 1136 1697 
5268 1948 1696 1697 1151 
5269 638 1183 1948 1696 
5270 638 1696 1694 1183 
5271 1183 1948 1696 1697 
5272 1183 1697 1696 1694 
5273 360 438 439 1391 
5274 438 350 437 1481 
5275 439 437 341 1909 
5276 1391 1481 1909 1145 
5277 438 439 1391 1481 
5278 438 1481 437 439 
5279 439 1391 1481 1909 
5280 439 1909 1481 437 
5281 231 322 323 1589 
5282 322 226 324 1914 
5283 323 324 246 1590 
5284 1589 1914 1590 1156 
5285 322 323 1589 1914 
5286 322 1914 324 323 
5287 323 1589 1914 1590 
5288 323 1590 1914 324 
5289 682 1949 1950 1951 
5290 1949 240 284 1381 
5291 1950 284 244 1952 
5292 1951 1381 1952 1129 
5293 1949 1950 1951 1381 
5294 1949 1381 284 1950 
5295 1950 1951 1381 1952 
5296 1950 1952 1381 284 
5297 492 546 1658 1719 
5298 546 129 709 1943 
5299 1658 709 663 1718 
5300 1719 1943 1718 1141 
5301 546 1658 1719 1943 
5302 546 1943 709 1658 
5303 1658 1719 1943 1718 
5304 1658 1718 1943 709 
5305 806 928 931 1608 
5306 928 782 888 1809 
5307 931 888 810 1855 
5308 1608 1809 1855 1149 
5309 928 931 1608 1809 
5310 928 1809 888 931 
5311 931 1608 1809 1855 
5312 931 1855 1809 888 
5313 480 582 583 1828 
5314 582 475 581 1751 
5315 583 581 454 1493 
5316 1828 1751 1493 1151 
5317 582 583 1828 1751 
5318 582 1751 581 583 
5319 583 1828 1751 1493 
5320 583 1493 1751 581 
5321 682 700 1949 1951 
5322 700 678 1402 1403 
5323 1949 1402 240 1381 
5324 1951 1403 1381 1129 
5325 700 1949 1951 1403 
5326 700 1403 1402 1949 
5327 1949 1951 1403 1381 
5328 1949 1381 1403 1402 
5329 482 604 635 1388 
5330 604 484 661 1845 
5331 635 661 483 1685 
5332 1388 1845 1685 1145 
5333 604 635 1388 1845 
5334 604 1845 661 635 
5335 635 1388 1845 1685 
5336 635 1685 1845 661 
5337 490 611 612 1523 
5338 611 459 608 1915 
5339 612 608 474 1667 
5340 1523 1915 1667 1123 
5341 611 612 1523 1915 
5342 611 1915 608 612 
5343 612 1523 1915 1667 
5344 612 1667 1915 608 
5345 356 1953 376 1954 
5346 1953 239 1410 1552 
5347 376 1410 343 1551 
5348 1954 1552 1551 1135 
5349 1953 376 1954 1552 
5350 1953 1552 1410 376 
5351 376 1954 1552 1551 
5352 376 1551 1552 1410 
5353 464 619 623 1374 
5354 619 463 624 1444 
5355 623 624 465 1263 
5356 1374 1444 1263 1142 
5357 619 623 1374 1444 
5358 619 1444 624 623 
5359 623 1374 1444 1263 
5360 623 1263 1444 624 
5361 35 219 217 1184 
5362 219 21 20 1521 
5363 217 20 19 1460 
5364 1184 1521 1460 1128 
5365 219 217 1184 1521 
5366 219 1521 20 217 
5367 217 1184 1521 1460 
5368 217 1460 1521 20 
5369 35 36 219 1184 
5370 36 37 220 1347 
5371 219 220 21 1521 
5372 1184 1347 1521 1128 
5373 36 219 1184 1347 
5374 36 1347 220 219 
5375 219 1184 1347 1521 
5376 219 1521 1347 220 
5377 796 977 1814 1450 
5378 977 794 1955 1158 
5379 1814 1955 3 1353 
5380 1450 1158 1353 1110 
5381 977 1814 1450 1158 
5382 977 1158 1955 1814 
5383 1814 1450 1158 1353 
5384 1814 1353 1158 1955 
5385 672 1787 770 1934 
5386 1787 1116 1890 1774 
5387 770 1890 673 1886 
5388 1934 1774 1886 1148 
5389 1787 770 1934 1774 
5390 1787 1774 1890 770 
5391 770 1934 1774 1886 
5392 770 1886 1774 1890 
5393 683 736 1957 1930 
5394 736 665 1956 1947 
5395 1957 1956 821 1958 
5396 1930 1947 1958 1119 
5397 736 1957 1930 1947 
5398 736 1947 1956 1957 
5399 1957 1930 1947 1958 
5400 1957 1958 1947 1956 
5401 493 541 536 1466 
5402 541 484 540 1845 
5403 536 540 122 1942 
5404 1466 1845 1942 1145 
5405 541 536 1466 1845 
5406 541 1845 540 536 
5407 536 1466 1845 1942 
5408 536 1942 1845 540 
5409 341 416 1959 1909 
5410 416 122 540 1942 
5411 1959 540 484 1845 
5412 1909 1942 1845 1145 
5413 416 1959 1909 1942 
5414 416 1942 540 1959 
5415 1959 1909 1942 1845 
5416 1959 1845 1942 540 
5417 995 1863 1056 1937 
5418 1863 810 886 1855 
5419 1056 886 175 1946 
5420 1937 1855 1946 1149 
5421 1863 1056 1937 1855 
5422 1863 1855 886 1056 
5423 1056 1937 1855 1946 
5424 1056 1946 1855 886 
5425 359 419 1961 1918 
5426 419 341 1960 1908 
5427 1961 1960 496 1962 
5428 1918 1908 1962 1118 
5429 419 1961 1918 1908 
5430 419 1908 1960 1961 
5431 1961 1918 1908 1962 
5432 1961 1962 1908 1960 
5433 1007 1963 1067 1931 
5434 1963 821 1964 1958 
5435 1067 1964 989 1266 
5436 1931 1958 1266 1119 
5437 1963 1067 1931 1958 
5438 1963 1958 1964 1067 
5439 1067 1931 1958 1266 
5440 1067 1266 1958 1964 
5441 779 857 1573 1712 
5442 857 98 388 1965 
5443 1573 388 351 1649 
5444 1712 1965 1649 1150 
5445 857 1573 1712 1965 
5446 857 1965 388 1573 
5447 1573 1712 1965 1649 
5448 1573 1649 1965 388 
5449 357 1966 396 1936 
5450 1966 820 1967 1968 
5451 396 1967 352 1797 
5452 1936 1968 1797 1125 
5453 1966 396 1936 1968 
5454 1966 1968 1967 396 
5455 396 1936 1968 1797 
5456 396 1797 1968 1967 
5457 1004 1969 1031 1912 
5458 1969 496 1970 1962 
5459 1031 1970 1001 1283 
5460 1912 1962 1283 1118 
5461 1969 1031 1912 1962 
5462 1969 1962 1970 1031 
5463 1031 1912 1962 1283 
5464 1031 1283 1962 1970 
5465 243 261 1971 1972 
5466 261 239 1953 1552 
5467 1971 1953 356 1954 
5468 1972 1552 1954 1135 
5469 261 1971 1972 1552 
5470 261 1552 1953 1971 
5471 1971 1972 1552 1954 
5472 1971 1954 1552 1953 
5473 4 51 204 1973 
5474 51 8 203 1975 
5475 204 203 201 1974 
5476 1973 1975 1974 795 
5477 51 204 1973 1975 
5478 51 1975 203 204 
5479 204 1973 1975 1974 
5480 204 1974 1975 203 
5481 469 647 638 1948 
5482 647 475 646 1751 
5483 638 646 468 1696 
5484 1948 1751 1696 1151 
5485 647 638 1948 1751 
5486 647 1751 646 638 
5487 638 1948 1751 1696 
5488 638 1696 1751 646 
5489 23 24 1363 1355 
5490 24 3 1955 1353 
5491 1363 1955 794 1158 
5492 1355 1353 1158 1110 
5493 24 1363 1355 1353 
5494 24 1353 1955 1363 
5495 1363 1355 1353 1158 
5496 1363 1158 1353 1955 
5497 779 859 857 1712 
5498 859 815 855 1976 
5499 857 855 98 1965 
5500 1712 1976 1965 1150 
5501 859 857 1712 1976 
5502 859 1976 855 857 
5503 857 1712 1976 1965 
5504 857 1965 1976 855 
5505 988 1052 1977 1978 
5506 1052 175 884 1946 
5507 1977 884 782 1809 
5508 1978 1946 1809 1149 
5509 1052 1977 1978 1946 
5510 1052 1946 884 1977 
5511 1977 1978 1946 1809 
5512 1977 1809 1946 884 
5513 466 632 639 1299 
5514 632 485 640 1341 
5515 639 640 469 1183 
5516 1299 1341 1183 1136 
5517 632 639 1299 1341 
5518 632 1341 640 639 
5519 639 1299 1341 1183 
5520 639 1183 1341 640 
5521 677 705 1979 1852 
5522 705 129 544 1943 
5523 1979 544 459 1916 
5524 1852 1943 1916 1141 
5525 705 1979 1852 1943 
5526 705 1943 544 1979 
5527 1979 1852 1943 1916 
5528 1979 1916 1943 544 
5529 810 1863 1854 1855 
5530 1863 995 1864 1937 
5531 1854 1864 1122 1796 
5532 1855 1937 1796 1149 
5533 1863 1854 1855 1937 
5534 1863 1937 1864 1854 
5535 1854 1855 1937 1796 
5536 1854 1796 1937 1864 
5537 347 442 443 1583 
5538 442 345 412 1877 
5539 443 412 342 1470 
5540 1583 1877 1470 1131 
5541 442 443 1583 1877 
5542 442 1877 412 443 
5543 443 1583 1877 1470 
5544 443 1470 1877 412 
5545 1008 1081 1639 1626 
5546 1081 988 1980 1978 
5547 1639 1980 1125 1502 
5548 1626 1978 1502 1149 
5549 1081 1639 1626 1978 
5550 1081 1978 1980 1639 
5551 1639 1626 1978 1502 
5552 1639 1502 1978 1980 
5553 988 1981 1054 1980 
5554 1981 820 1982 1968 
5555 1054 1982 1006 1941 
5556 1980 1968 1941 1125 
5557 1981 1054 1980 1968 
5558 1981 1968 1982 1054 
5559 1054 1980 1968 1941 
5560 1054 1941 1968 1982 
5561 672 745 1840 1934 
5562 745 674 1652 1598 
5563 1840 1652 1130 1653 
5564 1934 1598 1653 1148 
5565 745 1840 1934 1598 
5566 745 1598 1652 1840 
5567 1840 1934 1598 1653 
5568 1840 1653 1598 1652 
5569 995 1093 1060 1864 
5570 1093 999 1092 1375 
5571 1060 1092 990 1810 
5572 1864 1375 1810 1122 
5573 1093 1060 1864 1375 
5574 1093 1375 1092 1060 
5575 1060 1864 1375 1810 
5576 1060 1810 1375 1092 
5577 682 1983 723 1951 
5578 1983 822 1984 1985 
5579 723 1984 664 1686 
5580 1951 1985 1686 1129 
5581 1983 723 1951 1985 
5582 1983 1985 1984 723 
5583 723 1951 1985 1686 
5584 723 1686 1985 1984 
5585 1101 1631 1616 1801 
5586 1631 1117 1315 1820 
5587 1616 1315 1110 1673 
5588 1801 1820 1673 1121 
5589 1631 1616 1801 1820 
5590 1631 1820 1315 1616 
5591 1616 1801 1820 1673 
5592 1616 1673 1820 1315 
5593 356 383 1987 1954 
5594 383 353 1986 1870 
5595 1987 1986 819 1988 
5596 1954 1870 1988 1135 
5597 383 1987 1954 1870 
5598 383 1870 1986 1987 
5599 1987 1954 1870 1988 
5600 1987 1988 1870 1986 
5601 683 1957 1928 1930 
5602 1957 821 1963 1958 
5603 1928 1963 1007 1931 
5604 1930 1958 1931 1119 
5605 1957 1928 1930 1958 
5606 1957 1958 1963 1928 
5607 1928 1930 1958 1931 
5608 1928 1931 1958 1963 
5609 487 622 657 1458 
5610 622 478 656 1331 
5611 657 656 473 1229 
5612 1458 1331 1229 1134 
5613 622 657 1458 1331 
5614 622 1331 656 657 
5615 657 1458 1331 1229 
5616 657 1229 1331 656 
5617 492 548 546 1719 
5618 548 459 544 1916 
5619 546 544 129 1943 
5620 1719 1916 1943 1141 
5621 548 546 1719 1916 
5622 548 1916 544 546 
5623 546 1719 1916 1943 
5624 546 1943 1916 544 
5625 226 1989 304 1913 
5626 1989 822 1990 1985 
5627 304 1990 244 1952 
5628 1913 1985 1952 1129 
5629 1989 304 1913 1985 
5630 1989 1985 1990 304 
5631 304 1913 1985 1952 
5632 304 1952 1985 1990 
5633 685 763 1578 1597 
5634 763 665 1947 1895 
5635 1578 1947 1119 1777 
5636 1597 1895 1777 1148 
5637 763 1578 1597 1895 
5638 763 1895 1947 1578 
5639 1578 1597 1895 1777 
5640 1578 1777 1895 1947 
5641 242 1991 281 1945 
5642 1991 498 1992 1993 
5643 281 1992 237 1513 
5644 1945 1993 1513 1123 
5645 1991 281 1945 1993 
5646 1991 1993 1992 281 
5647 281 1945 1993 1513 
5648 281 1513 1993 1992 
5649 680 707 1995 1933 
5650 707 677 1994 1784 
5651 1995 1994 498 1993 
5652 1933 1784 1993 1123 
5653 707 1995 1933 1784 
5654 707 1784 1994 1995 
5655 1995 1933 1784 1993 
5656 1995 1993 1784 1994 
5657 349 436 446 1468 
5658 436 350 422 1481 
5659 446 422 348 1613 
5660 1468 1481 1613 1145 
5661 436 446 1468 1481 
5662 436 1481 422 446 
5663 446 1468 1481 1613 
5664 446 1613 1481 422 
5665 470 654 653 1593 
5666 654 474 609 1779 
5667 653 609 472 1833 
5668 1593 1779 1833 1132 
5669 654 653 1593 1779 
5670 654 1779 609 653 
5671 653 1593 1779 1833 
5672 653 1833 1779 609 
5673 232 1867 1871 1902 
5674 1867 1120 1872 1783 
5675 1871 1872 803 1887 
5676 1902 1783 1887 1153 
5677 1867 1871 1902 1783 
5678 1867 1783 1872 1871 
5679 1871 1902 1783 1887 
5680 1871 1887 1783 1872 
5681 359 1961 1917 1918 
5682 1961 496 1969 1962 
5683 1917 1969 1004 1912 
5684 1918 1962 1912 1118 
5685 1961 1917 1918 1962 
5686 1961 1962 1969 1917 
5687 1917 1918 1962 1912 
5688 1917 1912 1962 1969 
5689 811 1939 946 1790 
5690 1939 1121 1819 1768 
5691 946 1819 802 1823 
5692 1790 1768 1823 1137 
5693 1939 946 1790 1768 
5694 1939 1768 1819 946 
5695 946 1790 1768 1823 
5696 946 1823 1768 1819 
5697 496 561 1970 1962 
5698 561 458 1282 1219 
5699 1970 1282 1001 1283 
5700 1962 1219 1283 1118 
5701 561 1970 1962 1219 
5702 561 1219 1282 1970 
5703 1970 1962 1219 1283 
5704 1970 1283 1219 1282 
5705 339 1921 1850 1851 
5706 1921 815 1923 1976 
5707 1850 1923 1127 1486 
5708 1851 1976 1486 1150 
5709 1921 1850 1851 1976 
5710 1921 1976 1923 1850 
5711 1850 1851 1976 1486 
5712 1850 1486 1976 1923 
5713 989 1964 1265 1266 
5714 1964 821 898 1958 
5715 1265 898 783 1196 
5716 1266 1958 1196 1119 
5717 1964 1265 1266 1958 
5718 1964 1958 898 1265 
5719 1265 1266 1958 1196 
5720 1265 1196 1958 898 
5721 243 1996 291 1972 
5722 1996 819 1997 1988 
5723 291 1997 225 1839 
5724 1972 1988 1839 1135 
5725 1996 291 1972 1988 
5726 1996 1988 1997 291 
5727 291 1972 1988 1839 
5728 291 1839 1988 1997 
5729 778 1859 1868 1873 
5730 1859 1122 1810 1813 
5731 1868 1810 990 1811 
5732 1873 1813 1811 1155 
5733 1859 1868 1873 1813 
5734 1859 1813 1810 1868 
5735 1868 1873 1813 1811 
5736 1868 1811 1813 1810 
5737 1119 1200 1236 1777 
5738 1200 1137 1237 1735 
5739 1236 1237 1107 1599 
5740 1777 1735 1599 1148 
5741 1200 1236 1777 1735 
5742 1200 1735 1237 1236 
5743 1236 1777 1735 1599 
5744 1236 1599 1735 1237 
5745 484 1844 1959 1845 
5746 1844 1118 1908 1389 
5747 1959 1908 341 1909 
5748 1845 1389 1909 1145 
5749 1844 1959 1845 1389 
5750 1844 1389 1908 1959 
5751 1959 1845 1389 1909 
5752 1959 1909 1389 1908 
5753 345 409 407 1920 
5754 409 340 405 1815 
5755 407 405 116 1998 
5756 1920 1815 1998 1154 
5757 409 407 1920 1815 
5758 409 1815 405 407 
5759 407 1920 1815 1998 
5760 407 1998 1815 405 
5761 799 970 971 1619 
5762 970 793 963 1436 
5763 971 963 792 1209 
5764 1619 1436 1209 1138 
5765 970 971 1619 1436 
5766 970 1436 963 971 
5767 971 1619 1436 1209 
5768 971 1209 1436 963 
5769 782 1808 1977 1809 
5770 1808 1125 1980 1502 
5771 1977 1980 988 1978 
5772 1809 1502 1978 1149 
5773 1808 1977 1809 1502 
5774 1808 1502 1980 1977 
5775 1977 1809 1502 1978 
5776 1977 1978 1502 1980 
5777 225 294 315 1838 
5778 294 232 316 1867 
5779 315 316 233 1365 
5780 1838 1867 1365 1120 
5781 294 315 1838 1867 
5782 294 1867 316 315 
5783 315 1838 1867 1365 
5784 315 1365 1867 316 
5785 7 1999 1880 1634 
5786 1999 797 1765 1767 
5787 1880 1765 1116 1766 
5788 1634 1767 1766 1121 
5789 1999 1880 1634 1767 
5790 1999 1767 1765 1880 
5791 1880 1634 1767 1766 
5792 1880 1766 1767 1765 
5793 352 1797 2000 1798 
5794 1797 1125 1841 1373 
5795 2000 1841 808 1842 
5796 1798 1373 1842 1143 
5797 1797 2000 1798 1373 
5798 1797 1373 1841 2000 
5799 2000 1798 1373 1842 
5800 2000 1842 1373 1841 
5801 812 882 1894 1785 
5802 882 821 1956 1958 
5803 1894 1956 665 1947 
5804 1785 1958 1947 1119 
5805 882 1894 1785 1958 
5806 882 1958 1956 1894 
5807 1894 1785 1958 1947 
5808 1894 1947 1958 1956 
5809 988 1977 1981 1980 
5810 1977 782 885 1808 
5811 1981 885 820 1968 
5812 1980 1808 1968 1125 
5813 1977 1981 1980 1808 
5814 1977 1808 885 1981 
5815 1981 1980 1808 1968 
5816 1981 1968 1808 885 
5817 150 1016 1042 2001 
5818 1016 1005 1044 2002 
5819 1042 1044 1000 1577 
5820 2001 2002 1577 1144 
5821 1016 1042 2001 2002 
5822 1016 2002 1044 1042 
5823 1042 2001 2002 1577 
5824 1042 1577 2002 1044 
5825 988 1057 1052 1978 
5826 1057 995 1056 1937 
5827 1052 1056 175 1946 
5828 1978 1937 1946 1149 
5829 1057 1052 1978 1937 
5830 1057 1937 1056 1052 
5831 1052 1978 1937 1946 
5832 1052 1946 1937 1056 
5833 485 585 586 1340 
5834 585 455 587 1559 
5835 586 587 477 1405 
5836 1340 1559 1405 1131 
5837 585 586 1340 1559 
5838 585 1559 587 586 
5839 586 1340 1559 1405 
5840 586 1405 1559 587 
5841 808 2000 866 1841 
5842 2000 352 1967 1797 
5843 866 1967 820 1968 
5844 1841 1797 1968 1125 
5845 2000 866 1841 1797 
5846 2000 1797 1967 866 
5847 866 1841 1797 1968 
5848 866 1968 1797 1967 
5849 788 943 944 1536 
5850 943 786 945 1792 
5851 944 945 802 1824 
5852 1536 1792 1824 1147 
5853 943 944 1536 1792 
5854 943 1792 945 944 
5855 944 1536 1792 1824 
5856 944 1824 1792 945 
5857 71 278 254 502 
5858 278 237 281 1992 
5859 254 281 242 1991 
5860 502 1992 1991 498 
5861 278 254 502 1992 
5862 278 1992 281 254 
5863 254 502 1992 1991 
5864 254 1991 1992 281 
5865 353 1869 1927 1870 
5866 1869 1127 1905 1724 
5867 1927 1905 781 1906 
5868 1870 1724 1906 1135 
5869 1869 1927 1870 1724 
5870 1869 1724 1905 1927 
5871 1927 1870 1724 1906 
5872 1927 1906 1724 1905 
5873 85 293 838 2003 
5874 293 232 1871 1902 
5875 838 1871 803 1887 
5876 2003 1902 1887 1153 
5877 293 838 2003 1902 
5878 293 1902 1871 838 
5879 838 2003 1902 1887 
5880 838 1887 1902 1871 
5881 484 542 1959 1844 
5882 542 496 1960 1962 
5883 1959 1960 341 1908 
5884 1844 1962 1908 1118 
5885 542 1959 1844 1962 
5886 542 1962 1960 1959 
5887 1959 1844 1962 1908 
5888 1959 1908 1962 1960 
5889 677 1979 1784 1852 
5890 1979 459 1915 1916 
5891 1784 1915 1123 1669 
5892 1852 1916 1669 1141 
5893 1979 1784 1852 1916 
5894 1979 1916 1915 1784 
5895 1784 1852 1916 1669 
5896 1784 1669 1916 1915 
5897 496 1969 1970 507 
5898 1969 1004 1031 1015 
5899 1970 1031 1001 1029 
5900 507 1015 1029 140 
5901 1969 1970 507 1015 
5902 1969 1015 1031 1970 
5903 1970 507 1015 1029 
5904 1970 1029 1015 1031 
5905 491 588 1876 1919 
5906 588 477 1405 1343 
5907 1876 1405 1131 1588 
5908 1919 1343 1588 1154 
5909 588 1876 1919 1343 
5910 588 1343 1405 1876 
5911 1876 1919 1343 1588 
5912 1876 1588 1343 1405 
5913 111 1026 400 1013 
5914 1026 992 1881 1028 
5915 400 1881 355 1911 
5916 1013 1028 1911 1004 
5917 1026 400 1013 1028 
5918 1026 1028 1881 400 
5919 400 1013 1028 1911 
5920 400 1911 1028 1881 
5921 241 268 249 2004 
5922 268 238 267 1708 
5923 249 267 61 2005 
5924 2004 1708 2005 1152 
5925 268 249 2004 1708 
5926 268 1708 267 249 
5927 249 2004 1708 2005 
5928 249 2005 1708 267 
5929 352 394 395 1798 
5930 394 102 390 2006 
5931 395 390 338 1478 
5932 1798 2006 1478 1143 
5933 394 395 1798 2006 
5934 394 2006 390 395 
5935 395 1798 2006 1478 
5936 395 1478 2006 390 
5937 150 510 1016 2001 
5938 510 497 2007 2008 
5939 1016 2007 1005 2002 
5940 2001 2008 2002 1144 
5941 510 1016 2001 2008 
5942 510 2008 2007 1016 
5943 1016 2001 2008 2002 
5944 1016 2002 2008 2007 
5945 91 827 258 302 
5946 827 822 1990 1989 
5947 258 1990 244 304 
5948 302 1989 304 226 
5949 827 258 302 1989 
5950 827 1989 1990 258 
5951 258 302 1989 304 
5952 258 304 1989 1990 
5953 228 1380 286 1932 
5954 1380 668 701 704 
5955 286 701 78 687 
5956 1932 704 687 680 
5957 1380 286 1932 704 
5958 1380 704 701 286 
5959 286 1932 704 687 
5960 286 687 704 701 
5961 991 2009 1048 1416 
5962 2009 681 694 743 
5963 1048 694 170 741 
5964 1416 743 741 667 
5965 2009 1048 1416 743 
5966 2009 743 694 1048 
5967 1048 1416 743 741 
5968 1048 741 743 694 
5969 243 1996 252 291 
5970 1996 819 823 1997 
5971 252 823 81 289 
5972 291 1997 289 225 
5973 1996 252 291 1997 
5974 1996 1997 823 252 
5975 252 291 1997 289 
5976 252 289 1997 823 
5977 173 1012 1053 831 
5978 1012 1006 1054 1982 
5979 1053 1054 988 1981 
5980 831 1982 1981 820 
5981 1012 1053 831 1982 
5982 1012 1982 1054 1053 
5983 1053 831 1982 1981 
5984 1053 1981 1982 1054 
5985 457 527 1938 1904 
5986 527 116 405 1998 
5987 1938 405 340 1815 
5988 1904 1998 1815 1154 
5989 527 1938 1904 1998 
5990 527 1998 405 1938 
5991 1938 1904 1998 1815 
5992 1938 1815 1998 405 
5993 37 38 221 1554 
5994 38 39 222 1817 
5995 221 222 23 1364 
5996 1554 1817 1364 1117 
5997 38 221 1554 1817 
5998 38 1817 222 221 
5999 221 1554 1817 1364 
6000 221 1364 1817 222 
6001 1111 1627 1367 1454 
6002 1627 1138 1628 1601 
6003 1367 1628 1120 1783 
6004 1454 1601 1783 1153 
6005 1627 1367 1454 1601 
6006 1627 1601 1628 1367 
6007 1367 1454 1601 1783 
6008 1367 1783 1601 1628 
6009 497 510 574 2008 
6010 510 150 571 2001 
6011 574 571 460 1637 
6012 2008 2001 1637 1144 
6013 510 574 2008 2001 
6014 510 2001 571 574 
6015 574 2008 2001 1637 
6016 574 1637 2001 571 
6017 183 1064 1021 834 
6018 1064 989 1067 1964 
6019 1021 1067 1007 1963 
6020 834 1964 1963 821 
6021 1064 1021 834 1964 
6022 1064 1964 1067 1021 
6023 1021 834 1964 1963 
6024 1021 1963 1964 1067 
6025 150 1042 571 2001 
6026 1042 1000 1772 1577 
6027 571 1772 460 1637 
6028 2001 1577 1637 1144 
6029 1042 571 2001 1577 
6030 1042 1577 1772 571 
6031 571 2001 1577 1637 
6032 571 1637 1577 1772 
6033 344 450 451 1541 
6034 450 352 452 1797 
6035 451 452 360 1369 
6036 1541 1797 1369 1125 
6037 450 451 1541 1797 
6038 450 1797 452 451 
6039 451 1541 1797 1369 
6040 451 1369 1797 452 
6041 995 1078 1093 1937 
6042 1078 996 1073 1624 
6043 1093 1073 999 1800 
6044 1937 1624 1800 1149 
6045 1078 1093 1937 1624 
6046 1078 1624 1073 1093 
6047 1093 1937 1624 1800 
6048 1093 1800 1624 1073 
6049 674 745 760 1598 
6050 745 672 770 1934 
6051 760 770 673 1886 
6052 1598 1934 1886 1148 
6053 745 760 1598 1934 
6054 745 1934 770 760 
6055 760 1598 1934 1886 
6056 760 1886 1934 770 
6057 677 752 710 1852 
6058 752 670 751 1677 
6059 710 751 663 1718 
6060 1852 1677 1718 1141 
6061 752 710 1852 1677 
6062 752 1677 751 710 
6063 710 1852 1677 1718 
6064 710 1718 1677 751 
6065 359 372 403 1917 
6066 372 111 400 1013 
6067 403 400 355 1911 
6068 1917 1013 1911 1004 
6069 372 403 1917 1013 
6070 372 1013 400 403 
6071 403 1917 1013 1911 
6072 403 1911 1013 400 
6073 681 743 2009 2010 
6074 743 667 1416 1487 
6075 2009 1416 991 1488 
6076 2010 1487 1488 1144 
6077 743 2009 2010 1487 
6078 743 1487 1416 2009 
6079 2009 2010 1487 1488 
6080 2009 1488 1487 1416 
6081 673 770 732 1890 
6082 770 672 769 1787 
6083 732 769 666 1738 
6084 1890 1787 1738 1116 
6085 770 732 1890 1787 
6086 770 1787 769 732 
6087 732 1890 1787 1738 
6088 732 1738 1787 769 
6089 352 2000 394 1798 
6090 2000 808 863 1842 
6091 394 863 102 2006 
6092 1798 1842 2006 1143 
6093 2000 394 1798 1842 
6094 2000 1842 863 394 
6095 394 1798 1842 2006 
6096 394 2006 1842 863 
6097 355 441 440 1496 
6098 441 360 439 1472 
6099 440 439 341 1908 
6100 1496 1472 1908 1118 
6101 441 440 1496 1472 
6102 441 1472 439 440 
6103 440 1496 1472 1908 
6104 440 1908 1472 439 
6105 822 1989 850 1985 
6106 1989 226 2011 1913 
6107 850 2011 814 1899 
6108 1985 1913 1899 1129 
6109 1989 850 1985 1913 
6110 1989 1913 2011 850 
6111 850 1985 1913 1899 
6112 850 1899 1913 2011 
6113 477 587 588 1405 
6114 587 455 535 1559 
6115 588 535 491 1876 
6116 1405 1559 1876 1131 
6117 587 588 1405 1559 
6118 587 1559 535 588 
6119 588 1405 1559 1876 
6120 588 1876 1559 535 
6121 803 840 984 1872 
6122 840 813 927 1861 
6123 984 927 800 1789 
6124 1872 1861 1789 1120 
6125 840 984 1872 1861 
6126 840 1861 927 984 
6127 984 1872 1861 1789 
6128 984 1789 1861 927 
6129 241 249 2012 2004 
6130 249 61 500 2005 
6131 2012 500 495 2013 
6132 2004 2005 2013 1152 
6133 249 2012 2004 2005 
6134 249 2005 500 2012 
6135 2012 2004 2005 2013 
6136 2012 2013 2005 500 
6137 681 2009 694 2014 
6138 2009 991 1048 1051 
6139 694 1048 170 1018 
6140 2014 1051 1018 1005 
6141 2009 694 2014 1051 
6142 2009 1051 1048 694 
6143 694 2014 1051 1018 
6144 694 1018 1051 1048 
6145 242 288 255 1944 
6146 288 228 286 1932 
6147 255 286 78 687 
6148 1944 1932 687 680 
6149 288 255 1944 1932 
6150 288 1932 286 255 
6151 255 1944 1932 687 
6152 255 687 1932 286 
6153 802 946 980 1819 
6154 946 811 981 1939 
6155 980 981 797 1767 
6156 1819 1939 1767 1121 
6157 946 980 1819 1939 
6158 946 1939 981 980 
6159 980 1819 1939 1767 
6160 980 1767 1939 981 
6161 490 1522 526 1523 
6162 1522 237 1992 1513 
6163 526 1992 498 1993 
6164 1523 1513 1993 1123 
6165 1522 526 1523 1513 
6166 1522 1513 1992 526 
6167 526 1523 1513 1993 
6168 526 1993 1513 1992 
6169 1006 1982 1940 1941 
6170 1982 820 1966 1968 
6171 1940 1966 357 1936 
6172 1941 1968 1936 1125 
6173 1982 1940 1941 1968 
6174 1982 1968 1966 1940 
6175 1940 1941 1968 1936 
6176 1940 1936 1968 1966 
6177 61 511 500 2005 
6178 511 489 513 1709 
6179 500 513 495 2013 
6180 2005 1709 2013 1152 
6181 511 500 2005 1709 
6182 511 1709 513 500 
6183 500 2005 1709 2013 
6184 500 2013 1709 513 
6185 7 1999 1879 1880 
6186 1999 797 919 1765 
6187 1879 919 780 1603 
6188 1880 1765 1603 1116 
6189 1999 1879 1880 1765 
6190 1999 1765 919 1879 
6191 1879 1880 1765 1603 
6192 1879 1603 1765 919 
6193 61 267 511 2005 
6194 267 238 1311 1708 
6195 511 1311 489 1709 
6196 2005 1708 1709 1152 
6197 267 511 2005 1708 
6198 267 1708 1311 511 
6199 511 2005 1708 1709 
6200 511 1709 1708 1311 
6201 465 634 633 1274 
6202 634 483 589 1684 
6203 633 589 485 1387 
6204 1274 1684 1387 1124 
6205 634 633 1274 1684 
6206 634 1684 589 633 
6207 633 1274 1684 1387 
6208 633 1387 1684 589 
6209 339 386 425 1850 
6210 386 353 428 1869 
6211 425 428 346 1664 
6212 1850 1869 1664 1127 
6213 386 425 1850 1869 
6214 386 1869 428 425 
6215 425 1850 1869 1664 
6216 425 1664 1869 428 
6217 681 2009 2014 2010 
6218 2009 991 1051 1488 
6219 2014 1051 1005 2002 
6220 2010 1488 2002 1144 
6221 2009 2014 2010 1488 
6222 2009 1488 1051 2014 
6223 2014 2010 1488 2002 
6224 2014 2002 1488 1051 
6225 789 959 950 1329 
6226 959 807 958 1581 
6227 950 958 806 1650 
6228 1329 1581 1650 1140 
6229 959 950 1329 1581 
6230 959 1581 958 950 
6231 950 1329 1581 1650 
6232 950 1650 1581 958 
6233 498 1994 1995 504 
6234 1994 677 707 706 
6235 1995 707 680 688 
6236 504 706 688 127 
6237 1994 1995 504 706 
6238 1994 706 707 1995 
6239 1995 504 706 688 
6240 1995 688 706 707 
6241 137 717 693 2015 
6242 717 676 720 1544 
6243 693 720 681 2010 
6244 2015 1544 2010 1144 
6245 717 693 2015 1544 
6246 717 1544 720 693 
6247 693 2015 1544 2010 
6248 693 2010 1544 720 
6249 102 861 390 2006 
6250 861 817 1476 1477 
6251 390 1476 338 1478 
6252 2006 1477 1478 1143 
6253 861 390 2006 1477 
6254 861 1477 1476 390 
6255 390 2006 1477 1478 
6256 390 1478 1477 1476 
6257 225 1997 1865 1839 
6258 1997 819 837 1988 
6259 1865 837 813 1862 
6260 1839 1988 1862 1135 
6261 1997 1865 1839 1988 
6262 1997 1988 837 1865 
6263 1865 1839 1988 1862 
6264 1865 1862 1988 837 
6265 85 295 293 2003 
6266 295 227 297 1804 
6267 293 297 232 1902 
6268 2003 1804 1902 1153 
6269 295 293 2003 1804 
6270 295 1804 297 293 
6271 293 2003 1804 1902 
6272 293 1902 1804 297 
6273 680 1995 1944 1933 
6274 1995 498 1991 1993 
6275 1944 1991 242 1945 
6276 1933 1993 1945 1123 
6277 1995 1944 1933 1993 
6278 1995 1993 1991 1944 
6279 1944 1933 1993 1945 
6280 1944 1945 1993 1991 
6281 94 825 367 382 
6282 825 819 1987 1986 
6283 367 1987 356 383 
6284 382 1986 383 353 
6285 825 367 382 1986 
6286 825 1986 1987 367 
6287 367 382 1986 383 
6288 367 383 1986 1987 
6289 1000 1071 1043 1592 
6290 1071 994 1070 1256 
6291 1043 1070 986 1707 
6292 1592 1256 1707 1146 
6293 1071 1043 1592 1256 
6294 1071 1256 1070 1043 
6295 1043 1592 1256 1707 
6296 1043 1707 1256 1070 
6297 107 398 1022 370 
6298 398 344 1538 399 
6299 1022 1538 1002 1935 
6300 370 399 1935 357 
6301 398 1022 370 399 
6302 398 399 1538 1022 
6303 1022 370 399 1935 
6304 1022 1935 399 1538 
6305 343 376 374 1410 
6306 376 356 366 1953 
6307 374 366 54 260 
6308 1410 1953 260 239 
6309 376 374 1410 1953 
6310 376 1953 366 374 
6311 374 1410 1953 260 
6312 374 260 1953 366 
6313 822 1983 1990 1985 
6314 1983 682 1950 1951 
6315 1990 1950 244 1952 
6316 1985 1951 1952 1129 
6317 1983 1990 1985 1951 
6318 1983 1951 1950 1990 
6319 1990 1985 1951 1952 
6320 1990 1952 1951 1950 
6321 992 1098 1099 1550 
6322 1098 1001 1100 1283 
6323 1099 1100 1008 1549 
6324 1550 1283 1549 1118 
6325 1098 1099 1550 1283 
6326 1098 1283 1100 1099 
6327 1099 1550 1283 1549 
6328 1099 1549 1283 1100 
6329 822 828 1983 1984 
6330 828 153 691 721 
6331 1983 691 682 723 
6332 1984 721 723 664 
6333 828 1983 1984 721 
6334 828 721 691 1983 
6335 1983 1984 721 723 
6336 1983 723 721 691 
6337 482 635 625 1350 
6338 635 483 634 1684 
6339 625 634 465 1274 
6340 1350 1684 1274 1124 
6341 635 625 1350 1684 
6342 635 1684 634 625 
6343 625 1350 1684 1274 
6344 625 1274 1684 634 
6345 1001 1970 1029 1282 
6346 1970 496 507 561 
6347 1029 507 140 560 
6348 1282 561 560 458 
6349 1970 1029 1282 561 
6350 1970 561 507 1029 
6351 1029 1282 561 560 
6352 1029 560 561 507 
6353 497 508 2016 2008 
6354 508 137 693 2015 
6355 2016 693 681 2010 
6356 2008 2015 2010 1144 
6357 508 2016 2008 2015 
6358 508 2015 693 2016 
6359 2016 2008 2015 2010 
6360 2016 2010 2015 693 
6361 343 449 447 1551 
6362 449 361 448 1582 
6363 447 448 353 1870 
6364 1551 1582 1870 1135 
6365 449 447 1551 1582 
6366 449 1582 448 447 
6367 447 1551 1582 1870 
6368 447 1870 1582 448 
6369 346 430 431 1665 
6370 430 340 409 1815 
6371 431 409 345 1920 
6372 1665 1815 1920 1154 
6373 430 431 1665 1815 
6374 430 1815 409 431 
6375 431 1665 1815 1920 
6376 431 1920 1815 409 
6377 23 22 221 1364 
6378 22 21 220 1519 
6379 221 220 37 1554 
6380 1364 1519 1554 1117 
6381 22 221 1364 1519 
6382 22 1519 220 221 
6383 221 1364 1519 1554 
6384 221 1554 1519 220 
6385 819 1986 853 1988 
6386 1986 353 1927 1870 
6387 853 1927 781 1906 
6388 1988 1870 1906 1135 
6389 1986 853 1988 1870 
6390 1986 1870 1927 853 
6391 853 1988 1870 1906 
6392 853 1906 1870 1927 
6393 799 975 970 1619 
6394 975 800 974 1747 
6395 970 974 793 1436 
6396 1619 1747 1436 1138 
6397 975 970 1619 1747 
6398 975 1747 974 970 
6399 970 1619 1747 1436 
6400 970 1436 1747 974 
6401 85 838 842 2003 
6402 838 803 843 1887 
6403 842 843 777 1805 
6404 2003 1887 1805 1153 
6405 838 842 2003 1887 
6406 838 1887 843 842 
6407 842 2003 1887 1805 
6408 842 1805 1887 843 
6409 821 1956 1957 833 
6410 1956 665 736 734 
6411 1957 736 683 695 
6412 833 734 695 163 
6413 1956 1957 833 734 
6414 1956 734 736 1957 
6415 1957 833 734 695 
6416 1957 695 734 736 
6417 822 869 1984 1985 
6418 869 784 1726 1482 
6419 1984 1726 664 1686 
6420 1985 1482 1686 1129 
6421 869 1984 1985 1482 
6422 869 1482 1726 1984 
6423 1984 1985 1482 1686 
6424 1984 1686 1482 1726 
6425 685 763 765 1578 
6426 763 665 764 1947 
6427 765 764 679 1419 
6428 1578 1947 1419 1119 
6429 763 765 1578 1947 
6430 763 1947 764 765 
6431 765 1578 1947 1419 
6432 765 1419 1947 764 
6433 1008 1081 1083 1639 
6434 1081 988 1082 1980 
6435 1083 1082 1002 1540 
6436 1639 1980 1540 1125 
6437 1081 1083 1639 1980 
6438 1081 1980 1082 1083 
6439 1083 1639 1980 1540 
6440 1083 1540 1980 1082 
6441 116 531 407 1998 
6442 531 491 1875 1919 
6443 407 1875 345 1920 
6444 1998 1919 1920 1154 
6445 531 407 1998 1919 
6446 531 1919 1875 407 
6447 407 1998 1919 1920 
6448 407 1920 1919 1875 
6449 1009 1096 1097 1576 
6450 1096 1000 1095 1577 
6451 1097 1095 991 1488 
6452 1576 1577 1488 1144 
6453 1096 1097 1576 1577 
6454 1096 1577 1095 1097 
6455 1097 1576 1577 1488 
6456 1097 1488 1577 1095 
6457 357 1935 370 1940 
6458 1935 1002 1022 1024 
6459 370 1022 107 1011 
6460 1940 1024 1011 1006 
6461 1935 370 1940 1024 
6462 1935 1024 1022 370 
6463 370 1940 1024 1011 
6464 370 1011 1024 1022 
6465 104 393 369 829 
6466 393 352 396 1967 
6467 369 396 357 1966 
6468 829 1967 1966 820 
6469 393 369 829 1967 
6470 393 1967 396 369 
6471 369 829 1967 1966 
6472 369 1966 1967 396 
6473 358 364 406 2017 
6474 364 114 404 2018 
6475 406 404 340 1799 
6476 2017 2018 1799 1152 
6477 364 406 2017 2018 
6478 364 2018 404 406 
6479 406 2017 2018 1799 
6480 406 1799 2018 404 
6481 244 1950 257 284 
6482 1950 682 689 1949 
6483 257 689 74 282 
6484 284 1949 282 240 
6485 1950 257 284 1949 
6486 1950 1949 689 257 
6487 257 284 1949 282 
6488 257 282 1949 689 
6489 1009 1089 1086 1499 
6490 1089 1003 1088 1447 
6491 1086 1088 989 1266 
6492 1499 1447 1266 1119 
6493 1089 1086 1499 1447 
6494 1089 1447 1088 1086 
6495 1086 1499 1447 1266 
6496 1086 1266 1447 1088 
6497 356 1971 366 1953 
6498 1971 243 250 261 
6499 366 250 54 260 
6500 1953 261 260 239 
6501 1971 366 1953 261 
6502 1971 261 250 366 
6503 366 1953 261 260 
6504 366 260 261 250 
6505 71 524 278 502 
6506 524 490 1522 526 
6507 278 1522 237 1992 
6508 502 526 1992 498 
6509 524 278 502 526 
6510 524 526 1522 278 
6511 278 502 526 1992 
6512 278 1992 526 1522 
6513 667 771 772 1487 
6514 771 676 773 1544 
6515 772 773 685 1614 
6516 1487 1544 1614 1144 
6517 771 772 1487 1544 
6518 771 1544 773 772 
6519 772 1487 1544 1614 
6520 772 1614 1544 773 
6521 782 883 1977 885 
6522 883 173 1053 831 
6523 1977 1053 988 1981 
6524 885 831 1981 820 
6525 883 1977 885 831 
6526 883 831 1053 1977 
6527 1977 885 831 1981 
6528 1977 1981 831 1053 
6529 1007 1047 1019 1928 
6530 1047 1003 1046 1929 
6531 1019 1046 166 697 
6532 1928 1929 697 683 
6533 1047 1019 1928 1929 
6534 1047 1929 1046 1019 
6535 1019 1928 1929 697 
6536 1019 697 1929 1046 
6537 684 775 776 1556 
6538 775 677 774 1784 
6539 776 774 668 1564 
6540 1556 1784 1564 1123 
6541 775 776 1556 1784 
6542 775 1784 774 776 
6543 776 1556 1784 1564 
6544 776 1564 1784 774 
6545 664 756 758 1686 
6546 756 684 759 1500 
6547 758 759 678 1403 
6548 1686 1500 1403 1129 
6549 756 758 1686 1500 
6550 756 1500 759 758 
6551 758 1686 1500 1403 
6552 758 1403 1500 759 
6553 682 689 1949 700 
6554 689 74 282 699 
6555 1949 282 240 1402 
6556 700 699 1402 678 
6557 689 1949 700 699 
6558 689 699 282 1949 
6559 1949 700 699 1402 
6560 1949 1402 699 282 
6561 777 1689 842 1805 
6562 1689 227 295 1804 
6563 842 295 85 2003 
6564 1805 1804 2003 1153 
6565 1689 842 1805 1804 
6566 1689 1804 295 842 
6567 842 1805 1804 2003 
6568 842 2003 1804 295 
6569 1003 1446 1046 1929 
6570 1446 679 737 739 
6571 1046 737 166 697 
6572 1929 739 697 683 
6573 1446 1046 1929 739 
6574 1446 739 737 1046 
6575 1046 1929 739 697 
6576 1046 697 739 737 
6577 183 896 1064 834 
6578 896 783 1265 898 
6579 1064 1265 989 1964 
6580 834 898 1964 821 
6581 896 1064 834 898 
6582 896 898 1265 1064 
6583 1064 834 898 1964 
6584 1064 1964 898 1265 
6585 237 334 332 1513 
6586 334 246 333 1563 
6587 332 333 228 1565 
6588 1513 1563 1565 1123 
6589 334 332 1513 1563 
6590 334 1563 333 332 
6591 332 1513 1563 1565 
6592 332 1565 1563 333 
6593 787 908 906 1830 
6594 908 810 891 1854 
6595 906 891 778 1859 
6596 1830 1854 1859 1122 
6597 908 906 1830 1854 
6598 908 1854 891 906 
6599 906 1830 1854 1859 
6600 906 1859 1854 891 
6601 341 419 1960 417 
6602 419 359 1961 373 
6603 1960 1961 496 506 
6604 417 373 506 124 
6605 419 1960 417 373 
6606 419 373 1961 1960 
6607 1960 417 373 506 
6608 1960 506 373 1961 
6609 788 942 943 1536 
6610 942 787 907 1831 
6611 943 907 786 1792 
6612 1536 1831 1792 1147 
6613 942 943 1536 1831 
6614 942 1831 907 943 
6615 943 1536 1831 1792 
6616 943 1792 1831 907 
6617 780 919 878 1603 
6618 919 797 922 1765 
6619 878 922 818 1889 
6620 1603 1765 1889 1116 
6621 919 878 1603 1765 
6622 919 1765 922 878 
6623 878 1603 1765 1889 
6624 878 1889 1765 922 
6625 459 545 1979 1915 
6626 545 498 1994 1993 
6627 1979 1994 677 1784 
6628 1915 1993 1784 1123 
6629 545 1979 1915 1993 
6630 545 1993 1994 1979 
6631 1979 1915 1993 1784 
6632 1979 1784 1993 1994 
6633 240 326 325 1381 
6634 326 246 324 1510 
6635 325 324 226 1913 
6636 1381 1510 1913 1129 
6637 326 325 1381 1510 
6638 326 1510 324 325 
6639 325 1381 1510 1913 
6640 325 1913 1510 324 
6641 822 827 850 1989 
6642 827 91 847 302 
6643 850 847 814 2011 
6644 1989 302 2011 226 
6645 827 850 1989 302 
6646 827 302 847 850 
6647 850 1989 302 2011 
6648 850 2011 302 847 
6649 229 337 335 1434 
6650 337 245 336 1440 
6651 335 336 238 1708 
6652 1434 1440 1708 1152 
6653 337 335 1434 1440 
6654 337 1440 336 335 
6655 335 1434 1440 1708 
6656 335 1708 1440 336 
6657 819 1996 1987 1988 
6658 1996 243 1971 1972 
6659 1987 1971 356 1954 
6660 1988 1972 1954 1135 
6661 1996 1987 1988 1972 
6662 1996 1972 1971 1987 
6663 1987 1988 1972 1954 
6664 1987 1954 1972 1971 
6665 359 403 419 1918 
6666 403 355 440 1496 
6667 419 440 341 1908 
6668 1918 1496 1908 1118 
6669 403 419 1918 1496 
6670 403 1496 440 419 
6671 419 1918 1496 1908 
6672 419 1908 1496 440 
6673 819 837 823 1997 
6674 837 813 836 1865 
6675 823 836 81 289 
6676 1997 1865 289 225 
6677 837 823 1997 1865 
6678 837 1865 836 823 
6679 823 1997 1865 289 
6680 823 289 1865 836 
6681 358 2019 364 2017 
6682 2019 495 501 2013 
6683 364 501 114 2018 
6684 2017 2013 2018 1152 
6685 2019 364 2017 2013 
6686 2019 2013 501 364 
6687 364 2017 2013 2018 
6688 364 2018 2013 501 
6689 662 746 744 1716 
6690 746 672 745 1840 
6691 744 745 674 1652 
6692 1716 1840 1652 1130 
6693 746 744 1716 1840 
6694 746 1840 745 744 
6695 744 1716 1840 1652 
6696 744 1652 1840 745 
6697 468 649 642 1696 
6698 649 480 648 1828 
6699 642 648 470 1826 
6700 1696 1828 1826 1151 
6701 649 642 1696 1828 
6702 649 1828 648 642 
6703 642 1696 1828 1826 
6704 642 1826 1828 648 
6705 102 863 861 2006 
6706 863 808 865 1842 
6707 861 865 817 1477 
6708 2006 1842 1477 1143 
6709 863 861 2006 1842 
6710 863 1842 865 861 
6711 861 2006 1842 1477 
6712 861 1477 1842 865 
6713 807 985 958 1758 
6714 985 808 930 1842 
6715 958 930 806 1607 
6716 1758 1842 1607 1143 
6717 985 958 1758 1842 
6718 985 1842 930 958 
6719 958 1758 1842 1607 
6720 958 1607 1842 930 
6721 781 925 923 1905 
6722 925 801 924 1571 
6723 923 924 800 1746 
6724 1905 1571 1746 1127 
6725 925 923 1905 1571 
6726 925 1571 924 923 
6727 923 1905 1571 1746 
6728 923 1746 1571 924 
6729 245 320 317 1615 
6730 320 239 319 1552 
6731 317 319 225 1839 
6732 1615 1552 1839 1135 
6733 320 317 1615 1552 
6734 320 1552 319 317 
6735 317 1615 1552 1839 
6736 317 1839 1552 319 
6737 669 766 755 1776 
6738 766 671 750 1755 
6739 755 750 670 1642 
6740 1776 1755 1642 1139 
6741 766 755 1776 1755 
6742 766 1755 750 755 
6743 755 1776 1755 1642 
6744 755 1642 1755 750 
6745 116 527 531 1998 
6746 527 457 532 1904 
6747 531 532 491 1919 
6748 1998 1904 1919 1154 
6749 527 531 1998 1904 
6750 527 1904 532 531 
6751 531 1998 1904 1919 
6752 531 1919 1904 532 
6753 1004 1031 1028 1912 
6754 1031 1001 1098 1283 
6755 1028 1098 992 1550 
6756 1912 1283 1550 1118 
6757 1031 1028 1912 1283 
6758 1031 1283 1098 1028 
6759 1028 1912 1283 1550 
6760 1028 1550 1283 1098 
6761 814 1899 2011 1900 
6762 1899 1129 1913 1602 
6763 2011 1913 226 1914 
6764 1900 1602 1914 1156 
6765 1899 2011 1900 1602 
6766 1899 1602 1913 2011 
6767 2011 1900 1602 1914 
6768 2011 1914 1602 1913 
6769 683 739 736 1930 
6770 739 679 764 1419 
6771 736 764 665 1947 
6772 1930 1419 1947 1119 
6773 739 736 1930 1419 
6774 739 1419 764 736 
6775 736 1930 1419 1947 
6776 736 1947 1419 764 
6777 1007 1067 1047 1931 
6778 1067 989 1088 1266 
6779 1047 1088 1003 1447 
6780 1931 1266 1447 1119 
6781 1067 1047 1931 1266 
6782 1067 1266 1088 1047 
6783 1047 1931 1266 1447 
6784 1047 1447 1266 1088 
6785 58 378 262 2020 
6786 378 354 1433 1413 
6787 262 1433 229 1434 
6788 2020 1413 1434 1152 
6789 378 262 2020 1413 
6790 378 1413 1433 262 
6791 262 2020 1413 1434 
6792 262 1434 1413 1433 
6793 58 262 248 2020 
6794 262 229 265 1434 
6795 248 265 241 2004 
6796 2020 1434 2004 1152 
6797 262 248 2020 1434 
6798 262 1434 265 248 
6799 248 2020 1434 2004 
6800 248 2004 1434 265 
6801 340 432 434 1799 
6802 432 361 435 1452 
6803 434 435 354 1413 
6804 1799 1452 1413 1152 
6805 432 434 1799 1452 
6806 432 1452 435 434 
6807 434 1799 1452 1413 
6808 434 1413 1452 435 
6809 352 395 424 1798 
6810 395 338 421 1478 
6811 424 421 350 1480 
6812 1798 1478 1480 1143 
6813 395 424 1798 1478 
6814 395 1478 421 424 
6815 424 1798 1478 1480 
6816 424 1480 1478 421 
6817 89 848 301 2021 
6818 848 814 2011 1900 
6819 301 2011 226 1914 
6820 2021 1900 1914 1156 
6821 848 301 2021 1900 
6822 848 1900 2011 301 
6823 301 2021 1900 1914 
6824 301 1914 1900 2011 
6825 483 661 591 1685 
6826 661 484 541 1845 
6827 591 541 493 1466 
6828 1685 1845 1466 1145 
6829 661 591 1685 1845 
6830 661 1845 541 591 
6831 591 1685 1845 1466 
6832 591 1466 1845 541 
6833 468 637 638 1694 
6834 637 466 639 1299 
6835 638 639 469 1183 
6836 1694 1299 1183 1136 
6837 637 638 1694 1299 
6838 637 1299 639 638 
6839 638 1694 1299 1183 
6840 638 1183 1299 639 
6841 477 599 600 1343 
6842 599 457 601 1904 
6843 600 601 476 1238 
6844 1343 1904 1238 1154 
6845 599 600 1343 1904 
6846 599 1904 601 600 
6847 600 1343 1904 1238 
6848 600 1238 1904 601 
6849 58 362 378 2020 
6850 362 358 380 2017 
6851 378 380 354 1413 
6852 2020 2017 1413 1152 
6853 362 378 2020 2017 
6854 362 2017 380 378 
6855 378 2020 2017 1413 
6856 378 1413 2017 380 
6857 821 882 1956 833 
6858 882 812 1894 879 
6859 1956 1894 665 734 
6860 833 879 734 163 
6861 882 1956 833 879 
6862 882 879 1894 1956 
6863 1956 833 879 734 
6864 1956 734 879 1894 
6865 58 248 362 2020 
6866 248 241 2022 2004 
6867 362 2022 358 2017 
6868 2020 2004 2017 1152 
6869 248 362 2020 2004 
6870 248 2004 2022 362 
6871 362 2020 2004 2017 
6872 362 2017 2004 2022 
6873 357 396 399 1936 
6874 396 352 450 1797 
6875 399 450 344 1541 
6876 1936 1797 1541 1125 
6877 396 399 1936 1797 
6878 396 1797 450 399 
6879 399 1936 1797 1541 
6880 399 1541 1797 450 
6881 685 762 763 1597 
6882 762 674 761 1598 
6883 763 761 665 1895 
6884 1597 1598 1895 1148 
6885 762 763 1597 1598 
6886 762 1598 761 763 
6887 763 1597 1598 1895 
6888 763 1895 1598 761 
6889 104 864 393 829 
6890 864 808 2000 866 
6891 393 2000 352 1967 
6892 829 866 1967 820 
6893 864 393 829 866 
6894 864 866 2000 393 
6895 393 829 866 1967 
6896 393 1967 866 2000 
6897 480 584 655 1827 
6898 584 481 659 1509 
6899 655 659 474 1666 
6900 1827 1509 1666 1133 
6901 584 655 1827 1509 
6902 584 1509 659 655 
6903 655 1827 1509 1666 
6904 655 1666 1509 659 
6905 472 609 610 1846 
6906 609 474 608 1668 
6907 610 608 459 1916 
6908 1846 1668 1916 1141 
6909 609 610 1846 1668 
6910 609 1668 608 610 
6911 610 1846 1668 1916 
6912 610 1916 1668 608 
6913 124 506 417 539 
6914 506 496 1960 542 
6915 417 1960 341 1959 
6916 539 542 1959 484 
6917 506 417 539 542 
6918 506 542 1960 417 
6919 417 539 542 1959 
6920 417 1959 542 1960 
6921 994 1069 1070 1256 
6922 1069 998 1068 1339 
6923 1070 1068 986 1707 
6924 1256 1339 1707 1146 
6925 1069 1070 1256 1339 
6926 1069 1339 1068 1070 
6927 1070 1256 1339 1707 
6928 1070 1707 1339 1068 
6929 990 1058 1868 1811 
6930 1058 179 890 2023 
6931 1868 890 778 1873 
6932 1811 2023 1873 1155 
6933 1058 1868 1811 2023 
6934 1058 2023 890 1868 
6935 1868 1811 2023 1873 
6936 1868 1873 2023 890 
6937 89 299 844 2021 
6938 299 230 1698 1857 
6939 844 1698 805 1856 
6940 2021 1857 1856 1156 
6941 299 844 2021 1857 
6942 299 1857 1698 844 
6943 844 2021 1857 1856 
6944 844 1856 1857 1698 
6945 498 545 1994 504 
6946 545 459 1979 543 
6947 1994 1979 677 706 
6948 504 543 706 127 
6949 545 1994 504 543 
6950 545 543 1979 1994 
6951 1994 504 543 706 
6952 1994 706 543 1979 
6953 819 825 853 1986 
6954 825 94 851 382 
6955 853 851 781 1927 
6956 1986 382 1927 353 
6957 825 853 1986 382 
6958 825 382 851 853 
6959 853 1986 382 1927 
6960 853 1927 382 851 
6961 179 1062 892 2023 
6962 1062 993 1201 1247 
6963 892 1201 785 1249 
6964 2023 1247 1249 1155 
6965 1062 892 2023 1247 
6966 1062 1247 1201 892 
6967 892 2023 1247 1249 
6968 892 1249 1247 1201 
6969 1002 1082 1024 1540 
6970 1082 988 1054 1980 
6971 1024 1054 1006 1941 
6972 1540 1980 1941 1125 
6973 1082 1024 1540 1980 
6974 1082 1980 1054 1024 
6975 1024 1540 1980 1941 
6976 1024 1941 1980 1054 
6977 242 281 288 1945 
6978 281 237 332 1513 
6979 288 332 228 1565 
6980 1945 1513 1565 1123 
6981 281 288 1945 1513 
6982 281 1513 332 288 
6983 288 1945 1513 1565 
6984 288 1565 1513 332 
6985 232 297 329 1902 
6986 297 227 330 1804 
6987 329 330 236 1453 
6988 1902 1804 1453 1153 
6989 297 329 1902 1804 
6990 297 1804 330 329 
6991 329 1902 1804 1453 
6992 329 1453 1804 330 
6993 680 704 707 1933 
6994 704 668 774 1564 
6995 707 774 677 1784 
6996 1933 1564 1784 1123 
6997 704 707 1933 1564 
6998 704 1564 774 707 
6999 707 1933 1564 1784 
7000 707 1784 1564 774 
7001 153 828 868 721 
7002 828 822 869 1984 
7003 868 869 784 1726 
7004 721 1984 1726 664 
7005 828 868 721 1984 
7006 828 1984 869 868 
7007 868 721 1984 1726 
7008 868 1726 1984 869 
7009 803 900 843 1887 
7010 900 799 899 1620 
7011 843 899 777 1805 
7012 1887 1620 1805 1153 
7013 900 843 1887 1620 
7014 900 1620 899 843 
7015 843 1887 1620 1805 
7016 843 1805 1620 899 
7017 1008 1080 1081 1626 
7018 1080 996 1079 1624 
7019 1081 1079 988 1978 
7020 1626 1624 1978 1149 
7021 1080 1081 1626 1624 
7022 1080 1624 1079 1081 
7023 1081 1626 1624 1978 
7024 1081 1978 1624 1079 
7025 89 301 299 2021 
7026 301 226 303 1914 
7027 299 303 230 1857 
7028 2021 1914 1857 1156 
7029 301 299 2021 1914 
7030 301 1914 303 299 
7031 299 2021 1914 1857 
7032 299 1857 1914 303 
7033 89 844 848 2021 
7034 844 805 849 1856 
7035 848 849 814 1900 
7036 2021 1856 1900 1156 
7037 844 848 2021 1856 
7038 844 1856 849 848 
7039 848 2021 1856 1900 
7040 848 1900 1856 849 
7041 682 723 700 1951 
7042 723 664 758 1686 
7043 700 758 678 1403 
7044 1951 1686 1403 1129 
7045 723 700 1951 1686 
7046 723 1686 758 700 
7047 700 1951 1686 1403 
7048 700 1403 1686 758 
7049 226 304 325 1913 
7050 304 244 284 1952 
7051 325 284 240 1381 
7052 1913 1952 1381 1129 
7053 304 325 1913 1952 
7054 304 1952 284 325 
7055 325 1913 1952 1381 
7056 325 1381 1952 284 
7057 341 437 418 1909 
7058 437 350 436 1481 
7059 418 436 349 1468 
7060 1909 1481 1468 1145 
7061 437 418 1909 1481 
7062 437 1481 436 418 
7063 418 1909 1481 1468 
7064 418 1468 1481 436 
7065 815 912 856 1923 
7066 912 801 925 1571 
7067 856 925 781 1905 
7068 1923 1571 1905 1127 
7069 912 856 1923 1571 
7070 912 1571 925 856 
7071 856 1923 1571 1905 
7072 856 1905 1571 925 
7073 787 947 949 1898 
7074 947 789 950 1329 
7075 949 950 806 1650 
7076 1898 1329 1650 1140 
7077 947 949 1898 1329 
7078 947 1329 950 949 
7079 949 1898 1329 1650 
7080 949 1650 1329 950 
7081 801 1571 912 1546 
7082 1571 1127 1923 1486 
7083 912 1923 815 1976 
7084 1546 1486 1976 1150 
7085 1571 912 1546 1486 
7086 1571 1486 1923 912 
7087 912 1546 1486 1976 
7088 912 1976 1486 1923 
7089 343 447 376 1551 
7090 447 353 383 1870 
7091 376 383 356 1954 
7092 1551 1870 1954 1135 
7093 447 376 1551 1870 
7094 447 1870 383 376 
7095 376 1551 1870 1954 
7096 376 1954 1870 383 
7097 464 618 619 1374 
7098 618 462 577 1400 
7099 619 577 463 1444 
7100 1374 1400 1444 1142 
7101 618 619 1374 1400 
7102 618 1400 577 619 
7103 619 1374 1400 1444 
7104 619 1444 1400 577 
7105 791 955 1745 954 
7106 955 802 2024 944 
7107 1745 2024 47 1742 
7108 954 944 1742 788 
7109 955 1745 954 944 
7110 955 944 2024 1745 
7111 1745 954 944 1742 
7112 1745 1742 944 2024 
7113 487 617 622 1458 
7114 617 462 620 1730 
7115 622 620 478 1331 
7116 1458 1730 1331 1134 
7117 617 622 1458 1730 
7118 617 1730 620 622 
7119 622 1458 1730 1331 
7120 622 1331 1730 620 
7121 179 892 890 2023 
7122 892 785 894 1249 
7123 890 894 778 1873 
7124 2023 1249 1873 1155 
7125 892 890 2023 1249 
7126 892 1249 894 890 
7127 890 2023 1249 1873 
7128 890 1873 1249 894 
7129 990 1063 1058 1811 
7130 1063 993 1062 1247 
7131 1058 1062 179 2023 
7132 1811 1247 2023 1155 
7133 1063 1058 1811 1247 
7134 1063 1247 1062 1058 
7135 1058 1811 1247 2023 
7136 1058 2023 1247 1062 
7137 243 291 261 1972 
7138 291 225 319 1839 
7139 261 319 239 1552 
7140 1972 1839 1552 1135 
7141 291 261 1972 1839 
7142 291 1839 319 261 
7143 261 1972 1839 1552 
7144 261 1552 1839 319 
7145 783 898 935 1196 
7146 898 821 882 1958 
7147 935 882 812 1785 
7148 1196 1958 1785 1119 
7149 898 935 1196 1958 
7150 898 1958 882 935 
7151 935 1196 1958 1785 
7152 935 1785 1958 882 
7153 674 760 761 1598 
7154 760 673 735 1886 
7155 761 735 665 1895 
7156 1598 1886 1895 1148 
7157 760 761 1598 1886 
7158 760 1886 735 761 
7159 761 1598 1886 1895 
7160 761 1895 1886 735 
7161 489 603 513 1709 
7162 603 457 529 1897 
7163 513 529 495 2013 
7164 1709 1897 2013 1152 
7165 603 513 1709 1897 
7166 603 1897 529 513 
7167 513 1709 1897 2013 
7168 513 2013 1897 529 
7169 998 1090 1091 1781 
7170 1090 993 1063 1247 
7171 1091 1063 990 1811 
7172 1781 1247 1811 1155 
7173 1090 1091 1781 1247 
7174 1090 1247 1063 1091 
7175 1091 1781 1247 1811 
7176 1091 1811 1247 1063 
7177 226 322 303 1914 
7178 322 231 321 1589 
7179 303 321 230 1857 
7180 1914 1589 1857 1156 
7181 322 303 1914 1589 
7182 322 1589 321 303 
7183 303 1914 1589 1857 
7184 303 1857 1589 321 
7185 484 605 542 1844 
7186 605 458 561 1219 
7187 542 561 496 1962 
7188 1844 1219 1962 1118 
7189 605 542 1844 1219 
7190 605 1219 561 542 
7191 542 1844 1219 1962 
7192 542 1962 1219 561 
7193 460 571 572 1772 
7194 571 150 149 1042 
7195 572 149 148 1041 
7196 1772 1042 1041 1000 
7197 571 572 1772 1042 
7198 571 1042 149 572 
7199 572 1772 1042 1041 
7200 572 1041 1042 149 
7201 989 1265 1064 1065 
7202 1265 783 896 895 
7203 1064 896 183 182 
7204 1065 895 182 181 
7205 1265 1064 1065 895 
7206 1265 895 896 1064 
7207 1064 1065 895 182 
7208 1064 182 895 896 
7209 177 1059 178 889 
7210 1059 990 1058 1868 
7211 178 1058 179 890 
7212 889 1868 890 778 
7213 1059 178 889 1868 
7214 1059 1868 1058 178 
7215 178 889 1868 890 
7216 178 890 1868 1058 
7217 808 866 929 1841 
7218 866 820 885 1968 
7219 929 885 782 1808 
7220 1841 1968 1808 1125 
7221 866 929 1841 1968 
7222 866 1968 885 929 
7223 929 1841 1968 1808 
7224 929 1808 1968 885 
7225 146 145 565 1036 
7226 145 144 566 1035 
7227 565 566 453 1250 
7228 1036 1035 1250 997 
7229 145 565 1036 1035 
7230 145 1035 566 565 
7231 565 1036 1035 1250 
7232 565 1250 1035 566 
7233 786 904 905 1793 
7234 904 778 894 1873 
7235 905 894 785 1249 
7236 1793 1873 1249 1155 
7237 904 905 1793 1873 
7238 904 1873 894 905 
7239 905 1793 1873 1249 
7240 905 1249 1873 894 
7241 454 1306 517 518 
7242 1306 234 273 272 
7243 517 273 65 66 
7244 518 272 66 67 
7245 1306 517 518 272 
7246 1306 272 273 517 
7247 517 518 272 66 
7248 517 66 272 273 
7249 777 841 842 1689 
7250 841 87 86 296 
7251 842 86 85 295 
7252 1689 296 295 227 
7253 841 842 1689 296 
7254 841 296 86 842 
7255 842 1689 296 295 
7256 842 295 296 86 
7257 100 858 99 387 
7258 858 779 857 1573 
7259 99 857 98 388 
7260 387 1573 388 351 
7261 858 99 387 1573 
7262 858 1573 857 99 
7263 99 387 1573 388 
7264 99 388 1573 857 
7265 803 839 1871 838 
7266 839 83 292 84 
7267 1871 292 232 293 
7268 838 84 293 85 
7269 839 1871 838 84 
7270 839 84 292 1871 
7271 1871 838 84 293 
7272 1871 293 84 292 
7273 456 1702 549 550 
7274 1702 675 712 711 
7275 549 712 131 132 
7276 550 711 132 133 
7277 1702 549 550 711 
7278 1702 711 712 549 
7279 549 550 711 132 
7280 549 132 711 712 
7281 63 64 514 270 
7282 64 65 515 269 
7283 514 515 479 1192 
7284 270 269 1192 224 
7285 64 514 270 269 
7286 64 269 515 514 
7287 514 270 269 1192 
7288 514 1192 269 515 
7289 798 939 983 1344 
7290 939 814 849 1900 
7291 983 849 805 1856 
7292 1344 1900 1856 1156 
7293 939 983 1344 1900 
7294 939 1900 849 983 
7295 983 1344 1900 1856 
7296 983 1856 1900 849 
7297 458 560 1282 559 
7298 560 140 1029 141 
7299 1282 1029 1001 1030 
7300 559 141 1030 142 
7301 560 1282 559 141 
7302 560 141 1029 1282 
7303 1282 559 141 1030 
7304 1282 1030 141 1029 
7305 173 1053 174 883 
7306 1053 988 1052 1977 
7307 174 1052 175 884 
7308 883 1977 884 782 
7309 1053 174 883 1977 
7310 1053 1977 1052 174 
7311 174 883 1977 884 
7312 174 884 1977 1052 
7313 455 534 1558 533 
7314 534 118 410 119 
7315 1558 410 342 411 
7316 533 119 411 120 
7317 534 1558 533 119 
7318 534 119 410 1558 
7319 1558 533 119 411 
7320 1558 411 119 410 
7321 497 574 558 2008 
7322 574 460 615 1637 
7323 558 615 488 1430 
7324 2008 1637 1430 1144 
7325 574 558 2008 1637 
7326 574 1637 615 558 
7327 558 2008 1637 1430 
7328 558 1430 1637 615 
7329 177 887 176 1055 
7330 887 810 886 1863 
7331 176 886 175 1056 
7332 1055 1863 1056 995 
7333 887 176 1055 1863 
7334 887 1863 886 176 
7335 176 1055 1863 1056 
7336 176 1056 1863 886 
7337 159 728 158 873 
7338 728 666 727 1737 
7339 158 727 157 874 
7340 873 1737 874 780 
7341 728 158 873 1737 
7342 728 1737 727 158 
7343 158 873 1737 874 
7344 158 874 1737 727 
7345 486 563 1231 562 
7346 563 142 1032 143 
7347 1231 1032 987 1033 
7348 562 143 1033 144 
7349 563 1231 562 143 
7350 563 143 1032 1231 
7351 1231 562 143 1033 
7352 1231 1033 143 1032 
7353 87 88 298 845 
7354 88 89 299 844 
7355 298 299 230 1698 
7356 845 844 1698 805 
7357 88 298 845 844 
7358 88 844 299 298 
7359 298 845 844 1698 
7360 298 1698 844 299 
7361 69 275 521 68 
7362 275 223 1505 276 
7363 521 1505 481 520 
7364 68 276 520 67 
7365 275 521 68 276 
7366 275 276 1505 521 
7367 521 68 276 520 
7368 521 520 276 1505 
7369 181 1061 893 180 
7370 1061 993 1201 1062 
7371 893 1201 785 892 
7372 180 1062 892 179 
7373 1061 893 180 1062 
7374 1061 1062 1201 893 
7375 893 180 1062 892 
7376 893 892 1062 1201 
7377 497 2016 2007 2008 
7378 2016 681 2014 2010 
7379 2007 2014 1005 2002 
7380 2008 2010 2002 1144 
7381 2016 2007 2008 2010 
7382 2016 2010 2014 2007 
7383 2007 2008 2010 2002 
7384 2007 2002 2010 2014 
7385 461 568 569 1728 
7386 568 148 147 1039 
7387 569 147 146 1038 
7388 1728 1039 1038 986 
7389 568 569 1728 1039 
7390 568 1039 147 569 
7391 569 1728 1039 1038 
7392 569 1038 1039 147 
7393 61 62 511 267 
7394 62 63 512 266 
7395 511 512 489 1311 
7396 267 266 1311 238 
7397 62 511 267 266 
7398 62 266 512 511 
7399 511 267 266 1311 
7400 511 1311 266 512 
7401 813 836 1865 835 
7402 836 81 289 82 
7403 1865 289 225 290 
7404 835 82 290 83 
7405 836 1865 835 82 
7406 836 82 289 1865 
7407 1865 835 82 290 
7408 1865 290 82 289 
7409 352 394 2000 393 
7410 394 102 863 103 
7411 2000 863 808 864 
7412 393 103 864 104 
7413 394 2000 393 103 
7414 394 103 863 2000 
7415 2000 393 103 864 
7416 2000 864 103 863 
7417 237 1522 278 279 
7418 1522 490 524 523 
7419 278 524 71 70 
7420 279 523 70 69 
7421 1522 278 279 523 
7422 1522 523 524 278 
7423 278 279 523 70 
7424 278 70 523 524 
7425 124 417 123 539 
7426 417 341 416 1959 
7427 123 416 122 540 
7428 539 1959 540 484 
7429 417 123 539 1959 
7430 417 1959 416 123 
7431 123 539 1959 540 
7432 123 540 1959 416 
7433 814 847 848 2011 
7434 847 91 90 302 
7435 848 90 89 301 
7436 2011 302 301 226 
7437 847 848 2011 302 
7438 847 302 90 848 
7439 848 2011 302 301 
7440 848 301 302 90 
7441 488 555 556 1542 
7442 555 135 136 718 
7443 556 136 137 717 
7444 1542 718 717 676 
7445 555 556 1542 718 
7446 555 718 136 556 
7447 556 1542 718 717 
7448 556 717 718 136 
7449 355 1881 400 401 
7450 1881 992 1026 1025 
7451 400 1026 111 110 
7452 401 1025 110 109 
7453 1881 400 401 1025 
7454 1881 1025 1026 400 
7455 400 401 1025 110 
7456 400 110 1025 1026 
7457 163 879 734 162 
7458 879 812 1894 880 
7459 734 1894 665 733 
7460 162 880 733 161 
7461 879 734 162 880 
7462 879 880 1894 734 
7463 734 162 880 733 
7464 734 733 880 1894 
7465 822 850 869 1985 
7466 850 814 940 1899 
7467 869 940 784 1482 
7468 1985 1899 1482 1129 
7469 850 869 1985 1899 
7470 850 1899 940 869 
7471 869 1985 1899 1482 
7472 869 1482 1899 940 
7473 94 851 382 95 
7474 851 781 1927 852 
7475 382 1927 353 381 
7476 95 852 381 96 
7477 851 382 95 852 
7478 851 852 1927 382 
7479 382 95 852 381 
7480 382 381 852 1927 
7481 668 702 1380 701 
7482 702 76 285 77 
7483 1380 285 228 286 
7484 701 77 286 78 
7485 702 1380 701 77 
7486 702 77 285 1380 
7487 1380 701 77 286 
7488 1380 286 77 285 
7489 492 597 548 1719 
7490 597 472 610 1846 
7491 548 610 459 1916 
7492 1719 1846 1916 1141 
7493 597 548 1719 1846 
7494 597 1846 610 548 
7495 548 1719 1846 1916 
7496 548 1916 1846 610 
7497 168 1049 169 740 
7498 1049 991 1048 1416 
7499 169 1048 170 741 
7500 740 1416 741 667 
7501 1049 169 740 1416 
7502 1049 1416 1048 169 
7503 169 740 1416 741 
7504 169 741 1416 1048 
7505 779 1848 2025 1712 
7506 1848 5 50 1273 
7507 2025 50 1 1271 
7508 1712 1273 1271 1150 
7509 1848 2025 1712 1273 
7510 1848 1273 50 2025 
7511 2025 1712 1273 1271 
7512 2025 1271 1273 50 
7513 457 528 1938 527 
7514 528 114 404 115 
7515 1938 404 340 405 
7516 527 115 405 116 
7517 528 1938 527 115 
7518 528 115 404 1938 
7519 1938 527 115 405 
7520 1938 405 115 404 
7521 819 853 837 1988 
7522 853 781 926 1906 
7523 837 926 813 1862 
7524 1988 1906 1862 1135 
7525 853 837 1988 1906 
7526 853 1906 926 837 
7527 837 1988 1906 1862 
7528 837 1862 1906 926 
7529 127 543 706 128 
7530 543 459 1979 544 
7531 706 1979 677 705 
7532 128 544 705 129 
7533 543 706 128 544 
7534 543 544 1979 706 
7535 706 128 544 705 
7536 706 705 544 1979 
7537 155 154 867 722 
7538 154 153 868 721 
7539 867 868 784 1726 
7540 722 721 1726 664 
7541 154 867 722 721 
7542 154 721 868 867 
7543 867 722 721 1726 
7544 867 1726 721 868 
7545 358 2022 2019 2017 
7546 2022 241 2012 2004 
7547 2019 2012 495 2013 
7548 2017 2004 2013 1152 
7549 2022 2019 2017 2004 
7550 2022 2004 2012 2019 
7551 2019 2017 2004 2013 
7552 2019 2013 2004 2012 
7553 817 865 915 1477 
7554 865 808 985 1842 
7555 915 985 807 1758 
7556 1477 1842 1758 1143 
7557 865 915 1477 1842 
7558 865 1842 985 915 
7559 915 1477 1842 1758 
7560 915 1758 1842 985 
7561 490 526 611 1523 
7562 526 498 545 1993 
7563 611 545 459 1915 
7564 1523 1993 1915 1123 
7565 526 611 1523 1993 
7566 526 1993 545 611 
7567 611 1523 1993 1915 
7568 611 1915 1993 545 
7569 996 1078 1079 1624 
7570 1078 995 1057 1937 
7571 1079 1057 988 1978 
7572 1624 1937 1978 1149 
7573 1078 1079 1624 1937 
7574 1078 1937 1057 1079 
7575 1079 1624 1937 1978 
7576 1079 1978 1937 1057 
7577 1000 1044 1095 1577 
7578 1044 1005 1051 2002 
7579 1095 1051 991 1488 
7580 1577 2002 1488 1144 
7581 1044 1095 1577 2002 
7582 1044 2002 1051 1095 
7583 1095 1577 2002 1488 
7584 1095 1488 2002 1051 
7585 468 646 649 1696 
7586 646 475 582 1751 
7587 649 582 480 1828 
7588 1696 1751 1828 1151 
7589 646 649 1696 1751 
7590 646 1751 582 649 
7591 649 1696 1751 1828 
7592 649 1828 1751 582 
7593 681 720 743 2010 
7594 720 676 771 1544 
7595 743 771 667 1487 
7596 2010 1544 1487 1144 
7597 720 743 2010 1544 
7598 720 1544 771 743 
7599 743 2010 1544 1487 
7600 743 1487 1544 771 
7601 802 1816 2024 944 
7602 1816 39 195 2026 
7603 2024 195 47 1742 
7604 944 2026 1742 788 
7605 1816 2024 944 2026 
7606 1816 2026 195 2024 
7607 2024 944 2026 1742 
7608 2024 1742 2026 195 
7609 344 1538 397 398 
7610 1538 1002 1023 1022 
7611 397 1023 109 108 
7612 398 1022 108 107 
7613 1538 397 398 1022 
7614 1538 1022 1023 397 
7615 397 398 1022 108 
7616 397 108 1022 1023 
7617 343 374 375 1410 
7618 374 54 55 260 
7619 375 55 56 259 
7620 1410 260 259 239 
7621 374 375 1410 260 
7622 374 260 55 375 
7623 375 1410 260 259 
7624 375 259 260 55 
7625 354 377 378 1433 
7626 377 56 57 263 
7627 378 57 58 262 
7628 1433 263 262 229 
7629 377 378 1433 263 
7630 377 263 57 378 
7631 378 1433 263 262 
7632 378 262 263 57 
7633 491 532 588 1919 
7634 532 457 599 1904 
7635 588 599 477 1343 
7636 1919 1904 1343 1154 
7637 532 588 1919 1904 
7638 532 1904 599 588 
7639 588 1919 1904 1343 
7640 588 1343 1904 599 
7641 37 198 38 1535 
7642 198 47 195 1742 
7643 38 195 39 2026 
7644 1535 1742 2026 788 
7645 198 38 1535 1742 
7646 198 1742 195 38 
7647 38 1535 1742 2026 
7648 38 2026 1742 195 
7649 682 690 1983 1950 
7650 690 12 826 256 
7651 1983 826 822 1990 
7652 1950 256 1990 244 
7653 690 1983 1950 256 
7654 690 256 826 1983 
7655 1983 1950 256 1990 
7656 1983 1990 256 826 
7657 16 1020 696 832 
7658 1020 1007 1928 1963 
7659 696 1928 683 1957 
7660 832 1963 1957 821 
7661 1020 696 832 1963 
7662 1020 1963 1928 696 
7663 696 832 1963 1957 
7664 696 1957 1963 1928 
7665 680 686 1944 1995 
7666 686 11 253 503 
7667 1944 253 242 1991 
7668 1995 503 1991 498 
7669 686 1944 1995 503 
7670 686 503 253 1944 
7671 1944 1995 503 1991 
7672 1944 1991 503 253 
7673 243 251 1996 1971 
7674 251 10 824 365 
7675 1996 824 819 1987 
7676 1971 365 1987 356 
7677 251 1996 1971 365 
7678 251 365 824 1996 
7679 1996 1971 365 1987 
7680 1996 1987 365 824 
7681 241 2012 247 2022 
7682 2012 495 499 2019 
7683 247 499 9 363 
7684 2022 2019 363 358 
7685 2012 247 2022 2019 
7686 2012 2019 499 247 
7687 247 2022 2019 363 
7688 247 363 2019 499 
7689 13 368 1010 830 
7690 368 357 1940 1966 
7691 1010 1940 1006 1982 
7692 830 1966 1982 820 
7693 368 1010 830 1966 
7694 368 1966 1940 1010 
7695 1010 830 1966 1982 
7696 1010 1982 1966 1940 
7697 681 692 2016 2014 
7698 692 15 509 1017 
7699 2016 509 497 2007 
7700 2014 1017 2007 1005 
7701 692 2016 2014 1017 
7702 692 1017 509 2016 
7703 2016 2014 1017 2007 
7704 2016 2007 1017 509 
7705 1004 1917 1014 1969 
7706 1917 359 371 1961 
7707 1014 371 14 505 
7708 1969 1961 505 496 
7709 1917 1014 1969 1961 
7710 1917 1961 371 1014 
7711 1014 1969 1961 505 
7712 1014 505 1961 371 
7713 43 1891 44 193 
7714 1891 788 1743 1534 
7715 44 1743 45 196 
7716 193 1534 196 35 
7717 1891 44 193 1534 
7718 1891 1534 1743 44 
7719 44 193 1534 196 
7720 44 196 1534 1743 
7721 35 196 36 1534 
7722 196 45 197 1743 
7723 36 197 37 1535 
7724 1534 1743 1535 788 
7725 196 36 1534 1743 
7726 196 1743 197 36 
7727 36 1534 1743 1535 
7728 36 1535 1743 197 
7729 238 268 335 1708 
7730 268 241 265 2004 
7731 335 265 229 1434 
7732 1708 2004 1434 1152 
7733 268 335 1708 2004 
7734 268 2004 265 335 
7735 335 1708 2004 1434 
7736 335 1434 2004 265 
7737 340 434 406 1799 
7738 434 354 380 1413 
7739 406 380 358 2017 
7740 1799 1413 2017 1152 
7741 434 406 1799 1413 
7742 434 1413 380 406 
7743 406 1799 1413 2017 
7744 406 2017 1413 380 
7745 809 2027 1358 956 
7746 2027 43 42 2028 
7747 1358 42 6 1357 
7748 956 2028 1357 789 
7749 2027 1358 956 2028 
7750 2027 2028 42 1358 
7751 1358 956 2028 1357 
7752 1358 1357 2028 42 
7753 7 2029 1999 1634 
7754 2029 802 980 1819 
7755 1999 980 797 1767 
7756 1634 1819 1767 1121 
7757 2029 1999 1634 1819 
7758 2029 1819 980 1999 
7759 1999 1634 1819 1767 
7760 1999 1767 1819 980 
7761 801 912 909 1546 
7762 912 815 859 1976 
7763 909 859 779 1712 
7764 1546 1976 1712 1150 
7765 912 909 1546 1976 
7766 912 1976 859 909 
7767 909 1546 1976 1712 
7768 909 1712 1976 859 
7769 74 282 699 75 
7770 282 240 1402 283 
7771 699 1402 678 698 
7772 75 283 698 76 
7773 282 699 75 283 
7774 282 283 1402 699 
7775 699 75 283 698 
7776 699 698 283 1402 
7777 1003 1446 1045 1046 
7778 1446 679 738 737 
7779 1045 738 168 167 
7780 1046 737 167 166 
7781 1446 1045 1046 737 
7782 1446 737 738 1045 
7783 1045 1046 737 167 
7784 1045 167 737 738 
7785 802 2029 1816 1819 
7786 2029 7 40 1634 
7787 1816 40 39 1693 
7788 1819 1634 1693 1121 
7789 2029 1816 1819 1634 
7790 2029 1634 40 1816 
7791 1816 1819 1634 1693 
7792 1816 1693 1634 40 
7793 43 1891 193 2028 
7794 1891 788 1534 948 
7795 193 1534 35 1328 
7796 2028 948 1328 789 
7797 1891 193 2028 948 
7798 1891 948 1534 193 
7799 193 2028 948 1328 
7800 193 1328 948 1534 
7801 45 46 197 1743 
7802 46 47 198 1742 
7803 197 198 37 1535 
7804 1743 1742 1535 788 
7805 46 197 1743 1742 
7806 46 1742 198 197 
7807 197 1743 1742 1535 
7808 197 1535 1742 198 
7809 779 2025 909 1712 
7810 2025 1 1671 1271 
7811 909 1671 801 1546 
7812 1712 1271 1546 1150 
7813 2025 909 1712 1271 
7814 2025 1271 1671 909 
7815 909 1712 1271 1546 
7816 909 1546 1271 1671 
7817 788 1891 952 948 
7818 1891 43 1892 2028 
7819 952 1892 790 951 
7820 948 2028 951 789 
7821 1891 952 948 2028 
7822 1891 2028 1892 952 
7823 952 948 2028 951 
7824 952 951 2028 1892 
7825 120 537 121 413 
7826 537 493 536 1463 
7827 121 536 122 414 
7828 413 1463 414 349 
7829 537 121 413 1463 
7830 537 1463 536 121 
7831 121 413 1463 414 
7832 121 414 1463 536 
7833 102 861 101 390 
7834 861 817 860 1476 
7835 101 860 100 391 
7836 390 1476 391 338 
7837 861 101 390 1476 
7838 861 1476 860 101 
7839 101 390 1476 391 
7840 101 391 1476 860 
7841 129 546 709 130 
7842 546 492 1658 547 
7843 709 1658 663 708 
7844 130 547 708 131 
7845 546 709 130 547 
7846 546 547 1658 709 
7847 709 130 547 708 
7848 709 708 547 1658 
7849 815 855 1921 854 
7850 855 98 384 97 
7851 1921 384 339 385 
7852 854 97 385 96 
7853 855 1921 854 97 
7854 855 97 384 1921 
7855 1921 854 97 385 
7856 1921 385 97 384 
7857 816 1775 870 871 
7858 1775 669 725 724 
7859 870 725 157 156 
7860 871 724 156 155 
7861 1775 870 871 724 
7862 1775 724 725 870 
7863 870 871 724 156 
7864 870 156 724 725 
7865 116 117 407 531 
7866 117 118 408 530 
7867 407 408 345 1875 
7868 531 530 1875 491 
7869 117 407 531 530 
7870 117 530 408 407 
7871 407 531 530 1875 
7872 407 1875 530 408 
7873 161 876 731 160 
7874 876 818 1884 877 
7875 731 1884 673 730 
7876 160 877 730 159 
7877 876 731 160 877 
7878 876 877 1884 731 
7879 731 160 877 730 
7880 731 730 877 1884 
7881 81 80 823 252 
7882 80 10 824 251 
7883 823 824 819 1996 
7884 252 251 1996 243 
7885 80 823 252 251 
7886 80 251 824 823 
7887 823 252 251 1996 
7888 823 1996 251 824 
7889 173 172 1012 831 
7890 172 13 1010 830 
7891 1012 1010 1006 1982 
7892 831 830 1982 820 
7893 172 1012 831 830 
7894 172 830 1010 1012 
7895 1012 831 830 1982 
7896 1012 1982 830 1010 
7897 1007 1020 1021 1963 
7898 1020 16 184 832 
7899 1021 184 183 834 
7900 1963 832 834 821 
7901 1020 1021 1963 832 
7902 1020 832 184 1021 
7903 1021 1963 832 834 
7904 1021 834 832 184 
7905 91 827 92 258 
7906 827 822 826 1990 
7907 92 826 12 256 
7908 258 1990 256 244 
7909 827 92 258 1990 
7910 827 1990 826 92 
7911 92 258 1990 256 
7912 92 256 1990 826 
7913 7 2029 40 194 
7914 2029 802 1816 2024 
7915 40 1816 39 195 
7916 194 2024 195 47 
7917 2029 40 194 2024 
7918 2029 2024 1816 40 
7919 40 194 2024 195 
7920 40 195 2024 1816 
7921 802 2029 2030 2024 
7922 2029 7 41 194 
7923 2030 41 8 48 
7924 2024 194 48 47 
7925 2029 2030 2024 194 
7926 2029 194 41 2030 
7927 2030 2024 194 48 
7928 2030 48 194 41 
7929 133 134 552 715 
7930 134 135 553 714 
7931 552 553 494 1714 
7932 715 714 1714 662 
7933 134 552 715 714 
7934 134 714 553 552 
7935 552 715 714 1714 
7936 552 1714 714 553 
7937 27 189 28 1925 
7938 189 21 191 1520 
7939 28 191 29 2031 
7940 1925 1520 2031 792 
7941 189 28 1925 1520 
7942 189 1520 191 28 
7943 28 1925 1520 2031 
7944 28 2031 1520 191 
7945 27 189 1925 186 
7946 189 21 1520 20 
7947 1925 1520 792 1910 
7948 186 20 1910 19 
7949 189 1925 186 20 
7950 189 20 1520 1925 
7951 1925 186 20 1910 
7952 1925 1910 20 1520 
7953 150 510 151 1016 
7954 510 497 509 2007 
7955 151 509 15 1017 
7956 1016 2007 1017 1005 
7957 510 151 1016 2007 
7958 510 2007 509 151 
7959 151 1016 2007 1017 
7960 151 1017 2007 509 
7961 71 254 72 502 
7962 254 242 253 1991 
7963 72 253 11 503 
7964 502 1991 503 498 
7965 254 72 502 1991 
7966 254 1991 253 72 
7967 72 502 1991 503 
7968 72 503 1991 253 
7969 495 499 500 2012 
7970 499 9 60 247 
7971 500 60 61 249 
7972 2012 247 249 241 
7973 499 500 2012 247 
7974 499 247 60 500 
7975 500 2012 247 249 
7976 500 249 247 60 
7977 496 505 1969 507 
7978 505 14 1014 139 
7979 1969 1014 1004 1015 
7980 507 139 1015 140 
7981 505 1969 507 139 
7982 505 139 1014 1969 
7983 1969 507 139 1015 
7984 1969 1015 139 1014 
7985 29 191 30 2031 
7986 191 21 190 1520 
7987 30 190 31 1748 
7988 2031 1520 1748 792 
7989 191 30 2031 1520 
7990 191 1520 190 30 
7991 30 2031 1520 1748 
7992 30 1748 1520 190 
7993 21 22 190 1520 
7994 22 23 188 1384 
7995 190 188 31 1748 
7996 1520 1384 1748 792 
7997 22 190 1520 1384 
7998 22 1384 188 190 
7999 190 1520 1384 1748 
8000 190 1748 1384 188 
8001 802 2029 980 2030 
8002 2029 7 1999 41 
8003 980 1999 797 2032 
8004 2030 41 2032 8 
8005 2029 980 2030 41 
8006 2029 41 1999 980 
8007 980 2030 41 2032 
8008 980 2032 41 1999 
8009 793 1511 1924 963 
8010 1511 19 186 1910 
8011 1924 186 27 1925 
8012 963 1910 1925 792 
8013 1511 1924 963 1910 
8014 1511 1910 186 1924 
8015 1924 963 1910 1925 
8016 1924 1925 1910 186 
8017 242 255 253 1944 
8018 255 78 79 687 
8019 253 79 11 686 
8020 1944 687 686 680 
8021 255 253 1944 687 
8022 255 687 79 253 
8023 253 1944 687 686 
8024 253 686 687 79 
8025 359 371 372 1917 
8026 371 14 112 1014 
8027 372 112 111 1013 
8028 1917 1014 1013 1004 
8029 371 372 1917 1014 
8030 371 1014 112 372 
8031 372 1917 1014 1013 
8032 372 1013 1014 112 
8033 1005 2014 1017 1018 
8034 2014 681 692 694 
8035 1017 692 15 171 
8036 1018 694 171 170 
8037 2014 1017 1018 694 
8038 2014 694 692 1017 
8039 1017 1018 694 171 
8040 1017 171 694 692 
8041 821 1957 832 833 
8042 1957 683 696 695 
8043 832 696 16 164 
8044 833 695 164 163 
8045 1957 832 833 695 
8046 1957 695 696 832 
8047 832 833 695 164 
8048 832 164 695 696 
8049 822 828 826 1983 
8050 828 153 152 691 
8051 826 152 12 690 
8052 1983 691 690 682 
8053 828 826 1983 691 
8054 828 691 152 826 
8055 826 1983 691 690 
8056 826 690 691 152 
8057 680 686 1995 688 
8058 686 11 503 126 
8059 1995 503 498 504 
8060 688 126 504 127 
8061 686 1995 688 126 
8062 686 126 503 1995 
8063 1995 688 126 504 
8064 1995 504 126 503 
8065 497 508 509 2016 
8066 508 137 138 693 
8067 509 138 15 692 
8068 2016 693 692 681 
8069 508 509 2016 693 
8070 508 693 138 509 
8071 509 2016 693 692 
8072 509 692 693 138 
8073 241 247 248 2022 
8074 247 9 59 363 
8075 248 59 58 362 
8076 2022 363 362 358 
8077 247 248 2022 363 
8078 247 363 59 248 
8079 248 2022 363 362 
8080 248 362 363 59 
8081 357 370 368 1940 
8082 370 107 106 1011 
8083 368 106 13 1010 
8084 1940 1011 1010 1006 
8085 370 368 1940 1011 
8086 370 1011 106 368 
8087 368 1940 1011 1010 
8088 368 1010 1011 106 
8089 243 250 251 1971 
8090 250 54 53 366 
8091 251 53 10 365 
8092 1971 366 365 356 
8093 250 251 1971 366 
8094 250 366 53 251 
8095 251 1971 366 365 
8096 251 365 366 53 
8097 244 1950 256 257 
8098 1950 682 690 689 
8099 256 690 12 73 
8100 257 689 73 74 
8101 1950 256 257 689 
8102 1950 689 690 256 
8103 256 257 689 73 
8104 256 73 689 690 
8105 792 2031 1925 960 
8106 2031 29 28 2033 
8107 1925 28 27 1926 
8108 960 2033 1926 790 
8109 2031 1925 960 2033 
8110 2031 2033 28 1925 
8111 1925 960 2033 1926 
8112 1925 1926 2033 28 
8113 495 501 499 2019 
8114 501 114 113 364 
8115 499 113 9 363 
8116 2019 364 363 358 
8117 501 499 2019 364 
8118 501 364 113 499 
8119 499 2019 364 363 
8120 499 363 364 113 
8121 794 1363 965 1749 
8122 1363 23 1384 188 
8123 965 1384 792 1748 
8124 1749 188 1748 31 
8125 1363 965 1749 188 
8126 1363 188 1384 965 
8127 965 1749 188 1748 
8128 965 1748 188 1384 
8129 94 825 93 367 
8130 825 819 824 1987 
8131 93 824 10 365 
8132 367 1987 365 356 
8133 825 93 367 1987 
8134 825 1987 824 93 
8135 93 367 1987 365 
8136 93 365 1987 824 
8137 1007 1019 1020 1928 
8138 1019 166 165 697 
8139 1020 165 16 696 
8140 1928 697 696 683 
8141 1019 1020 1928 697 
8142 1019 697 165 1020 
8143 1020 1928 697 696 
8144 1020 696 697 165 
8145 31 30 1748 1750 
8146 30 29 2031 2034 
8147 1748 2031 792 961 
8148 1750 2034 961 791 
8149 30 1748 1750 2034 
8150 30 2034 2031 1748 
8151 1748 1750 2034 961 
8152 1748 961 2034 2031 
8153 357 368 369 1966 
8154 368 13 105 830 
8155 369 105 104 829 
8156 1966 830 829 820 
8157 368 369 1966 830 
8158 368 830 105 369 
8159 369 1966 830 829 
8160 369 829 830 105 
8161 496 1961 505 506 
8162 1961 359 371 373 
8163 505 371 14 125 
8164 506 373 125 124 
8165 1961 505 506 373 
8166 1961 373 371 505 
8167 505 506 373 125 
8168 505 125 373 371 
8169 6 42 192 1357 
8170 42 43 193 2028 
8171 192 193 35 1328 
8172 1357 2028 1328 789 
8173 42 192 1357 2028 
8174 42 2028 193 192 
8175 192 1357 2028 1328 
8176 192 1328 2028 193 
8177 6 192 33 1357 
8178 192 35 34 1328 
8179 33 34 5 1327 
8180 1357 1328 1327 789 
8181 192 33 1357 1328 
8182 192 1328 34 33 
8183 33 1357 1328 1327 
8184 33 1327 1328 34 
8185 7 41 1879 1999 
8186 41 8 2035 2032 
8187 1879 2035 780 919 
8188 1999 2032 919 797 
8189 41 1879 1999 2032 
8190 41 2032 2035 1879 
8191 1879 1999 2032 919 
8192 1879 919 2032 2035 
8193 801 2036 1671 909 
8194 2036 2 17 2037 
8195 1671 17 1 2025 
8196 909 2037 2025 779 
8197 2036 1671 909 2037 
8198 2036 2037 17 1671 
8199 1671 909 2037 2025 
8200 1671 2025 2037 17 
8201 796 1814 2038 918 
8202 1814 3 25 1604 
8203 2038 25 4 2039 
8204 918 1604 2039 780 
8205 1814 2038 918 1604 
8206 1814 1604 25 2038 
8207 2038 918 1604 2039 
8208 2038 2039 1604 25 
8209 1 17 1671 1321 
8210 17 2 2036 2040 
8211 1671 2036 801 976 
8212 1321 2040 976 793 
8213 17 1671 1321 2040 
8214 17 2040 2036 1671 
8215 1671 1321 2040 976 
8216 1671 976 2040 2036 
8217 789 1327 1357 959 
8218 1327 5 33 1580 
8219 1357 33 6 1359 
8220 959 1580 1359 807 
8221 1327 1357 959 1580 
8222 1327 1580 33 1357 
8223 1357 959 1580 1359 
8224 1357 1359 1580 33 
8225 3 25 1955 1814 
8226 25 4 2041 2038 
8227 1955 2041 794 977 
8228 1814 2038 977 796 
8229 25 1955 1814 2038 
8230 25 2038 2041 1955 
8231 1955 1814 2038 977 
8232 1955 977 2038 2041 
8233 2 185 2040 17 
8234 185 19 1511 18 
8235 2040 1511 793 1321 
8236 17 18 1321 1 
8237 185 2040 17 18 
8238 185 18 1511 2040 
8239 2040 17 18 1321 
8240 2040 1321 18 1511 
8241 794 1955 1749 2041 
8242 1955 3 187 25 
8243 1749 187 31 32 
8244 2041 25 32 4 
8245 1955 1749 2041 25 
8246 1955 25 187 1749 
8247 1749 2041 25 32 
8248 1749 32 25 187 
8249 6 33 2042 1359 
8250 33 5 1848 1580 
8251 2042 1848 779 913 
8252 1359 1580 913 807 
8253 33 2042 1359 1580 
8254 33 1580 1848 2042 
8255 2042 1359 1580 913 
8256 2042 913 1580 1848 
8257 19 185 1511 186 
8258 185 2 2040 26 
8259 1511 2040 793 1924 
8260 186 26 1924 27 
8261 185 1511 186 26 
8262 185 26 2040 1511 
8263 1511 186 26 1924 
8264 1511 1924 26 2040 
8265 23 1363 24 188 
8266 1363 794 1955 1749 
8267 24 1955 3 187 
8268 188 1749 187 31 
8269 1363 24 188 1749 
8270 1363 1749 1955 24 
8271 24 188 1749 187 
8272 24 187 1749 1955 
8273 2 26 2044 2040 
8274 26 27 2043 1924 
8275 2044 2043 809 964 
8276 2040 1924 964 793 
8277 26 2044 2040 1924 
8278 26 1924 2043 2044 
8279 2044 2040 1924 964 
8280 2044 964 1924 2043 
8281 8 51 200 2035 
8282 51 4 25 2039 
8283 200 25 3 1604 
8284 2035 2039 1604 780 
8285 51 200 2035 2039 
8286 51 2039 25 200 
8287 200 2035 2039 1604 
8288 200 1604 2039 25 
8289 8 200 41 2035 
8290 200 3 52 1604 
8291 41 52 7 1879 
8292 2035 1604 1879 780 
8293 200 41 2035 1604 
8294 200 1604 52 41 
8295 41 2035 1604 1879 
8296 41 1879 1604 52 
8297 6 199 49 2042 
8298 199 1 17 2025 
8299 49 17 2 2037 
8300 2042 2025 2037 779 
8301 199 49 2042 2025 
8302 199 2025 17 49 
8303 49 2042 2025 2037 
8304 49 2037 2025 17 
8305 6 33 199 2042 
8306 33 5 50 1848 
8307 199 50 1 2025 
8308 2042 1848 2025 779 
8309 33 199 2042 1848 
8310 33 1848 50 199 
8311 199 2042 1848 2025 
8312 199 2025 1848 50 
8313 790 1926 962 957 
8314 1926 27 1924 2043 
8315 962 1924 793 964 
8316 957 2043 964 809 
8317 1926 962 957 2043 
8318 1926 2043 1924 962 
8319 962 957 2043 964 
8320 962 964 2043 1924 
8321 31 209 30 1750 
8322 209 45 210 1744 
8323 30 210 29 2034 
8324 1750 1744 2034 791 
8325 209 30 1750 1744 
8326 209 1744 210 30 
8327 30 1750 1744 2034 
8328 30 2034 1744 210 
8329 31 211 209 1750 
8330 211 47 46 1745 
8331 209 46 45 1744 
8332 1750 1745 1744 791 
8333 211 209 1750 1745 
8334 211 1745 46 209 
8335 209 1750 1745 1744 
8336 209 1744 1745 46 
8337 791 1744 2034 953 
8338 1744 45 210 1893 
8339 2034 210 29 2033 
8340 953 1893 2033 790 
8341 1744 2034 953 1893 
8342 1744 1893 210 2034 
8343 2034 953 1893 2033 
8344 2034 2033 1893 210 
8345 29 2031 2034 2033 
8346 2031 792 961 960 
8347 2034 961 791 953 
8348 2033 960 953 790 
8349 2031 2034 2033 960 
8350 2031 960 961 2034 
8351 2034 2033 960 953 
8352 2034 953 960 961 
8353 809 2027 2043 1358 
8354 2027 43 206 42 
8355 2043 206 27 202 
8356 1358 42 202 6 
8357 2027 2043 1358 42 
8358 2027 42 206 2043 
8359 2043 1358 42 202 
8360 2043 202 42 206 
8361 43 208 1892 206 
8362 208 29 2033 28 
8363 1892 2033 790 1926 
8364 206 28 1926 27 
8365 208 1892 206 28 
8366 208 28 2033 1892 
8367 1892 206 28 1926 
8368 1892 1926 28 2033 
8369 2 2036 2040 2044 
8370 2036 801 976 910 
8371 2040 976 793 964 
8372 2044 910 964 809 
8373 2036 2040 2044 910 
8374 2036 910 976 2040 
8375 2040 2044 910 964 
8376 2040 964 910 976 
8377 27 202 26 2043 
8378 202 6 49 1358 
8379 26 49 2 2044 
8380 2043 1358 2044 809 
8381 202 26 2043 1358 
8382 202 1358 49 26 
8383 26 2043 1358 2044 
8384 26 2044 1358 49 
8385 6 49 1358 2042 
8386 49 2 2044 2037 
8387 1358 2044 809 911 
8388 2042 2037 911 779 
8389 49 1358 2042 2037 
8390 49 2037 2044 1358 
8391 1358 2042 2037 911 
8392 1358 911 2037 2044 
8393 2 2036 2044 2037 
8394 2036 801 910 909 
8395 2044 910 809 911 
8396 2037 909 911 779 
8397 2036 2044 2037 909 
8398 2036 909 910 2044 
8399 2044 2037 909 911 
8400 2044 911 909 910 
8401 45 1744 1743 1893 
8402 1744 791 954 953 
8403 1743 954 788 952 
8404 1893 953 952 790 
8405 1744 1743 1893 953 
8406 1744 953 954 1743 
8407 1743 1893 953 952 
8408 1743 952 953 954 
8409 795 2045 2046 1974 
8410 2045 31 211 205 
8411 2046 211 47 207 
8412 1974 205 207 201 
8413 2045 2046 1974 205 
8414 2045 205 211 2046 
8415 2046 1974 205 207 
8416 2046 207 205 211 
8417 809 2027 957 2043 
8418 2027 43 1892 206 
8419 957 1892 790 1926 
8420 2043 206 1926 27 
8421 2027 957 2043 206 
8422 2027 206 1892 957 
8423 957 2043 206 1926 
8424 957 1926 206 1892 
8425 8 2032 2030 1975 
8426 2032 797 980 920 
8427 2030 980 802 969 
8428 1975 920 969 795 
8429 2032 2030 1975 920 
8430 2032 920 980 2030 
8431 2030 1975 920 969 
8432 2030 969 920 980 
8433 780 2039 918 916 
8434 2039 4 2038 1973 
8435 918 2038 796 917 
8436 916 1973 917 795 
8437 2039 918 916 1973 
8438 2039 1973 2038 918 
8439 918 916 1973 917 
8440 918 917 1973 2038 
8441 795 969 2046 968 
8442 969 802 2024 955 
8443 2046 2024 47 1745 
8444 968 955 1745 791 
8445 969 2046 968 955 
8446 969 955 2024 2046 
8447 2046 968 955 1745 
8448 2046 1745 955 2024 
8449 8 2035 2032 1975 
8450 2035 780 919 916 
8451 2032 919 797 920 
8452 1975 916 920 795 
8453 2035 2032 1975 916 
8454 2035 916 919 2032 
8455 2032 1975 916 920 
8456 2032 920 916 919 
8457 796 2038 977 917 
8458 2038 4 2041 1973 
8459 977 2041 794 967 
8460 917 1973 967 795 
8461 2038 977 917 1973 
8462 2038 1973 2041 977 
8463 977 917 1973 967 
8464 977 967 1973 2041 
8465 8 51 2035 1975 
8466 51 4 2039 1973 
8467 2035 2039 780 916 
8468 1975 1973 916 795 
8469 51 2035 1975 1973 
8470 51 1973 2039 2035 
8471 2035 1975 1973 916 
8472 2035 916 1973 2039 
8473 795 2046 2045 968 
8474 2046 47 211 1745 
8475 2045 211 31 1750 
8476 968 1745 1750 791 
8477 2046 2045 968 1745 
8478 2046 1745 211 2045 
8479 2045 968 1745 1750 
8480 2045 1750 1745 211 
8481 31 1749 2045 1750 
8482 1749 794 967 966 
8483 2045 967 795 968 
8484 1750 966 968 791 
8485 1749 2045 1750 966 
8486 1749 966 967 2045 
8487 2045 1750 966 968 
8488 2045 968 966 967 
8489 45 44 210 1893 
8490 44 43 208 1892 
8491 210 208 29 2033 
8492 1893 1892 2033 790 
8493 44 210 1893 1892 
8494 44 1892 208 210 
8495 210 1893 1892 2033 
8496 210 2033 1892 208 
8497 779 911 2042 913 
8498 911 809 1358 914 
8499 2042 1358 6 1359 
8500 913 914 1359 807 
8501 911 2042 913 914 
8502 911 914 1358 2042 
8503 2042 913 914 1359 
8504 2042 1359 914 1358 
8505 43 2027 1892 2028 
8506 2027 809 957 956 
8507 1892 957 790 951 
8508 2028 956 951 789 
8509 2027 1892 2028 956 
8510 2027 956 957 1892 
8511 1892 2028 956 951 
8512 1892 951 956 957 
8513 1134 1264 1643 1331 
8514 1264 471 1212 645 
8515 1643 1212 1126 1705 
8516 1331 645 1705 478 
8517 1264 1643 1331 645 
8518 1264 645 1212 1643 
8519 1643 1331 645 1705 
8520 1643 1705 645 1212 
8521 1134 1643 1264 1228 
8522 1643 1126 1212 1211 
8523 1264 1212 471 1210 
8524 1228 1211 1210 1101 
8525 1643 1264 1228 1211 
8526 1643 1211 1212 1264 
8527 1264 1228 1211 1210 
8528 1264 1210 1211 1212 
8529 1111 1495 1165 1167 
8530 1495 1151 2047 1697 
8531 1165 2047 476 1166 
8532 1167 1697 1166 1136 
8533 1495 1165 1167 1697 
8534 1495 1697 2047 1165 
8535 1165 1167 1697 1166 
8536 1165 1166 1697 2047 
8537 1111 1165 1495 1654 
8538 1165 476 2047 650 
8539 1495 2047 1151 1751 
8540 1654 650 1751 475 
8541 1165 1495 1654 650 
8542 1165 650 2047 1495 
8543 1495 1654 650 1751 
8544 1495 1751 650 2047 
8545 469 651 1948 1183 
8546 651 476 2047 1166 
8547 1948 2047 1151 1697 
8548 1183 1166 1697 1136 
8549 651 1948 1183 1166 
8550 651 1166 2047 1948 
8551 1948 1183 1166 1697 
8552 1948 1697 1166 2047 
8553 469 1948 651 647 
8554 1948 1151 2047 1751 
8555 651 2047 476 650 
8556 647 1751 650 475 
8557 1948 651 647 1751 
8558 1948 1751 2047 651 
8559 651 647 1751 650 
8560 651 650 1751 2047 
8561 987 1220 1075 1034 
8562 1220 1118 1623 1283 
8563 1075 1623 996 1076 
8564 1034 1283 1076 1001 
8565 1220 1075 1034 1283 
8566 1220 1283 1623 1075 
8567 1075 1034 1283 1076 
8568 1075 1076 1283 1623 
8569 996 1623 1075 1806 
8570 1623 1118 1220 1221 
8571 1075 1220 987 1217 
8572 1806 1221 1217 1113 
8573 1623 1075 1806 1221 
8574 1623 1221 1220 1075 
8575 1075 1806 1221 1217 
8576 1075 1217 1221 1220 
8577 1118 1625 1221 1623 
8578 1625 1149 1795 1624 
8579 1221 1795 1113 1806 
8580 1623 1624 1806 996 
8581 1625 1221 1623 1624 
8582 1625 1624 1795 1221 
8583 1221 1623 1624 1806 
8584 1221 1806 1624 1795 
8585 1113 1795 1221 1289 
8586 1795 1149 1625 1503 
8587 1221 1625 1118 1292 
8588 1289 1503 1292 1105 
8589 1795 1221 1289 1503 
8590 1795 1503 1625 1221 
8591 1221 1289 1503 1292 
8592 1221 1292 1503 1625 
8593 1144 1614 2048 1544 
8594 1614 685 762 773 
8595 2048 762 674 748 
8596 1544 773 748 676 
8597 1614 2048 1544 773 
8598 1614 773 762 2048 
8599 2048 1544 773 748 
8600 2048 748 773 762 
8601 674 762 2048 1596 
8602 762 685 1614 1595 
8603 2048 1614 1144 1429 
8604 1596 1595 1429 1107 
8605 762 2048 1596 1595 
8606 762 1595 1614 2048 
8607 2048 1596 1595 1429 
8608 2048 1429 1595 1614 
8609 674 1652 2048 748 
8610 1652 1130 1431 1543 
8611 2048 1431 1144 1544 
8612 748 1543 1544 676 
8613 1652 2048 748 1543 
8614 1652 1543 1431 2048 
8615 2048 748 1543 1544 
8616 2048 1544 1543 1431 
8617 1144 1431 2048 1429 
8618 1431 1130 1652 1426 
8619 2048 1652 674 1596 
8620 1429 1426 1596 1107 
8621 1431 2048 1429 1426 
8622 1431 1426 1652 2048 
8623 2048 1429 1426 1596 
8624 2048 1596 1426 1652 
8625 355 1882 1496 1881 
8626 1882 1002 1539 1027 
8627 1496 1539 1118 1550 
8628 1881 1027 1550 992 
8629 1882 1496 1881 1027 
8630 1882 1027 1539 1496 
8631 1496 1881 1027 1550 
8632 1496 1550 1027 1539 
8633 1118 1539 1496 1497 
8634 1539 1002 1882 1538 
8635 1496 1882 355 402 
8636 1497 1538 402 344 
8637 1539 1496 1497 1538 
8638 1539 1538 1882 1496 
8639 1496 1497 1538 402 
8640 1496 402 1538 1882 
8641 338 1560 391 392 
8642 1560 779 858 1573 
8643 391 858 100 387 
8644 392 1573 387 351 
8645 1560 391 392 1573 
8646 1560 1573 858 391 
8647 391 392 1573 387 
8648 391 387 1573 858 
8649 338 391 1560 1476 
8650 391 100 858 860 
8651 1560 858 779 862 
8652 1476 860 862 817 
8653 391 1560 1476 860 
8654 391 860 858 1560 
8655 1560 1476 860 862 
8656 1560 862 860 858 
8657 1131 1465 1683 1559 
8658 1465 493 591 538 
8659 1683 591 483 590 
8660 1559 538 590 455 
8661 1465 1683 1559 538 
8662 1465 538 591 1683 
8663 1683 1559 538 590 
8664 1683 590 538 591 
8665 1131 1683 1465 1467 
8666 1683 483 591 1685 
8667 1465 591 493 1466 
8668 1467 1685 1466 1145 
8669 1683 1465 1467 1685 
8670 1683 1685 591 1465 
8671 1465 1467 1685 1466 
8672 1465 1466 1685 591 
8673 1151 1570 1696 1568 
8674 1570 1132 2049 1214 
8675 1696 2049 468 1695 
8676 1568 1214 1695 1126 
8677 1570 1696 1568 1214 
8678 1570 1214 2049 1696 
8679 1696 1568 1214 1695 
8680 1696 1695 1214 2049 
8681 1151 1696 1570 1826 
8682 1696 468 2049 642 
8683 1570 2049 1132 1593 
8684 1826 642 1593 470 
8685 1696 1570 1826 642 
8686 1696 642 2049 1570 
8687 1570 1826 642 1593 
8688 1570 1593 642 2049 
8689 467 636 1518 1517 
8690 636 468 2049 1695 
8691 1518 2049 1132 1214 
8692 1517 1695 1214 1126 
8693 636 1518 1517 1695 
8694 636 1695 2049 1518 
8695 1518 1517 1695 1214 
8696 1518 1214 1695 2049 
8697 467 1518 636 641 
8698 1518 1132 2049 1593 
8699 636 2049 468 642 
8700 641 1593 642 470 
8701 1518 636 641 1593 
8702 1518 1593 2049 636 
8703 636 641 1593 642 
8704 636 642 1593 2049 
8705 47 2046 48 2024 
8706 2046 795 1975 969 
8707 48 1975 8 2030 
8708 2024 969 2030 802 
8709 2046 48 2024 969 
8710 2046 969 1975 48 
8711 48 2024 969 2030 
8712 48 2030 969 1975 
8713 8 1975 48 203 
8714 1975 795 2046 1974 
8715 48 2046 47 207 
8716 203 1974 207 201 
8717 1975 48 203 1974 
8718 1975 1974 2046 48 
8719 48 203 1974 207 
8720 48 207 1974 2046 
8721 4 1973 32 2041 
8722 1973 795 2045 967 
8723 32 2045 31 1749 
8724 2041 967 1749 794 
8725 1973 32 2041 967 
8726 1973 967 2045 32 
8727 32 2041 967 1749 
8728 32 1749 967 2045 
8729 4 32 1973 204 
8730 32 31 2045 205 
8731 1973 2045 795 1974 
8732 204 205 1974 201 
8733 32 1973 204 205 
8734 32 205 2045 1973 
8735 1973 204 205 1974 
8736 1973 1974 205 2045 
8737 1155 1812 1645 1813 
8738 1812 999 1360 1375 
8739 1645 1360 1108 1376 
8740 1813 1375 1376 1122 
8741 1812 1645 1813 1375 
8742 1812 1375 1360 1645 
8743 1645 1813 1375 1376 
8744 1645 1376 1375 1360 
8745 1155 1645 1812 1781 
8746 1645 1108 1360 1316 
8747 1812 1360 999 1094 
8748 1781 1316 1094 998 
8749 1645 1812 1781 1316 
8750 1645 1316 1360 1812 
8751 1812 1781 1316 1094 
8752 1812 1094 1316 1360 
8753 1142 1409 1267 1262 
8754 1409 1147 1425 1356 
8755 1267 1425 1113 1422 
8756 1262 1356 1422 1102 
8757 1409 1267 1262 1356 
8758 1409 1356 1425 1267 
8759 1267 1262 1356 1422 
8760 1267 1422 1356 1425 
8761 1113 1425 1267 1302 
8762 1425 1147 1409 1421 
8763 1267 1409 1142 1332 
8764 1302 1421 1332 1108 
8765 1425 1267 1302 1421 
8766 1425 1421 1409 1267 
8767 1267 1302 1421 1332 
8768 1267 1332 1421 1409 
8769 1121 1633 1766 1634 
8770 1633 3 1525 52 
8771 1766 1525 1116 1880 
8772 1634 52 1880 7 
8773 1633 1766 1634 52 
8774 1633 52 1525 1766 
8775 1766 1634 52 1880 
8776 1766 1880 52 1525 
8777 1121 1766 1633 1673 
8778 1766 1116 1525 1524 
8779 1633 1525 3 1353 
8780 1673 1524 1353 1110 
8781 1766 1633 1673 1524 
8782 1766 1524 1525 1633 
8783 1633 1673 1524 1353 
8784 1633 1353 1524 1525 
8785 789 1396 947 948 
8786 1396 1147 1831 1536 
8787 947 1831 787 942 
8788 948 1536 942 788 
8789 1396 947 948 1536 
8790 1396 1536 1831 947 
8791 947 948 1536 942 
8792 947 942 1536 1831 
8793 787 1831 947 1898 
8794 1831 1147 1396 1320 
8795 947 1396 789 1329 
8796 1898 1320 1329 1140 
8797 1831 947 1898 1320 
8798 1831 1320 1396 947 
8799 947 1898 1320 1329 
8800 947 1329 1320 1396 
8801 1150 1965 1851 1976 
8802 1965 98 384 855 
8803 1851 384 339 1921 
8804 1976 855 1921 815 
8805 1965 1851 1976 855 
8806 1965 855 384 1851 
8807 1851 1976 855 1921 
8808 1851 1921 855 384 
8809 1150 1851 1965 1649 
8810 1851 339 384 389 
8811 1965 384 98 388 
8812 1649 389 388 351 
8813 1851 1965 1649 389 
8814 1851 389 384 1965 
8815 1965 1649 389 388 
8816 1965 388 389 384 
8817 802 1824 1816 944 
8818 1824 1147 2050 1536 
8819 1816 2050 39 2026 
8820 944 1536 2026 788 
8821 1824 1816 944 1536 
8822 1824 1536 2050 1816 
8823 1816 944 1536 2026 
8824 1816 2026 1536 2050 
8825 802 1816 1824 1818 
8826 1816 39 2050 1817 
8827 1824 2050 1147 1555 
8828 1818 1817 1555 1117 
8829 1816 1824 1818 1817 
8830 1816 1817 2050 1824 
8831 1824 1818 1817 1555 
8832 1824 1555 1817 2050 
8833 37 38 1348 1535 
8834 38 39 2050 2026 
8835 1348 2050 1147 1536 
8836 1535 2026 1536 788 
8837 38 1348 1535 2026 
8838 38 2026 2050 1348 
8839 1348 1535 2026 1536 
8840 1348 1536 2026 2050 
8841 37 1348 38 1554 
8842 1348 1147 2050 1555 
8843 38 2050 39 1817 
8844 1554 1555 1817 1117 
8845 1348 38 1554 1555 
8846 1348 1555 2050 38 
8847 38 1554 1555 1817 
8848 38 1817 1555 2050 
8849 1144 2015 1430 2008 
8850 2015 137 556 508 
8851 1430 556 488 558 
8852 2008 508 558 497 
8853 2015 1430 2008 508 
8854 2015 508 556 1430 
8855 1430 2008 508 558 
8856 1430 558 508 556 
8857 1144 1430 2015 1544 
8858 1430 488 556 1542 
8859 2015 556 137 717 
8860 1544 1542 717 676 
8861 1430 2015 1544 1542 
8862 1430 1542 556 2015 
8863 2015 1544 1542 717 
8864 2015 717 1542 556 
8865 1152 2018 1897 2013 
8866 2018 114 528 501 
8867 1897 528 457 529 
8868 2013 501 529 495 
8869 2018 1897 2013 501 
8870 2018 501 528 1897 
8871 1897 2013 501 529 
8872 1897 529 501 528 
8873 1152 1897 2018 1799 
8874 1897 457 528 1938 
8875 2018 528 114 404 
8876 1799 1938 404 340 
8877 1897 2018 1799 1938 
8878 1897 1938 528 2018 
8879 2018 1799 1938 404 
8880 2018 404 1938 528 
$EndElements
