$MeshFormat
4.1 0 8
$EndMeshFormat
$Entities
2 3 3 1
1 0.5 -1.224606353822377e-16 2 0 
2 0.5 -1.224606353822377e-16 0 0 
1 -0.5000000999999999 -0.5000000999999999 1.9999999 0.5000000999999999 0.5000000999999999 2.0000001 0 2 1 -1 
2 0.4999999 -1.000000001224606e-07 -9.999999994736442e-08 0.5000000999999999 9.999999987753936e-08 2.0000001 0 2 2 -1 
3 -0.5000000999999999 -0.5000000999999999 -1e-07 0.5000000999999999 0.5000000999999999 1e-07 0 2 2 -2 
1 -0.5000000999999999 -0.5000000999999999 -9.999999994736442e-08 0.5000000999999999 0.5000000999999999 2.0000001 0 4 -1 -2 3 2 
2 -0.5000000999999999 -0.5000000999999999 1.9999999 0.5000000999999999 0.5000000999999999 2.0000001 0 1 1 
3 -0.5000000999999999 -0.5000000999999999 -1e-07 0.5000000999999999 0.5000000999999999 1e-07 0 1 3 
1 -0.5000000999999999 -0.5000000999999999 -9.999999994736442e-08 0.5000000999999999 0.5000000999999999 2.0000001 0 3 1 2 -3 
$EndEntities
$Nodes
9 1339 1 1339
0 1 0 1
1
0.5 -1.224606353822377e-16 2
0 2 0 1
2
0.5 -1.224606353822377e-16 0
1 1 0 25
3
4
5
6
7
8
9
10
11
12
13
14
15
16
17
18
19
20
21
22
23
24
25
26
27
0.4427280128266052 0.2323615860218839 2
0.2840323733655785 0.4114919329468278 2
0.06026834012766304 0.4963544370490268 2
-0.1773024435212657 0.4675081213427082 2
-0.3742553740855493 0.3315613291203991 2
-0.4854709087130256 0.1196578321437806 2
-0.4854709087130263 -0.1196578321437776 2
-0.3742553740855514 -0.3315613291203967 2
-0.1773024435212692 -0.4675081213427069 2
0.06026834012766072 -0.4963544370490271 2
0.2840323733655774 -0.4114919329468285 2
0.4427280128266048 -0.2323615860218846 2
0.4854709087130261 0.1196578321437787 2
0.3742553740855509 0.3315613291203972 2
0.1773024435212688 0.467508121342707 2
-0.06026834012765968 0.4963544370490272 2
-0.2840323733655762 0.4114919329468294 2
-0.4427280128266041 0.2323615860218859 2
-0.5 1.393497947241307e-15 2
-0.4427280128266056 -0.232361586021883 2
-0.284032373365579 -0.4114919329468274 2
-0.06026834012766267 -0.4963544370490269 2
0.177302443521267 -0.4675081213427077 2
0.3742553740855504 -0.3315613291203978 2
0.4854709087130259 -0.1196578321437793 2
1 2 0 17
28
29
30
31
32
33
34
35
36
37
38
39
40
41
42
43
44
0.5 -1.224606353822377e-16 0.2222222222222227
0.5 -1.224606353822377e-16 0.444444444444445
0.5 -1.224606353822377e-16 0.6666666666666681
0.5 -1.224606353822377e-16 0.8888888888888911
0.5 -1.224606353822377e-16 1.111111111111113
0.5 -1.224606353822377e-16 1.333333333333335
0.5 -1.224606353822377e-16 1.555555555555556
0.5 -1.224606353822377e-16 1.777777777777778
0.5 -1.224606353822377e-16 0.1111111111111113
0.5 -1.224606353822377e-16 0.3333333333333339
0.5 -1.224606353822377e-16 0.5555555555555566
0.5 -1.224606353822377e-16 0.7777777777777796
0.5 -1.224606353822377e-16 1.000000000000002
0.5 -1.224606353822377e-16 1.222222222222224
0.5 -1.224606353822377e-16 1.444444444444446
0.5 -1.224606353822377e-16 1.666666666666667
0.5 -1.224606353822377e-16 1.888888888888889
1 3 0 25
45
46
47
48
49
50
51
52
53
54
55
56
57
58
59
60
61
62
63
64
65
66
67
68
69
0.4427280128266052 0.2323615860218839 0
0.2840323733655785 0.4114919329468278 0
0.06026834012766304 0.4963544370490268 0
-0.1773024435212657 0.4675081213427082 0
-0.3742553740855493 0.3315613291203991 0
-0.4854709087130256 0.1196578321437806 0
-0.4854709087130263 -0.1196578321437776 0
-0.3742553740855514 -0.3315613291203967 0
-0.1773024435212692 -0.4675081213427069 0
0.06026834012766072 -0.4963544370490271 0
0.2840323733655774 -0.4114919329468285 0
0.4427280128266048 -0.2323615860218846 0
0.4854709087130261 0.1196578321437787 0
0.3742553740855509 0.3315613291203972 0
0.1773024435212688 0.467508121342707 0
-0.06026834012765968 0.4963544370490272 0
-0.2840323733655762 0.4114919329468294 0
-0.4427280128266041 0.2323615860218859 0
-0.5 1.393497947241307e-15 0
-0.4427280128266056 -0.232361586021883 0
-0.284032373365579 -0.4114919329468274 0
-0.06026834012766267 -0.4963544370490269 0
0.177302443521267 -0.4675081213427077 0
0.3742553740855504 -0.3315613291203978 0
0.4854709087130259 -0.1196578321437793 0
2 1 0 533
70
71
72
73
74
75
76
77
78
79
80
81
82
83
84
85
86
87
88
89
90
91
92
93
94
95
96
97
98
99
100
101
102
103
104
105
106
107
108
109
110
111
112
113
114
115
116
117
118
119
120
121
122
123
124
125
126
127
128
129
130
131
132
133
134
135
136
137
138
139
140
141
142
143
144
145
146
147
148
149
150
151
152
153
154
155
156
157
158
159
160
161
162
163
164
165
166
167
168
169
170
171
172
173
174
175
176
177
178
179
180
181
182
183
184
185
186
187
188
189
190
191
192
193
194
195
196
197
198
199
200
201
202
203
204
205
206
207
208
209
210
211
212
213
214
215
216
217
218
219
220
221
222
223
224
225
226
227
228
229
230
231
232
233
234
235
236
237
238
239
240
241
242
243
244
245
246
247
248
249
250
251
252
253
254
255
256
257
258
259
260
261
262
263
264
265
266
267
268
269
270
271
272
273
274
275
276
277
278
279
280
281
282
283
284
285
286
287
288
289
290
291
292
293
294
295
296
297
298
299
300
301
302
303
304
305
306
307
308
309
310
311
312
313
314
315
316
317
318
319
320
321
322
323
324
325
326
327
328
329
330
331
332
333
334
335
336
337
338
339
340
341
342
343
344
345
346
347
348
349
350
351
352
353
354
355
356
357
358
359
360
361
362
363
364
365
366
367
368
369
370
371
372
373
374
375
376
377
378
379
380
381
382
383
384
385
386
387
388
389
390
391
392
393
394
395
396
397
398
399
400
401
402
403
404
405
406
407
408
409
410
411
412
413
414
415
416
417
418
419
420
421
422
423
424
425
426
427
428
429
430
431
432
433
434
435
436
437
438
439
440
441
442
443
444
445
446
447
448
449
450
451
452
453
454
455
456
457
458
459
460
461
462
463
464
465
466
467
468
469
470
471
472
473
474
475
476
477
478
479
480
481
482
483
484
485
486
487
488
489
490
491
492
493
494
495
496
497
498
499
500
501
502
503
504
505
506
507
508
509
510
511
512
513
514
515
516
517
518
519
520
521
522
523
524
525
526
527
528
529
530
531
532
533
534
535
536
537
538
539
540
541
542
543
544
545
546
547
548
549
550
551
552
553
554
555
556
557
558
559
560
561
562
563
564
565
566
567
568
569
570
571
572
573
574
575
576
577
578
579
580
581
582
583
584
585
586
587
588
589
590
591
592
593
594
595
596
597
598
599
600
601
602
0.4637363515456336 -0.1869454365721307 1.000051976286435
0.4626527759549446 0.189611204577113 1.000646413388024
-0.4390046138570237 -0.2393218523500216 1.780601354183273
-0.4405233582393999 0.2365146313560355 0.1913425526825958
-0.2840323733655762 0.4114919329468294 1.793256448984667
-0.2944315522567927 -0.4041163954056499 0.2099673525283936
0.4629629629629663 0.1888525745775023 0.5555555555555566
0.4628182592105036 0.1892069209658016 1.459111201808175
0.4639763542761178 -0.1863489808736352 1.444511734086426
0.4645665919453345 -0.1848726092429518 0.5557943286798428
-0.07403376436470149 -0.4944886264960923 1.795552299982989
-0.06329885610023986 0.4959770708575157 0.2046433893021335
0.1773024435212688 0.467508121342707 1.793256448984688
0.1712860136187814 -0.4697457839497728 0.1928056001684947
0.3685876792342252 0.3378507402932956 0.2168124799390088
0.3742553740855501 -0.3315613291203981 1.793256448984687
0.4627392291618295 0.1894001208941426 0.7778855271107731
0.354906790365801 0.3521947900697076 0.8899007152999137
0.3558881973429594 0.3512030623328601 1.113332147761617
0.1901978507707505 0.4624119133004548 1.003065103762232
0.1901734693436322 0.4624219410428171 0.7735423852177784
-0.007166460702737826 0.4999486392030646 0.8878875353282013
-0.00615584867245282 0.4999621040910219 1.121075793217724
-0.2043140439792221 0.4563504918731396 1.00562119587063
-0.2046221824909495 0.4562124093365288 0.7708256854110426
-0.3693629123543067 0.3370030251750638 0.8886082417979768
-0.3687972864574466 0.3376219209435667 1.123713628661061
-0.4731604883009479 0.1616142082578402 1.006921195373091
-0.4729464686532606 0.162239445845979 1.24286340254164
-0.498278988707831 -0.04144935961267936 1.125667119828841
-0.4982450384530532 -0.04185548538621311 0.8894308824053019
-0.4398018934912001 -0.2378535147555214 1.007005625926382
-0.4396833569521504 -0.2380725637684609 0.7720158720683893
-0.3082808124737995 -0.3936533254787695 0.8907153086733405
-0.3086485385251074 -0.3933650717416523 1.124497258092825
-0.1270712666336538 -0.4835833880481409 1.007762100839515
-0.1268064419750396 -0.4836528985477405 0.7744782314935742
-0.1274844781040649 -0.4834746196467134 1.241079521499108
-0.4982050896444972 -0.0423283433684631 0.6530786353336742
0.07396816596731413 -0.4944984432972786 1.12495191751615
0.07354477077452019 -0.4945615903926661 1.357563182064349
-0.3088260696532649 -0.393225709615377 1.358612864765579
-0.4981145269302606 -0.04338107952832225 1.373792458089962
-0.3695925973209424 0.3367511128497718 0.6529136971299719
-0.366897303409783 0.3396856911184656 1.357482336047685
-0.4392580616049538 -0.2388563487015963 0.5379203260054617
0.254894009177251 -0.4301500250907205 1.234958481900483
-0.1980829189858335 0.4590894871439029 0.5502943295876656
0.2563821467677254 -0.4292647141552314 1.449602044274612
-0.4981531369936339 -0.04293544111106536 0.4161260707176155
0.252727192259692 -0.431426663863666 1.003326842681137
-0.369683728005416 0.3366510674987049 0.417152600347948
0.07316004658181144 -0.4946186486417058 1.590256806252849
0.07278841063824068 -0.4946734754125784 0.890896173675631
0.07046380087369085 -0.4950099521892796 0.6534572718943222
-0.1339253659788457 -0.4817302111632944 0.5524424564238518
0.251364047347684 -0.4322222989400145 0.7740428715866242
0.2499585713212741 -0.4330366181087086 0.5546602312931501
-0.2852283181159087 0.4106638607727371 0.1909309833253028
-0.4413385642853788 -0.2349899395176751 0.3233605110706118
-0.004781768126359632 0.4999771341707396 0.6572975032082528
0.2001403931199985 0.4581962713093292 0.5629197898858888
-0.4733469845633587 0.1610671667496995 0.7708326230002971
-0.4758452321675478 0.1535295249240762 0.5500024904763414
-0.2025993485902051 0.4571143226270913 1.239606187530137
-0.003317045909532691 0.4999889970853699 1.354720396263644
0.1920394294997451 0.4616501462335005 1.234515181923217
0.2028756598789437 0.4569917577251073 1.459110040673593
0.01898298224035268 0.4996395164368632 1.593691489259057
0.3556936533042917 0.351400092485825 1.643448679901729
-0.1912997826893669 0.4619571334474671 1.459553706801026
0.4630205721493868 0.1887112868019676 1.221962876118575
-0.439228779004577 -0.2389101916916657 1.241375088476354
-0.3083163942989185 -0.3936254577723776 0.6602515559163931
-0.1278642128921352 -0.4833743301639783 1.47487382243393
-0.2791486808360411 -0.4148204599432121 1.675168397860545
-0.4301891864301744 -0.254827910320955 1.530086033497241
-0.4989940088225197 -0.03170140626583002 1.613354927515424
-0.4712937385957783 0.1669796752913783 1.480399646197034
-0.474455579694306 0.1577716796416266 1.724066577111949
0.4647004760513846 -0.1845358164628658 0.7777999604736303
0.4630205721493868 -0.1887112868019677 0.3335926794369837
0.4656187874626865 -0.182206324703007 1.222012548489895
0.1746662327691372 -0.4684994206295645 1.807063526771437
0.15933170477662 0.473933969929331 0.2031491053933209
-0.05839442480460442 -0.4965783836935911 0.1925899484485659
0.06100087351788258 -0.4962649427776007 0.4101320750211801
0.3563883935372549 0.3506954703898166 0.6659846299473556
0.01662273744683325 0.4997236082073506 0.416364917486836
-0.3602444141773277 0.3467332722050683 1.615591672228834
-0.3090253953288454 -0.3930690843119704 0.4405874260222855
0.3582523768753544 0.3487911043348998 1.353186940184206
-0.06092175427118167 0.4962746617111554 1.806853942791903
0.3655559212395259 -0.3411288150343233 0.1996602534799037
-0.4996473482462952 -0.01877571278128828 0.2085535688003836
0.4652845826597332 0.183058070401602 0.3333333333333339
0.3636346385079204 0.3431761204938567 0.4504989533386315
0.465284582659734 -0.1830580704016 1.666666666666667
0.4677144622917674 0.1767574093584846 1.666666666666667
-0.4996312411258169 -0.01919955444993047 1.814903869882683
0.3769989917493918 0.3284383659378757 1.834685399499556
0.3807150529813779 -0.3241235079925346 0.8889445411315288
0.3821643227220564 -0.3224134464292579 0.6666666666670957
0.3829329554876045 -0.3215001580116693 1.111920982253051
0.3845136838690918 -0.319607926868875 1.334122380253999
0.3845172991389775 -0.3196035773624352 0.4473751103725015
0.3870136784811138 -0.3165760772208112 1.559767118257438
-0.1771466938678035 0.4675671597232923 0.3495461576616618
-0.169916900668622 0.4702427531256273 1.658197069083226
0.2637942573737809 -0.4247500321090222 0.3608849181645016
-0.284032373365579 -0.4114919329468274 1.860759595104341
-0.1554970265945048 -0.4752059287511761 0.3612377145969313
-0.4830075676386255 0.129242754550569 0.3536819494196441
0.4731741185445879 0.1615742972738929 1.841767182446187
0.473108856162622 0.1617652936216401 0.1609836002575009
0.4730408729006328 -0.1619639853961593 1.841265252096761
0.4728380357039841 -0.1625551967535885 0.1594674205089256
0.2734218818968209 -0.4186173365975195 1.650998588752423
0.227278767360935 0.4453586890438919 0.3767301067486409
-0.4425778157452626 -0.2326475381562254 0.1347771364125269
-0.4040644534170917 0.2945028310301056 1.830458906375219
0.2111636719791223 0.4532216936955838 1.628115228882917
-0.1301209658037927 -0.4827717206488882 1.642066122533743
0.493247939312621 0.08189304221881749 1.920883591223093
0.4593167628387259 0.1975553375015558 1.920883591223093
0.459235362924058 -0.1977444852328598 1.920632626048381
0.4932141707465005 -0.08209617393546299 1.920632626048381
0.493247939312621 0.08189304221881749 1.809772480111982
0.4932141707465005 -0.08209617393546299 1.809521514937269
0.493231400095995 0.08199259697890102 0.08049180012875043
0.493231400095995 0.08199259697890102 0.1916029112398618
0.4931627610900848 -0.08240443600925854 0.1908448213655741
0.4931627610900848 -0.08240443600925854 0.0797337102544628
0.459276879208134 0.1976480412876311 0.08049180012875043
0.4591116751958594 -0.1980314866349584 0.0797337102544628
0.4126690894864076 0.2823193627480399 1.917342699749778
0.3331142299041996 0.3728738524425279 1.917342699749778
0.4331968186858133 0.2496808288204975 1.838226290972871
0.2323615860218851 0.4427280128266045 1.896628224492344
0.1196578321437801 0.4854709087130257 1.896628224492344
0.2857404757868029 0.4103076656572864 1.813970924242122
-0.0003291330078716932 0.4999998916714514 1.903426971395952
-0.1199773752198978 0.4853920368478905 1.903426971395952
0.05994159381242492 0.4963940021104468 1.800055195888296
-0.2323615860218823 0.442728012826606 1.896628224492333
-0.331561329120396 0.374255374085552 1.896628224492333
-0.1776101498157988 0.4673913078806767 1.800055195888285
-0.3896007848312324 0.3133867075338195 1.91522945318761
-0.4532780421869997 0.211042688741213 1.91522945318761
-0.3489855630952584 0.3580629508216194 1.811857677679943
-0.4974202497458122 0.05072568523749948 1.907451934941342
-0.4951055723717732 -0.06978876848332265 1.907451934941342
-0.4950161492798348 0.07042025242900149 1.769485223497316
-0.4803414224583176 0.1388240536460452 1.862033288555975
-0.4445483259270218 0.2288597516285518 1.777262741743584
-0.4660940005951287 -0.1809872443274059 1.890300677091637
-0.4092370734254261 -0.2872716793110529 1.890300677091637
-0.4820505923376157 -0.1327675654177399 1.797752612032979
-0.3315613291203988 -0.3742553740855495 1.930379797552171
-0.2323615860218857 -0.4427280128266042 1.930379797552171
-0.3716264998438112 -0.3345052235972374 1.820680474643807
-0.1263901074578544 -0.4837618636651633 1.897776149991495
-0.006945648879787345 -0.4999517556341199 1.897776149991495
-0.1837796303519454 -0.4650000510405373 1.828155947543665
0.118290062433335 -0.4858059912449801 1.903531763385718
0.2311137517121312 -0.4433806871860155 1.903531763385718
0.05196713509214864 -0.4972920840615849 1.801307913377213
0.331561329120397 -0.3742553740855511 1.896628224492344
0.4114919329468279 -0.2840323733655784 1.896628224492344
0.2828723083734533 -0.4122902583805176 1.800159987878062
0.4320515562855861 -0.2516574113973261 1.817260850540724
0.4906680578938746 -0.09615017921279875 0.3890185619407144
0.4906680578938746 -0.09615017921279875 0.2779074508296032
0.4912444866509275 0.09316036890795723 0.2777777777777783
0.4912444866509275 0.09316036890795723 0.3888888888888895
0.4681120258388659 -0.1757018248767864 0.2465300499729546
0.4693174907159988 0.1724560608040157 0.2471584667954174
0.490653381462659 0.0962250448649332 0.5000000000000008
0.490653381462659 0.0962250448649332 0.6111111111111123
0.4910617557765353 -0.09411881859472315 0.6112304976732554
0.4910617557765353 -0.09411881859472315 0.5001193865621439
0.4641328156447275 0.1859589455812692 0.4444444444444452
0.4637975534752984 -0.1867935475072083 0.4446935040584132
0.4905963792064281 0.09651524599534837 0.7222760968887205
0.4905963792064281 0.09651524599534837 0.8333872079998321
0.4910958348559333 -0.0939408376966796 0.8333444246812607
0.4910958348559333 -0.0939408376966796 0.7222333135701492
0.4628511770298368 0.1891263808200608 0.6667205413331648
0.4646335645141759 -0.1847042249837593 0.6667971445767366
0.4908503721974838 -0.09521508343530248 1.055581543698774
0.4908503721974838 -0.09521508343530248 0.9444704325876629
0.4905743511321563 0.09662714945223125 0.9447676511384577
0.4905743511321563 0.09662714945223125 1.055878762249569
0.4642199772487947 -0.1857412520769915 0.8889259683800326
0.4626960145955347 0.1895056676656631 0.8892659702493988
0.4906680578938746 0.09615017921279859 1.166536993614844
0.4906680578938746 0.09615017921279859 1.277648104725955
0.4913295196359278 -0.09271085769384531 1.277672940911615
0.4913295196359278 -0.09271085769384531 1.166561829800504
0.4646836110684563 -0.1845782804242677 1.111032262388165
0.4628368927718178 0.1891613350802135 1.1113046447533
0.4906165150121079 0.09641283730590074 1.396222267570755
0.4906165150121079 0.09641283730590074 1.507333378681866
0.4909114875097438 -0.09489948066754958 1.500033644820991
0.4909114875097438 -0.09489948066754958 1.38892253370988
0.4629194820125505 0.1889591309601946 1.340537038963375
0.4648021861890646 -0.1842794826177513 1.33326214128816
0.4912444866509277 -0.09316036890795627 1.722222222222222
0.4912444866509277 -0.09316036890795627 1.611111111111112
0.4918623949571078 0.08984088393965267 1.611111111111112
0.4918623949571078 0.08984088393965267 1.722222222222222
0.4653079991053463 0.1829985408919401 1.562888934237421
0.4646333820892101 -0.1847046838830625 1.555589200376546
0.4692812645351364 -0.1725546138366149 1.753965959381714
0.470505538873036 0.1691878774906584 1.754216924556427
0.3283808605532626 0.3770490822456656 0.1084062399695044
0.4090724611401512 0.2875060373918077 0.1084062399695044
0.4299590510236447 0.2552160152554045 0.1888980400982548
0.1103708035077988 0.4876661621776139 0.1015745526966605
0.223869780100735 0.4470820076425002 0.1015745526966605
0.2725882982643258 0.4191606131894539 0.2099807926661648
-0.1211398638620192 0.4851032193085215 0.1023216946510667
-0.00152696040408209 0.499997668386488 0.1023216946510667
0.04926511525265785 0.4975670290716039 0.2038962473477272
-0.3321053864338384 0.3737726746320962 0.09546549166265138
-0.2330053515589349 0.4423895411793741 0.09546549166265138
-0.1794084271864501 0.4667039921132926 0.1977871863137181
-0.4666692870628227 0.1794986810878475 0.09567127634129789
-0.4101518796144183 0.2859640460770544 0.09567127634129789
-0.3731767174673988 0.3327749052141059 0.1911367680039493
-0.4951351285764421 -0.06957876435802919 0.1042767844001918
-0.4973986898241418 0.05093666028733281 0.1042767844001918
-0.4871073077730317 0.1128116603641175 0.1999480607414897
-0.4114001695588149 -0.2841652696706238 0.06738856820626346
-0.4674508285995 -0.177453438517378 0.06738856820626346
-0.4830966304343588 -0.1289094475318569 0.1716653526064553
-0.2379871181860564 -0.4397296118951918 0.1049836762641968
-0.3363058292331659 -0.3699978232689926 0.1049836762641968
-0.3783465268537604 -0.3268851566187991 0.1723722444704603
0.0009436247582589042 -0.4999991095715227 0.09629497422428293
-0.1187414143125445 -0.4856958683446428 0.09629497422428293
-0.1823700834618231 -0.4655546720398451 0.2012786504884797
0.2295148931347981 -0.4442104386766729 0.09640280008424736
0.1165390912512717 -0.4862289997627947 0.09640280008424736
0.05801831442312238 -0.4966224674654779 0.1926977743085303
0.4077846331632866 -0.2893297305080896 0.09983012673995185
0.326694016187294 -0.3785115847466443 0.09983012673995185
0.2760170228968715 -0.4169107855059016 0.1962329268241992
0.4286003278653872 -0.2574912793740451 0.1795638369944146
0.4277604463617058 -0.2588841449923772 0.9444982587089819
0.4284308988496067 -0.2577730880268887 0.8333722508025796
0.4299543093346657 -0.2552240033471589 1.166966765371473
0.4286472583995538 -0.2574131462582013 1.055986479269743
0.3818262572177837 -0.322813737779325 1.00043276169229
0.4168474293915461 0.2761126954880199 0.8338931212053433
0.41678443671585 0.2762077719968278 0.945273564343969
0.3553978397781143 0.3516992685250422 1.001616431530765
0.4171694060751679 0.2756259904923547 1.056989280574821
0.4174371658904638 0.2752202981855397 1.167647511940096
-0.4346660500578287 -0.2471141941028988 1.655343693840257
-0.3635786798866283 -0.343235405417181 1.602627215678893
-0.3696430426592838 -0.3366957395239608 1.727884876021909
-0.2815954451440995 -0.413163412312969 1.767963996482443
-0.4803508264229694 -0.1387915111048592 1.696978140849349
-0.4777988193664431 -0.147337327965567 1.571720480506333
-0.499351751306933 -0.02545247466748438 1.714129398699054
-0.3295404685782327 0.3760360083412742 0.3040417918366254
-0.4081858732381209 0.2887633856444281 0.3042475765152719
-0.4648700427556313 0.1841082381328374 0.2725122510511199
-0.4387768948871129 0.239739100926869 0.3854172748837961
-0.4968702422122079 0.05585662363571437 0.2811177591100139
-0.2288676485809304 0.4445442603757648 1.725726759033946
-0.2721789905725882 0.4194265097617065 1.63689437065603
-0.3237615878650797 0.3810228788709181 1.704424060606751
-0.3830457100884942 0.3213658102269146 1.723025289302027
-0.116150920012524 0.486321872611385 1.732525505937565
-0.3017790295364209 -0.3986595255754664 0.3252773892753396
-0.3834172296294315 -0.3209224641923526 0.3819739685464486
-0.3774789472532566 -0.3278866334277338 0.2666639317995027
-0.4419597418687056 -0.2338195598476464 0.2290688237415694
-0.1074782941015104 -0.4883118023323103 0.2769138315227486
-0.2277550481429738 -0.4451153087070716 0.2856025335626625
-0.2358641249130342 -0.4408719934164662 0.4009125703096084
0.4175912380317828 0.2749864686108808 0.6107700927514561
0.4174285124538049 0.2752334227353279 0.7219350785290644
0.4204400526774358 0.2706107206017437 0.5030272544470941
0.3600311470200827 0.3469547134359233 0.5582417916429936
0.4221210919826606 0.2679809390672519 0.3919161433359827
0.4182176768813154 0.2740327986646774 1.406149070996191
0.3569753986020773 0.3500979360020394 1.498317810042968
0.4172134872629215 0.2755592604974692 1.551279940854952
0.4208625047445334 0.2699532405809524 1.655057673284198
0.4183643163503468 0.2738088727647571 1.287574908151391
0.4294453665832887 -0.2560794351761671 1.389317057170212
0.4305822857162217 -0.2541631271986439 1.278067464371947
0.4313465497974591 -0.2528639040626956 1.613216892462052
0.4304483512789806 -0.2543898914682093 1.502139426171932
0.3857666597074433 -0.3180944580752101 1.446944749255719
0.4290076421949643 -0.2568120770881259 0.722233313570363
0.4289145380339147 -0.25696754476617 0.6112304976734693
0.4298534307962683 -0.2553938684320314 0.5015847195261722
0.4287928506272515 -0.2571705489572155 0.3904838949047426
0.3833433854469246 -0.321010667788612 0.5570208885197987
0.1245994370060359 -0.4842261664736623 1.698660166512143
-0.0004416697076122164 -0.4999998049278313 1.692904553117919
-0.102245341865538 -0.4894342551015399 1.718809211258366
-0.02908992962126298 -0.499153058685039 1.616161464393296
-0.1810282135192421 -0.4660780899270333 1.735360348921767
-0.2074361452906565 -0.4549398263803177 1.658617260197144
-0.2329316622629876 0.4424283452892699 0.2702385704934823
-0.1210590615671637 0.4851233900900653 0.2770947734818976
-0.02341311915711254 0.4994515250265383 0.3105041533944848
0.08891719628491107 0.4920302147275415 0.3097570114400784
-0.08185654794234462 0.4932539970025206 0.3829555375742489
-0.02103677046732079 0.4995572582680641 1.70027271602548
0.09944897550643475 0.4900101032333115 1.693473969121873
0.1943643646009215 0.4606761267672551 1.710685838933803
0.1173904773783413 0.4860241514790033 1.610903359070987
0.3665261767602097 0.3400861093157783 1.739067039700643
0.2727480126400158 0.4190567045173264 1.718352564443209
0.2879647833070849 0.4087496588070792 1.635781954392324
0.1168978867650915 -0.4861428638475071 0.3014688375948374
0.001312613814376108 -0.4999982770420057 0.301361011734873
0.2187004000285984 -0.4496333339815132 0.2768452591664982
0.1662875968757647 -0.4715383707878746 0.3855084965928409
0.317440606754104 -0.386304881128347 0.2802725858222027
0.193832533288471 0.4609001508341842 0.2899396060709809
0.3027436131541439 0.3979275118590999 0.2967712933438248
0.3661208414833688 0.3405224360178195 0.3336557166388202
0.4240588755728222 0.2649038883216206 0.2750729066361713
0.2998415959098293 0.4001187540746455 0.4136145300436362
0.2254280266583288 -0.4462983360902568 1.72903105776193
0.3267508899585088 -0.3784624894376225 1.722127518868555
0.3807082636909265 -0.3241314825151052 1.676511783621063
0.4262864520548288 -0.2613041538026254 1.729961557825677
0.3341360306921797 -0.371958482889253 1.60538285350493
0.3556483820443953 0.3514459109866038 0.7779426726236347
0.2780678352677051 0.415545760403752 0.9464829095310726
0.2786473490264988 0.4151573856750047 1.058198625761924
0.2780568801237221 0.4155530909713728 0.831721550258846
0.1901856601232818 0.462416927332328 0.888303744490005
0.2789321934630356 0.4149660606000202 0.719763507582567
0.1911190196694521 0.4620319472943268 1.118790142842724
0.2794741681263374 0.4146012413754833 1.173923664842417
0.2808728517950072 0.4136549783630555 1.293851061053712
0.3570723236566532 0.3499990795394158 1.233259543972912
0.09340746528851263 0.4911975625228359 0.8307149602729899
0.09342041471449994 0.4911950998478821 0.9454763195452165
-0.006661158089842622 0.4999556270039394 1.004481664272963
0.09391681873439629 0.4911004287911084 1.062070448489978
0.09489535254169855 0.4909122855113597 1.177795487570471
0.09457863845910189 0.4909734016698079 0.7154199442130156
-0.005974131403720147 0.4999643084800865 0.772592519268227
0.1951683680287194 0.4603360817066226 0.6682310875518336
0.0998882286118454 0.4899207505145988 0.6101086465470708
0.2834081476318788 0.4119221065394126 0.6144522099166222
-0.1079638855255988 0.488204669603042 0.9467543655994157
-0.1074704010798444 0.4883135395335024 1.063348494544177
-0.1081287278996214 0.4881681863894959 0.8293566103696219
-0.2044681248914182 0.4562814766165589 0.8882234406408362
-0.1069642062490423 0.4884246703244138 0.7140615943096477
-0.2034570547374688 0.4567332119274387 1.122613691700383
-0.1065535836569469 0.4885144151505276 1.180340990373931
-0.1051662959717549 0.4888149447301926 1.297163291896891
-0.004736466377864289 0.4999775653829393 1.237898094740684
0.09628863582039832 0.4906409059707993 1.294617789093431
-0.2931167712604796 0.4050710535274419 0.8297169636045096
-0.292979977146626 0.4051700050486986 0.9471147188343034
-0.3690802291310723 0.3373125916187464 1.006160935229519
-0.2926401675393636 0.4054155057993382 1.064667412265845
-0.2918786342831023 0.4059641152232929 1.181659908095599
-0.2932548442535589 0.4049711055394211 0.7118696912705073
-0.3694777763070557 0.3368770885875045 0.7707609694639743
-0.201357689406275 0.4576626278351402 0.6605600074993541
-0.2903541671989122 0.4070558408747209 0.6016040133588187
-0.1034720746826399 0.4891763789890822 0.6037959163979592
-0.4302926090904067 0.2546532359153727 0.9477647185855337
-0.4300789489736068 0.2550139165805619 1.065317412017076
-0.4304397160587217 0.2544045023958637 0.829720432399137
-0.4732538154738923 0.1613407144505165 0.8888769091866938
-0.4305264183602944 0.254257749329016 0.7118731600651345
-0.4730535817746215 0.1619268624107854 1.124892298957366
-0.4299103283939658 0.2552980797816397 1.183288515601351
-0.4291924776351471 0.2565030548383465 1.300172869294662
-0.3678487422525888 0.3386551384863198 1.240597982354373
-0.2907386799761877 0.4067812925463804 1.298544261788911
-0.4962180644856138 0.06138104331266505 1.066294157600966
-0.4961773922941867 0.06170895701712035 1.184265261185241
-0.4962430386513808 0.06117880834115818 0.9481760388891962
-0.4982620549588065 -0.04165242595848789 1.007549001117071
-0.4962783145421016 0.06089199056732253 0.8301317527027995
-0.4981976940802387 -0.04241529928142504 1.249729788959401
-0.4962960954911048 0.06074689786552222 1.308327930315801
-0.4959848869770422 0.06323758289475184 1.427096052143498
-0.4721260527552211 0.1646116347946712 1.361631524369337
-0.4278994013787688 0.2586544070757182 1.418940991122359
-0.479152187213697 -0.1428747055581577 0.9482182541658419
-0.4792103749149966 -0.142679418886637 1.066336372877612
-0.4395156538038565 -0.2383820254578112 1.124190357201368
-0.4790385148206843 -0.1432553709931778 1.183521104152597
-0.4787598842019442 -0.1441838176736244 1.307583773283158
-0.4791165872614528 -0.1429940411728359 0.8307233772368456
-0.4397426388610369 -0.2379630466428174 0.8895107489973857
-0.4982251201465799 -0.04209191911669007 0.771254758869488
-0.4790486765662431 -0.143221386252651 0.7125472537010318
-0.496307154500571 0.06065647856203277 0.7119556291669856
-0.3819868362127846 -0.3226237079945416 0.8313655903708649
-0.3820671786431399 -0.3225285584311426 0.9488604672998613
-0.308464709170332 -0.3935092415642389 1.007606283383083
-0.3822178349912679 -0.3223500063821744 1.065751442009604
-0.3818300643108962 -0.3228092346701638 1.18293617328459
-0.382001417112769 -0.3226064434009902 0.7161337139923911
-0.3082986037012358 -0.3936393920276124 0.7754834322948667
-0.4789207702821969 -0.143648514758445 0.5954994806695679
-0.4394708840111015 -0.2384645510479513 0.6549680990369255
-0.3817135851140663 -0.3229469599475531 0.5990859409609274
-0.2222717081282017 -0.4478786529471699 0.9492387047564275
-0.222480950423158 -0.4477747499567258 1.06612967946617
-0.2221490727734567 -0.4479394930857218 0.8325967700834573
-0.1269388590622572 -0.4836181614248708 0.8911201661665444
-0.2221693176046454 -0.4479294523862951 0.7173648937049837
-0.1272778839876942 -0.4835290479874141 1.124420811169311
-0.2226722584976162 -0.4476796458356922 1.182788389795967
-0.2227732927474395 -0.447629377988603 1.299846193132343
-0.3087373119525874 -0.3932954006955722 1.241555061429202
-0.3819029116387339 -0.322723048575489 1.299993976620966
-0.02756538057027871 -0.4992395715425769 0.8326872025846026
-0.02770206893342835 -0.4992320055613498 0.9493291372575727
-0.02710663079152005 -0.4992646898861687 1.066357009177832
-0.0273199576893747 -0.4992530619954682 1.183015719507629
0.07337834049163168 -0.4945863111193982 1.007924045595891
-0.02873793605015935 -0.4991734478431089 0.7139677516939482
0.07162630333836939 -0.4948430788341693 0.7721767227849766
-0.1303694484970312 -0.4827046787618491 0.663460343958713
-0.03241805734198573 -0.4989479627758507 0.602949864159087
-0.2254663068529587 -0.4462789984685449 0.6063470061701224
0.07375647512889283 -0.4945300621565498 1.24125754979025
-0.02753367459638559 -0.4992413211696528 1.299321351781729
-0.02772975199759866 -0.4992304686756926 1.41621850224914
-0.1276743553453996 -0.4834245121910314 1.357976671966519
-0.2229490842414459 -0.4475418481392557 1.416743343599754
-0.4981792057977608 -0.0426319001536683 0.5346023530256448
-0.4788331539506058 -0.1439403024788937 0.4770231983615386
-0.4967731710736416 0.056713459614438 0.6015405629050078
-0.4968076353096415 0.05641075693555481 0.4830642805969785
-0.474611072444276 0.157303305474787 0.6604175567383193
0.1675492831725195 -0.4710915385658873 1.179955199708317
0.167347603748048 -0.4711632196169246 1.296260831982416
0.1663639883267967 -0.4715114244512019 1.064139380098644
0.253811403385881 -0.4307897068307106 1.11914266229081
0.1658015130367543 -0.4717095062373908 0.9471115081783839
0.2556384612168736 -0.4297080138264459 1.342280263087547
0.1681632041836846 -0.4708727394516234 1.403582613169481
0.1679800538386073 -0.4709381079424117 1.519929425263731
0.07335241422611528 -0.4945901569251054 1.473909994158599
-0.02792391676384298 -0.4992196459200759 1.532565314343389
-0.3759313433240206 -0.3296598627473435 1.44434944913141
-0.4347818339084166 -0.2469104228323179 1.385730560986798
-0.2063729202095259 -0.4554231195319279 1.575021110147237
-0.2941855878755295 -0.4042954858594505 1.516890631313062
-0.4760403203750238 -0.1529235540302564 1.451939245793601
-0.4985884692906997 -0.03754381827088146 1.493573692802693
-0.4952101788530848 0.06904258657014363 1.546877286856229
-0.2904092509033157 0.4070165438772422 0.4837234649678068
-0.3696381660479325 0.3367010932573891 0.53503314873896
-0.432565810555482 0.2507724457321395 0.4835775454121447
-0.4325318698697885 0.2508309820316149 0.6014580938031566
-0.2857158958383294 0.4103247821729769 1.408518021424356
-0.1969644501169205 0.4595704574819177 1.349579947165582
-0.3635879349809016 0.3432256015164423 1.486537004138259
-0.2817257262378317 0.4130745879084869 1.53757268951493
-0.4253725000281279 0.2627893381014921 1.547995659212934
-0.4794605268242497 -0.1418365369621416 0.3697432908941136
-0.4403025569564115 -0.2369254277988034 0.4306404185380368
-0.382004482874623 -0.3226028131676658 0.4892538760138736
-0.308671020170439 -0.3933474307872628 0.5504194909693393
0.3244463566624434 -0.3804399580071296 1.284540431077241
0.3251046280528859 -0.3798775866231051 1.391862212264306
0.3225475391794766 -0.3820511549115694 1.057623912467094
0.323507353266459 -0.3812387603360006 1.173439732076767
0.3837244860569184 -0.3205550168073396 1.223021681253525
-0.1876626849527189 0.4634465629134998 0.4499202436246637
-0.2811416606843424 0.4134723287327098 0.3833493790048049
0.005921841560328009 0.4999649305626689 0.5368312103475443
-0.09297705265113244 0.491279215599753 0.4833296235372508
0.2649555035463687 -0.4240266278672723 1.550300316513518
0.1774085909563044 -0.4674678511458287 1.620627697502636
0.326594900772261 -0.3785971087971446 1.504684581266025
-0.4990464659773693 -0.03086462044960756 0.3123398197589995
-0.4827533219529102 -0.1301892090129969 0.2659570399354977
-0.4795801650692283 0.1414314861414238 0.4518422199479928
-0.4980767158219123 0.04381307060750276 0.3849040100686298
0.1650567822456288 -0.4719706120456221 0.8324695226311276
0.2520459337522011 -0.4318250192832521 0.8886848571338803
0.3206280312438008 -0.3836634796025344 0.8314937063590765
0.3212331883990007 -0.3831569373912107 0.9461356919063326
-0.1289929412458272 -0.4830743432524134 1.558469972483836
0.1639477457083125 -0.4723570013000363 0.7137500717404732
-0.03717942987657619 -0.4986157739121906 0.481287265722516
0.06573533223134094 -0.4956600307634611 0.5317946734577512
0.1631802613217285 -0.4726226849347928 0.6040587515937361
0.2506616400173798 -0.4326300292672683 0.6643515514398872
0.1586612723501795 -0.4741588348393628 0.4823961531571651
-0.2258684198585593 -0.4460756179288413 0.4965149412230686
-0.1447479599026148 -0.4785896238992557 0.4568400855103916
-0.04840714053227491 -0.497651232034533 0.3856848948090557
0.3208647843275016 -0.3834655006365839 0.6106634489801229
0.3214872391608066 -0.3829438014340516 0.7203547691268599
0.3814406461640565 -0.3232692893764378 0.7778056038993122
0.256909826836042 -0.4289491122208728 0.4577725747288259
0.3222680114940202 -0.3822869717472596 0.5010176708328258
0.328391401856752 -0.3770399013188885 0.4041300142685016
0.1103525877392269 0.4876702844948175 0.4896423536863624
0.2876942480223906 0.4089401174436561 0.5067093716122602
0.2138059530653016 0.4519812102663539 0.4698249483172648
0.1249434757031587 0.4841375092669584 0.3965475121177384
-0.09914904516139515 0.4900708794078502 1.407137051532335
0.1020690979214524 0.4894710402562147 1.406915218468619
0.1974712817110838 0.4593529067061422 1.346812611298405
0.007834917004107104 0.4999386103068443 1.474205942761351
0.112960267800402 0.4870728671343349 1.526400764966325
-0.08819444668564019 0.4921602783380774 1.526622598030042
0.2857324163556704 0.410313278171143 1.4061484904289
0.2070282478964287 0.4551255920874313 1.543612634778255
0.284231102009437 0.4113546895934225 1.551279360287661
-0.1806558494967688 0.4662225477629764 1.558875387942126
-0.07688500735723491 0.4940533327928048 1.625944279171141
0.429111853724348 0.2566379102807179 1.750676033083112
-0.4958588891173757 0.06421808221429634 1.668710752313687
-0.4728970713141616 0.1623833733560451 1.602233111654492
-0.4279107860388126 0.2586355721698885 1.669829124670392
0.3751910086162147 -0.3305022043096649 0.3235176819262026
0.4212392753261285 -0.2693649437523711 0.2666264664584437
2 2 0 70
603
604
605
606
607
608
609
610
611
612
613
614
615
616
617
618
619
620
621
622
623
624
625
626
627
628
629
630
631
632
633
634
635
636
637
638
639
640
641
642
643
644
645
646
647
648
649
650
651
652
653
654
655
656
657
658
659
660
661
662
663
664
665
666
667
668
669
670
671
672
-0.03127471141738662 0.2914662993826976 2
-0.03353540948954493 -0.2761889453589175 2
0.2701329700547079 0.06658179719356548 2
-0.280976077045624 0.001353746017471189 2
0.2082487620703699 -0.1844923042412906 2
0.2701329700547081 0.2393169284727643 2
0.1042798692061164 0.1591346409825831 2
-0.08632207072388549 0.07647468141658378 2
0.05655951093422991 -0.04464244632489262 2
-0.217840160794419 0.2180695265802468 2
-0.1263158808283655 -0.08401202963997625 2
-0.2463093489472302 -0.2129290852647172 2
0.3552774362379206 -0.08756802326740243 2
0.1297535165185158 -0.3421319048990159 2
0.1279747439389051 0.3374416670744553 2
0.3564304914406565 0.1494716916077247 2
0.385066485027354 0.03329089859678274 2
0.4276387181189603 -0.04378401163370121 2
0.3990027245322627 -0.1599648046446435 2
0.3127052031463143 -0.01049311303691848 2
0.2770826717101433 0.325404430709796 2
0.3564304914406566 0.2358392572473241 2
0.270132970054708 0.1529493628331649 2
0.09412154203328407 0.416898052061741 2
0.2060035586522418 0.3744668000106415 2
0.1990538569968066 0.2883792977736098 2
-0.1042885774693262 0.3794872103627029 2
0.01449681435513821 0.3939103682158622 2
0.04835001626075926 0.3144539832285764 2
-0.2960477674399841 0.2748154278503229 2
-0.1975713021578424 0.3427888239614775 2
-0.1245574361059028 0.2547679129814722 2
-0.3516555347537223 0.1688636793620137 2
-0.3832234928793252 -0.05915204306315323 2
-0.3832234928793248 0.06050578908062587 2
-0.2494081189200215 0.109711636298859 2
-0.3102823615163908 -0.272245207192557 2
-0.3658901288301283 -0.1662934587042474 2
-0.2636427129964271 -0.105787669623623 2
-0.2118058962342497 -0.3402186033037121 2
0.01336646531905789 -0.3862716912039723 2
-0.1054189265054071 -0.3718485333508121 2
-0.1399223792183876 -0.2445590153118173 2
0.2068929449420466 -0.3768119189229222 2
0.09501092832308825 -0.4192431709740215 2
0.04810905351448541 -0.3091604251289667 2
0.3254883874484873 -0.2084269451315876 2
0.2461405677179737 -0.2979921185940596 2
0.1690011392944429 -0.2633121045701532 2
0.2817630991541453 -0.1360301637543465 2
-0.05879839107063606 0.1839704903996407 2
0.008978899241115473 0.1178046611995835 2
0.03650257889436491 0.2253004701826404 2
0.1161273065725108 0.2482881540285192 2
-0.1520811157591523 0.1472721039984153 2
0.1324041365022999 -0.1145673752830916 2
0.01151205072234249 -0.160415695841905 2
0.08735667629041251 -0.230340624800104 2
-0.03487818494706781 -0.06432723798243443 2
-0.07992564515895523 -0.1801004874994468 2
-0.1863126148877979 -0.1484705574523467 2
0.1633462404944689 0.01096967543433643 2
0.2391908660625389 -0.05895525352386258 2
0.1872064196304123 0.1992257847276737 2
0.1872064196304122 0.1128582190880743 2
0.08041969007017317 0.05724609732884527 2
-0.1836490738847547 0.03891421371702748 2
-0.2036459789369948 -0.04132914181125254 2
-0.1063189757761255 -0.003768674111696235 2
-0.01488127989482779 0.01591611754584558 2
2 3 0 70
673
674
675
676
677
678
679
680
681
682
683
684
685
686
687
688
689
690
691
692
693
694
695
696
697
698
699
700
701
702
703
704
705
706
707
708
709
710
711
712
713
714
715
716
717
718
719
720
721
722
723
724
725
726
727
728
729
730
731
732
733
734
735
736
737
738
739
740
741
742
-0.03127471141738662 0.2914662993826976 0
-0.03353540948954493 -0.2761889453589175 0
0.2701329700547079 0.06658179719356548 0
-0.280976077045624 0.001353746017471189 0
0.2082487620703699 -0.1844923042412906 0
0.2701329700547081 0.2393169284727643 0
0.1042798692061164 0.1591346409825831 0
-0.08632207072388549 0.07647468141658378 0
0.05655951093422991 -0.04464244632489262 0
-0.217840160794419 0.2180695265802468 0
-0.1263158808283655 -0.08401202963997625 0
-0.2463093489472302 -0.2129290852647172 0
0.3552774362379206 -0.08756802326740243 0
0.1297535165185158 -0.3421319048990159 0
0.1279747439389051 0.3374416670744553 0
0.385066485027354 0.03329089859678274 0
0.3564304914406565 0.1494716916077247 0
0.3990027245322627 -0.1599648046446435 0
0.4276387181189603 -0.04378401163370121 0
0.3127052031463143 -0.01049311303691847 0
0.3564304914406566 0.2358392572473241 0
0.2770826717101433 0.325404430709796 0
0.270132970054708 0.1529493628331648 0
0.2060035586522418 0.3744668000106415 0
0.09412154203328409 0.416898052061741 0
0.1990538569968066 0.2883792977736098 0
0.01449681435513821 0.3939103682158622 0
-0.1042885774693261 0.3794872103627029 0
0.04835001626075924 0.3144539832285764 0
-0.1975713021578424 0.3427888239614775 0
-0.2960477674399841 0.2748154278503229 0
-0.1245574361059028 0.2547679129814722 0
-0.3516555347537224 0.1688636793620137 0
-0.3832234928793248 0.06050578908062588 0
-0.3832234928793252 -0.05915204306315323 0
-0.2494081189200215 0.109711636298859 0
-0.3658901288301283 -0.1662934587042474 0
-0.3102823615163908 -0.272245207192557 0
-0.2636427129964271 -0.105787669623623 0
-0.2118058962342497 -0.340218603303712 0
-0.1054189265054071 -0.3718485333508121 0
0.01336646531905789 -0.3862716912039723 0
-0.1399223792183876 -0.2445590153118173 0
0.09501092832308825 -0.4192431709740215 0
0.2068929449420466 -0.3768119189229222 0
0.04810905351448543 -0.3091604251289667 0
0.2461405677179737 -0.2979921185940596 0
0.3254883874484873 -0.2084269451315876 0
0.1690011392944429 -0.2633121045701532 0
0.2817630991541453 -0.1360301637543465 0
0.03650257889436491 0.2253004701826404 0
0.008978899241115473 0.1178046611995835 0
-0.05879839107063606 0.1839704903996407 0
0.1161273065725108 0.2482881540285192 0
-0.1520811157591522 0.1472721039984153 0
0.08735667629041249 -0.230340624800104 0
0.01151205072234249 -0.160415695841905 0
0.1324041365022999 -0.1145673752830916 0
-0.07992564515895523 -0.1801004874994468 0
-0.03487818494706782 -0.06432723798243443 0
-0.1863126148877979 -0.1484705574523467 0
0.2391908660625389 -0.05895525352386256 0
0.1633462404944689 0.01096967543433643 0
0.1872064196304122 0.1128582190880743 0
0.1872064196304123 0.1992257847276737 0
0.08041969007017317 0.05724609732884526 0
-0.1836490738847548 0.03891421371702749 0
-0.1063189757761255 -0.003768674111696235 0
-0.2036459789369948 -0.04132914181125253 0
-0.01488127989482779 0.01591611754584558 0
3 1 0 597
743
744
745
746
747
748
749
750
751
752
753
754
755
756
757
758
759
760
761
762
763
764
765
766
767
768
769
770
771
772
773
774
775
776
777
778
779
780
781
782
783
784
785
786
787
788
789
790
791
792
793
794
795
796
797
798
799
800
801
802
803
804
805
806
807
808
809
810
811
812
813
814
815
816
817
818
819
820
821
822
823
824
825
826
827
828
829
830
831
832
833
834
835
836
837
838
839
840
841
842
843
844
845
846
847
848
849
850
851
852
853
854
855
856
857
858
859
860
861
862
863
864
865
866
867
868
869
870
871
872
873
874
875
876
877
878
879
880
881
882
883
884
885
886
887
888
889
890
891
892
893
894
895
896
897
898
899
900
901
902
903
904
905
906
907
908
909
910
911
912
913
914
915
916
917
918
919
920
921
922
923
924
925
926
927
928
929
930
931
932
933
934
935
936
937
938
939
940
941
942
943
944
945
946
947
948
949
950
951
952
953
954
955
956
957
958
959
960
961
962
963
964
965
966
967
968
969
970
971
972
973
974
975
976
977
978
979
980
981
982
983
984
985
986
987
988
989
990
991
992
993
994
995
996
997
998
999
1000
1001
1002
1003
1004
1005
1006
1007
1008
1009
1010
1011
1012
1013
1014
1015
1016
1017
1018
1019
1020
1021
1022
1023
1024
1025
1026
1027
1028
1029
1030
1031
1032
1033
1034
1035
1036
1037
1038
1039
1040
1041
1042
1043
1044
1045
1046
1047
1048
1049
1050
1051
1052
1053
1054
1055
1056
1057
1058
1059
1060
1061
1062
1063
1064
1065
1066
1067
1068
1069
1070
1071
1072
1073
1074
1075
1076
1077
1078
1079
1080
1081
1082
1083
1084
1085
1086
1087
1088
1089
1090
1091
1092
1093
1094
1095
1096
1097
1098
1099
1100
1101
1102
1103
1104
1105
1106
1107
1108
1109
1110
1111
1112
1113
1114
1115
1116
1117
1118
1119
1120
1121
1122
1123
1124
1125
1126
1127
1128
1129
1130
1131
1132
1133
1134
1135
1136
1137
1138
1139
1140
1141
1142
1143
1144
1145
1146
1147
1148
1149
1150
1151
1152
1153
1154
1155
1156
1157
1158
1159
1160
1161
1162
1163
1164
1165
1166
1167
1168
1169
1170
1171
1172
1173
1174
1175
1176
1177
1178
1179
1180
1181
1182
1183
1184
1185
1186
1187
1188
1189
1190
1191
1192
1193
1194
1195
1196
1197
1198
1199
1200
1201
1202
1203
1204
1205
1206
1207
1208
1209
1210
1211
1212
1213
1214
1215
1216
1217
1218
1219
1220
1221
1222
1223
1224
1225
1226
1227
1228
1229
1230
1231
1232
1233
1234
1235
1236
1237
1238
1239
1240
1241
1242
1243
1244
1245
1246
1247
1248
1249
1250
1251
1252
1253
1254
1255
1256
1257
1258
1259
1260
1261
1262
1263
1264
1265
1266
1267
1268
1269
1270
1271
1272
1273
1274
1275
1276
1277
1278
1279
1280
1281
1282
1283
1284
1285
1286
1287
1288
1289
1290
1291
1292
1293
1294
1295
1296
1297
1298
1299
1300
1301
1302
1303
1304
1305
1306
1307
1308
1309
1310
1311
1312
1313
1314
1315
1316
1317
1318
1319
1320
1321
1322
1323
1324
1325
1326
1327
1328
1329
1330
1331
1332
1333
1334
1335
1336
1337
1338
1339
0.001657100510382814 -0.0006056371503656999 0.7217540072790569
0.003898634092244668 -0.00127461384342864 1.388049342723801
0.103900142142561 0.08280122038724147 0.3689014884620916
0.1430638554933429 -0.02705166951188201 1.0544035118742
-0.0148339471247152 0.1727136490143966 1.685445875815551
-0.04197008204656683 -0.1617760439921529 1.684628891130174
-0.1147557372818472 -0.1542101560832979 0.3185290488764848
-0.1849806293364463 -0.006018824981270154 0.9980933827165314
0.2224219402733426 -0.008459779853740149 1.666666666666667
-0.1792916061139724 0.09350419943081219 0.4904705168659156
0.1092337246505197 -0.176861852176495 0.5101652173010306
0.009519760946248471 0.2075472510180449 0.9323915152142936
-0.04460750026445695 -0.2317234153133516 0.8872294974566231
-0.06035441309768674 -0.2020158427730184 1.180863535852078
-0.02753533050285274 0.2290827642241926 1.217517543686024
0.2059299527556371 0.134857168991448 0.6118678226457814
0.2009616175658675 -0.1651244486785385 0.777845529683896
0.2563129042075778 -0.05715528146297186 0.2279563412404313
-0.1743293008193956 -0.1643176314544494 0.5872525276243954
-0.08561253853213915 0.234195367217966 0.2557471286992117
-0.2057953799095422 0.1610819213975149 0.7707893518925789
0.2424113037667131 -0.09808512932714135 1.333225338474136
-0.2230239868472946 0.0215618811562114 1.560578701080071
0.1667385695820427 0.2415625214869211 1.799783902539992
0.09252475921122627 -0.2392135546514871 0.2192474599680204
0.1703746630942601 0.1888642583698574 1.487480075495194
0.2356073098063318 0.1134288143437575 0.8635955126829417
-0.2461762599784167 0.004678443213997546 1.268353652001213
-0.02202262742646795 0.2487965914173131 0.617461053355412
0.1667385695820427 0.2415625214869211 0.1990814617608346
0.06197172440247531 -0.2498855104303988 1.457755336004632
0.2117781120096131 0.1384594937635428 1.238244513799408
-0.2574122813036808 0.04622911379477304 0.2527358789747743
-0.2712299334442292 -0.06863921976086143 0.7839301114673207
-0.1100531111722122 0.2224747530979833 1.456493168153549
0.160502844893132 -0.2507676596393433 1.119023332468565
-0.1736525224229497 0.01301106460015995 1.790693466718154
0.2756620190058208 -0.02757836300107985 0.4689044540058034
0.1157258999251271 -0.2901966902948362 1.667813739941299
0.1661426460194916 -0.2466686865562755 1.738942670057431
0.2983386571794463 -0.1700105544870691 1.729961557825677
0.09022592911338786 -0.08511791192294652 1.675647778898421
0.2479219110850817 -0.2135385582256298 1.658832627709545
-0.2768889578969465 0.1658015479811483 1.060903505688796
-0.2771717708453765 0.1654921000968968 0.943350812257254
-0.1799215757040291 0.2722751380965543 0.9104998785061352
-0.08773043419509891 0.1007642130183874 0.9652424489654126
-0.1796387627555991 0.2725845859808058 1.028052571937677
-0.09739714151648682 0.3319488714455923 0.9690063555424618
0.08313934001190156 -0.1731341741167217 1.842314445565087
0.29125206807796 -0.2580268166808444 1.896628224492344
0.2153353511718563 -0.09647604204751539 1.833333333333333
0.06634807536128517 -0.3151377323108587 1.745846208950805
-0.2346001234128556 0.01312016218510447 1.414466176540642
-0.121138812943086 0.001701914685284453 1.328201497362507
-0.109562676377525 0.01014363365639138 1.474314021901936
-0.08052613122240963 -0.1141618146370937 1.509167018542352
0.03293517924735999 -0.1255800621369138 1.422902339364217
-0.0921022677879707 -0.1226035336082006 1.363054494002923
-0.1062579799196495 0.1115319696214612 1.107805463201278
-0.1981663084801497 0.2833523425838796 1.170615586173542
-0.009007784778302132 0.2183150076211187 1.074954529450159
0.08022982653839547 0.01907938703117442 0.1844507442310458
0.008789035709337777 0.07963795090191263 0.1844507442310458
-0.1005389040028664 -0.03886773733335704 0.1592645244382424
-0.005427797569643095 -0.03570446784802819 0.3437152686692883
-0.02909811317380866 -0.09942630120409524 0.1592645244382424
-0.2875791461319245 0.2490424732862893 0.8296987968452778
-0.1953880046229942 0.07753154820812236 0.8844413673045551
-0.09813780948164685 0.1843145862077799 0.8515904335534363
-0.1532653365380517 -0.09866869977951041 1.224608593926646
-0.02822788950272104 -0.1016452283082235 1.28445643928794
0.0008086556523942828 -0.2259506766017086 1.319309435928355
-0.1159246872410374 0.3427166280486661 1.111569369778327
0.01292815030461695 -0.3633666837513155 0.7703433846754726
0.03231311219303139 -0.2042926337449233 0.6986973573788269
0.08984876276210529 -0.3359359021828873 0.5818112445976764
-0.05193274997285236 -0.3296637918218645 0.6203548997593589
-0.03254778808443792 -0.1705897418154722 0.5487088724627129
-0.1094684005419263 -0.1980205233839005 0.7372410125405092
0.1676968031496481 -0.3342514235139591 1.554376962378528
0.1421968323379089 -0.1291726451420695 1.56221100133565
0.01000082117795424 -0.2058307772112759 1.571192113567403
-0.2659250282502797 -0.1858319142295828 1.459595782922825
-0.1324970344469307 -0.07010708141797073 1.622603796105123
-0.1753980758499159 -0.2775008768037649 1.521620877947876
-0.1234271726253948 -0.3215556100228879 1.408184100385105
0.165589454751748 0.2640799547155667 0.3728157976053663
0.1549150474490991 0.1088291946893447 0.4903846555539365
0.216604360058286 0.2901079290176699 0.4942989646972111
0.1026280699672335 0.3470776402306025 0.4970955800520265
0.09195366266458456 0.1918268802043805 0.6146644380005968
0.04093875735804654 0.1657989059022773 0.4931812709087519
-0.2775011648158408 -0.1942736332006897 1.313483258383396
0.1040900056743387 0.1209679306849123 0.1844507442310458
-0.08596730462801233 0.1553350243172749 0.1278735643496058
0.009333665336988643 0.1966650041002746 0.1278735643496058
0.009143801805210947 0.1584982938026037 0.3123243085806516
0.1357127092197792 -0.330067200433909 0.715651400789109
0.07817705865070528 -0.198423931995945 0.8325375135702595
0.1550976711081936 -0.1709931504275167 0.6440053734924633
-0.1845902413754758 -0.2976207761941977 1.269738200308828
0.3047178093772282 -0.1625179285372757 1.613216892462052
0.2244927014417946 -0.283230793825605 1.508761227131035
-0.08570697111974829 -0.357688156930546 0.8308538644750987
-0.1505678713972176 -0.3239852650010949 0.6808653795589847
0.3504808087829338 -0.08256222433926931 0.8333672092863935
0.3323489845557506 -0.1760349426253346 0.8889487529851654
0.3496718306759827 -0.03675831111418661 0.9318237444846882
0.2182844636860997 -0.02584781716739051 0.8207205211834188
0.3678036549031659 0.05671440717187868 0.8762422007859163
0.06026143979469715 0.291262414297296 0.3926332029744638
-0.002699944989817354 0.3742600998123319 0.5169129854211241
-0.2422046968778285 -0.2347884650344365 0.9471175616915025
-0.1764441563691282 -0.3126883703960606 0.8889724030649817
-0.1766280193947822 -0.3125442435275019 1.005863377774724
0.2030351729378178 0.2965267201503886 0.587393806265835
0.08905888284676527 0.3534964313633212 0.5901904216206504
0.1225635353762902 0.1604880326809012 0.8979935139486177
0.2957477535746456 0.2323159383383088 0.9884638302222795
0.1827039791446039 0.2793751566754525 1.022861831487955
0.1106489364779308 0.1730033723907939 1.085318014506851
0.2838331546762862 0.2448312780482015 1.175788330780513
0.2236927109079724 0.1259441540536502 1.050920013241175
-0.084917147469351 -0.3225751870780656 1.579751356782052
-0.03294624424482993 -0.3666299202971886 1.466314579219281
-0.02687743188198233 -0.3252375494304492 0.3643305619488325
-0.135126381938176 -0.314708042417237 0.3398833817367081
0.08511729908420115 -0.3365633974770478 0.4601486461611053
-0.02313165097199253 -0.3260338904638356 0.435701465948981
-0.002761006315663755 -0.1655360041298964 0.4143471330887577
0.07454213507272808 -0.1419280004881898 0.1096237299840102
-0.01111548903531048 -0.1967118553673924 0.2688882544222526
0.09821245067689366 -0.07820616713212279 0.2940744742150561
-0.1226675212170665 -0.1040173338771443 1.089478459284305
0.0413547211978281 -0.1145337561424502 1.117633523863139
-0.02095838692155166 -0.01653524724657608 1.026248447295366
0.05776426249524511 0.1010155473561553 1.135960527780112
-0.04394487180026974 0.01353346072558712 1.199190539769051
-0.3064544371377406 -0.0985727985971816 0.3673275597970501
-0.1470236716979098 -0.03035297832624283 0.4044997828712002
-0.3387223715538031 0.02528437915987342 0.4532982937917656
-0.3362412189065148 -0.1036265362827574 0.5016892991710055
-0.176810453466684 -0.03540671601181861 0.5388615222451555
-0.1445425190506214 -0.1592638937688736 0.4528907882504401
-0.2155784446574315 -0.0006701908836363041 1.133223517358872
-0.3074867732179317 0.1711501820787821 1.196033640331137
-0.1368557952406347 0.1168806037190951 1.242935597843619
0.1720127365296052 -0.09608805909521026 0.9161245207790482
0.3034001035194883 -0.1069985530420064 1.027227744080318
0.1893355826498374 0.04318857241593774 0.9589995122785711
0.2207686312809845 0.1241429916676027 0.7377316676643615
0.212890389574982 0.2879253776932873 0.81856894895036
0.1980517110496346 0.2986395550171326 0.69270510393178
0.08407542095858213 0.3556092662300651 0.6955017192865952
0.1067923411899319 0.1811127028805353 0.7405282830191768
-0.012345820664163 -0.3292960316698947 0.5313038368624412
-0.03449490054265295 0.3669594877126583 0.3360560230930238
-0.05381758297930356 0.2414959793176396 0.4366040910273118
-0.3290705588186971 0.07779769163828502 1.002507289044811
-0.2360796342383706 -0.2083019771565539 1.607357462313708
-0.3266065866387345 -0.1166330145823718 1.545332367288656
0.09985880585849949 0.3349795821592498 0.9677283094882626
0.2009879813901818 0.3004357035319988 1.12065480878082
0.1355092193940796 0.2003485812347521 0.09954073088041732
0.1353193558623019 0.1621818709370813 0.2839914751114632
0.04056301552495177 0.2378789443524436 0.2274142952300232
0.3406448174855014 -0.1732281448187249 1.920632626048381
0.4141591545692768 -0.1247660043317809 1.920632626048381
0.3477314065869877 -0.08521188262494972 1.753965959381714
0.2888496882556316 -0.04801390156057129 1.833333333333333
0.1522098746438265 -0.4053156627642902 1.903531763385718
0.07056541163979613 -0.372344182994241 1.903531763385718
-0.03775274576805588 -0.2189824946755352 1.842314445565087
0.04389171723597447 -0.2519539744455844 1.842314445565087
0.09984661514494034 0.334984596030431 0.852966950216036
-0.006251433240109742 0.228171921217679 0.7749262842848528
-0.1205358090551064 -0.1191110928616371 0.1592645244382424
0.2337673903252407 0.2129886704405491 0.4097002209003616
0.2847822956317788 0.2390166447426523 0.5311833879922065
0.2129025802885412 0.2879203638221061 0.9333303082225866
-0.1875391806510214 0.2597234606097324 1.650518774022193
-0.1494331602451457 0.292102790980613 1.739351162400109
-0.2288424478942629 0.2122514987734947 1.79197495785141
-0.09424323477383244 0.09286235680727827 1.738069671266852
-0.2669484683001387 0.1798721684026141 1.703142569473494
0.08133126013394888 0.3457473387623237 1.110291323724128
0.09212139075338016 0.1837711289938677 1.227881028742716
-0.3777827091486574 0.001646836341853843 0.3344309748461949
-0.186084009292764 -0.05399052114426241 0.2856324639256296
-0.2183519437088266 0.06986665661279262 0.371603197920345
0.1801065231750694 0.01282296946213481 0.2984289148512614
0.1802963867068471 0.05098967975980565 0.1139781706202156
0.2115257368948102 0.09220362001197462 0.213518901500633
0.007294714443831542 -0.1032092451585227 1.842314445565087
-0.02840201458564101 0.005468802511121848 1.685037383472863
0.02086278190475736 0.06403560134475197 1.842722937907776
0.1394907256037862 -0.02655111308931639 1.833333333333333
0.1037939965743137 0.08212693458032821 1.676056271241109
-0.1541273333991207 -0.3230239213088719 0.5698474920241237
0.1564362075709038 -0.05089886389393224 0.1139781706202156
0.174418831709402 -0.1481844180572295 0.2236019006042259
-0.02147519987703707 -0.1161645262318586 0.80449175236784
0.05544541258045127 -0.08873374466343034 0.6159596122900437
0.1013093590381252 -0.08286504291445211 0.7497997684814764
0.04472296104070062 0.1659241449984898 1.842722937907776
0.1116490402581363 0.09846003758101424 1.899891951269996
0.1355092193940796 0.2003485812347521 1.899891951269996
0.07595231122866375 0.2071380852506588 1.742614889177772
0.3504808087829338 -0.08256222433926931 0.722256098175282
0.2034457851607523 -0.01513363984354525 0.6948566761648387
0.3529649763778185 0.06742858449572395 0.6392672446562248
0.3878310095029104 -0.01378918150053999 0.5677855603362357
0.2407959858807289 0.05363940299518408 0.5403861383257924
0.2383118182858441 -0.09635140583980918 0.6233749918448497
-0.08633610015450638 -0.08246163430240756 0.6545032674517262
0.3678036549031659 0.05671440717187868 0.7651310896748049
-0.3555159134677147 -0.1532463672581914 0.8954678686968514
-0.2897553729590143 -0.2311462726198155 0.8373227100703307
-0.1579187168543431 -0.1501813175371065 0.8355798044619719
0.3043413214780147 -0.1046289971074445 1.138208030182048
0.3215319277466715 -0.01352583475594106 1.082757311492657
0.1945802549276926 0.1165513708165905 1.733225284603329
-0.278047150783613 -0.1946000478004865 0.3209447799735483
-0.3078339325523872 -0.1996537854860623 0.4553065193475036
0.2845923624011472 0.1329296453944217 0.3511174108977128
0.3196483287568706 0.1577988787463884 0.4597017036722175
0.370473300832777 0.07773985370026107 0.4011188936695687
0.1897810805741909 0.02761142869308081 0.4189029712339475
0.05277862132647193 0.04109779161843789 0.5453277478705743
-0.08881725280179478 0.04644928114022324 0.6061122620724863
-0.03769573198570567 0.08815270990902682 0.4296860026640036
0.1065669333965404 -0.04703031589462675 0.4395333528815611
-0.03502894073172633 -0.04167882637284139 0.5003178670834731
-0.3123912614138232 -0.1219361698683958 1.002549504321457
-0.1147940648004516 -0.1188711201473109 0.9426614400865772
-0.2281052813903377 -0.03732902237106579 0.8910117470919261
0.2324166220200278 -0.05327245459044075 1.499946002570401
0.3147124911239135 -0.2073306032739763 1.446496228365787
0.1521915140845942 -0.1739853198787701 1.395490337239384
0.0734812447927938 -0.01416314167765532 1.221226427299001
-0.01181834820530403 0.113904075190382 1.302783443204913
0.2908383352736227 -0.2446239783355366 0.8333950354077124
0.270608948937255 -0.287445583815939 1.003983936800047
0.1807322312294998 -0.2079460541589409 0.9484344310762303
0.3121195982193828 -0.218856548105737 1.0595376543775
0.3431991472747302 -0.0974043803636877 1.555589200376546
0.3531938290214154 -0.1422170551003883 1.388868536280281
-0.3596683741396823 0.08314632573591887 1.137637423687152
0.3712056518833566 -0.04904256466357074 1.444390447014846
0.3612109701366712 -0.004229889926870136 1.611111111111112
0.33518733154713 0.09443212918492863 1.521517815525375
0.1963983016838013 0.09020223925805862 1.577073371080931
0.2063929834304866 0.04538956452135801 1.410352706984665
-0.1918640810660232 -0.01889145792260161 0.1263679394873872
-0.1718671760137831 0.06135189760567841 0.1263679394873872
0.4276387181189603 -0.04378401163370128 1.888888888888889
0.3612109701366712 -0.004229889926870136 1.722222222222222
0.1517833501932375 -0.1389096645756127 1.086713422171382
0.08225204949844619 0.3453664552288466 1.226016362804621
0.2019087707546791 0.3000548199985217 1.236379847861313
0.3438532614665383 -0.09575892512767006 1.666666666666667
-0.05854650574435988 -0.01581569086236633 1.895346733359077
-0.1078113022347583 -0.07438248969599645 1.737661178924164
-0.2888584879200207 0.1537569478151328 1.810576186546687
0.3160115761208879 0.2123102959442615 0.2662073975470842
0.2651866040449816 0.2923693209903889 0.3247902075497331
0.332764104755601 -0.1749985289607451 0.6668199291818694
0.3701143054755776 -0.1062254861220158 0.5123493913428231
0.3328310468086261 -0.1748301325707022 0.7778227450787631
0.2952570500860665 0.2328118022067325 0.8767481139914277
0.3028583157241438 0.08127976753261551 1.027524962631112
0.3372154439822789 0.1640353491703279 1.119445463593716
0.3558890560048065 0.06922974688177136 1.174677812455261
0.177420983751478 0.05570391212583041 1.146324012836804
0.3130608161779093 -0.2164869921711752 1.17051794047923
-0.3387483478792348 0.02558792803117454 0.5717745760997949
-0.3362671952319464 -0.1033229874114563 0.6201655814790348
0.3540150456146998 -0.1401457270150742 1.277618943482016
0.192737579630028 -0.06256839941951167 1.193814425174168
0.3712056518833566 -0.04904256466357074 1.222168224792624
-0.04609823284428415 0.3938704805469265 1.903426971395952
-0.1576535423914814 0.3514791161647635 1.896628224492333
-0.02305432927105091 0.2320899741985471 1.842722937907776
-0.03787785069794843 0.334494155362776 1.746149909303727
0.3678036549031659 0.05671440717187868 0.9873533118970275
0.3491300428806383 0.1515200094604353 0.932120963035483
-0.3067936812121747 -0.2015869900780229 0.5625864268149285
-0.2916342005123111 0.1841475766806398 1.588085186654453
-0.1189289669860049 0.09713776508530397 1.623012288447811
-0.1983382546351221 0.01728647287818567 1.675636083899112
-0.3310143003521591 -0.1088799855969051 1.670590027631672
-0.2404873479517952 -0.2005489481710872 1.732615122656724
-0.3063285681399867 -0.1131553938749308 1.785647410450713
-0.3394779341052451 0.1613480648276776 0.8888552736328348
0.3607987434336555 0.06295139446931507 0.2806448372868826
0.385066485027354 0.03329089859678268 1.888888888888889
0.2462774551640252 0.02906100866991267 1.833333333333333
-0.1845014758113971 -0.2976904572573353 1.152680396972452
-0.2497915960511319 -0.220463017232342 1.211119312164216
-0.2500781532944434 -0.2199346787642699 1.09393458088923
0.2468755118947486 -0.2482327147694651 0.4787701638367661
0.1827733144290488 -0.1170085668197334 0.3690607792707309
0.3204151016732776 -0.1883794294127035 0.3376657258064664
0.2385210291751019 -0.2794085660069611 0.333311285170261
0.100879241930873 -0.208037703413991 0.3647063386345255
0.01559498226762231 -0.3281973463169293 1.637442848691512
-0.1764619472816877 -0.3126744365428646 0.7737405266865081
-0.241322847559157 -0.2789715446134135 0.6237520417703942
-0.2897731638715738 -0.2311323387666195 0.7220908336918569
-0.2227796171318124 -0.1164784256076554 0.6855913195458581
0.07676281636455443 -0.3677392487145439 0.3146897674946003
-0.1972163169563179 0.2843842276713291 1.287499939866855
-0.3065367816940999 0.1721820671662316 1.312917994024449
0.2268444049127798 -0.2982755562711022 0.8905861861825163
0.1040598459976175 -0.3315750395885088 0.9452781700688798
0.206615018576412 -0.3410971617515047 1.06117508757485
0.05794767231433755 -0.2412455374763474 1.003126414962594
-0.3381827232042955 -0.1250747335534787 1.399219842749227
-0.05057800892430035 0.1245941652154902 1.842722937907776
0.2659874616066993 -0.04236682223202586 0.3484303976231173
0.06756588549214337 -0.3722520795360523 1.524006071128741
-0.09166176441303173 -0.003312231065817927 0.8599236949977942
0.07236047800186288 -0.01382865333112385 0.8880787595766286
0.04922817761444299 -0.1293875424126168 0.9708165046654117
0.01409045518689186 -0.363198445362965 0.889062835566127
0.1368750141020541 -0.3298989620455585 0.8343708516797634
-0.3493754227945298 -0.09438041286145103 0.2880481950226931
-0.01018276345804257 0.1240954771334737 0.6696075303172344
-0.1006571167702202 0.1711503954240626 0.5539657851106639
0.281159173146446 0.2427763196906323 0.6389262262965685
0.2959978516717934 0.2320621423667871 0.7647900713151486
0.2869001582979271 -0.1808672307097234 0.5329797729904366
0.245699023686288 -0.2496376493028764 0.5884159419840631
0.2915629701439619 -0.2437689475538982 0.7222560981754959
-0.1925434930117573 0.1272930604141635 0.6306299343792472
-0.340820306038545 0.1573057231607955 0.6603959211844601
-0.3275684191407601 0.1235168621774442 0.5202365036711285
-0.2252607697791008 0.01243248983497538 0.6372003141666182
-0.3735375828058885 0.04244515258160737 0.6669663009718311
-0.2385126566768857 0.04622135081832672 0.7773597316799499
0.1865139910121503 -0.3008059421427586 0.4355250677327661
0.1781595082925036 -0.3319817933802546 0.290066189066261
0.005588430728315642 0.1034708069338396 0.8270727612466753
0.0762918082197957 0.09024779075308144 0.993397513544247
-0.3595613643158387 0.08345894452998827 1.255608527271427
0.001176650121755322 0.3537479451105547 0.9101395252712474
-0.01459454406460289 0.3743726153101888 0.7526742943418067
-0.2118905663053463 -0.2736396201976341 0.3795582374493851
-0.2416773480741205 -0.2786933578832099 0.5139199768233405
-0.1649131637069502 -0.3197617801028128 0.4742451211106634
-0.3847175115443632 -0.05548378156466227 0.7185043734004974
0.1924478718281702 -0.1022201075887874 0.489534835653417
0.1970086684714888 0.3434606052654064 0.2879057842547378
0.3693124909843936 0.08063710578821123 0.51223000478068
0.1037935266330099 0.06712576592054115 0.6668109149624192
-0.3416298090221386 -0.02373409229697476 1.061880251272686
-0.3429890767348084 -0.1165875357707619 1.137679638963798
-0.3722276243431238 -0.01838545819934091 1.197010385915027
-0.03148613369163926 -0.3572097417013316 0.2902425872824759
0.3300896590723991 -0.1735909701817575 0.4581397821891525
-0.1163370539595671 0.1953915877973217 1.842722937907776
-0.2509362670799976 0.3147807297635381 1.896628224492333
-0.1957463416086843 0.1155402955902034 1.895346733359077
-0.1441397154968985 -0.1873525646284351 1.842314445565087
-0.342656981402127 -0.2261254688073694 1.890300677091637
-0.20998093568509 -0.09995901033227864 1.895346733359077
0.1575818387030784 -0.02100234159252348 0.5610165199734061
0.2014570743299226 -0.1744263944832423 1.22612433547135
0.2270947078881631 0.02018718221820074 1.285734926136772
0.3526147814886084 0.04556089581933011 1.396168270141156
0.3165964611523818 0.1890355896678295 1.473295638651685
0.3344464578593017 0.1618548717844752 0.5837116891006691
-0.2651708611564046 -0.3122105091057723 1.930379797552171
-0.1630012277060729 -0.2866339884694901 1.772694243117258
0.2261628324567757 -0.2986733738092765 0.7759442006352602
-0.09755121077235049 0.3318798301772868 0.8516086003126682
-0.1133224049587087 0.3525045003769209 0.6941433693832273
-0.01903572397716108 -0.08152532891779075 1.536339116926988
-0.005467656516235264 0.08571951758548396 1.536747609269676
0.1131602871827936 -0.004867196848584394 1.527358004695234
-0.08583938344905537 -0.3576534016807462 0.9474957991480688
-0.09371283986567026 -0.3427996154105797 1.094312818345796
-0.05248095668107185 -0.216869629043185 1.034046516654351
0.2717179001903683 -0.2861339088255063 1.115472157360808
0.1186322051583573 0.05641158859669589 0.7926747599809993
-0.3721952108725886 0.04648749424848939 0.8954256534202056
0.1795961479858969 -0.3049492351426017 0.5324127242970904
0.2254600944435708 -0.2990805333936236 0.666252880488523
-0.05378458692712321 -0.3853387859275049 1.897776149991495
-0.05800192320563416 -0.3281323352441226 1.740090595556582
-0.08604552392517978 -0.3222738823205206 1.663347506831959
-0.03407462070065871 -0.3663286155396435 1.549910729269188
-0.09237542389666858 0.3214782010700119 1.671821472449389
-0.3395711822364504 0.1610745440736072 0.7708109874464379
-0.3722884590037939 0.04621397349441901 0.7773813672338089
-0.01542618820619271 0.3645358806547813 1.286118969974834
0.08767016468804549 0.3430372609746499 1.338313792179809
0.001681956136897825 0.3537546775545334 1.026733654216009
-0.01684558958765278 0.3645224341576073 1.169296668451874
0.2290403402253761 -0.2901711848429052 0.2094538567239621
-0.2052087812002458 0.3086471653670219 0.7708075186518107
-0.1139090036680051 0.204939256407414 0.6941252026239955
-0.1299872965734176 0.04474287300837187 1.895346733359077
0.3647108801850999 0.05230500607933412 0.194469970748966
0.3199237128723323 0.2016639075542806 0.1800325310091677
-0.1150673395465289 0.3430985434256419 1.228561865608081
0.3712056518833566 -0.04904256466357074 1.333279335903735
-0.1313796161999713 0.3508812634706291 0.3026466431804368
-0.09958466064713573 0.3581818755703027 0.4835036055085369
-0.07675606958055986 0.06451516709100726 0.310818683718433
-0.1605593814413039 -0.2882982519676825 1.679898644495359
0.3109344127235518 -0.1991420482486476 0.2138082973601675
0.01468033285142859 -0.3631109293053151 1.006090707486387
0.006806876434813695 -0.3482571430351485 1.152907726684115
-0.01340219777641379 0.3743868627940263 0.6373792782818324
-0.3847374859486412 -0.05524735257353727 0.8366804969363113
-0.2384752072909976 0.2810802221082245 1.406987752100617
-0.06879422083753245 0.225778758661088 1.337005355919787
-0.1781146855753145 0.1135765981559904 1.362423410077381
-0.1782191499908879 0.2805356795770522 0.4200083372637887
-0.2744876670596942 0.2150776334647586 0.4538115586069318
-0.2276481332687776 0.2854232173583355 0.3364498645235798
-0.1324520723230558 0.1638497833243891 0.3731088227825636
0.1812070462970026 0.325257202301679 1.360997628709206
0.07141966629570366 0.208973511297025 1.352498809590609
0.1866251614866019 0.3229280080474823 1.473295058084394
0.1172355054302231 -0.3726330514683109 1.121987624992357
0.05007421589772265 -0.2263917512061809 1.149943434160321
-0.3416128338947497 -0.02393715518374163 0.9437621325609167
0.1910763875519366 0.1636618760667001 1.362862294647301
-0.2786667765135549 -0.1934288471197616 0.2266530926445059
-0.1805325431145387 -0.1835696206740076 0.1592645244382424
-0.3444435823462464 -0.2227883117104713 0.06738856820626346
-0.3499950485244717 -0.09320921218072618 0.1937565076936506
-0.2518608151254555 -0.0833499857349721 0.1263679394873872
-0.158783891427562 -0.3438404391528724 1.930379797552171
0.3716535442996479 0.1140780472337292 1.920883591223093
0.3477980294089652 0.07655725871007638 1.754216924556427
0.2184357698183753 0.1540721593402433 1.899891951269996
0.3199563440633153 0.201568409380407 1.820775542493089
0.3596667381784823 -0.1229332841324698 0.2807745103387075
0.3693412955776038 -0.1081448249015238 0.4012485667213935
-0.3240540510586278 0.08539137212089326 1.757380021915051
0.05290840765543051 0.3689185915990383 1.803318922665948
0.06773192908232803 0.2665144104348094 1.899891951269996
-0.01689556080856963 -0.1616127921457317 0.1096237299840102
-0.06244352914846368 0.19759420105619 1.57096952198455
-0.2351487626747699 0.2846040126515258 1.536042420191192
-0.1665385490097534 0.1220183171270974 1.50853593461681
0.08352880859236368 0.3444266277276137 1.421100235879419
-0.1399850059204171 0.3463587531118053 1.557345118618387
-0.1886872625499029 0.2762968432873575 0.5203824232267906
0.09816486242720356 0.3129676713549902 1.656780552349234
0.002074517557818744 0.3361765827256299 1.639568682537304
0.1907691675366912 0.3210429760327206 1.557797652189056
0.09467882266730637 0.3442518874033603 1.540585782377126
0.07777035798477243 0.180788953692127 1.586462975655373
-0.09391944560087581 -0.3427452312098659 1.210971528675593
-0.03275637685079479 -0.3666800650385561 1.34941742875187
0.06775824758849774 -0.3722235504115325 1.407659259034491
0.006595178838416725 -0.3482887165828422 1.269213358958214
0.1170238078338261 -0.3726646250160047 1.238293257266457
0.1112372846478037 -0.2503265850348711 1.288389334236598
-0.3109523071057553 0.2562861788051762 1.91522945318761
-0.3487397832708003 0.08966678039891898 1.64232263909601
0.1889511207805825 0.3473921075912525 1.713949565711455
0.09286077591119769 0.3706010189618921 1.696737695899524
-0.1715124099179099 0.1402122405063695 0.254241503836993
0.03352649483386173 0.4168581643928053 1.903426971395952
0.1473566567604739 0.2895020942806882 1.899891951269996
-0.07414557338569608 -0.2151995507211077 0.1592645244382424
-0.08657508104322582 -0.3253942698884445 0.2555594986625254
-0.04596491714707468 -0.3863836645262543 0.09629497422428293
0.02949467486084067 -0.2577012500052023 0.1096237299840102
0.01706516720331093 -0.3678959691725391 0.2059187042082932
-0.2876939886152423 0.2489165171236433 0.7118515245112754
-0.2744421017174574 0.215127656140292 0.5716921069979437
-0.1958076123737052 0.2927738521335425 0.635187375242692
0.1685566163381514 0.2152133899283892 1.643631989017593
-0.1639834808731688 -0.3401526703822837 0.1049836762641968
-0.20459364476932 -0.2791632757444739 0.2642482007024392
0.3343345909587333 0.1621286449427953 0.6948766748782773
0.3491732694840807 0.15141446761895 0.8207405198968574
-0.05668507854087243 0.3612318750916766 1.405606782208597
0.03016077596102394 0.2056695057339203 1.471986621824372
0.3373993420795 0.1635853902827552 1.230103694958992
0.345068201282555 0.08414881475237221 1.666666666666667
0.317226515936905 0.2091599654227028 1.733225284603329
0.3558890560048065 0.06922974688177136 1.285788923566372
-0.1100527732061507 0.353943039280608 0.5838776914715388
0.1166456277656864 -0.3727205675259609 1.004959753072098
0.1584328667898632 -0.3400177677605596 1.346356908952558
0.2076984270351915 -0.3404588423650319 1.176990907184523
0.1231549689294789 -0.04967987158528499 1.360637340598968
-0.3427025194914969 -0.1171158742388341 1.254864370238784
0.3372981856100583 0.1638332073646722 1.348677857803792
-0.3554566451981898 -0.1533558917646611 0.7779729917678551
-0.08414298143746618 -0.1228940368160646 1.842314445565087
-0.1499842016256576 -0.03550048251990815 1.895346733359077
0.2486526564719821 -0.2641175772089309 1.284091910187309
0.3134624938179025 -0.2088465280980082 1.333673859364068
0.2232427041357836 -0.2847467186496369 1.395938858129316
-0.3587349992870975 0.08582905925268793 1.374376649099124
-0.2906734248839953 0.1947272141946808 1.468446407175291
-0.2703704506020115 -0.3085227403351836 0.1049836762641968
0.1078383730509289 0.06859243996005709 1.313146928261605
0.08713664859325236 0.09379482226321437 1.437764709109498
0.3878310095029104 -0.01378918150053999 0.4566744492251242
0.3878310095029104 -0.01378918150053999 0.3455633381140131
-0.1020691396995797 0.08023814212357458 0.746271679585818
-0.1347864164669232 -0.03462242845561356 0.7528420593731888
0.1591769355851004 -0.3395751122928151 1.453678690139622
-0.3366418817743833 -0.003094244924885259 1.802798668300418
-0.3363232656227347 -0.009345170832835033 1.702024197116789
-0.3471588627215365 0.09427077822379484 1.520489173638553
-0.3903036590857204 -0.008922904216229641 1.907451934941342
-0.3599903454513238 -0.1189840531662752 1.890300677091637
-0.2273142997342869 0.007182405308815571 1.895346733359077
0.3781564521037889 -0.02857764073148599 0.225089281731327
0.09102844533451319 -0.1500504860500799 1.257044437163107
-0.3610089978349071 -0.005069762554809312 1.586966814297748
-0.04553506446592974 0.3610571347674232 1.525092328706303
-0.3605692568887776 -0.01090959918605543 1.467185579585017
-0.3721453934543387 -0.01935131815716235 1.321073055045587
0.04641127435336577 0.3397332554115453 1.457801604413571
0.2890577967888172 0.1714701563160424 1.655057673284198
0.2612161114431672 0.296481306986373 1.721616291220861
-0.1563262298812086 0.3397945378625373 1.348049677841843
0.152638593730087 0.4024748942085812 1.896628224492344
0.1720205065516558 0.354535321414814 1.79652017576234
0.2676631244081339 0.2897066308901084 0.2079469708499217
-0.3135480046545484 0.191440090646739 0.3349442396613612
-0.3425202652313578 0.1479282885237884 1.91522945318761
-0.377715828369965 0.07956271282954887 1.862033288555975
-0.3617769463954433 -0.1156468960693771 0.06738856820626346
-0.2691941791746524 0.02379142990612211 0.1263679394873872
0.2632229371311429 0.004713257865296812 0.1139781706202156
0.371620913108665 0.1141735454076028 0.08049180012875043
0.2184357698183753 0.1540721593402433 0.09954073088041732
0.2630341581992759 0.2701321754278412 1.565464377698462
-0.07445569731618951 0.3650862190377409 0.2301952590006726
-0.05844362497476289 0.2628308333003319 0.1278735643496058
-0.04728678375881324 0.3937216851201066 0.1023216946510667
0.05171985674090142 0.3687697961722184 0.2018624255314841
0.06773192908232803 0.2665144104348094 0.09954073088041732
0.371653544299648 0.2004456128733286 1.920883591223093
0.2184357698183754 0.2404397249798427 1.899891951269996
-0.2630679483857695 0.2353549992870008 0.2235448406909037
-0.3489678197715403 0.1413718725754043 0.2220392158286851
0.3716209131086651 0.2005411110472022 0.08049180012875043
0.2184357698183754 0.2404397249798427 0.09954073088041732
0.3190445626930137 0.182810833864171 1.577073371080931
0.1630351371793314 0.357748245708126 0.2011152835770778
0.09168065351443797 0.3706430648471358 0.3077231896238353
-0.3311495868762989 0.1113734769906906 0.4220762331427799
-0.3702099244711531 0.087735934172671 0.3032089141972092
-0.3552439975245915 -0.1537477842312289 0.6609252187363912
-0.1854204283240239 0.3224296139953515 0.2233390560122572
0.385066485027354 0.03329089859678268 0.1111111111111113
0.4276387181189603 -0.04378401163370128 0.1111111111111113
0.3057951702227492 -0.07236165236518714 0.1139781706202156
0.2725082643811119 -0.2851877932541091 1.226572856361282
0.2643135199848072 0.2688276813523786 1.4203335078397
0.2850152444424837 0.2436252990492213 1.295715726991807
-0.307006328885773 -0.2011950976114552 0.6796341998463924
0.32356598090205 0.28387764720532 1.917342699749778
0.2718687806657173 0.2850004437123984 1.817234651019774
-0.3903117126459596 -0.008710983381908545 0.1042767844001918
-0.378529814774988 0.01372670050674238 0.230644723887579
0.03233794391933263 0.4167093689659855 0.1023216946510667
0.4140577359709524 -0.1250616100104954 0.0797337102544628
0.340543398887177 -0.1735237504974395 0.0797337102544628
0.3645754699557809 -0.1098552391082802 0.1937118808746784
0.2322808331389739 -0.1208237928521312 0.1139781706202156
0.1505197650686486 -0.4059388444243944 0.09640280008424736
0.03567954585695568 -0.4193551442963035 0.09629497422428293
0.111139137864871 -0.2906727297752515 0.1096237299840102
0.1319053864150038 -0.35447966930063 0.2060265300682576
0.2476547188790209 -0.3416303599666696 0.09983012673995185
-0.1582515147666476 0.3510650800777174 0.09546549166265138
0.2869023416549479 -0.262810559637807 0.09983012673995185
0.1503867606407981 -0.2118529294463888 0.1096237299840102
0.2520044453020329 -0.336846617009707 1.896628224492344
0.3193603246444666 0.2885838343830299 0.1084062399695044
-0.3291817595169094 0.2272920789681411 0.09567127634129789
-0.1517263496632791 0.2261324468991064 0.1278735643496058
-0.2376262210490499 0.1321493201875099 0.1263679394873872
0.1436532243577626 0.4056878185018931 0.1015745526966605
-0.2515342394551638 0.3143666936764919 0.09546549166265138
-0.05307723853998375 0.1106000696272774 1.422271255438675
-0.1506764469307895 0.3422159432727253 1.458023437477288
0.2253854714738106 0.3265272272168744 1.899891951269996
-0.360749717642512 0.1189341886867533 0.09567127634129789
0.1473566567604739 0.2895020942806882 0.09954073088041732
0.2253854714738106 0.3265272272168744 0.09954073088041732
-0.3714415950083532 0.0829434729692768 0.1263679394873872
$EndNodes
$Elements
9 1112 1 1112
0 1 15 1
1 1 
0 2 15 1
2 2 
1 1 8 13
3 1 3 15 
4 3 4 16 
5 4 5 17 
6 5 6 18 
7 6 7 19 
8 7 8 20 
9 8 9 21 
10 9 10 22 
11 10 11 23 
12 11 12 24 
13 12 13 25 
14 13 14 26 
15 14 1 27 
1 2 8 9
16 2 28 36 
17 28 29 37 
18 29 30 38 
19 30 31 39 
20 31 32 40 
21 32 33 41 
22 33 34 42 
23 34 35 43 
24 35 1 44 
1 3 8 13
25 2 45 57 
26 45 46 58 
27 46 47 59 
28 47 48 60 
29 48 49 61 
30 49 50 62 
31 50 51 63 
32 51 52 64 
33 52 53 65 
34 53 54 66 
35 54 55 67 
36 55 56 68 
37 56 2 69 
2 1 9 288
38 1 183 3 193 194 15 
39 14 185 1 195 196 27 
40 35 183 1 197 193 44 
41 1 185 35 196 198 44 
42 2 184 28 199 200 36 
43 28 186 2 201 202 36 
44 45 184 2 203 199 57 
45 2 186 56 202 204 69 
46 3 170 4 205 206 16 
47 3 183 170 194 207 205 
48 4 82 5 208 209 17 
49 4 170 82 206 210 208 
50 5 162 6 211 212 18 
51 82 162 5 213 211 209 
52 6 74 7 214 215 19 
53 6 162 74 212 216 214 
54 7 190 8 217 218 20 
55 74 190 7 219 217 215 
56 8 169 9 220 221 21 
57 149 169 8 222 220 223 
58 8 190 149 218 224 223 
59 9 72 10 225 226 22 
60 9 169 72 221 227 225 
61 10 180 11 228 229 23 
62 72 180 10 230 228 226 
63 11 80 12 231 232 24 
64 11 180 80 229 233 231 
65 12 153 13 234 235 25 
66 80 153 12 236 234 232 
67 13 85 14 237 238 26 
68 13 153 85 235 239 237 
69 85 185 14 240 195 238 
70 29 151 28 241 242 37 
71 28 165 29 243 244 37 
72 151 186 28 245 201 242 
73 28 184 165 200 246 243 
74 29 76 30 247 248 38 
75 30 79 29 249 250 38 
76 29 165 76 244 251 247 
77 79 151 29 252 241 250 
78 30 86 31 253 254 39 
79 31 150 30 255 256 39 
80 76 86 30 257 253 248 
81 30 150 79 256 258 249 
82 32 70 31 259 260 40 
83 31 71 32 261 262 40 
84 70 150 31 263 255 260 
85 31 86 71 254 264 261 
86 32 141 33 265 266 41 
87 33 152 32 267 268 41 
88 32 152 70 268 269 259 
89 71 141 32 270 265 262 
90 33 77 34 271 272 42 
91 34 78 33 273 274 42 
92 33 141 77 266 275 271 
93 78 152 33 276 267 274 
94 35 167 34 277 278 43 
95 34 168 35 279 280 43 
96 77 168 34 281 279 272 
97 34 167 78 278 282 273 
98 35 185 167 198 283 277 
99 168 183 35 284 197 280 
100 46 84 45 285 286 58 
101 84 184 45 287 203 286 
102 47 154 46 288 289 59 
103 46 154 84 289 290 285 
104 48 81 47 291 292 60 
105 81 154 47 293 288 292 
106 49 128 48 294 295 61 
107 48 128 81 295 296 291 
108 50 73 49 297 298 62 
109 73 128 49 299 294 298 
110 51 164 50 300 301 63 
111 50 164 73 301 302 297 
112 52 189 51 303 304 64 
113 51 189 164 304 305 300 
114 53 75 52 306 307 65 
115 75 189 52 308 303 307 
116 54 155 53 309 310 66 
117 53 155 75 310 311 306 
118 55 83 54 312 313 67 
119 83 155 54 314 309 313 
120 56 163 55 315 316 68 
121 55 163 83 316 317 312 
122 56 186 163 204 318 315 
123 70 171 150 319 320 263 
124 152 173 70 321 322 269 
125 70 173 171 322 323 319 
126 86 87 71 324 325 264 
127 87 88 71 326 327 325 
128 88 141 71 328 270 327 
129 72 146 145 329 330 331 
130 145 180 72 332 230 331 
131 72 147 146 333 334 329 
132 72 169 147 227 335 333 
133 121 128 73 336 299 337 
134 73 182 121 338 339 337 
135 164 182 73 340 338 302 
136 74 178 159 341 342 343 
137 159 190 74 344 219 343 
138 162 178 74 345 341 216 
139 75 160 129 346 347 348 
140 129 189 75 349 308 348 
141 155 181 75 350 351 311 
142 75 181 160 351 352 346 
143 76 157 86 353 354 257 
144 76 166 157 355 356 353 
145 165 166 76 357 355 251 
146 77 161 139 358 359 360 
147 139 168 77 361 281 360 
148 141 161 77 362 358 275 
149 78 174 152 363 364 276 
150 167 176 78 365 366 282 
151 78 176 174 366 367 363 
152 150 172 79 368 369 258 
153 79 175 151 370 371 252 
154 172 175 79 372 370 369 
155 122 153 80 373 236 374 
156 80 192 122 375 376 374 
157 80 180 145 233 332 377 
158 145 192 80 378 375 377 
159 128 177 81 379 380 296 
160 81 158 154 381 382 293 
161 81 177 158 380 383 381 
162 138 162 82 384 213 385 
163 82 191 138 386 387 385 
164 82 170 139 210 388 389 
165 139 191 82 390 386 389 
166 83 156 155 391 392 314 
167 83 179 156 393 394 391 
168 163 179 83 395 393 317 
169 154 188 84 396 397 290 
170 84 166 165 398 357 399 
171 165 184 84 246 287 399 
172 84 188 166 397 400 398 
173 153 187 85 401 402 239 
174 85 176 167 403 365 404 
175 167 185 85 283 240 404 
176 85 187 176 402 405 403 
177 86 157 87 354 406 324 
178 87 89 88 407 408 326 
179 87 90 89 409 410 407 
180 87 157 90 406 411 409 
181 89 136 88 412 413 408 
182 136 161 88 414 415 413 
183 88 161 141 415 362 328 
184 90 91 89 416 417 410 
185 91 92 89 418 419 417 
186 92 136 89 420 412 419 
187 90 130 91 421 422 416 
188 90 131 130 423 424 421 
189 90 157 131 411 425 423 
190 91 93 92 426 427 418 
191 91 94 93 428 429 426 
192 91 130 94 422 430 428 
193 93 134 92 431 432 427 
194 134 135 92 433 434 432 
195 135 136 92 435 420 434 
196 94 95 93 436 437 429 
197 95 96 93 438 439 437 
198 96 134 93 440 431 439 
199 94 113 95 441 442 436 
200 94 117 113 443 444 441 
201 94 130 117 430 445 443 
202 95 97 96 446 447 438 
203 95 132 97 448 449 446 
204 113 132 95 450 448 442 
205 97 98 96 451 452 447 
206 98 114 96 453 454 452 
207 114 134 96 455 440 454 
208 97 99 98 456 457 451 
209 97 100 99 458 459 456 
210 97 132 100 449 460 458 
211 99 112 98 461 462 457 
212 112 148 98 463 464 462 
213 98 148 114 464 465 453 
214 100 101 99 466 467 459 
215 101 142 99 468 469 467 
216 99 142 112 469 470 461 
217 100 102 101 471 472 466 
218 100 108 102 473 474 471 
219 100 132 108 460 475 473 
220 102 103 101 476 477 472 
221 103 104 101 478 479 477 
222 104 142 101 480 468 479 
223 102 143 103 481 482 476 
224 108 115 102 483 484 474 
225 115 143 102 485 481 484 
226 103 105 104 486 487 478 
227 103 106 105 488 489 486 
228 103 143 106 482 490 488 
229 105 107 104 491 492 487 
230 107 111 104 493 494 492 
231 111 142 104 495 480 494 
232 106 123 105 496 497 489 
233 105 109 107 498 499 491 
234 105 123 109 497 500 498 
235 106 124 123 501 502 496 
236 106 125 124 503 504 501 
237 106 143 125 490 505 503 
238 109 110 107 506 507 499 
239 110 144 107 508 509 507 
240 107 144 111 509 510 493 
241 108 119 115 511 512 483 
242 108 133 119 513 514 511 
243 132 133 108 515 513 475 
244 109 116 110 516 517 506 
245 109 120 116 518 519 516 
246 109 123 120 500 520 518 
247 116 118 110 521 522 517 
248 118 122 110 523 524 522 
249 122 144 110 525 508 524 
250 111 146 142 526 527 495 
251 144 145 111 528 529 510 
252 145 146 111 330 526 529 
253 142 146 112 527 530 470 
254 146 147 112 334 531 530 
255 147 148 112 532 463 531 
256 117 121 113 533 534 444 
257 121 133 113 535 536 534 
258 113 133 132 536 515 450 
259 114 140 134 537 538 455 
260 114 159 140 539 540 537 
261 148 159 114 541 539 465 
262 119 129 115 542 543 512 
263 129 160 115 347 544 543 
264 115 160 143 544 545 485 
265 116 174 118 546 547 521 
266 120 173 116 548 549 519 
267 173 174 116 550 546 549 
268 117 177 121 551 552 533 
269 130 158 117 553 554 445 
270 158 177 117 383 551 554 
271 118 187 122 555 556 523 
272 174 176 118 367 557 547 
273 176 187 118 405 555 557 
274 119 164 129 558 559 542 
275 133 182 119 560 561 514 
276 119 182 164 561 340 558 
277 123 126 120 562 563 520 
278 126 171 120 564 565 563 
279 171 173 120 323 548 565 
280 121 177 128 552 379 336 
281 121 182 133 339 560 535 
282 122 192 144 376 566 525 
283 122 187 153 556 401 373 
284 124 126 123 567 562 502 
285 125 156 124 568 569 504 
286 124 127 126 570 571 567 
287 124 156 127 569 572 570 
288 143 160 125 545 573 505 
289 125 181 156 574 575 568 
290 160 181 125 352 574 573 
291 127 172 126 576 577 571 
292 126 172 171 577 578 564 
293 156 179 127 394 579 572 
294 127 175 172 580 372 576 
295 127 179 175 579 581 580 
296 164 189 129 305 349 559 
297 131 158 130 582 553 424 
298 157 166 131 356 583 425 
299 131 188 158 584 585 582 
300 166 188 131 400 584 583 
301 134 140 135 538 586 433 
302 135 137 136 587 588 435 
303 135 138 137 589 590 587 
304 135 140 138 586 591 589 
305 137 161 136 592 414 588 
306 138 191 137 387 593 590 
307 139 161 137 359 592 594 
308 137 191 139 593 390 594 
309 140 178 138 595 596 591 
310 138 178 162 596 345 384 
311 139 170 168 388 597 361 
312 159 178 140 342 595 540 
313 144 192 145 566 378 528 
314 147 149 148 598 599 532 
315 147 169 149 335 222 598 
316 149 159 148 600 541 599 
317 149 190 159 224 344 600 
318 171 172 150 578 368 320 
319 151 175 163 371 601 602 
320 163 186 151 318 245 602 
321 152 174 173 364 550 321 
322 158 188 154 585 396 382 
323 156 181 155 575 350 392 
324 175 179 163 581 395 601 
325 170 183 168 207 284 597 
2 2 9 41
326 3 605 1 618 619 15 
327 1 615 14 620 621 27 
328 605 615 1 622 620 619 
329 4 608 3 623 624 16 
330 3 608 605 624 625 618 
331 5 617 4 626 627 17 
332 4 617 608 627 628 623 
333 6 603 5 629 630 18 
334 603 617 5 631 626 630 
335 7 612 6 632 633 19 
336 6 612 603 633 634 629 
337 8 612 7 635 632 20 
338 9 606 8 636 637 21 
339 606 612 8 638 635 637 
340 10 614 9 639 640 22 
341 9 614 606 640 641 636 
342 11 614 10 642 639 23 
343 12 604 11 643 644 24 
344 604 614 11 645 642 644 
345 13 616 12 646 647 25 
346 12 616 604 647 648 643 
347 14 607 13 649 650 26 
348 607 616 13 651 646 650 
349 14 615 607 621 652 649 
350 603 610 609 653 654 655 
351 609 617 603 656 631 655 
352 603 612 610 634 657 653 
353 607 611 604 658 659 660 
354 604 616 607 648 651 660 
355 611 613 604 661 662 659 
356 613 614 604 663 645 662 
357 605 611 607 664 658 665 
358 607 615 605 652 622 665 
359 608 609 605 666 667 625 
360 609 611 605 668 664 667 
361 610 612 606 657 638 669 
362 606 613 610 670 671 669 
363 606 614 613 641 663 670 
364 608 617 609 628 656 666 
365 610 611 609 672 668 654 
366 610 613 611 671 661 672 
2 3 9 41
367 45 2 675 57 688 689 
368 2 56 685 69 690 691 
369 675 2 685 688 691 692 
370 46 45 678 58 693 694 
371 45 675 678 689 695 693 
372 47 46 687 59 696 697 
373 46 678 687 694 698 696 
374 48 47 673 60 699 700 
375 673 47 687 699 697 701 
376 49 48 682 61 702 703 
377 48 673 682 700 704 702 
378 50 49 682 62 703 705 
379 51 50 676 63 706 707 
380 676 50 682 706 705 708 
381 52 51 684 64 709 710 
382 51 676 684 707 711 709 
383 53 52 684 65 710 712 
384 54 53 674 66 713 714 
385 674 53 684 713 712 715 
386 55 54 686 67 716 717 
387 54 674 686 714 718 716 
388 56 55 677 68 719 720 
389 677 55 686 719 717 721 
390 56 677 685 720 722 690 
391 673 679 680 723 724 725 
392 679 673 687 723 701 726 
393 673 680 682 725 727 704 
394 677 674 681 728 729 730 
395 674 677 686 728 721 718 
396 681 674 683 729 731 732 
397 683 674 684 731 715 733 
398 675 677 681 734 730 735 
399 677 675 685 734 692 722 
400 678 675 679 695 736 737 
401 679 675 681 736 735 738 
402 680 676 682 739 708 727 
403 676 680 683 739 740 741 
404 676 683 684 741 733 711 
405 678 679 687 737 726 698 
406 680 679 681 724 738 742 
407 680 681 683 742 732 740 
3 1 11 705
408 85 187 748 751 402 781 782 783 784 785 
409 95 96 750 754 438 786 787 788 789 790 
410 95 93 96 754 437 439 438 788 790 791 
411 85 748 607 751 782 792 793 783 794 784 
412 153 85 187 748 239 402 401 795 781 782 
413 765 770 744 773 796 797 798 799 800 801 
414 750 754 96 757 789 790 786 802 803 804 
415 680 681 745 749 742 805 806 807 808 809 
416 95 754 750 763 788 789 787 810 811 812 
417 744 770 756 773 797 813 814 800 815 801 
418 96 754 93 757 790 791 439 803 816 804 
419 124 755 753 761 817 818 819 820 821 822 
420 187 748 751 773 781 784 785 823 824 825 
421 111 765 748 773 826 827 828 829 825 799 
422 188 745 758 771 830 831 832 833 834 835 
423 111 770 765 773 836 796 826 829 799 801 
424 680 745 679 762 806 837 724 838 839 840 
425 124 753 755 759 819 818 817 841 842 843 
426 111 756 770 773 844 813 836 829 801 815 
427 679 680 681 745 724 742 738 837 805 806 
428 187 751 176 773 785 845 405 823 846 824 
429 106 755 124 761 847 817 501 848 820 822 
430 70 31 759 769 260 849 850 851 852 853 
431 188 158 745 771 585 854 830 833 835 855 
432 101 104 103 755 479 478 477 856 857 858 
433 188 758 131 771 832 859 584 833 860 834 
434 754 769 88 774 861 862 863 864 865 866 
435 144 111 748 773 510 828 867 868 825 829 
436 156 749 181 753 869 870 575 871 872 873 
437 681 745 749 767 805 808 809 874 875 876 
438 750 756 746 757 877 878 879 802 880 881 
439 119 749 752 761 882 883 884 885 886 887 
440 750 757 96 770 802 803 786 888 889 890 
441 70 759 746 769 850 891 892 851 893 852 
442 758 769 90 771 894 895 896 834 897 898 
443 125 156 181 753 568 575 574 899 872 871 
444 745 158 762 771 854 900 840 835 901 855 
445 95 96 97 750 438 447 446 787 902 786 
446 146 748 111 765 903 828 526 904 826 827 
447 88 89 754 774 408 905 863 865 864 906 
448 679 762 745 772 839 840 837 907 908 909 
449 185 607 615 751 910 652 911 912 913 794 
450 604 616 153 748 648 914 915 916 795 917 
451 754 90 769 771 918 895 861 919 898 897 
452 680 683 681 749 740 732 742 807 809 920 
453 188 745 166 758 830 921 400 832 922 831 
454 89 88 754 769 408 863 905 923 861 862 
455 74 159 747 779 343 924 925 926 927 928 
456 89 757 754 774 929 804 905 906 864 930 
457 119 752 749 775 884 883 882 931 932 933 
458 679 745 760 772 837 934 935 907 936 908 
459 176 187 85 751 405 402 403 845 783 785 
460 611 748 747 751 937 938 939 940 941 784 
461 106 124 125 761 501 504 503 848 942 820 
462 681 760 745 767 943 934 805 874 876 944 
463 743 755 753 759 945 818 946 947 843 842 
464 756 757 750 770 881 802 877 813 888 890 
465 611 747 609 766 939 948 668 949 950 951 
466 30 759 758 780 952 953 954 955 956 957 
467 753 755 743 761 818 945 946 821 958 822 
468 30 758 759 769 954 953 952 959 852 894 
469 101 755 103 776 856 857 477 960 961 962 
470 124 753 125 761 819 899 504 820 942 821 
471 152 32 70 746 268 259 269 963 892 964 
472 611 751 747 766 940 941 939 949 951 965 
473 129 749 119 761 966 882 542 967 885 887 
474 166 745 165 780 921 968 357 969 970 971 
475 745 743 752 753 972 973 974 975 976 946 
476 101 750 755 776 977 978 856 960 962 979 
477 604 607 616 748 660 651 648 916 917 792 
478 751 764 176 773 980 981 845 824 846 982 
479 744 746 756 757 983 878 814 984 881 880 
480 679 745 681 760 837 805 738 935 943 934 
481 171 70 759 778 319 850 985 986 987 988 
482 176 751 78 764 845 989 366 981 990 980 
483 97 750 96 770 902 786 447 991 889 888 
484 34 764 751 768 992 980 993 994 995 996 
485 683 749 680 775 920 807 740 997 998 932 
486 185 615 35 751 911 999 198 912 1000 913 
487 746 759 70 778 891 850 892 1001 988 987 
488 166 758 745 780 922 831 921 969 971 956 
489 136 757 89 774 1002 929 412 1003 906 930 
490 176 85 167 751 403 404 365 845 1004 783 
491 747 748 611 779 938 937 939 927 1005 1006 
492 74 190 159 779 219 344 343 926 928 1007 
493 165 745 166 772 968 921 357 1008 1009 908 
494 30 79 759 780 249 1010 952 955 957 1011 
495 30 150 31 759 256 255 39 952 849 1012 
496 89 87 88 769 407 326 408 923 862 1013 
497 71 746 32 774 1014 964 262 1015 1016 1017 
498 152 746 70 778 963 892 269 1018 988 1001 
499 119 752 108 761 884 1019 511 885 1020 886 
500 745 752 749 753 974 883 808 975 873 976 
501 152 32 746 764 268 964 963 1021 1022 1023 
502 611 607 748 751 658 792 937 940 784 794 
503 74 162 603 747 216 1024 1025 925 1026 1027 
504 32 746 71 769 964 1014 262 1028 1029 893 
505 30 759 31 769 952 849 39 959 853 852 
506 88 136 89 774 413 412 408 865 906 1003 
507 744 757 756 770 984 881 814 797 813 890 
508 115 129 119 761 543 542 512 1030 885 967 
509 159 765 747 779 1031 1032 924 928 927 1033 
510 748 765 72 779 827 1034 1035 1006 1036 1033 
511 95 750 97 763 787 902 446 810 1037 811 
512 185 85 607 751 240 793 910 912 794 783 
513 165 760 745 772 1038 934 968 1008 908 936 
514 35 615 605 751 999 622 1039 1000 1040 913 
515 71 88 769 774 327 862 1029 1015 866 865 
516 104 101 142 756 479 468 480 1041 1042 1043 
517 175 753 760 767 1044 1045 1046 1047 944 1048 
518 122 153 187 748 373 401 556 1049 781 795 
519 143 755 761 776 1050 822 1051 1052 1053 962 
520 188 166 131 758 400 583 584 832 859 922 
521 34 78 751 764 273 989 993 992 980 990 
522 156 749 753 767 869 873 871 1054 1048 875 
523 752 753 743 761 976 946 973 886 958 821 
524 96 757 114 770 803 1055 454 889 1056 890 
525 143 103 755 776 482 857 1050 1052 962 961 
526 120 759 755 778 1057 842 1058 1059 1060 987 
527 146 765 111 770 904 826 526 1061 836 796 
528 32 71 31 769 262 261 40 1028 853 1029 
529 71 769 746 774 1029 893 1014 1015 1017 866 
530 609 611 610 747 668 672 654 948 1062 939 
531 165 745 760 780 968 934 1038 970 1063 971 
532 122 748 187 773 1049 781 556 1064 823 825 
533 176 167 78 751 365 282 366 845 989 1004 
534 746 750 743 755 879 1065 1066 1067 945 978 
535 123 755 120 759 1068 1058 520 1069 1057 842 
536 129 119 749 775 542 882 966 1070 932 931 
537 745 752 743 771 974 973 972 835 1071 1072 
538 157 90 758 769 411 896 1073 1074 894 895 
539 79 753 172 759 1075 1076 369 1010 1077 843 
540 752 763 133 776 1078 1079 1080 1081 1082 1083 
541 749 753 752 761 873 976 883 887 886 821 
542 175 179 753 767 581 1084 1044 1047 1048 1085 
543 743 750 746 754 1065 879 1066 1086 1087 789 
544 98 97 96 770 451 447 452 1088 889 991 
545 90 754 91 771 918 1089 416 897 1090 919 
546 746 769 754 774 893 861 1087 1017 864 866 
547 160 181 749 761 352 870 1091 1092 887 1093 
548 108 761 752 776 1020 886 1019 1094 1081 1053 
549 150 70 31 759 263 260 255 1012 849 850 
550 150 30 79 759 256 249 258 1012 1010 952 
551 79 753 759 780 1075 843 1010 1011 957 1095 
552 188 166 745 772 400 921 830 1096 908 1009 
553 166 165 76 780 357 251 355 969 1097 970 
554 745 743 758 771 972 1098 831 835 834 1071 
555 188 131 158 771 584 582 585 833 855 860 
556 101 750 99 770 977 1099 467 1100 1101 888 
557 181 749 156 767 870 869 575 1102 1054 875 
558 175 760 753 780 1046 1045 1044 1103 1095 1063 
559 74 747 612 779 925 1104 1105 926 1106 927 
560 108 752 133 776 1019 1080 513 1094 1082 1081 
561 614 748 72 779 1107 1035 1108 1109 1036 1006 
562 607 605 615 751 665 622 652 794 913 1040 
563 743 753 745 758 946 975 972 1098 831 1110 
564 152 764 746 778 1021 1022 963 1018 1001 1111 
565 746 764 32 774 1022 1023 964 1017 1016 1112 
566 34 77 764 768 272 1113 992 994 996 1114 
567 166 76 758 780 355 1115 922 969 956 1097 
568 72 614 180 748 1108 1116 230 1035 1117 1107 
569 126 123 120 759 562 520 563 1118 1057 1069 
570 119 108 115 761 511 483 512 885 1030 1020 
571 94 91 754 771 428 1089 1119 1120 919 1090 
572 747 748 744 751 938 1121 1122 941 1123 784 
573 143 755 106 761 1050 847 490 1051 848 822 
574 72 748 146 765 1035 903 329 1034 904 827 
575 746 754 750 757 1087 789 879 880 802 804 
576 105 755 104 756 1124 858 487 1125 1041 1126 
577 152 70 173 778 269 322 321 1018 1127 988 
578 743 769 758 771 1128 894 1098 1071 834 898 
579 160 125 181 761 573 574 352 1092 1093 942 
580 603 612 74 747 634 1105 1025 1026 925 1104 
581 97 763 750 776 1037 811 902 1129 979 1083 
582 124 127 753 759 570 1130 819 841 843 1131 
583 185 167 85 751 283 404 240 912 783 1004 
584 78 167 34 751 282 278 273 989 993 1004 
585 104 105 103 755 487 486 478 858 857 1124 
586 80 604 153 748 1132 915 236 1133 795 916 
587 192 144 748 773 566 867 1134 1135 825 868 
588 178 74 159 747 341 343 342 1136 924 925 
589 132 763 97 776 1137 1037 449 1138 1129 1083 
590 136 137 135 757 588 587 435 1002 1139 1140 
591 92 754 89 757 1141 905 419 1142 929 804 
592 175 163 179 767 601 395 581 1047 1085 1143 
593 743 754 769 771 1086 861 1128 1071 898 919 
594 94 754 763 771 1119 812 1144 1120 1145 919 
595 124 126 127 759 567 571 570 841 1131 1118 
596 610 747 611 779 1062 939 672 1146 1005 927 
597 165 184 760 772 246 1147 1038 1008 936 1148 
598 748 765 744 773 827 798 1121 825 800 799 
599 96 134 114 757 440 455 454 803 1055 1149 
600 34 77 33 764 272 271 42 992 1150 1113 
601 746 755 743 759 1067 945 1066 891 947 842 
602 177 762 158 771 1151 900 383 1152 855 901 
603 749 752 745 775 883 974 808 932 1153 933 
604 758 759 753 780 953 843 1110 956 1095 957 
605 144 145 192 748 528 378 566 867 1134 1154 
606 175 760 163 767 1046 1155 601 1047 1143 944 
607 753 758 743 759 1110 1098 946 843 947 953 
608 109 755 105 756 1156 1124 498 1157 1125 1126 
609 130 90 91 771 421 416 422 1158 1090 897 
610 100 132 97 776 460 449 458 1159 1129 1138 
611 114 770 757 777 1056 890 1055 1160 1161 1162 
612 177 752 121 762 1163 1164 552 1151 1165 1166 
613 124 156 125 753 569 568 504 819 899 871 
614 136 137 757 768 588 1140 1002 1167 1168 1169 
615 755 756 109 778 1126 1157 1156 1060 1170 1171 
616 160 749 129 761 1091 966 347 1092 967 887 
617 74 178 162 747 341 345 216 925 1027 1136 
618 92 89 136 757 419 412 420 1142 1002 929 
619 100 97 750 776 458 902 1172 1159 979 1129 
620 131 758 90 771 859 896 423 860 897 834 
621 136 768 757 774 1167 1168 1002 1003 930 1173 
622 189 749 684 775 1174 1175 1176 1177 1178 932 
623 745 753 749 767 975 873 808 876 875 1048 
624 80 180 604 748 233 1179 1132 1133 916 1117 
625 120 171 759 778 565 985 1057 1059 987 986 
626 143 103 106 755 482 488 490 1050 847 857 
627 605 183 751 766 1180 1181 1040 1182 965 1183 
628 119 133 108 752 514 513 511 884 1019 1080 
629 175 151 760 780 371 1184 1046 1103 1063 1185 
630 190 149 159 779 224 600 344 1007 928 1186 
631 745 762 752 771 840 1166 974 835 1072 901 
632 162 603 747 766 1024 1026 1027 1187 951 1188 
633 681 749 683 767 809 920 732 874 1189 875 
634 747 765 159 777 1032 1031 924 1190 1191 1192 
635 135 757 137 768 1139 1140 587 1193 1169 1168 
636 178 747 159 777 1136 924 342 1194 1191 1190 
637 117 121 177 752 533 552 551 1195 1163 1164 
638 191 747 138 768 1196 1197 387 1198 1199 1200 
639 157 87 90 769 406 409 411 1074 895 1013 
640 134 96 93 757 440 439 431 1149 816 803 
641 107 756 111 773 1201 844 493 1202 829 815 
642 756 773 110 778 815 1203 1204 1171 1205 1206 
643 80 153 122 748 236 373 374 1133 1049 795 
644 74 612 190 779 1105 1207 219 926 1007 1106 
645 149 765 159 779 1208 1031 600 1186 928 1033 
646 189 129 749 775 349 966 1174 1177 932 1070 
647 191 138 747 766 387 1197 1196 1209 951 1210 
648 752 762 745 775 1166 840 974 933 1153 1211 
649 603 162 617 766 1024 1212 631 1188 1213 1187 
650 92 93 754 757 427 791 1141 1142 804 816 
651 96 114 98 770 454 453 452 889 1088 1056 
652 604 180 614 748 1179 1116 645 916 1107 1117 
653 674 749 155 767 1214 1215 1216 1217 1218 875 
654 35 605 183 751 1039 1180 197 1000 1181 1040 
655 745 760 753 767 934 1045 975 876 1048 944 
656 113 763 752 771 1219 1078 1220 1221 1072 1145 
657 191 766 747 768 1209 951 1196 1198 1200 1222 
658 155 674 75 749 1216 1223 311 1215 1224 1214 
659 743 746 759 769 1066 891 947 1128 852 893 
660 160 129 115 761 347 543 544 1092 1030 967 
661 30 86 758 769 253 1225 954 959 894 1226 
662 757 768 135 777 1168 1193 1139 1161 1227 1228 
663 175 151 163 760 371 602 601 1046 1155 1184 
664 141 71 32 774 270 262 265 1229 1016 1015 
665 131 157 90 758 425 411 423 859 896 1073 
666 603 609 610 747 655 654 653 1026 1062 948 
667 183 168 751 766 284 1230 1181 1183 965 1231 
668 33 32 764 774 41 1023 1150 1232 1112 1016 
669 117 113 752 771 444 1220 1195 1233 1072 1221 
670 110 109 756 778 506 1157 1204 1205 1171 1170 
671 604 611 607 748 659 658 660 916 792 937 
672 744 751 748 773 1123 784 1121 800 825 824 
673 123 755 109 778 1068 1156 500 1234 1170 1060 
674 116 110 773 778 517 1203 1235 1236 1206 1205 
675 743 754 746 769 1086 1087 1066 1128 893 861 
676 120 755 123 778 1058 1068 520 1059 1234 1060 
677 80 122 192 748 374 376 375 1133 1134 1049 
678 181 155 749 767 350 1215 870 1102 875 1218 
679 744 764 751 773 1237 980 1123 800 824 982 
680 156 753 179 767 871 1084 394 1054 1085 1048 
681 755 759 746 778 842 891 1067 1060 1001 987 
682 94 130 91 771 430 422 428 1120 1090 1158 
683 101 99 142 770 467 469 468 1100 1238 1101 
684 745 758 753 780 831 1110 975 971 1095 956 
685 99 750 97 770 1099 902 456 1101 991 888 
686 138 162 747 766 384 1027 1197 1210 951 1187 
687 110 756 107 773 1204 1201 507 1203 1202 815 
688 144 107 111 773 509 493 510 868 829 1202 
689 77 33 764 774 271 1150 1113 1239 1112 1232 
690 91 93 94 754 426 429 428 1089 1119 791 
691 143 102 103 776 481 476 482 1052 961 1240 
692 143 106 125 761 490 503 505 1051 942 848 
693 614 613 748 779 663 1241 1107 1109 1006 1242 
694 116 773 764 778 1235 982 1243 1236 1111 1206 
695 174 764 116 773 1244 1243 546 1245 1235 982 
696 114 148 770 777 465 1246 1056 1160 1162 1247 
697 611 605 607 751 664 665 658 940 794 1040 
698 109 123 105 755 500 497 498 1156 1124 1068 
699 71 88 87 769 327 326 325 1029 1013 862 
700 192 748 122 773 1134 1049 376 1135 1064 825 
701 683 684 749 775 733 1175 920 997 932 1178 
702 77 764 768 774 1113 996 1114 1239 1173 1112 
703 684 189 75 749 1176 308 1248 1175 1224 1174 
704 172 79 175 753 369 370 372 1076 1044 1075 
705 746 757 744 774 880 984 983 1017 1249 930 
706 75 674 684 749 1223 715 1248 1224 1175 1214 
707 747 751 744 768 941 1123 1122 1200 1250 995 
708 72 180 145 748 230 332 331 1035 1154 1117 
709 72 145 146 748 331 330 329 1035 903 1154 
710 165 28 29 780 243 37 244 970 1251 1252 
711 752 743 763 776 973 1253 1078 1081 1083 1254 
712 744 748 747 765 1121 938 1122 798 1032 827 
713 107 110 109 756 507 506 499 1201 1157 1204 
714 129 75 189 749 348 308 349 966 1174 1224 
715 754 757 746 774 804 880 1087 864 1017 930 
716 118 174 116 773 547 546 521 1255 1235 1245 
717 750 755 746 756 978 1067 879 877 878 1126 
718 169 72 147 779 227 333 335 1256 1257 1036 
719 765 770 148 777 796 1246 1258 1192 1247 1162 
720 70 171 173 778 319 323 322 988 1127 986 
721 172 753 127 759 1076 1130 576 1077 1131 843 
722 752 761 743 776 886 958 973 1081 1254 1053 
723 169 606 72 779 1259 1260 227 1256 1036 1261 
724 165 760 28 780 1038 1262 243 970 1252 1063 
725 181 156 155 767 575 392 350 1102 1218 1054 
726 744 756 746 764 814 878 983 1237 1022 1263 
727 126 120 171 759 563 565 564 1118 985 1057 
728 72 765 147 779 1034 1264 333 1036 1257 1033 
729 743 759 758 769 947 953 1098 1128 894 852 
730 138 768 747 777 1199 1200 1197 1265 1190 1228 
731 117 177 158 771 551 383 554 1233 855 1152 
732 614 613 604 748 663 662 645 1107 916 1241 
733 133 752 113 763 1080 1220 536 1079 1219 1078 
734 610 612 603 747 657 634 653 1062 1026 1104 
735 181 155 75 749 350 311 351 870 1224 1215 
736 94 763 113 771 1144 1219 441 1120 1221 1145 
737 146 112 765 770 530 1266 904 1061 796 1267 
738 123 124 106 755 502 501 496 1068 847 817 
739 609 747 603 766 948 1026 655 950 1188 951 
740 138 135 137 777 589 587 590 1265 1268 1227 
741 746 764 756 778 1022 1263 878 1001 1171 1111 
742 33 141 32 774 266 265 41 1232 1016 1229 
743 150 79 172 759 258 369 368 1012 1077 1010 
744 30 31 86 769 39 254 253 959 1226 853 
745 91 92 93 754 418 427 426 1089 791 1141 
746 135 768 137 777 1193 1169 587 1227 1268 1228 
747 139 751 168 766 1269 1230 361 1270 1231 965 
748 117 113 121 752 444 534 533 1195 1164 1220 
749 114 757 134 777 1055 1149 455 1160 1271 1161 
750 674 683 749 767 731 920 1214 1217 875 1189 
751 150 171 70 759 320 319 263 1012 850 985 
752 162 82 617 766 213 1272 1212 1187 1213 1273 
753 751 764 744 768 980 1237 1123 995 1250 996 
754 84 165 166 772 399 357 398 1274 1009 1008 
755 152 33 32 764 267 41 268 1021 1023 1150 
756 121 762 752 775 1165 1166 1164 1275 933 1211 
757 34 33 78 764 42 274 273 992 990 1150 
758 750 754 743 763 789 1086 1065 811 1253 812 
759 98 99 97 770 457 456 451 1088 991 1101 
760 138 82 162 766 385 213 384 1210 1187 1273 
761 101 100 99 750 466 459 467 977 1099 1172 
762 191 82 138 766 386 385 387 1209 1210 1273 
763 89 91 90 754 417 416 410 905 918 1089 
764 100 750 101 776 1172 977 466 1159 960 979 
765 149 190 606 779 224 1276 1277 1186 1261 1007 
766 189 684 676 775 1176 711 1278 1177 1279 1178 
767 675 760 184 772 1280 1147 1281 1282 1148 936 
768 149 606 169 779 1277 1259 222 1186 1256 1261 
769 610 612 747 779 657 1104 1062 1146 927 1106 
770 79 175 753 780 370 1044 1075 1011 1095 1103 
771 751 766 139 768 965 1270 1269 995 1283 1222 
772 753 760 745 780 1045 934 975 1095 971 1063 
773 138 137 768 777 590 1169 1199 1265 1228 1268 
774 91 89 92 754 417 419 418 1089 1141 905 
775 679 760 675 772 935 1280 736 907 1282 936 
776 144 110 107 773 508 507 509 868 1202 1203 
777 103 102 101 776 476 472 477 961 960 1240 
778 126 172 127 759 577 576 571 1118 1131 1077 
779 97 99 100 750 456 459 458 902 1172 1099 
780 178 138 747 777 596 1197 1136 1194 1190 1265 
781 81 762 673 772 1284 1285 1286 1287 1288 909 
782 613 611 604 748 661 659 662 1241 916 937 
783 764 773 756 778 982 815 1263 1111 1171 1206 
784 613 611 748 779 661 937 1241 1242 1006 1005 
785 743 755 750 776 945 978 1065 1254 979 962 
786 605 608 183 766 625 1289 1180 1182 1183 1290 
787 683 676 684 775 741 711 733 997 1178 1279 
788 110 116 109 778 517 516 506 1205 1170 1236 
789 743 761 755 776 958 822 945 1254 962 1053 
790 614 72 606 779 1108 1260 641 1109 1261 1036 
791 30 758 76 780 954 1115 248 955 1097 956 
792 76 30 86 758 248 253 257 1115 1225 954 
793 111 756 142 770 844 1042 495 836 1238 813 
794 178 138 162 747 596 384 345 1136 1027 1197 
795 117 94 113 771 443 441 444 1233 1221 1120 
796 73 762 121 775 1291 1165 337 1292 1275 1211 
797 146 111 142 770 526 495 527 1061 1238 836 
798 674 683 684 749 731 733 715 1214 1175 920 
799 35 167 185 751 277 283 198 1000 912 1004 
800 174 176 78 764 367 366 363 1244 990 981 
801 35 183 168 751 197 284 280 1000 1230 1181 
802 124 127 156 753 570 572 569 819 871 1130 
803 95 97 132 763 446 449 448 810 1137 1037 
804 678 675 184 772 695 1281 1293 1294 1148 1282 
805 139 168 751 768 361 1230 1269 1283 995 1295 
806 114 148 98 770 465 464 453 1056 1088 1246 
807 118 187 176 773 555 405 557 1255 846 823 
808 92 134 93 757 432 431 427 1142 816 1149 
809 154 188 158 772 396 585 382 1296 1297 1096 
810 165 184 28 760 246 200 243 1038 1262 1147 
811 612 606 190 779 638 1276 1207 1106 1007 1261 
812 146 142 112 770 527 470 530 1061 1267 1238 
813 746 744 764 774 983 1237 1022 1017 1112 1249 
814 679 681 675 760 738 735 736 935 1280 943 
815 107 109 105 756 499 498 491 1201 1125 1157 
816 182 752 119 775 1298 884 561 1299 931 933 
817 115 761 108 776 1030 1020 483 1300 1094 1053 
818 128 121 73 762 336 337 299 1301 1291 1165 
819 148 159 765 777 541 1031 1258 1247 1192 1191 
820 157 758 86 769 1073 1225 354 1074 1226 894 
821 28 675 685 760 1302 692 1303 1262 1304 1280 
822 754 743 763 771 1086 1253 812 919 1145 1071 
823 116 764 174 778 1243 1244 546 1236 1305 1111 
824 182 133 119 752 560 514 561 1298 884 1080 
825 107 105 104 756 491 487 492 1201 1041 1125 
826 136 161 768 774 414 1306 1167 1003 1173 1307 
827 80 145 180 748 377 332 233 1133 1117 1154 
828 75 160 181 749 346 352 351 1224 870 1091 
829 75 129 160 749 348 347 346 1224 1091 966 
830 156 127 179 753 572 579 394 871 1084 1130 
831 141 88 71 774 328 327 270 1229 1015 865 
832 143 761 102 776 1051 1308 481 1052 1240 1053 
833 746 756 755 778 878 1126 1067 1001 1060 1171 
834 680 679 673 762 724 723 725 838 1285 839 
835 121 752 182 775 1164 1298 339 1275 1299 933 
836 147 72 146 765 333 329 334 1264 904 1034 
837 743 750 763 776 1065 811 1253 1254 1083 979 
838 120 123 109 778 520 500 518 1059 1170 1234 
839 172 175 127 753 372 580 576 1076 1130 1044 
840 191 138 137 768 387 590 593 1198 1169 1199 
841 756 764 744 773 1263 1237 814 815 800 982 
842 608 170 183 766 1309 207 1289 1290 1183 1310 
843 676 164 189 775 1311 305 1278 1279 1177 1312 
844 47 81 673 687 292 1286 699 697 701 1313 
845 186 685 677 760 1314 722 1315 1316 1317 1304 
846 80 192 145 748 375 378 377 1133 1154 1134 
847 113 133 121 752 536 535 534 1220 1164 1080 
848 149 169 147 779 222 335 598 1186 1257 1256 
849 76 165 29 780 251 244 247 1097 1251 970 
850 165 84 184 772 399 287 246 1008 1148 1274 
851 131 166 157 758 583 356 425 859 1073 922 
852 35 34 167 751 43 278 277 1000 1004 993 
853 155 83 686 767 314 1318 1319 1218 1320 1321 
854 148 114 159 777 465 539 541 1247 1191 1160 
855 77 141 33 774 275 266 271 1239 1232 1229 
856 162 6 74 603 212 214 216 1024 1025 629 
857 135 134 757 777 433 1149 1139 1227 1161 1271 
858 115 102 761 776 484 1308 1030 1300 1053 1240 
859 83 163 686 767 317 1322 1318 1321 1320 1143 
860 81 128 673 762 296 1323 1286 1284 1285 1301 
861 674 155 686 767 1216 1319 718 1217 1320 1218 
862 192 122 144 773 376 525 566 1135 868 1064 
863 674 681 683 767 729 732 731 1217 1189 874 
864 132 133 113 763 515 536 450 1137 1219 1079 
865 686 163 677 767 1322 1324 721 1320 1325 1143 
866 131 90 130 771 423 421 424 860 1158 897 
867 157 86 87 769 354 324 406 1074 1013 1226 
868 1 35 615 605 44 999 620 619 622 1039 
869 675 2 28 685 688 36 1302 692 1303 691 
870 743 752 763 771 973 1078 1253 1071 1145 1072 
871 9 169 606 72 221 1259 636 225 1260 227 
872 747 766 751 768 951 965 941 1200 995 1222 
873 189 164 129 775 305 559 349 1177 1070 1312 
874 118 116 110 773 521 517 522 1255 1203 1235 
875 115 108 102 776 483 474 484 1300 1240 1094 
876 183 170 168 766 207 597 284 1183 1231 1310 
877 111 104 142 756 494 480 495 844 1042 1041 
878 169 149 8 606 222 223 220 1259 637 1277 
879 153 616 13 85 914 646 235 239 237 1326 
880 673 762 679 772 1285 839 723 1288 907 909 
881 747 765 748 779 1032 827 938 927 1006 1033 
882 678 184 84 772 1293 287 1327 1294 1274 1148 
883 35 168 34 751 280 279 43 1000 993 1230 
884 603 162 5 617 1024 211 630 631 626 1212 
885 29 30 76 780 38 248 247 1251 1097 955 
886 136 161 137 768 414 592 588 1167 1169 1306 
887 616 607 13 85 651 650 646 1326 237 793 
888 149 190 8 606 224 218 223 1277 637 1276 
889 149 147 765 779 598 1264 1208 1186 1033 1257 
890 173 171 120 778 323 565 548 1127 1059 986 
891 73 682 762 775 1328 1329 1291 1292 1211 1330 
892 47 154 81 687 288 293 292 697 1313 1331 
893 121 133 182 752 535 560 339 1164 1298 1080 
894 673 81 48 128 1286 291 700 1323 295 296 
895 115 102 143 761 484 481 485 1030 1051 1308 
896 92 136 135 757 420 435 434 1142 1139 1002 
897 148 765 112 770 1258 1266 463 1246 1267 796 
898 128 73 682 762 299 1328 1332 1301 1329 1291 
899 191 139 766 768 390 1270 1209 1198 1222 1283 
900 76 86 157 758 257 354 353 1115 1073 1225 
901 747 744 765 777 1122 798 1032 1190 1192 1333 
902 185 607 14 615 910 649 195 911 621 652 
903 28 184 675 760 200 1281 1302 1262 1280 1147 
904 135 140 134 777 586 538 433 1227 1271 1334 
905 56 186 685 677 204 1314 690 720 722 1315 
906 105 106 103 755 489 488 486 1124 857 847 
907 127 175 179 753 580 581 579 1130 1084 1044 
908 163 760 677 767 1155 1317 1324 1143 1325 944 
909 111 107 104 756 493 492 494 844 1041 1201 
910 53 75 155 674 306 311 310 713 1216 1223 
911 160 143 125 761 545 505 573 1092 942 1051 
912 148 159 149 765 541 600 599 1258 1208 1031 
913 744 747 768 777 1122 1200 1250 1333 1228 1190 
914 617 162 5 82 1212 211 626 1272 209 213 
915 744 757 768 774 984 1168 1250 1249 1173 930 
916 72 606 9 614 1260 636 225 1108 640 641 
917 130 158 131 771 553 582 424 1158 860 855 
918 677 163 186 760 1324 318 1315 1317 1316 1155 
919 186 28 685 760 201 1303 1314 1316 1304 1262 
920 188 84 166 772 397 398 400 1096 1009 1274 
921 156 179 83 767 394 393 391 1054 1321 1085 
922 73 121 182 775 337 339 338 1292 1299 1275 
923 744 757 770 777 984 890 797 1333 1162 1161 
924 744 768 757 777 1250 1168 984 1333 1161 1228 
925 177 121 128 762 552 336 379 1151 1301 1165 
926 683 680 676 775 740 739 741 997 1279 998 
927 138 140 135 777 591 586 589 1265 1227 1334 
928 178 140 138 777 595 591 596 1194 1265 1334 
929 122 187 118 773 556 555 523 1064 1255 823 
930 83 155 686 54 314 1319 1318 313 716 309 
931 76 157 166 758 353 356 355 1115 922 1073 
932 116 174 173 778 546 550 549 1236 1127 1305 
933 129 164 119 775 559 558 542 1070 931 1312 
934 83 686 163 55 1318 1322 317 312 316 717 
935 100 101 102 776 466 472 471 1159 1240 960 
936 178 159 140 777 342 540 595 1194 1334 1191 
937 603 6 74 612 629 214 1025 634 1105 633 
938 83 155 156 767 314 392 391 1321 1054 1218 
939 163 686 677 55 1322 721 1324 316 719 717 
940 744 768 764 774 1250 996 1237 1249 1112 1173 
941 92 135 134 757 434 433 432 1142 1149 1139 
942 105 123 106 755 497 496 489 1124 847 1068 
943 617 4 608 766 627 623 628 1213 1290 1335 
944 673 128 682 762 1323 1332 704 1285 1329 1301 
945 613 610 611 779 671 672 661 1242 1005 1146 
946 674 53 75 684 713 306 1223 715 1248 712 
947 686 155 674 54 1319 1216 718 716 714 309 
948 29 79 30 780 250 249 38 1251 955 1011 
949 35 1 183 605 44 193 197 1039 1180 619 
950 86 31 71 769 254 261 264 1226 1029 853 
951 680 762 682 775 838 1329 727 998 1330 1211 
952 675 28 2 184 1302 36 688 1281 199 200 
953 79 151 175 780 252 371 370 1011 1103 1185 
954 148 112 98 770 463 462 464 1246 1088 1267 
955 140 114 134 777 537 455 538 1334 1271 1160 
956 612 8 190 606 635 218 1207 638 1276 637 
957 73 676 682 775 1336 708 1328 1292 1330 1279 
958 146 112 147 765 530 531 334 904 1264 1266 
959 160 115 143 761 544 485 545 1092 1051 1030 
960 117 158 130 771 554 553 445 1233 1158 855 
961 687 678 46 772 698 694 696 1337 1338 1294 
962 189 676 51 164 1278 707 304 305 300 1311 
963 681 677 760 767 730 1317 943 874 944 1325 
964 94 95 113 763 436 442 441 1144 1219 810 
965 617 609 603 766 656 655 631 1213 1188 950 
966 100 108 132 776 473 475 460 1159 1138 1094 
967 50 676 73 775 706 1336 297 1339 1292 1279 
968 744 770 765 777 797 796 798 1333 1192 1162 
969 50 164 676 775 301 1311 706 1339 1279 1312 
970 614 606 613 779 641 670 663 1109 1242 1261 
971 117 130 94 771 445 430 443 1233 1120 1158 
972 81 158 177 762 381 383 380 1284 1151 900 
973 673 679 687 772 723 726 701 1288 1337 907 
974 186 163 151 760 318 602 245 1316 1184 1155 
975 85 607 14 185 793 649 238 240 195 910 
976 136 88 161 774 413 415 414 1003 1307 865 
977 86 71 87 769 264 325 324 1226 1013 1029 
978 140 159 114 777 540 539 537 1334 1160 1191 
979 48 682 673 128 702 704 700 295 1323 1332 
980 79 29 151 780 250 241 252 1011 1185 1251 
981 56 186 677 163 204 1315 720 315 1324 318 
982 80 180 11 604 233 229 231 1132 644 1179 
983 171 172 126 759 578 577 564 985 1118 1077 
984 170 139 168 766 388 361 597 1310 1231 1270 
985 77 768 161 774 1114 1306 358 1239 1307 1173 
986 152 78 33 764 276 274 267 1021 1150 990 
987 171 150 172 759 320 368 578 985 1077 1012 
988 147 112 148 765 531 463 532 1264 1258 1266 
989 179 163 83 767 395 317 393 1085 1321 1143 
990 139 77 168 768 360 281 361 1283 1295 1114 
991 95 132 113 763 448 450 442 810 1219 1137 
992 50 73 164 775 297 302 301 1339 1312 1292 
993 77 161 141 774 358 362 275 1239 1229 1307 
994 675 677 685 760 734 722 692 1280 1304 1317 
995 676 680 682 775 739 727 708 1279 1330 998 
996 154 687 46 772 1331 696 289 1296 1338 1337 
997 4 617 82 766 627 1272 208 1335 1273 1213 
998 144 122 110 773 525 524 508 868 1203 1064 
999 608 605 609 766 625 667 666 1290 950 1182 
1000 676 50 73 682 706 297 1336 708 1328 705 
1001 46 678 84 772 694 1327 285 1338 1274 1294 
1002 148 149 147 765 599 598 532 1258 1264 1208 
1003 682 680 673 762 727 725 704 1329 1285 838 
1004 4 170 608 766 206 1309 623 1335 1290 1310 
1005 152 174 78 764 364 363 276 1021 990 1244 
1006 1 35 185 615 44 198 196 620 911 999 
1007 675 678 679 772 695 737 736 1282 907 1294 
1008 2 28 685 186 36 1303 691 202 1314 201 
1009 686 677 674 767 721 728 718 1320 1217 1325 
1010 677 675 681 760 734 735 730 1317 943 1280 
1011 14 13 607 85 26 650 649 238 793 237 
1012 99 98 112 770 457 462 461 1101 1267 1088 
1013 122 118 110 773 523 522 524 1064 1203 1255 
1014 684 189 676 51 1176 1278 711 709 707 304 
1015 100 102 108 776 471 474 473 1159 1094 1240 
1016 28 186 151 760 201 245 242 1262 1184 1316 
1017 139 191 137 768 390 593 594 1283 1169 1198 
1018 608 609 617 766 666 656 628 1290 1213 950 
1019 681 674 677 767 729 728 730 874 1325 1217 
1020 608 183 3 605 1289 194 624 625 618 1180 
1021 48 81 673 47 291 1286 700 60 699 292 
1022 99 112 142 770 461 470 469 1101 1238 1267 
1023 45 84 678 184 286 1327 693 203 1293 287 
1024 679 678 687 772 737 698 726 907 1337 1294 
1025 163 677 56 55 1324 720 315 316 68 719 
1026 88 141 161 774 328 362 415 865 1307 1229 
1027 678 675 45 184 695 689 693 1293 203 1281 
1028 177 128 81 762 379 296 380 1151 1284 1301 
1029 164 182 119 775 340 561 558 1312 931 1299 
1030 154 46 84 772 289 285 290 1296 1274 1338 
1031 604 180 11 614 1179 229 644 645 642 1116 
1032 162 5 6 603 211 18 212 1024 629 630 
1033 120 109 116 778 518 516 519 1059 1236 1170 
1034 161 77 139 768 358 360 359 1306 1283 1114 
1035 3 183 608 170 194 1289 624 205 1309 207 
1036 80 11 12 604 231 24 232 1132 643 644 
1037 4 82 170 766 208 210 206 1335 1310 1273 
1038 610 606 612 779 669 638 657 1146 1106 1261 
1039 137 161 139 768 592 359 594 1169 1283 1306 
1040 128 682 73 49 1332 1328 299 294 298 703 
1041 45 84 46 678 286 285 58 693 694 1327 
1042 52 75 53 684 307 306 65 710 712 1248 
1043 52 75 684 189 307 1248 710 303 1176 308 
1044 183 1 3 605 193 15 194 1180 618 619 
1045 5 4 617 82 17 627 626 209 1272 208 
1046 676 51 164 50 707 300 1311 706 301 63 
1047 6 7 74 612 19 215 214 633 1105 632 
1048 155 53 674 54 310 713 1216 309 714 66 
1049 72 9 10 614 225 22 226 1108 639 640 
1050 82 191 139 766 386 390 389 1273 1270 1209 
1051 73 182 164 775 338 340 302 1292 1312 1299 
1052 120 116 173 778 519 549 548 1059 1127 1236 
1053 180 72 10 614 230 226 228 1116 639 1108 
1054 2 45 675 184 57 689 688 199 1281 203 
1055 46 154 47 687 289 288 59 696 697 1331 
1056 188 154 84 772 396 290 397 1096 1274 1296 
1057 686 83 54 55 1318 313 716 717 67 312 
1058 8 9 169 606 21 221 220 637 1259 636 
1059 190 7 8 612 217 20 218 1207 635 632 
1060 50 73 682 49 297 1328 705 62 703 298 
1061 13 12 616 153 25 647 646 235 914 234 
1062 606 610 613 779 669 671 670 1261 1242 1146 
1063 74 7 190 612 215 217 219 1105 1207 632 
1064 82 139 170 766 389 388 210 1273 1310 1270 
1065 128 48 682 49 295 702 1332 294 703 61 
1066 185 14 1 615 195 27 196 911 620 621 
1067 186 685 2 56 1314 691 202 204 69 690 
1068 608 4 3 170 623 16 624 1309 205 206 
1069 10 11 180 614 23 229 228 639 1116 642 
1070 189 684 52 51 1176 710 303 304 64 709 
1071 769 70 32 746 851 259 1028 893 964 892 
1072 769 32 70 31 1028 259 851 853 260 40 
1073 745 775 680 749 1153 998 806 808 807 932 
1074 680 775 745 762 998 1153 806 838 840 1211 
1075 756 101 755 104 1043 856 1126 1041 858 479 
1076 756 755 101 750 1126 856 1043 877 977 978 
1077 772 158 745 188 1297 854 908 1096 830 585 
1078 772 745 158 762 908 854 1297 909 900 840 
1079 766 611 605 609 949 664 1182 950 667 668 
1080 766 605 611 751 1182 664 949 965 940 1040 
1081 95 754 94 93 788 1119 436 437 429 791 
1082 95 94 754 763 436 1119 788 810 812 1144 
1083 761 181 753 125 1093 872 821 942 899 574 
1084 761 753 181 749 821 872 1093 887 870 873 
1085 771 177 752 117 1152 1163 1072 1233 1195 551 
1086 771 752 177 762 1072 1163 1152 901 1151 1166 
1087 616 85 748 607 1326 782 917 651 792 793 
1088 748 85 616 153 782 1326 917 795 914 239 
1089 770 101 756 142 1100 1043 813 1238 1042 468 
1090 770 756 101 750 813 1043 1100 888 977 877 
1091 769 89 90 754 923 410 895 861 918 905 
1092 769 90 89 87 895 410 923 1013 407 409 
1093 133 776 132 108 1082 1138 515 513 475 1094 
1094 132 776 133 763 1138 1082 515 1137 1079 1083 
1095 153 604 12 616 915 643 234 914 647 648 
1096 153 12 604 80 234 643 915 236 1132 232 
1097 759 123 124 126 1069 502 841 1118 567 562 
1098 759 124 123 755 841 502 1069 842 1068 817 
1099 768 34 168 751 994 279 1295 995 1230 993 
1100 768 168 34 77 1295 279 994 1114 272 281 
1101 111 145 748 146 529 1154 828 526 903 330 
1102 748 145 111 144 1154 529 828 867 510 528 
1103 687 81 772 154 1313 1287 1337 1331 1296 293 
1104 687 772 81 673 1337 1287 1313 701 1286 1288 
1105 780 28 151 760 1252 242 1185 1063 1184 1262 
1106 780 151 28 29 1185 242 1252 1251 37 241 
1107 778 152 174 173 1018 364 1305 1127 550 321 
1108 778 174 152 764 1305 364 1018 1111 1021 1244 
1109 773 174 176 118 1245 367 846 1255 557 547 
1110 773 176 174 764 846 367 1245 982 1244 981 
1111 772 81 158 154 1287 381 1297 1296 382 293 
1112 772 158 81 762 1297 381 1287 909 1284 900 
$EndElements
